cancellation_id,flight_id,cancellation_reason,cancelled_at
CXL000001,FLT0000051,Air Traffic Control,2025-10-22 11:15:00
CXL000002,FLT0000056,Airport Closure,2025-12-15 15:45:00
CXL000003,FLT0000096,Airport Closure,2025-09-30 17:45:00
CXL000004,FLT0000106,Air Traffic Control,2025-07-31 11:00:00
CXL000005,FLT0000144,Air Traffic Control,2026-04-12 18:15:00
CXL000006,FLT0000152,Low Booking Demand,2026-05-02 05:00:00
CXL000007,FLT0000174,Crew Shortage,2025-12-21 19:00:00
CXL000008,FLT0000178,Mechanical Issue,2026-04-25 19:00:00
CXL000009,FLT0000182,Low Booking Demand,2025-08-17 19:15:00
CXL000010,FLT0000184,Mechanical Issue,2025-12-26 15:30:00
CXL000011,FLT0000202,Mechanical Issue,2026-03-06 06:00:00
CXL000012,FLT0000206,Airport Closure,2025-10-31 00:00:00
CXL000013,FLT0000230,Low Booking Demand,2026-01-20 14:30:00
CXL000014,FLT0000257,Low Booking Demand,2025-12-06 15:30:00
CXL000015,FLT0000267,Mechanical Issue,2026-05-07 15:00:00
CXL000016,FLT0000277,Severe Weather,2026-01-09 00:30:00
CXL000017,FLT0000280,Mechanical Issue,2026-02-12 03:45:00
CXL000018,FLT0000282,Airport Closure,2025-11-17 12:45:00
CXL000019,FLT0000306,Air Traffic Control,2025-10-11 22:45:00
CXL000020,FLT0000310,Severe Weather,2026-04-22 08:30:00
CXL000021,FLT0000453,Mechanical Issue,2026-04-25 17:45:00
CXL000022,FLT0000476,Severe Weather,2026-04-25 03:00:00
CXL000023,FLT0000518,Mechanical Issue,2026-07-19 09:30:00
CXL000024,FLT0000555,Air Traffic Control,2025-10-20 02:00:00
CXL000025,FLT0000556,Crew Shortage,2026-05-10 01:15:00
CXL000026,FLT0000588,Air Traffic Control,2026-03-22 10:15:00
CXL000027,FLT0000612,Severe Weather,2026-05-15 19:30:00
CXL000028,FLT0000620,Low Booking Demand,2026-07-08 11:30:00
CXL000029,FLT0000643,Mechanical Issue,2026-06-30 02:15:00
CXL000030,FLT0000646,Air Traffic Control,2026-01-19 23:30:00
CXL000031,FLT0000664,Low Booking Demand,2026-03-22 04:45:00
CXL000032,FLT0000671,Low Booking Demand,2026-01-23 23:30:00
CXL000033,FLT0000680,Severe Weather,2026-04-24 05:45:00
CXL000034,FLT0000708,Severe Weather,2025-08-14 16:00:00
CXL000035,FLT0000724,Severe Weather,2026-03-06 14:00:00
CXL000036,FLT0000738,Mechanical Issue,2026-04-21 06:15:00
CXL000037,FLT0000746,Airport Closure,2026-05-29 10:30:00
CXL000038,FLT0000754,Crew Shortage,2025-10-08 13:45:00
CXL000039,FLT0000768,Low Booking Demand,2026-06-15 12:45:00
CXL000040,FLT0000783,Low Booking Demand,2026-06-17 00:30:00
CXL000041,FLT0000795,Airport Closure,2026-07-04 10:15:00
CXL000042,FLT0000804,Air Traffic Control,2026-05-21 19:15:00
CXL000043,FLT0000818,Airport Closure,2026-01-10 22:30:00
CXL000044,FLT0000819,Air Traffic Control,2026-05-10 02:15:00
CXL000045,FLT0000822,Airport Closure,2026-03-14 22:45:00
CXL000046,FLT0000833,Mechanical Issue,2026-03-27 19:00:00
CXL000047,FLT0000834,Mechanical Issue,2025-11-21 17:30:00
CXL000048,FLT0000879,Airport Closure,2026-06-15 15:30:00
CXL000049,FLT0000901,Low Booking Demand,2026-02-14 08:00:00
CXL000050,FLT0000928,Crew Shortage,2025-11-26 04:15:00
CXL000051,FLT0000937,Airport Closure,2025-09-30 17:00:00
CXL000052,FLT0000945,Mechanical Issue,2025-10-29 21:00:00
CXL000053,FLT0000961,Low Booking Demand,2026-05-19 04:15:00
CXL000054,FLT0000977,Air Traffic Control,2026-05-03 19:15:00
CXL000055,FLT0000987,Crew Shortage,2026-05-05 05:45:00
CXL000056,FLT0001014,Airport Closure,2025-12-06 19:45:00
CXL000057,FLT0001040,Severe Weather,2025-11-18 11:45:00
CXL000058,FLT0001051,Airport Closure,2026-04-23 13:45:00
CXL000059,FLT0001076,Low Booking Demand,2026-08-02 03:45:00
CXL000060,FLT0001091,Low Booking Demand,2025-08-29 02:45:00
CXL000061,FLT0001103,Airport Closure,2025-09-29 05:45:00
CXL000062,FLT0001141,Crew Shortage,2025-10-22 23:15:00
CXL000063,FLT0001142,Severe Weather,2025-12-04 11:00:00
CXL000064,FLT0001172,Airport Closure,2025-10-16 18:45:00
CXL000065,FLT0001185,Low Booking Demand,2025-11-04 15:15:00
CXL000066,FLT0001192,Mechanical Issue,2025-09-04 10:30:00
CXL000067,FLT0001199,Severe Weather,2026-04-04 18:30:00
CXL000068,FLT0001209,Air Traffic Control,2026-04-27 14:00:00
CXL000069,FLT0001280,Low Booking Demand,2026-03-25 13:45:00
CXL000070,FLT0001293,Crew Shortage,2025-11-02 17:15:00
CXL000071,FLT0001354,Air Traffic Control,2025-08-21 03:45:00
CXL000072,FLT0001376,Crew Shortage,2025-10-05 07:15:00
CXL000073,FLT0001398,Severe Weather,2026-04-01 16:00:00
CXL000074,FLT0001420,Crew Shortage,2026-02-03 07:30:00
CXL000075,FLT0001445,Crew Shortage,2026-07-23 18:15:00
CXL000076,FLT0001450,Severe Weather,2026-07-21 17:00:00
CXL000077,FLT0001462,Mechanical Issue,2026-03-01 17:15:00
CXL000078,FLT0001517,Air Traffic Control,2026-05-05 22:30:00
CXL000079,FLT0001569,Crew Shortage,2026-06-19 03:00:00
CXL000080,FLT0001585,Severe Weather,2026-05-24 22:15:00
CXL000081,FLT0001588,Low Booking Demand,2026-04-11 16:00:00
CXL000082,FLT0001607,Low Booking Demand,2025-10-17 13:30:00
CXL000083,FLT0001632,Air Traffic Control,2026-05-31 11:30:00
CXL000084,FLT0001693,Severe Weather,2026-06-11 02:30:00
CXL000085,FLT0001699,Mechanical Issue,2025-08-03 20:45:00
CXL000086,FLT0001706,Severe Weather,2025-10-14 12:45:00
CXL000087,FLT0001810,Low Booking Demand,2026-02-19 13:00:00
CXL000088,FLT0001832,Low Booking Demand,2026-04-27 02:15:00
CXL000089,FLT0001866,Crew Shortage,2025-10-25 18:30:00
CXL000090,FLT0001884,Severe Weather,2026-02-17 20:00:00
CXL000091,FLT0001902,Crew Shortage,2026-07-29 13:00:00
CXL000092,FLT0001908,Airport Closure,2026-01-14 16:45:00
CXL000093,FLT0002011,Air Traffic Control,2025-12-20 19:30:00
CXL000094,FLT0002056,Mechanical Issue,2025-10-02 12:45:00
CXL000095,FLT0002072,Crew Shortage,2026-07-09 02:15:00
CXL000096,FLT0002075,Air Traffic Control,2025-08-31 20:00:00
CXL000097,FLT0002123,Low Booking Demand,2026-01-25 09:30:00
CXL000098,FLT0002130,Air Traffic Control,2025-08-29 00:00:00
CXL000099,FLT0002133,Severe Weather,2026-03-14 16:45:00
CXL000100,FLT0002186,Crew Shortage,2025-09-28 13:00:00
CXL000101,FLT0002208,Severe Weather,2025-10-01 02:00:00
CXL000102,FLT0002241,Crew Shortage,2025-11-19 18:15:00
CXL000103,FLT0002254,Airport Closure,2026-02-21 10:45:00
CXL000104,FLT0002281,Severe Weather,2026-03-25 06:00:00
CXL000105,FLT0002305,Low Booking Demand,2026-04-13 12:45:00
CXL000106,FLT0002313,Mechanical Issue,2025-08-16 00:15:00
CXL000107,FLT0002314,Low Booking Demand,2026-07-07 05:45:00
CXL000108,FLT0002358,Mechanical Issue,2026-03-14 08:15:00
CXL000109,FLT0002368,Airport Closure,2026-03-03 03:00:00
CXL000110,FLT0002371,Severe Weather,2026-04-22 08:15:00
CXL000111,FLT0002402,Crew Shortage,2026-06-07 13:30:00
CXL000112,FLT0002445,Air Traffic Control,2026-05-22 03:45:00
CXL000113,FLT0002464,Air Traffic Control,2026-04-13 08:30:00
CXL000114,FLT0002467,Severe Weather,2026-01-01 18:45:00
CXL000115,FLT0002508,Mechanical Issue,2025-10-28 04:00:00
CXL000116,FLT0002572,Severe Weather,2025-11-08 22:30:00
CXL000117,FLT0002579,Low Booking Demand,2026-01-25 08:00:00
CXL000118,FLT0002622,Crew Shortage,2026-02-06 12:15:00
CXL000119,FLT0002624,Low Booking Demand,2025-11-18 22:00:00
CXL000120,FLT0002635,Low Booking Demand,2025-08-04 19:00:00
CXL000121,FLT0002638,Mechanical Issue,2026-03-15 09:15:00
CXL000122,FLT0002662,Airport Closure,2026-05-18 05:30:00
CXL000123,FLT0002666,Airport Closure,2025-11-10 10:45:00
CXL000124,FLT0002688,Crew Shortage,2025-12-02 06:00:00
CXL000125,FLT0002689,Severe Weather,2025-08-11 09:30:00
CXL000126,FLT0002702,Air Traffic Control,2026-07-23 15:00:00
CXL000127,FLT0002713,Air Traffic Control,2025-08-18 06:15:00
CXL000128,FLT0002742,Low Booking Demand,2026-04-04 17:00:00
CXL000129,FLT0002832,Severe Weather,2026-03-19 06:00:00
CXL000130,FLT0002872,Crew Shortage,2026-02-11 15:45:00
CXL000131,FLT0002880,Mechanical Issue,2026-04-14 17:15:00
CXL000132,FLT0002886,Air Traffic Control,2026-06-29 01:00:00
CXL000133,FLT0002931,Crew Shortage,2025-09-12 16:30:00
CXL000134,FLT0002942,Low Booking Demand,2025-12-17 15:30:00
CXL000135,FLT0002948,Air Traffic Control,2025-12-20 02:30:00
CXL000136,FLT0002972,Mechanical Issue,2025-08-29 08:30:00
CXL000137,FLT0002999,Crew Shortage,2026-03-15 05:15:00
CXL000138,FLT0003042,Severe Weather,2026-07-17 20:30:00
CXL000139,FLT0003043,Severe Weather,2026-03-17 17:15:00
CXL000140,FLT0003045,Severe Weather,2026-01-13 22:30:00
CXL000141,FLT0003051,Air Traffic Control,2026-05-06 13:30:00
CXL000142,FLT0003065,Air Traffic Control,2025-09-06 17:00:00
CXL000143,FLT0003067,Crew Shortage,2026-04-04 20:30:00
CXL000144,FLT0003082,Air Traffic Control,2025-09-16 10:45:00
CXL000145,FLT0003112,Mechanical Issue,2025-12-15 02:45:00
CXL000146,FLT0003116,Low Booking Demand,2026-02-17 13:15:00
CXL000147,FLT0003120,Severe Weather,2025-11-05 11:00:00
CXL000148,FLT0003128,Low Booking Demand,2025-10-04 01:15:00
CXL000149,FLT0003131,Mechanical Issue,2025-11-13 14:30:00
CXL000150,FLT0003166,Low Booking Demand,2026-06-21 11:30:00
CXL000151,FLT0003178,Airport Closure,2026-05-09 08:45:00
CXL000152,FLT0003180,Severe Weather,2026-05-30 19:00:00
CXL000153,FLT0003183,Severe Weather,2026-03-09 09:45:00
CXL000154,FLT0003187,Airport Closure,2025-12-03 08:15:00
CXL000155,FLT0003195,Severe Weather,2025-08-26 15:15:00
CXL000156,FLT0003213,Airport Closure,2026-02-21 11:30:00
CXL000157,FLT0003218,Severe Weather,2025-08-11 23:00:00
CXL000158,FLT0003240,Mechanical Issue,2025-08-20 20:00:00
CXL000159,FLT0003243,Mechanical Issue,2025-10-23 13:00:00
CXL000160,FLT0003280,Low Booking Demand,2026-02-23 07:45:00
CXL000161,FLT0003305,Severe Weather,2026-01-05 09:00:00
CXL000162,FLT0003324,Mechanical Issue,2026-07-12 17:30:00
CXL000163,FLT0003342,Air Traffic Control,2026-02-15 13:45:00
CXL000164,FLT0003361,Low Booking Demand,2025-08-15 11:30:00
CXL000165,FLT0003377,Severe Weather,2025-12-18 04:45:00
CXL000166,FLT0003394,Low Booking Demand,2025-10-19 12:30:00
CXL000167,FLT0003395,Airport Closure,2025-11-17 03:30:00
CXL000168,FLT0003427,Mechanical Issue,2026-07-02 10:30:00
CXL000169,FLT0003470,Crew Shortage,2026-05-27 17:15:00
CXL000170,FLT0003496,Severe Weather,2025-09-15 09:30:00
CXL000171,FLT0003512,Severe Weather,2025-10-19 04:30:00
CXL000172,FLT0003528,Low Booking Demand,2025-09-05 23:15:00
CXL000173,FLT0003563,Airport Closure,2025-11-11 09:15:00
CXL000174,FLT0003567,Severe Weather,2026-01-29 14:30:00
CXL000175,FLT0003569,Airport Closure,2026-03-25 23:00:00
CXL000176,FLT0003576,Low Booking Demand,2025-08-11 12:30:00
CXL000177,FLT0003602,Airport Closure,2025-12-04 10:45:00
CXL000178,FLT0003625,Mechanical Issue,2026-01-23 10:15:00
CXL000179,FLT0003632,Mechanical Issue,2025-08-09 10:00:00
CXL000180,FLT0003652,Airport Closure,2025-11-13 23:15:00
CXL000181,FLT0003665,Crew Shortage,2026-07-28 19:00:00
CXL000182,FLT0003673,Airport Closure,2026-03-28 19:15:00
CXL000183,FLT0003683,Severe Weather,2026-01-22 08:30:00
CXL000184,FLT0003705,Low Booking Demand,2026-04-15 16:00:00
CXL000185,FLT0003725,Low Booking Demand,2026-01-06 15:00:00
CXL000186,FLT0003745,Mechanical Issue,2025-12-04 18:45:00
CXL000187,FLT0003769,Severe Weather,2026-02-01 15:15:00
CXL000188,FLT0003795,Crew Shortage,2025-11-23 08:00:00
CXL000189,FLT0003798,Crew Shortage,2026-04-10 06:30:00
CXL000190,FLT0003838,Low Booking Demand,2025-11-13 12:15:00
CXL000191,FLT0003857,Low Booking Demand,2026-06-20 04:45:00
CXL000192,FLT0003864,Severe Weather,2026-02-02 19:45:00
CXL000193,FLT0003869,Mechanical Issue,2026-07-08 19:15:00
CXL000194,FLT0003875,Crew Shortage,2026-06-30 18:15:00
CXL000195,FLT0003935,Crew Shortage,2026-03-10 21:00:00
CXL000196,FLT0003949,Crew Shortage,2025-12-20 22:00:00
CXL000197,FLT0003963,Crew Shortage,2026-02-21 12:15:00
CXL000198,FLT0003980,Airport Closure,2025-08-29 15:45:00
CXL000199,FLT0004008,Airport Closure,2025-10-16 13:15:00
CXL000200,FLT0004014,Severe Weather,2025-09-26 02:00:00
CXL000201,FLT0004052,Crew Shortage,2026-06-13 16:45:00
CXL000202,FLT0004060,Air Traffic Control,2025-10-06 19:00:00
CXL000203,FLT0004062,Mechanical Issue,2026-03-24 00:45:00
CXL000204,FLT0004078,Air Traffic Control,2025-12-06 02:45:00
CXL000205,FLT0004120,Air Traffic Control,2025-08-05 13:45:00
CXL000206,FLT0004124,Mechanical Issue,2026-04-24 00:45:00
CXL000207,FLT0004136,Severe Weather,2026-06-10 14:30:00
CXL000208,FLT0004166,Airport Closure,2026-04-20 03:00:00
CXL000209,FLT0004172,Severe Weather,2026-06-16 18:15:00
CXL000210,FLT0004191,Mechanical Issue,2025-12-18 03:00:00
CXL000211,FLT0004199,Air Traffic Control,2026-04-21 17:45:00
CXL000212,FLT0004207,Low Booking Demand,2025-08-28 13:15:00
CXL000213,FLT0004262,Mechanical Issue,2026-05-01 17:30:00
CXL000214,FLT0004282,Air Traffic Control,2026-04-30 05:00:00
CXL000215,FLT0004294,Mechanical Issue,2025-08-20 20:45:00
CXL000216,FLT0004300,Airport Closure,2026-03-22 09:15:00
CXL000217,FLT0004309,Low Booking Demand,2026-04-24 23:15:00
CXL000218,FLT0004310,Airport Closure,2025-09-20 11:15:00
CXL000219,FLT0004314,Air Traffic Control,2026-01-17 01:30:00
CXL000220,FLT0004322,Mechanical Issue,2025-11-04 01:45:00
CXL000221,FLT0004346,Severe Weather,2026-05-26 06:00:00
CXL000222,FLT0004351,Crew Shortage,2026-06-22 14:30:00
CXL000223,FLT0004391,Air Traffic Control,2025-12-23 04:00:00
CXL000224,FLT0004444,Mechanical Issue,2026-01-27 17:00:00
CXL000225,FLT0004454,Severe Weather,2026-01-25 05:45:00
CXL000226,FLT0004461,Air Traffic Control,2026-06-03 21:30:00
CXL000227,FLT0004489,Air Traffic Control,2026-06-12 23:45:00
CXL000228,FLT0004503,Crew Shortage,2025-11-02 10:00:00
CXL000229,FLT0004547,Airport Closure,2025-12-29 21:15:00
CXL000230,FLT0004552,Severe Weather,2025-11-17 00:30:00
CXL000231,FLT0004558,Low Booking Demand,2025-12-26 12:00:00
CXL000232,FLT0004591,Airport Closure,2025-10-23 02:00:00
CXL000233,FLT0004599,Airport Closure,2026-05-23 19:15:00
CXL000234,FLT0004605,Airport Closure,2026-06-19 14:15:00
CXL000235,FLT0004623,Severe Weather,2026-01-27 12:15:00
CXL000236,FLT0004631,Severe Weather,2025-10-10 13:45:00
CXL000237,FLT0004678,Severe Weather,2026-03-03 22:00:00
CXL000238,FLT0004704,Airport Closure,2025-08-26 13:00:00
CXL000239,FLT0004745,Mechanical Issue,2026-07-13 05:15:00
CXL000240,FLT0004749,Crew Shortage,2025-12-15 12:00:00
CXL000241,FLT0004788,Mechanical Issue,2026-02-24 20:45:00
CXL000242,FLT0004869,Airport Closure,2026-06-06 15:30:00
CXL000243,FLT0004910,Airport Closure,2025-08-06 07:15:00
CXL000244,FLT0004913,Low Booking Demand,2026-04-15 07:15:00
CXL000245,FLT0004979,Airport Closure,2025-12-25 05:00:00
CXL000246,FLT0005049,Airport Closure,2025-08-02 12:15:00
CXL000247,FLT0005050,Airport Closure,2026-07-21 05:30:00
CXL000248,FLT0005058,Air Traffic Control,2025-12-14 06:15:00
CXL000249,FLT0005063,Low Booking Demand,2025-11-13 18:30:00
CXL000250,FLT0005064,Mechanical Issue,2026-01-24 03:00:00
CXL000251,FLT0005080,Low Booking Demand,2025-12-09 10:15:00
CXL000252,FLT0005114,Air Traffic Control,2026-03-24 05:00:00
CXL000253,FLT0005127,Air Traffic Control,2026-03-15 19:45:00
CXL000254,FLT0005137,Low Booking Demand,2026-06-12 01:00:00
CXL000255,FLT0005147,Mechanical Issue,2026-02-20 13:45:00
CXL000256,FLT0005172,Severe Weather,2026-06-10 11:15:00
CXL000257,FLT0005177,Mechanical Issue,2026-03-06 09:30:00
CXL000258,FLT0005209,Low Booking Demand,2026-03-14 01:15:00
CXL000259,FLT0005231,Mechanical Issue,2026-02-10 09:45:00
CXL000260,FLT0005241,Low Booking Demand,2026-02-07 14:00:00
CXL000261,FLT0005242,Low Booking Demand,2026-04-17 09:00:00
CXL000262,FLT0005243,Mechanical Issue,2025-08-20 12:00:00
CXL000263,FLT0005289,Mechanical Issue,2025-11-30 20:15:00
CXL000264,FLT0005290,Mechanical Issue,2025-11-14 16:45:00
CXL000265,FLT0005293,Airport Closure,2026-03-17 03:45:00
CXL000266,FLT0005355,Severe Weather,2026-03-20 17:30:00
CXL000267,FLT0005376,Severe Weather,2026-05-11 16:45:00
CXL000268,FLT0005379,Air Traffic Control,2025-09-30 03:45:00
CXL000269,FLT0005392,Crew Shortage,2026-05-17 12:45:00
CXL000270,FLT0005401,Low Booking Demand,2026-07-19 07:15:00
CXL000271,FLT0005410,Airport Closure,2026-07-19 01:30:00
CXL000272,FLT0005415,Air Traffic Control,2026-05-28 15:15:00
CXL000273,FLT0005439,Crew Shortage,2025-11-05 22:30:00
CXL000274,FLT0005450,Mechanical Issue,2026-01-23 09:00:00
CXL000275,FLT0005457,Air Traffic Control,2025-08-19 02:15:00
CXL000276,FLT0005509,Low Booking Demand,2025-08-20 18:45:00
CXL000277,FLT0005538,Low Booking Demand,2026-07-17 21:15:00
CXL000278,FLT0005548,Low Booking Demand,2026-01-29 04:45:00
CXL000279,FLT0005567,Crew Shortage,2025-12-01 13:30:00
CXL000280,FLT0005588,Crew Shortage,2026-02-19 16:30:00
CXL000281,FLT0005589,Low Booking Demand,2025-12-29 22:15:00
CXL000282,FLT0005601,Airport Closure,2025-09-18 06:15:00
CXL000283,FLT0005606,Crew Shortage,2026-01-06 21:15:00
CXL000284,FLT0005633,Crew Shortage,2025-08-13 14:15:00
CXL000285,FLT0005643,Airport Closure,2025-09-28 03:45:00
CXL000286,FLT0005649,Airport Closure,2026-03-05 08:00:00
CXL000287,FLT0005655,Crew Shortage,2026-04-18 10:00:00
CXL000288,FLT0005693,Mechanical Issue,2026-06-14 07:00:00
CXL000289,FLT0005714,Air Traffic Control,2025-08-12 17:00:00
CXL000290,FLT0005728,Mechanical Issue,2025-12-22 04:30:00
CXL000291,FLT0005732,Air Traffic Control,2026-01-20 10:30:00
CXL000292,FLT0005739,Low Booking Demand,2025-12-01 12:30:00
CXL000293,FLT0005767,Severe Weather,2026-04-21 00:30:00
CXL000294,FLT0005782,Low Booking Demand,2025-11-11 04:30:00
CXL000295,FLT0005831,Mechanical Issue,2025-11-10 11:30:00
CXL000296,FLT0005842,Air Traffic Control,2026-01-31 07:45:00
CXL000297,FLT0005843,Crew Shortage,2025-09-17 14:30:00
CXL000298,FLT0005860,Crew Shortage,2025-09-05 08:30:00
CXL000299,FLT0005883,Crew Shortage,2025-10-29 19:00:00
CXL000300,FLT0005899,Airport Closure,2026-07-06 21:15:00
CXL000301,FLT0005906,Airport Closure,2025-10-10 04:30:00
CXL000302,FLT0005952,Crew Shortage,2025-12-14 08:45:00
CXL000303,FLT0005971,Mechanical Issue,2026-03-09 13:15:00
CXL000304,FLT0005991,Low Booking Demand,2026-06-02 17:45:00
CXL000305,FLT0005995,Mechanical Issue,2026-05-30 00:30:00
CXL000306,FLT0005996,Crew Shortage,2026-06-01 06:00:00
CXL000307,FLT0006035,Severe Weather,2025-12-26 04:30:00
CXL000308,FLT0006039,Low Booking Demand,2026-04-03 16:00:00
CXL000309,FLT0006043,Severe Weather,2026-04-06 18:00:00
CXL000310,FLT0006064,Severe Weather,2025-09-05 21:00:00
CXL000311,FLT0006110,Crew Shortage,2025-12-02 15:15:00
CXL000312,FLT0006111,Air Traffic Control,2025-08-02 18:15:00
CXL000313,FLT0006114,Air Traffic Control,2026-04-08 20:15:00
CXL000314,FLT0006157,Airport Closure,2026-07-27 20:15:00
CXL000315,FLT0006171,Airport Closure,2025-08-19 07:30:00
CXL000316,FLT0006174,Crew Shortage,2026-05-09 05:00:00
CXL000317,FLT0006225,Low Booking Demand,2026-05-14 03:30:00
CXL000318,FLT0006275,Low Booking Demand,2025-08-13 01:45:00
CXL000319,FLT0006308,Mechanical Issue,2025-10-28 07:15:00
CXL000320,FLT0006317,Airport Closure,2026-06-10 07:30:00
CXL000321,FLT0006322,Low Booking Demand,2026-07-07 12:30:00
CXL000322,FLT0006346,Air Traffic Control,2025-11-27 12:00:00
CXL000323,FLT0006399,Mechanical Issue,2026-01-07 13:30:00
CXL000324,FLT0006403,Crew Shortage,2026-07-03 23:15:00
CXL000325,FLT0006451,Severe Weather,2025-09-04 01:30:00
CXL000326,FLT0006452,Severe Weather,2026-04-05 09:15:00
CXL000327,FLT0006472,Severe Weather,2025-09-03 20:00:00
CXL000328,FLT0006508,Air Traffic Control,2025-10-21 21:15:00
CXL000329,FLT0006510,Mechanical Issue,2026-03-11 00:30:00
CXL000330,FLT0006566,Air Traffic Control,2025-12-10 13:00:00
CXL000331,FLT0006573,Airport Closure,2025-08-26 15:30:00
CXL000332,FLT0006620,Severe Weather,2026-07-08 08:00:00
CXL000333,FLT0006622,Mechanical Issue,2025-10-29 07:45:00
CXL000334,FLT0006625,Low Booking Demand,2025-11-04 03:30:00
CXL000335,FLT0006629,Crew Shortage,2026-07-29 18:30:00
CXL000336,FLT0006637,Low Booking Demand,2026-06-19 16:30:00
CXL000337,FLT0006668,Severe Weather,2026-07-21 21:30:00
CXL000338,FLT0006679,Airport Closure,2025-10-25 23:45:00
CXL000339,FLT0006691,Crew Shortage,2026-01-13 02:45:00
CXL000340,FLT0006695,Mechanical Issue,2025-10-12 17:30:00
CXL000341,FLT0006699,Mechanical Issue,2026-07-20 02:15:00
CXL000342,FLT0006718,Mechanical Issue,2026-06-26 17:45:00
CXL000343,FLT0006732,Air Traffic Control,2025-07-30 17:00:00
CXL000344,FLT0006780,Air Traffic Control,2025-09-29 03:00:00
CXL000345,FLT0006803,Low Booking Demand,2026-03-21 04:00:00
CXL000346,FLT0006811,Airport Closure,2026-04-18 19:30:00
CXL000347,FLT0006817,Severe Weather,2026-06-09 20:30:00
CXL000348,FLT0006892,Low Booking Demand,2026-05-21 21:00:00
CXL000349,FLT0006912,Mechanical Issue,2026-01-04 17:00:00
CXL000350,FLT0006914,Mechanical Issue,2025-11-08 01:00:00
CXL000351,FLT0006957,Air Traffic Control,2025-10-11 05:00:00
CXL000352,FLT0006979,Air Traffic Control,2025-08-26 22:00:00
CXL000353,FLT0006986,Severe Weather,2025-11-25 09:15:00
CXL000354,FLT0007021,Air Traffic Control,2026-04-19 02:30:00
CXL000355,FLT0007036,Air Traffic Control,2026-04-08 01:00:00
CXL000356,FLT0007039,Low Booking Demand,2025-11-30 20:15:00
CXL000357,FLT0007071,Low Booking Demand,2026-03-24 23:00:00
CXL000358,FLT0007075,Low Booking Demand,2026-07-02 00:00:00
CXL000359,FLT0007109,Severe Weather,2025-12-27 09:45:00
CXL000360,FLT0007131,Airport Closure,2026-02-09 20:00:00
CXL000361,FLT0007164,Mechanical Issue,2025-10-03 19:00:00
CXL000362,FLT0007188,Severe Weather,2025-11-10 08:00:00
CXL000363,FLT0007309,Crew Shortage,2025-10-14 05:45:00
CXL000364,FLT0007314,Crew Shortage,2026-07-28 02:15:00
CXL000365,FLT0007317,Mechanical Issue,2025-12-07 16:30:00
CXL000366,FLT0007329,Low Booking Demand,2025-11-12 14:30:00
CXL000367,FLT0007346,Low Booking Demand,2026-03-04 13:00:00
CXL000368,FLT0007356,Airport Closure,2026-07-19 20:45:00
CXL000369,FLT0007375,Low Booking Demand,2026-01-04 01:00:00
CXL000370,FLT0007386,Low Booking Demand,2026-03-27 07:45:00
CXL000371,FLT0007395,Air Traffic Control,2026-03-24 15:00:00
CXL000372,FLT0007400,Mechanical Issue,2026-04-22 04:45:00
CXL000373,FLT0007402,Air Traffic Control,2025-10-10 11:00:00
CXL000374,FLT0007432,Mechanical Issue,2025-11-23 20:45:00
CXL000375,FLT0007437,Low Booking Demand,2026-01-29 04:15:00
CXL000376,FLT0007494,Crew Shortage,2025-11-06 07:15:00
CXL000377,FLT0007525,Low Booking Demand,2025-08-28 16:00:00
CXL000378,FLT0007545,Low Booking Demand,2026-07-07 00:15:00
CXL000379,FLT0007602,Air Traffic Control,2026-07-25 15:15:00
CXL000380,FLT0007621,Airport Closure,2025-08-05 18:30:00
CXL000381,FLT0007622,Airport Closure,2025-08-14 20:45:00
CXL000382,FLT0007646,Mechanical Issue,2026-07-31 17:45:00
CXL000383,FLT0007649,Crew Shortage,2025-10-11 04:45:00
CXL000384,FLT0007650,Low Booking Demand,2026-01-08 22:45:00
CXL000385,FLT0007677,Severe Weather,2025-11-25 21:00:00
CXL000386,FLT0007740,Airport Closure,2026-01-04 10:00:00
CXL000387,FLT0007743,Air Traffic Control,2026-02-17 17:45:00
CXL000388,FLT0007744,Severe Weather,2025-11-13 18:15:00
CXL000389,FLT0007777,Air Traffic Control,2026-03-15 21:45:00
CXL000390,FLT0007808,Low Booking Demand,2026-04-22 16:45:00
CXL000391,FLT0007830,Air Traffic Control,2026-02-12 10:45:00
CXL000392,FLT0007836,Mechanical Issue,2026-01-12 07:00:00
CXL000393,FLT0007876,Low Booking Demand,2025-12-24 06:45:00
CXL000394,FLT0007887,Low Booking Demand,2026-07-20 21:00:00
CXL000395,FLT0007905,Airport Closure,2026-01-25 18:45:00
CXL000396,FLT0007953,Low Booking Demand,2026-06-16 20:00:00
CXL000397,FLT0007970,Mechanical Issue,2026-04-16 18:30:00
CXL000398,FLT0007974,Mechanical Issue,2025-12-22 18:15:00
CXL000399,FLT0007980,Crew Shortage,2025-09-13 00:45:00
CXL000400,FLT0007982,Airport Closure,2025-11-19 12:45:00
CXL000401,FLT0007996,Airport Closure,2025-10-24 21:00:00
CXL000402,FLT0008001,Mechanical Issue,2026-04-11 21:45:00
CXL000403,FLT0008005,Mechanical Issue,2026-04-21 02:00:00
CXL000404,FLT0008027,Airport Closure,2026-06-08 20:15:00
CXL000405,FLT0008035,Low Booking Demand,2026-03-27 06:45:00
CXL000406,FLT0008056,Crew Shortage,2025-08-02 19:15:00
CXL000407,FLT0008060,Air Traffic Control,2026-08-01 21:30:00
CXL000408,FLT0008065,Severe Weather,2026-01-15 16:15:00
CXL000409,FLT0008108,Air Traffic Control,2026-07-05 03:00:00
CXL000410,FLT0008116,Mechanical Issue,2025-12-22 03:30:00
CXL000411,FLT0008123,Low Booking Demand,2026-04-20 11:30:00
CXL000412,FLT0008143,Airport Closure,2026-05-11 00:15:00
CXL000413,FLT0008166,Airport Closure,2026-01-18 02:30:00
CXL000414,FLT0008183,Air Traffic Control,2026-07-31 06:15:00
CXL000415,FLT0008193,Crew Shortage,2025-12-14 22:30:00
CXL000416,FLT0008205,Mechanical Issue,2026-03-31 03:15:00
CXL000417,FLT0008211,Low Booking Demand,2025-08-09 04:30:00
CXL000418,FLT0008218,Mechanical Issue,2026-06-14 01:15:00
CXL000419,FLT0008275,Severe Weather,2026-04-19 16:00:00
CXL000420,FLT0008308,Mechanical Issue,2025-12-19 12:30:00
CXL000421,FLT0008320,Airport Closure,2026-02-21 20:30:00
CXL000422,FLT0008335,Crew Shortage,2026-03-23 02:00:00
CXL000423,FLT0008339,Low Booking Demand,2026-03-10 13:45:00
CXL000424,FLT0008392,Mechanical Issue,2025-09-05 23:15:00
CXL000425,FLT0008396,Mechanical Issue,2025-09-18 23:00:00
CXL000426,FLT0008405,Airport Closure,2026-01-24 17:00:00
CXL000427,FLT0008410,Airport Closure,2026-06-26 13:15:00
CXL000428,FLT0008429,Mechanical Issue,2026-03-26 05:30:00
CXL000429,FLT0008472,Mechanical Issue,2026-04-20 04:15:00
CXL000430,FLT0008491,Low Booking Demand,2025-10-28 21:45:00
CXL000431,FLT0008542,Mechanical Issue,2026-03-01 00:15:00
CXL000432,FLT0008543,Airport Closure,2026-07-19 09:30:00
CXL000433,FLT0008547,Airport Closure,2026-02-14 00:00:00
CXL000434,FLT0008556,Air Traffic Control,2026-07-30 00:00:00
CXL000435,FLT0008582,Mechanical Issue,2026-08-02 02:15:00
CXL000436,FLT0008589,Air Traffic Control,2026-04-14 15:00:00
CXL000437,FLT0008598,Low Booking Demand,2025-11-30 15:45:00
CXL000438,FLT0008642,Airport Closure,2025-08-29 21:00:00
CXL000439,FLT0008706,Mechanical Issue,2026-04-23 02:15:00
CXL000440,FLT0008741,Airport Closure,2025-11-21 04:30:00
CXL000441,FLT0008754,Mechanical Issue,2026-04-05 12:30:00
CXL000442,FLT0008780,Airport Closure,2025-10-27 23:30:00
CXL000443,FLT0008783,Crew Shortage,2026-07-22 07:15:00
CXL000444,FLT0008854,Mechanical Issue,2025-08-15 08:30:00
CXL000445,FLT0008857,Crew Shortage,2026-07-31 07:30:00
CXL000446,FLT0008938,Mechanical Issue,2026-06-25 04:15:00
CXL000447,FLT0008940,Severe Weather,2026-01-14 23:15:00
CXL000448,FLT0008972,Low Booking Demand,2026-05-05 00:15:00
CXL000449,FLT0008998,Airport Closure,2026-02-05 12:45:00
CXL000450,FLT0009021,Air Traffic Control,2026-03-30 04:00:00
CXL000451,FLT0009066,Air Traffic Control,2025-08-20 14:15:00
CXL000452,FLT0009067,Airport Closure,2025-09-16 20:00:00
CXL000453,FLT0009083,Severe Weather,2026-02-27 15:15:00
CXL000454,FLT0009112,Crew Shortage,2026-06-08 14:15:00
CXL000455,FLT0009133,Airport Closure,2026-06-14 05:15:00
CXL000456,FLT0009158,Airport Closure,2026-04-26 22:00:00
CXL000457,FLT0009209,Air Traffic Control,2025-10-12 11:45:00
CXL000458,FLT0009215,Mechanical Issue,2026-04-03 16:15:00
CXL000459,FLT0009244,Severe Weather,2025-12-01 09:45:00
CXL000460,FLT0009245,Mechanical Issue,2026-05-02 01:00:00
CXL000461,FLT0009261,Mechanical Issue,2026-06-28 16:30:00
CXL000462,FLT0009350,Mechanical Issue,2025-08-02 06:30:00
CXL000463,FLT0009385,Mechanical Issue,2025-08-20 02:30:00
CXL000464,FLT0009387,Mechanical Issue,2025-11-20 08:15:00
CXL000465,FLT0009388,Mechanical Issue,2025-09-29 14:45:00
CXL000466,FLT0009412,Crew Shortage,2026-06-02 06:00:00
CXL000467,FLT0009414,Mechanical Issue,2026-03-20 02:15:00
CXL000468,FLT0009423,Air Traffic Control,2026-07-21 20:45:00
CXL000469,FLT0009443,Severe Weather,2025-12-03 22:15:00
CXL000470,FLT0009461,Low Booking Demand,2026-05-26 17:45:00
CXL000471,FLT0009478,Low Booking Demand,2026-02-11 18:30:00
CXL000472,FLT0009484,Crew Shortage,2025-12-23 00:45:00
CXL000473,FLT0009493,Severe Weather,2025-12-30 00:00:00
CXL000474,FLT0009517,Low Booking Demand,2025-11-26 17:00:00
CXL000475,FLT0009526,Severe Weather,2026-02-28 11:45:00
CXL000476,FLT0009527,Severe Weather,2026-04-02 07:45:00
CXL000477,FLT0009532,Low Booking Demand,2026-01-31 21:15:00
CXL000478,FLT0009558,Air Traffic Control,2025-12-16 01:45:00
CXL000479,FLT0009583,Severe Weather,2026-02-26 21:30:00
CXL000480,FLT0009620,Low Booking Demand,2025-09-27 09:45:00
CXL000481,FLT0009675,Severe Weather,2026-02-02 16:00:00
CXL000482,FLT0009708,Mechanical Issue,2026-05-15 10:15:00
CXL000483,FLT0009729,Severe Weather,2025-09-25 23:15:00
CXL000484,FLT0009735,Mechanical Issue,2026-04-19 14:00:00
CXL000485,FLT0009755,Low Booking Demand,2025-12-10 01:45:00
CXL000486,FLT0009780,Mechanical Issue,2026-06-11 11:30:00
CXL000487,FLT0009807,Crew Shortage,2026-01-22 00:15:00
CXL000488,FLT0009837,Low Booking Demand,2025-08-30 18:00:00
CXL000489,FLT0009850,Crew Shortage,2026-05-22 16:30:00
CXL000490,FLT0009875,Low Booking Demand,2026-01-06 10:15:00
CXL000491,FLT0009903,Mechanical Issue,2026-02-01 14:15:00
CXL000492,FLT0009915,Low Booking Demand,2025-08-21 09:45:00
CXL000493,FLT0009928,Air Traffic Control,2025-11-12 09:15:00
CXL000494,FLT0009929,Crew Shortage,2025-11-04 21:00:00
CXL000495,FLT0009943,Mechanical Issue,2026-01-19 13:30:00
CXL000496,FLT0009983,Air Traffic Control,2026-06-24 17:00:00
CXL000497,FLT0009986,Severe Weather,2026-03-05 19:45:00
CXL000498,FLT0010008,Mechanical Issue,2025-08-09 02:15:00
CXL000499,FLT0010017,Mechanical Issue,2025-11-29 04:45:00
CXL000500,FLT0010035,Airport Closure,2025-11-08 14:15:00
CXL000501,FLT0010080,Severe Weather,2026-07-05 05:45:00
CXL000502,FLT0010085,Airport Closure,2026-05-22 14:45:00
CXL000503,FLT0010090,Mechanical Issue,2025-12-18 03:30:00
CXL000504,FLT0010107,Airport Closure,2025-12-07 10:00:00
CXL000505,FLT0010110,Mechanical Issue,2026-07-03 20:30:00
CXL000506,FLT0010126,Mechanical Issue,2025-10-13 00:15:00
CXL000507,FLT0010131,Airport Closure,2026-06-26 18:15:00
CXL000508,FLT0010179,Low Booking Demand,2026-07-24 11:30:00
CXL000509,FLT0010198,Airport Closure,2026-01-13 08:00:00
CXL000510,FLT0010223,Low Booking Demand,2026-02-08 21:45:00
CXL000511,FLT0010243,Airport Closure,2026-03-16 12:15:00
CXL000512,FLT0010245,Mechanical Issue,2025-09-23 23:15:00
CXL000513,FLT0010341,Air Traffic Control,2025-09-22 21:15:00
CXL000514,FLT0010348,Severe Weather,2026-06-15 22:45:00
CXL000515,FLT0010384,Severe Weather,2026-05-27 14:15:00
CXL000516,FLT0010408,Low Booking Demand,2026-04-14 19:45:00
CXL000517,FLT0010410,Airport Closure,2025-11-06 04:45:00
CXL000518,FLT0010442,Airport Closure,2026-02-21 19:15:00
CXL000519,FLT0010446,Crew Shortage,2026-01-30 21:00:00
CXL000520,FLT0010452,Mechanical Issue,2026-02-09 17:30:00
CXL000521,FLT0010460,Airport Closure,2025-09-09 21:45:00
CXL000522,FLT0010506,Crew Shortage,2026-01-10 02:30:00
CXL000523,FLT0010518,Mechanical Issue,2025-12-18 17:30:00
CXL000524,FLT0010522,Mechanical Issue,2025-09-20 09:45:00
CXL000525,FLT0010537,Air Traffic Control,2026-06-12 09:30:00
CXL000526,FLT0010557,Low Booking Demand,2026-03-04 19:45:00
CXL000527,FLT0010568,Airport Closure,2025-11-23 01:45:00
CXL000528,FLT0010599,Airport Closure,2026-05-30 15:45:00
CXL000529,FLT0010614,Airport Closure,2026-01-16 04:30:00
CXL000530,FLT0010657,Crew Shortage,2025-12-24 16:00:00
CXL000531,FLT0010664,Airport Closure,2026-04-29 12:30:00
CXL000532,FLT0010667,Crew Shortage,2026-05-10 03:45:00
CXL000533,FLT0010719,Severe Weather,2026-01-23 21:30:00
CXL000534,FLT0010724,Air Traffic Control,2026-01-19 06:30:00
CXL000535,FLT0010733,Low Booking Demand,2025-12-25 00:30:00
CXL000536,FLT0010735,Airport Closure,2026-04-01 19:15:00
CXL000537,FLT0010753,Crew Shortage,2026-01-13 02:00:00
CXL000538,FLT0010767,Crew Shortage,2026-03-23 05:15:00
CXL000539,FLT0010788,Air Traffic Control,2026-07-03 15:00:00
CXL000540,FLT0010794,Air Traffic Control,2026-02-21 11:30:00
CXL000541,FLT0010801,Crew Shortage,2026-02-25 22:30:00
CXL000542,FLT0010806,Mechanical Issue,2025-09-03 04:30:00
CXL000543,FLT0010811,Airport Closure,2025-08-19 02:15:00
CXL000544,FLT0010848,Mechanical Issue,2026-03-03 03:30:00
CXL000545,FLT0010875,Mechanical Issue,2026-05-03 18:30:00
CXL000546,FLT0010900,Airport Closure,2026-07-01 20:45:00
CXL000547,FLT0010947,Low Booking Demand,2026-07-24 00:30:00
CXL000548,FLT0010982,Air Traffic Control,2025-11-16 22:00:00
CXL000549,FLT0011001,Air Traffic Control,2025-11-30 23:45:00
CXL000550,FLT0011031,Air Traffic Control,2025-09-23 00:45:00
CXL000551,FLT0011041,Air Traffic Control,2026-04-28 17:30:00
CXL000552,FLT0011071,Severe Weather,2025-11-23 19:00:00
CXL000553,FLT0011107,Mechanical Issue,2026-06-07 15:15:00
CXL000554,FLT0011189,Crew Shortage,2025-08-18 14:30:00
CXL000555,FLT0011195,Low Booking Demand,2025-11-21 15:15:00
CXL000556,FLT0011215,Air Traffic Control,2025-10-10 21:30:00
CXL000557,FLT0011234,Crew Shortage,2026-06-19 07:30:00
CXL000558,FLT0011278,Severe Weather,2026-07-08 11:15:00
CXL000559,FLT0011313,Severe Weather,2025-11-22 08:45:00
CXL000560,FLT0011323,Severe Weather,2026-02-12 13:30:00
CXL000561,FLT0011337,Airport Closure,2025-09-21 05:00:00
CXL000562,FLT0011354,Air Traffic Control,2026-07-06 04:00:00
CXL000563,FLT0011356,Air Traffic Control,2025-08-12 03:30:00
CXL000564,FLT0011392,Severe Weather,2025-08-21 00:15:00
CXL000565,FLT0011400,Crew Shortage,2026-04-19 18:15:00
CXL000566,FLT0011410,Crew Shortage,2025-08-10 11:00:00
CXL000567,FLT0011478,Low Booking Demand,2026-02-14 14:30:00
CXL000568,FLT0011493,Severe Weather,2025-10-25 08:30:00
CXL000569,FLT0011495,Severe Weather,2025-10-23 02:00:00
CXL000570,FLT0011505,Air Traffic Control,2025-08-10 10:00:00
CXL000571,FLT0011545,Low Booking Demand,2026-03-06 05:45:00
CXL000572,FLT0011598,Air Traffic Control,2025-08-04 00:15:00
CXL000573,FLT0011615,Airport Closure,2025-11-09 08:30:00
CXL000574,FLT0011623,Mechanical Issue,2026-04-19 14:00:00
CXL000575,FLT0011729,Mechanical Issue,2026-05-23 19:15:00
CXL000576,FLT0011754,Low Booking Demand,2025-11-24 11:30:00
CXL000577,FLT0011765,Airport Closure,2026-01-28 20:30:00
CXL000578,FLT0011797,Severe Weather,2026-06-29 06:00:00
CXL000579,FLT0011802,Mechanical Issue,2026-05-21 14:15:00
CXL000580,FLT0011857,Air Traffic Control,2025-12-18 00:45:00
CXL000581,FLT0011858,Low Booking Demand,2025-10-03 19:30:00
CXL000582,FLT0011887,Airport Closure,2025-11-30 11:15:00
CXL000583,FLT0011937,Crew Shortage,2025-09-18 09:45:00
CXL000584,FLT0011950,Severe Weather,2025-09-05 16:45:00
CXL000585,FLT0011995,Crew Shortage,2025-09-28 05:00:00
CXL000586,FLT0011998,Mechanical Issue,2026-01-14 15:30:00
CXL000587,FLT0012077,Airport Closure,2025-09-03 04:45:00
CXL000588,FLT0012110,Mechanical Issue,2026-04-03 06:45:00
CXL000589,FLT0012126,Airport Closure,2025-09-24 06:15:00
CXL000590,FLT0012154,Crew Shortage,2025-12-26 16:45:00
CXL000591,FLT0012162,Air Traffic Control,2025-10-20 02:45:00
CXL000592,FLT0012245,Severe Weather,2026-03-27 16:45:00
CXL000593,FLT0012269,Crew Shortage,2026-01-09 03:30:00
CXL000594,FLT0012276,Severe Weather,2025-10-16 21:30:00
CXL000595,FLT0012284,Air Traffic Control,2025-10-10 15:00:00
CXL000596,FLT0012313,Air Traffic Control,2026-04-20 12:45:00
CXL000597,FLT0012315,Air Traffic Control,2026-03-26 17:30:00
CXL000598,FLT0012334,Low Booking Demand,2025-12-18 14:00:00
CXL000599,FLT0012368,Low Booking Demand,2026-05-21 23:00:00
CXL000600,FLT0012396,Mechanical Issue,2026-01-25 15:15:00
CXL000601,FLT0012402,Airport Closure,2026-01-04 05:45:00
CXL000602,FLT0012407,Mechanical Issue,2026-05-04 20:00:00
CXL000603,FLT0012409,Crew Shortage,2026-02-11 20:15:00
CXL000604,FLT0012417,Air Traffic Control,2025-11-19 08:15:00
CXL000605,FLT0012419,Airport Closure,2025-11-22 03:45:00
CXL000606,FLT0012422,Airport Closure,2026-06-21 11:45:00
CXL000607,FLT0012438,Low Booking Demand,2025-12-09 16:45:00
CXL000608,FLT0012461,Crew Shortage,2026-04-08 20:45:00
CXL000609,FLT0012511,Airport Closure,2026-01-28 04:00:00
CXL000610,FLT0012513,Airport Closure,2025-12-01 15:15:00
CXL000611,FLT0012535,Air Traffic Control,2025-09-11 06:30:00
CXL000612,FLT0012537,Low Booking Demand,2026-07-26 05:00:00
CXL000613,FLT0012556,Air Traffic Control,2025-09-04 14:00:00
CXL000614,FLT0012573,Air Traffic Control,2026-03-09 12:00:00
CXL000615,FLT0012582,Air Traffic Control,2026-06-09 04:15:00
CXL000616,FLT0012620,Air Traffic Control,2025-08-30 01:45:00
CXL000617,FLT0012624,Crew Shortage,2025-11-26 04:15:00
CXL000618,FLT0012672,Severe Weather,2025-08-15 02:45:00
CXL000619,FLT0012678,Low Booking Demand,2025-11-14 06:00:00
CXL000620,FLT0012686,Crew Shortage,2026-02-14 13:15:00
CXL000621,FLT0012688,Crew Shortage,2025-12-08 11:00:00
CXL000622,FLT0012692,Crew Shortage,2026-06-26 16:30:00
CXL000623,FLT0012720,Crew Shortage,2025-12-10 14:30:00
CXL000624,FLT0012734,Airport Closure,2025-10-01 05:00:00
CXL000625,FLT0012746,Air Traffic Control,2026-07-28 03:30:00
CXL000626,FLT0012760,Severe Weather,2026-04-09 04:15:00
CXL000627,FLT0012764,Air Traffic Control,2026-03-24 05:45:00
CXL000628,FLT0012783,Severe Weather,2025-11-19 02:15:00
CXL000629,FLT0012867,Low Booking Demand,2026-07-06 06:45:00
CXL000630,FLT0012876,Air Traffic Control,2026-01-12 22:00:00
CXL000631,FLT0012878,Mechanical Issue,2025-12-17 01:00:00
CXL000632,FLT0012885,Airport Closure,2026-05-08 21:00:00
CXL000633,FLT0012904,Mechanical Issue,2025-12-23 04:30:00
CXL000634,FLT0012912,Low Booking Demand,2026-07-27 10:15:00
CXL000635,FLT0012987,Severe Weather,2025-11-04 18:00:00
CXL000636,FLT0013007,Severe Weather,2025-10-22 10:15:00
CXL000637,FLT0013032,Low Booking Demand,2026-06-15 08:45:00
CXL000638,FLT0013064,Low Booking Demand,2025-12-26 09:15:00
CXL000639,FLT0013096,Air Traffic Control,2026-07-24 03:00:00
CXL000640,FLT0013139,Severe Weather,2025-11-26 04:30:00
CXL000641,FLT0013159,Crew Shortage,2026-02-09 11:00:00
CXL000642,FLT0013182,Severe Weather,2025-09-27 04:15:00
CXL000643,FLT0013189,Crew Shortage,2025-08-03 07:00:00
CXL000644,FLT0013217,Mechanical Issue,2026-02-12 19:30:00
CXL000645,FLT0013221,Air Traffic Control,2026-06-04 21:45:00
CXL000646,FLT0013222,Airport Closure,2025-08-03 02:30:00
CXL000647,FLT0013232,Crew Shortage,2026-04-17 10:00:00
CXL000648,FLT0013241,Mechanical Issue,2025-10-10 17:15:00
CXL000649,FLT0013248,Severe Weather,2026-01-08 04:00:00
CXL000650,FLT0013256,Air Traffic Control,2026-07-31 16:45:00
CXL000651,FLT0013257,Severe Weather,2025-10-29 21:30:00
CXL000652,FLT0013259,Crew Shortage,2025-09-12 05:30:00
CXL000653,FLT0013324,Low Booking Demand,2025-12-04 03:15:00
CXL000654,FLT0013402,Crew Shortage,2026-04-30 03:45:00
CXL000655,FLT0013410,Airport Closure,2025-08-26 09:30:00
CXL000656,FLT0013412,Mechanical Issue,2026-01-09 20:45:00
CXL000657,FLT0013450,Low Booking Demand,2025-09-06 00:15:00
CXL000658,FLT0013461,Crew Shortage,2026-07-26 14:30:00
CXL000659,FLT0013467,Mechanical Issue,2026-05-25 03:30:00
CXL000660,FLT0013472,Mechanical Issue,2025-11-26 00:15:00
CXL000661,FLT0013482,Mechanical Issue,2026-04-30 03:00:00
CXL000662,FLT0013485,Crew Shortage,2026-01-05 09:30:00
CXL000663,FLT0013489,Airport Closure,2026-01-20 23:45:00
CXL000664,FLT0013562,Crew Shortage,2025-12-09 21:45:00
CXL000665,FLT0013572,Airport Closure,2025-08-05 02:30:00
CXL000666,FLT0013593,Air Traffic Control,2025-12-25 07:45:00
CXL000667,FLT0013660,Severe Weather,2025-11-10 23:45:00
CXL000668,FLT0013747,Airport Closure,2026-05-31 13:15:00
CXL000669,FLT0013754,Crew Shortage,2026-01-27 15:45:00
CXL000670,FLT0013755,Mechanical Issue,2025-09-08 04:00:00
CXL000671,FLT0013777,Air Traffic Control,2025-08-01 11:30:00
CXL000672,FLT0013798,Crew Shortage,2026-06-05 13:45:00
CXL000673,FLT0013805,Airport Closure,2025-08-16 15:30:00
CXL000674,FLT0013829,Airport Closure,2026-05-07 03:00:00
CXL000675,FLT0013839,Crew Shortage,2026-07-21 21:15:00
CXL000676,FLT0013866,Mechanical Issue,2025-11-22 22:15:00
CXL000677,FLT0013867,Low Booking Demand,2025-12-12 04:45:00
CXL000678,FLT0013873,Airport Closure,2026-05-10 23:45:00
CXL000679,FLT0013881,Airport Closure,2026-04-24 13:00:00
CXL000680,FLT0013886,Crew Shortage,2025-08-13 20:00:00
CXL000681,FLT0013916,Mechanical Issue,2025-12-27 11:30:00
CXL000682,FLT0013930,Mechanical Issue,2026-05-25 13:00:00
CXL000683,FLT0014005,Mechanical Issue,2026-05-07 16:00:00
CXL000684,FLT0014007,Crew Shortage,2026-04-04 03:15:00
CXL000685,FLT0014018,Severe Weather,2026-01-27 17:30:00
CXL000686,FLT0014034,Air Traffic Control,2026-05-13 19:00:00
CXL000687,FLT0014041,Mechanical Issue,2026-03-01 04:30:00
CXL000688,FLT0014066,Air Traffic Control,2026-07-09 21:30:00
CXL000689,FLT0014069,Crew Shortage,2026-06-13 02:15:00
CXL000690,FLT0014128,Crew Shortage,2025-08-28 02:00:00
CXL000691,FLT0014137,Crew Shortage,2026-02-19 16:15:00
CXL000692,FLT0014146,Mechanical Issue,2026-04-17 10:00:00
CXL000693,FLT0014215,Air Traffic Control,2025-12-09 00:30:00
CXL000694,FLT0014220,Low Booking Demand,2025-10-31 14:30:00
CXL000695,FLT0014235,Crew Shortage,2026-04-24 19:00:00
CXL000696,FLT0014307,Air Traffic Control,2026-01-01 21:30:00
CXL000697,FLT0014325,Crew Shortage,2026-07-22 19:00:00
CXL000698,FLT0014336,Low Booking Demand,2025-09-11 09:00:00
CXL000699,FLT0014339,Crew Shortage,2026-03-28 01:00:00
CXL000700,FLT0014360,Severe Weather,2025-12-22 17:30:00
CXL000701,FLT0014411,Severe Weather,2026-06-26 03:00:00
CXL000702,FLT0014418,Air Traffic Control,2026-06-03 02:45:00
CXL000703,FLT0014419,Crew Shortage,2025-10-23 14:30:00
CXL000704,FLT0014421,Low Booking Demand,2026-05-18 23:15:00
CXL000705,FLT0014479,Air Traffic Control,2026-03-04 19:00:00
CXL000706,FLT0014499,Severe Weather,2026-05-12 02:45:00
CXL000707,FLT0014522,Air Traffic Control,2026-02-06 22:30:00
CXL000708,FLT0014558,Low Booking Demand,2025-12-10 01:30:00
CXL000709,FLT0014639,Crew Shortage,2026-02-06 07:30:00
CXL000710,FLT0014663,Airport Closure,2026-03-23 12:45:00
CXL000711,FLT0014703,Crew Shortage,2025-12-19 12:15:00
CXL000712,FLT0014720,Airport Closure,2026-01-03 17:45:00
CXL000713,FLT0014769,Low Booking Demand,2026-01-16 13:45:00
CXL000714,FLT0014829,Air Traffic Control,2026-04-13 18:15:00
CXL000715,FLT0014850,Severe Weather,2025-11-16 17:00:00
CXL000716,FLT0014863,Severe Weather,2026-01-10 18:30:00
CXL000717,FLT0014866,Mechanical Issue,2025-09-04 04:45:00
CXL000718,FLT0014876,Airport Closure,2026-07-04 00:45:00
CXL000719,FLT0014880,Severe Weather,2025-09-11 16:30:00
CXL000720,FLT0014881,Crew Shortage,2026-02-03 03:15:00
CXL000721,FLT0014884,Crew Shortage,2026-04-10 07:30:00
CXL000722,FLT0014885,Airport Closure,2026-06-10 00:15:00
CXL000723,FLT0014921,Mechanical Issue,2025-12-22 15:45:00
CXL000724,FLT0014938,Severe Weather,2026-04-05 03:00:00
CXL000725,FLT0014948,Low Booking Demand,2026-06-25 16:00:00
CXL000726,FLT0014965,Low Booking Demand,2025-11-19 18:30:00
CXL000727,FLT0014973,Airport Closure,2025-08-14 20:45:00
CXL000728,FLT0014981,Airport Closure,2026-06-28 17:30:00
CXL000729,FLT0015001,Airport Closure,2026-07-16 15:30:00
CXL000730,FLT0015009,Mechanical Issue,2026-02-21 04:30:00
CXL000731,FLT0015010,Low Booking Demand,2025-12-02 23:45:00
CXL000732,FLT0015035,Air Traffic Control,2025-11-27 11:00:00
CXL000733,FLT0015056,Airport Closure,2025-11-05 14:30:00
CXL000734,FLT0015083,Crew Shortage,2025-08-16 12:15:00
CXL000735,FLT0015101,Low Booking Demand,2026-04-14 05:30:00
CXL000736,FLT0015110,Severe Weather,2026-02-18 05:30:00
CXL000737,FLT0015185,Airport Closure,2025-10-26 03:00:00
CXL000738,FLT0015244,Mechanical Issue,2026-07-24 17:15:00
CXL000739,FLT0015245,Low Booking Demand,2026-04-22 21:30:00
CXL000740,FLT0015261,Crew Shortage,2026-01-31 07:00:00
CXL000741,FLT0015313,Airport Closure,2026-05-06 06:45:00
CXL000742,FLT0015330,Air Traffic Control,2026-02-13 07:45:00
CXL000743,FLT0015331,Low Booking Demand,2026-07-18 06:15:00
CXL000744,FLT0015343,Low Booking Demand,2025-11-18 11:45:00
CXL000745,FLT0015344,Severe Weather,2026-05-05 19:45:00
CXL000746,FLT0015367,Mechanical Issue,2025-11-23 03:15:00
CXL000747,FLT0015374,Crew Shortage,2026-03-09 14:15:00
CXL000748,FLT0015406,Air Traffic Control,2026-02-14 12:30:00
CXL000749,FLT0015451,Air Traffic Control,2025-08-20 06:15:00
CXL000750,FLT0015463,Severe Weather,2026-06-08 23:00:00
CXL000751,FLT0015480,Severe Weather,2025-10-16 21:00:00
CXL000752,FLT0015481,Low Booking Demand,2026-01-02 19:00:00
CXL000753,FLT0015486,Low Booking Demand,2025-11-13 15:15:00
CXL000754,FLT0015502,Airport Closure,2026-06-21 00:15:00
CXL000755,FLT0015525,Low Booking Demand,2026-01-21 20:45:00
CXL000756,FLT0015583,Low Booking Demand,2026-03-29 03:45:00
CXL000757,FLT0015589,Crew Shortage,2026-01-29 13:30:00
CXL000758,FLT0015596,Crew Shortage,2026-02-20 11:15:00
CXL000759,FLT0015613,Airport Closure,2026-06-11 06:15:00
CXL000760,FLT0015615,Air Traffic Control,2026-07-21 00:15:00
CXL000761,FLT0015633,Airport Closure,2026-01-08 22:15:00
CXL000762,FLT0015638,Airport Closure,2026-07-20 02:45:00
CXL000763,FLT0015656,Air Traffic Control,2025-10-01 10:15:00
CXL000764,FLT0015684,Air Traffic Control,2026-03-03 14:30:00
CXL000765,FLT0015704,Low Booking Demand,2025-12-01 13:45:00
CXL000766,FLT0015706,Mechanical Issue,2026-02-26 06:30:00
CXL000767,FLT0015721,Crew Shortage,2025-08-31 03:15:00
CXL000768,FLT0015728,Air Traffic Control,2025-11-24 20:00:00
CXL000769,FLT0015745,Air Traffic Control,2025-12-05 17:30:00
CXL000770,FLT0015746,Air Traffic Control,2025-08-25 23:45:00
CXL000771,FLT0015750,Mechanical Issue,2026-02-22 21:45:00
CXL000772,FLT0015753,Air Traffic Control,2025-12-01 06:00:00
CXL000773,FLT0015758,Low Booking Demand,2026-05-12 00:15:00
CXL000774,FLT0015829,Low Booking Demand,2026-04-10 04:15:00
CXL000775,FLT0015833,Airport Closure,2026-02-10 10:15:00
CXL000776,FLT0015856,Severe Weather,2025-08-04 12:00:00
CXL000777,FLT0015879,Low Booking Demand,2026-03-02 23:30:00
CXL000778,FLT0015894,Airport Closure,2025-11-12 06:15:00
CXL000779,FLT0015899,Severe Weather,2025-09-28 14:15:00
CXL000780,FLT0015900,Mechanical Issue,2026-03-14 02:15:00
CXL000781,FLT0015921,Air Traffic Control,2026-04-19 19:00:00
CXL000782,FLT0015936,Severe Weather,2026-07-04 23:45:00
CXL000783,FLT0015942,Mechanical Issue,2025-08-20 03:30:00
CXL000784,FLT0015950,Severe Weather,2026-04-21 01:30:00
CXL000785,FLT0016012,Airport Closure,2025-12-19 01:15:00
CXL000786,FLT0016018,Severe Weather,2026-06-18 14:30:00
CXL000787,FLT0016036,Low Booking Demand,2026-05-05 14:30:00
CXL000788,FLT0016045,Low Booking Demand,2025-08-23 17:00:00
CXL000789,FLT0016052,Airport Closure,2026-02-10 07:30:00
CXL000790,FLT0016067,Crew Shortage,2025-07-31 23:15:00
CXL000791,FLT0016084,Low Booking Demand,2026-01-05 08:30:00
CXL000792,FLT0016105,Mechanical Issue,2025-12-28 13:15:00
CXL000793,FLT0016122,Air Traffic Control,2026-04-12 09:30:00
CXL000794,FLT0016126,Mechanical Issue,2025-08-05 04:15:00
CXL000795,FLT0016193,Crew Shortage,2026-02-15 22:00:00
CXL000796,FLT0016196,Airport Closure,2026-02-17 21:15:00
CXL000797,FLT0016206,Airport Closure,2025-08-24 11:15:00
CXL000798,FLT0016216,Crew Shortage,2025-09-24 11:15:00
CXL000799,FLT0016281,Crew Shortage,2026-05-08 08:15:00
CXL000800,FLT0016370,Air Traffic Control,2026-04-13 04:45:00
CXL000801,FLT0016385,Low Booking Demand,2025-09-14 16:15:00
CXL000802,FLT0016403,Severe Weather,2025-12-05 12:00:00
CXL000803,FLT0016412,Air Traffic Control,2025-11-26 00:15:00
CXL000804,FLT0016434,Severe Weather,2026-04-17 23:00:00
CXL000805,FLT0016435,Airport Closure,2026-05-02 09:30:00
CXL000806,FLT0016470,Low Booking Demand,2026-07-12 20:00:00
CXL000807,FLT0016484,Air Traffic Control,2026-01-03 02:45:00
CXL000808,FLT0016499,Mechanical Issue,2025-10-30 05:00:00
CXL000809,FLT0016512,Mechanical Issue,2026-07-07 02:00:00
CXL000810,FLT0016555,Airport Closure,2026-04-22 23:30:00
CXL000811,FLT0016564,Low Booking Demand,2025-09-07 13:00:00
CXL000812,FLT0016615,Mechanical Issue,2026-02-06 23:00:00
CXL000813,FLT0016649,Airport Closure,2025-11-10 00:15:00
CXL000814,FLT0016658,Mechanical Issue,2026-07-29 20:00:00
CXL000815,FLT0016665,Mechanical Issue,2025-10-09 18:30:00
CXL000816,FLT0016673,Air Traffic Control,2026-05-30 08:15:00
CXL000817,FLT0016674,Mechanical Issue,2026-02-16 12:30:00
CXL000818,FLT0016696,Severe Weather,2026-04-30 11:00:00
CXL000819,FLT0016709,Air Traffic Control,2025-09-19 18:00:00
CXL000820,FLT0016714,Low Booking Demand,2026-07-29 00:45:00
CXL000821,FLT0016734,Airport Closure,2025-12-24 08:30:00
CXL000822,FLT0016752,Low Booking Demand,2026-05-13 17:00:00
CXL000823,FLT0016756,Crew Shortage,2025-12-05 04:00:00
CXL000824,FLT0016783,Low Booking Demand,2026-04-16 17:45:00
CXL000825,FLT0016786,Air Traffic Control,2026-05-22 06:45:00
CXL000826,FLT0016787,Air Traffic Control,2026-03-05 19:30:00
CXL000827,FLT0016791,Airport Closure,2025-12-07 07:45:00
CXL000828,FLT0016812,Severe Weather,2025-11-08 01:15:00
CXL000829,FLT0016836,Severe Weather,2025-12-25 23:45:00
CXL000830,FLT0016873,Low Booking Demand,2026-03-15 18:00:00
CXL000831,FLT0016897,Airport Closure,2025-12-04 23:30:00
CXL000832,FLT0016956,Air Traffic Control,2025-12-22 19:15:00
CXL000833,FLT0016967,Airport Closure,2025-10-18 06:00:00
CXL000834,FLT0017001,Air Traffic Control,2026-04-28 03:45:00
CXL000835,FLT0017030,Airport Closure,2026-07-07 21:30:00
CXL000836,FLT0017070,Low Booking Demand,2025-12-29 00:45:00
CXL000837,FLT0017074,Severe Weather,2026-03-01 04:45:00
CXL000838,FLT0017084,Air Traffic Control,2026-05-07 23:30:00
CXL000839,FLT0017107,Airport Closure,2026-06-01 15:45:00
CXL000840,FLT0017148,Severe Weather,2026-01-12 13:45:00
CXL000841,FLT0017149,Crew Shortage,2025-12-30 04:00:00
CXL000842,FLT0017189,Low Booking Demand,2026-01-11 13:45:00
CXL000843,FLT0017203,Low Booking Demand,2026-01-09 17:45:00
CXL000844,FLT0017207,Mechanical Issue,2026-02-12 15:30:00
CXL000845,FLT0017213,Low Booking Demand,2026-06-16 22:00:00
CXL000846,FLT0017216,Low Booking Demand,2026-04-03 00:15:00
CXL000847,FLT0017232,Mechanical Issue,2026-01-26 22:00:00
CXL000848,FLT0017234,Crew Shortage,2025-10-28 07:00:00
CXL000849,FLT0017244,Crew Shortage,2025-10-19 03:15:00
CXL000850,FLT0017253,Airport Closure,2025-10-16 08:45:00
CXL000851,FLT0017260,Mechanical Issue,2025-07-30 20:30:00
CXL000852,FLT0017269,Low Booking Demand,2026-05-19 11:15:00
CXL000853,FLT0017277,Air Traffic Control,2025-08-21 01:45:00
CXL000854,FLT0017286,Airport Closure,2026-02-17 11:45:00
CXL000855,FLT0017291,Crew Shortage,2026-04-01 15:15:00
CXL000856,FLT0017299,Airport Closure,2025-08-07 05:00:00
CXL000857,FLT0017318,Severe Weather,2026-01-13 17:15:00
CXL000858,FLT0017369,Crew Shortage,2026-01-07 01:00:00
CXL000859,FLT0017382,Mechanical Issue,2026-01-21 21:45:00
CXL000860,FLT0017407,Airport Closure,2025-12-02 03:15:00
CXL000861,FLT0017432,Crew Shortage,2026-05-11 10:45:00
CXL000862,FLT0017451,Low Booking Demand,2026-02-20 21:30:00
CXL000863,FLT0017488,Crew Shortage,2025-11-23 12:30:00
CXL000864,FLT0017529,Severe Weather,2025-11-29 13:30:00
CXL000865,FLT0017532,Air Traffic Control,2026-04-08 11:30:00
CXL000866,FLT0017592,Crew Shortage,2026-04-16 15:15:00
CXL000867,FLT0017605,Crew Shortage,2025-08-04 23:45:00
CXL000868,FLT0017621,Air Traffic Control,2026-01-06 10:30:00
CXL000869,FLT0017625,Crew Shortage,2026-03-16 05:15:00
CXL000870,FLT0017666,Crew Shortage,2025-12-19 13:30:00
CXL000871,FLT0017669,Air Traffic Control,2025-09-12 17:15:00
CXL000872,FLT0017690,Severe Weather,2025-12-15 18:30:00
CXL000873,FLT0017694,Crew Shortage,2025-09-17 20:00:00
CXL000874,FLT0017713,Low Booking Demand,2026-04-16 00:30:00
CXL000875,FLT0017797,Crew Shortage,2026-01-10 14:15:00
CXL000876,FLT0017825,Crew Shortage,2026-05-11 12:15:00
CXL000877,FLT0017830,Crew Shortage,2025-11-19 05:00:00
CXL000878,FLT0017863,Air Traffic Control,2026-06-05 15:45:00
CXL000879,FLT0017869,Low Booking Demand,2026-01-06 00:45:00
CXL000880,FLT0017952,Air Traffic Control,2026-04-09 06:30:00
CXL000881,FLT0017962,Crew Shortage,2026-06-14 04:15:00
CXL000882,FLT0017989,Airport Closure,2026-06-09 03:00:00
CXL000883,FLT0018002,Mechanical Issue,2025-11-15 08:30:00
CXL000884,FLT0018008,Severe Weather,2025-08-17 22:45:00
CXL000885,FLT0018044,Severe Weather,2026-06-12 14:15:00
CXL000886,FLT0018055,Low Booking Demand,2026-04-21 17:30:00
CXL000887,FLT0018069,Severe Weather,2026-03-18 09:45:00
CXL000888,FLT0018094,Air Traffic Control,2026-06-04 08:30:00
CXL000889,FLT0018115,Air Traffic Control,2025-10-25 23:15:00
CXL000890,FLT0018130,Mechanical Issue,2026-05-12 18:30:00
CXL000891,FLT0018137,Crew Shortage,2026-02-09 23:00:00
CXL000892,FLT0018141,Air Traffic Control,2025-11-11 19:00:00
CXL000893,FLT0018161,Severe Weather,2025-08-09 12:15:00
CXL000894,FLT0018201,Airport Closure,2026-03-10 00:45:00
CXL000895,FLT0018202,Airport Closure,2025-09-08 03:30:00
CXL000896,FLT0018219,Low Booking Demand,2026-03-07 05:15:00
CXL000897,FLT0018227,Crew Shortage,2026-05-20 19:00:00
CXL000898,FLT0018262,Mechanical Issue,2025-09-29 05:45:00
CXL000899,FLT0018275,Severe Weather,2026-03-11 10:45:00
CXL000900,FLT0018277,Low Booking Demand,2025-09-10 12:00:00
CXL000901,FLT0018282,Airport Closure,2025-12-23 05:15:00
CXL000902,FLT0018283,Air Traffic Control,2026-05-24 10:45:00
CXL000903,FLT0018288,Air Traffic Control,2025-09-16 23:15:00
CXL000904,FLT0018291,Mechanical Issue,2026-01-01 13:30:00
CXL000905,FLT0018292,Mechanical Issue,2026-07-05 06:15:00
CXL000906,FLT0018338,Crew Shortage,2026-06-08 05:00:00
CXL000907,FLT0018340,Mechanical Issue,2025-10-15 09:15:00
CXL000908,FLT0018365,Severe Weather,2026-04-22 01:00:00
CXL000909,FLT0018451,Crew Shortage,2026-05-01 17:00:00
CXL000910,FLT0018459,Crew Shortage,2026-06-15 11:00:00
CXL000911,FLT0018539,Low Booking Demand,2026-05-29 07:45:00
CXL000912,FLT0018541,Crew Shortage,2025-10-11 11:45:00
CXL000913,FLT0018552,Mechanical Issue,2026-06-14 15:15:00
CXL000914,FLT0018569,Mechanical Issue,2025-09-03 15:00:00
CXL000915,FLT0018599,Severe Weather,2026-02-24 04:00:00
CXL000916,FLT0018611,Low Booking Demand,2026-04-16 14:45:00
CXL000917,FLT0018620,Airport Closure,2025-09-12 04:30:00
CXL000918,FLT0018654,Mechanical Issue,2026-06-07 16:45:00
CXL000919,FLT0018693,Air Traffic Control,2025-10-07 08:15:00
CXL000920,FLT0018722,Air Traffic Control,2025-11-23 22:00:00
CXL000921,FLT0018745,Low Booking Demand,2026-04-19 04:45:00
CXL000922,FLT0018764,Air Traffic Control,2026-06-02 11:45:00
CXL000923,FLT0018795,Airport Closure,2025-10-06 03:15:00
CXL000924,FLT0018820,Mechanical Issue,2025-11-28 05:30:00
CXL000925,FLT0018854,Low Booking Demand,2025-08-06 23:30:00
CXL000926,FLT0018894,Airport Closure,2026-02-24 00:30:00
CXL000927,FLT0018911,Mechanical Issue,2025-11-29 13:15:00
CXL000928,FLT0018936,Airport Closure,2026-04-27 03:00:00
CXL000929,FLT0018958,Severe Weather,2026-07-14 12:30:00
CXL000930,FLT0018975,Low Booking Demand,2026-02-21 07:15:00
CXL000931,FLT0018984,Mechanical Issue,2026-06-29 15:45:00
CXL000932,FLT0019000,Crew Shortage,2026-04-27 02:30:00
CXL000933,FLT0019036,Air Traffic Control,2025-11-22 22:30:00
CXL000934,FLT0019074,Airport Closure,2026-02-17 08:15:00
CXL000935,FLT0019117,Airport Closure,2026-05-29 08:45:00
CXL000936,FLT0019122,Air Traffic Control,2025-11-22 00:45:00
CXL000937,FLT0019142,Low Booking Demand,2026-01-06 01:00:00
CXL000938,FLT0019154,Crew Shortage,2026-02-14 22:30:00
CXL000939,FLT0019157,Air Traffic Control,2026-01-01 13:30:00
CXL000940,FLT0019243,Air Traffic Control,2025-08-19 17:00:00
CXL000941,FLT0019246,Crew Shortage,2026-06-24 07:30:00
CXL000942,FLT0019255,Severe Weather,2026-06-19 23:30:00
CXL000943,FLT0019277,Severe Weather,2026-03-05 06:30:00
CXL000944,FLT0019285,Air Traffic Control,2025-12-18 19:00:00
CXL000945,FLT0019303,Airport Closure,2026-05-29 09:45:00
CXL000946,FLT0019318,Crew Shortage,2025-08-23 16:45:00
CXL000947,FLT0019321,Severe Weather,2026-07-18 09:45:00
CXL000948,FLT0019331,Low Booking Demand,2025-11-10 12:00:00
CXL000949,FLT0019371,Low Booking Demand,2025-09-15 02:30:00
CXL000950,FLT0019429,Mechanical Issue,2026-05-11 14:45:00
CXL000951,FLT0019466,Crew Shortage,2025-10-18 15:30:00
CXL000952,FLT0019475,Severe Weather,2026-01-31 18:45:00
CXL000953,FLT0019480,Mechanical Issue,2026-05-07 16:45:00
CXL000954,FLT0019507,Low Booking Demand,2025-11-22 07:30:00
CXL000955,FLT0019523,Airport Closure,2026-07-29 18:15:00
CXL000956,FLT0019529,Crew Shortage,2026-02-18 02:30:00
CXL000957,FLT0019536,Air Traffic Control,2025-10-31 18:00:00
CXL000958,FLT0019560,Crew Shortage,2026-06-25 21:00:00
CXL000959,FLT0019588,Mechanical Issue,2025-08-01 18:45:00
CXL000960,FLT0019598,Airport Closure,2026-06-20 14:45:00
CXL000961,FLT0019604,Mechanical Issue,2026-07-12 05:15:00
CXL000962,FLT0019612,Airport Closure,2025-12-21 23:00:00
CXL000963,FLT0019615,Airport Closure,2025-10-19 08:30:00
CXL000964,FLT0019632,Severe Weather,2025-12-31 12:15:00
CXL000965,FLT0019653,Crew Shortage,2026-01-17 19:30:00
CXL000966,FLT0019663,Severe Weather,2025-09-16 02:15:00
CXL000967,FLT0019677,Crew Shortage,2026-03-19 12:45:00
CXL000968,FLT0019689,Airport Closure,2025-08-31 17:45:00
CXL000969,FLT0019696,Low Booking Demand,2025-12-24 08:15:00
CXL000970,FLT0019717,Air Traffic Control,2025-11-09 19:30:00
CXL000971,FLT0019718,Air Traffic Control,2026-03-17 09:45:00
CXL000972,FLT0019781,Crew Shortage,2026-07-12 00:15:00
CXL000973,FLT0019815,Severe Weather,2026-04-20 03:00:00
CXL000974,FLT0019842,Mechanical Issue,2025-12-13 20:45:00
CXL000975,FLT0019848,Air Traffic Control,2025-11-28 05:45:00
CXL000976,FLT0019851,Severe Weather,2026-01-07 14:00:00
CXL000977,FLT0019875,Low Booking Demand,2026-06-24 05:00:00
CXL000978,FLT0019887,Severe Weather,2026-03-18 21:15:00
CXL000979,FLT0019907,Mechanical Issue,2026-02-10 07:45:00
CXL000980,FLT0019912,Mechanical Issue,2026-02-09 10:30:00
CXL000981,FLT0019933,Crew Shortage,2025-11-18 11:15:00
CXL000982,FLT0019934,Low Booking Demand,2025-12-10 01:30:00
CXL000983,FLT0019988,Severe Weather,2025-11-15 20:15:00
CXL000984,FLT0019990,Severe Weather,2025-09-17 07:30:00
CXL000985,FLT0020000,Crew Shortage,2025-09-04 12:15:00
CXL000986,FLT0020015,Mechanical Issue,2025-09-11 21:30:00
CXL000987,FLT0020036,Air Traffic Control,2025-08-14 05:30:00
CXL000988,FLT0020054,Air Traffic Control,2026-01-20 11:00:00
CXL000989,FLT0020067,Mechanical Issue,2026-04-10 15:30:00
CXL000990,FLT0020074,Mechanical Issue,2025-10-27 19:30:00
CXL000991,FLT0020075,Severe Weather,2026-03-05 21:00:00
CXL000992,FLT0020079,Airport Closure,2025-12-09 14:00:00
CXL000993,FLT0020080,Severe Weather,2026-01-20 23:15:00
CXL000994,FLT0020096,Crew Shortage,2026-03-16 21:15:00
CXL000995,FLT0020129,Low Booking Demand,2025-12-27 09:30:00
CXL000996,FLT0020133,Severe Weather,2026-05-13 03:45:00
CXL000997,FLT0020138,Low Booking Demand,2026-04-04 07:00:00
CXL000998,FLT0020142,Air Traffic Control,2026-05-11 23:45:00
CXL000999,FLT0020150,Air Traffic Control,2025-09-17 16:30:00
CXL001000,FLT0020182,Severe Weather,2025-08-05 06:00:00
CXL001001,FLT0020203,Severe Weather,2026-06-19 02:45:00
CXL001002,FLT0020245,Severe Weather,2025-12-08 04:00:00
CXL001003,FLT0020261,Airport Closure,2026-03-03 04:15:00
CXL001004,FLT0020304,Air Traffic Control,2025-12-24 18:30:00
CXL001005,FLT0020310,Severe Weather,2026-02-08 10:00:00
CXL001006,FLT0020335,Severe Weather,2025-11-06 00:15:00
CXL001007,FLT0020343,Severe Weather,2026-01-22 23:15:00
CXL001008,FLT0020372,Low Booking Demand,2026-04-07 03:15:00
CXL001009,FLT0020408,Low Booking Demand,2026-05-28 18:00:00
CXL001010,FLT0020422,Air Traffic Control,2026-07-19 19:30:00
CXL001011,FLT0020427,Mechanical Issue,2026-04-13 17:30:00
CXL001012,FLT0020453,Mechanical Issue,2025-11-29 21:15:00
CXL001013,FLT0020492,Low Booking Demand,2026-03-09 16:00:00
CXL001014,FLT0020545,Crew Shortage,2026-02-28 05:00:00
CXL001015,FLT0020561,Crew Shortage,2026-06-26 00:15:00
CXL001016,FLT0020637,Low Booking Demand,2026-07-31 01:45:00
CXL001017,FLT0020743,Airport Closure,2025-12-25 02:00:00
CXL001018,FLT0020749,Airport Closure,2026-02-05 04:30:00
CXL001019,FLT0020769,Air Traffic Control,2026-05-06 15:45:00
CXL001020,FLT0020807,Airport Closure,2025-11-22 01:00:00
CXL001021,FLT0020824,Crew Shortage,2026-07-19 00:45:00
CXL001022,FLT0020829,Low Booking Demand,2026-03-06 14:15:00
CXL001023,FLT0020833,Low Booking Demand,2026-01-11 18:45:00
CXL001024,FLT0020849,Mechanical Issue,2026-02-27 03:45:00
CXL001025,FLT0020870,Mechanical Issue,2026-06-21 22:15:00
CXL001026,FLT0020887,Severe Weather,2026-06-06 08:45:00
CXL001027,FLT0020914,Crew Shortage,2026-06-19 06:00:00
CXL001028,FLT0020918,Airport Closure,2025-12-24 08:30:00
CXL001029,FLT0020931,Low Booking Demand,2025-09-01 15:00:00
CXL001030,FLT0020953,Severe Weather,2026-07-05 08:00:00
CXL001031,FLT0021042,Low Booking Demand,2026-05-26 22:00:00
CXL001032,FLT0021075,Mechanical Issue,2026-05-01 22:15:00
CXL001033,FLT0021077,Air Traffic Control,2026-05-05 18:00:00
CXL001034,FLT0021107,Mechanical Issue,2026-06-17 12:15:00
CXL001035,FLT0021115,Severe Weather,2025-09-19 20:00:00
CXL001036,FLT0021124,Severe Weather,2026-03-31 20:30:00
CXL001037,FLT0021131,Air Traffic Control,2026-02-08 07:00:00
CXL001038,FLT0021183,Mechanical Issue,2025-09-13 00:45:00
CXL001039,FLT0021199,Air Traffic Control,2026-05-05 17:45:00
CXL001040,FLT0021203,Low Booking Demand,2025-12-29 06:15:00
CXL001041,FLT0021207,Crew Shortage,2026-06-10 20:30:00
CXL001042,FLT0021240,Air Traffic Control,2026-03-16 00:00:00
CXL001043,FLT0021245,Mechanical Issue,2026-02-11 21:00:00
CXL001044,FLT0021253,Low Booking Demand,2026-06-11 10:30:00
CXL001045,FLT0021255,Crew Shortage,2025-12-22 19:45:00
CXL001046,FLT0021263,Crew Shortage,2026-05-29 13:00:00
CXL001047,FLT0021273,Severe Weather,2026-07-31 06:00:00
CXL001048,FLT0021317,Airport Closure,2026-02-11 11:15:00
CXL001049,FLT0021346,Mechanical Issue,2026-05-30 06:00:00
CXL001050,FLT0021355,Air Traffic Control,2026-07-21 22:30:00
CXL001051,FLT0021390,Crew Shortage,2026-02-06 18:30:00
CXL001052,FLT0021414,Low Booking Demand,2026-07-25 15:30:00
CXL001053,FLT0021420,Airport Closure,2025-12-07 10:30:00
CXL001054,FLT0021422,Low Booking Demand,2025-11-30 04:30:00
CXL001055,FLT0021432,Air Traffic Control,2026-04-28 11:45:00
CXL001056,FLT0021461,Air Traffic Control,2025-12-18 14:15:00
CXL001057,FLT0021465,Airport Closure,2025-08-08 00:45:00
CXL001058,FLT0021478,Severe Weather,2026-01-30 16:45:00
CXL001059,FLT0021482,Mechanical Issue,2026-05-06 20:00:00
CXL001060,FLT0021486,Airport Closure,2026-07-20 15:45:00
CXL001061,FLT0021504,Crew Shortage,2025-10-12 03:15:00
CXL001062,FLT0021558,Mechanical Issue,2025-10-22 13:45:00
CXL001063,FLT0021561,Low Booking Demand,2025-08-28 15:15:00
CXL001064,FLT0021565,Crew Shortage,2026-06-28 03:30:00
CXL001065,FLT0021605,Low Booking Demand,2026-02-24 01:30:00
CXL001066,FLT0021623,Mechanical Issue,2025-10-21 00:00:00
CXL001067,FLT0021627,Low Booking Demand,2025-09-14 02:15:00
CXL001068,FLT0021638,Crew Shortage,2026-04-22 08:30:00
CXL001069,FLT0021696,Airport Closure,2026-01-18 20:00:00
CXL001070,FLT0021719,Crew Shortage,2026-02-07 23:45:00
CXL001071,FLT0021726,Airport Closure,2026-02-04 17:45:00
CXL001072,FLT0021773,Severe Weather,2026-01-31 06:45:00
CXL001073,FLT0021787,Severe Weather,2025-09-26 03:00:00
CXL001074,FLT0021792,Airport Closure,2026-04-23 11:15:00
CXL001075,FLT0021811,Airport Closure,2026-06-04 06:45:00
CXL001076,FLT0021830,Severe Weather,2026-06-08 06:00:00
CXL001077,FLT0021850,Airport Closure,2025-08-06 21:15:00
CXL001078,FLT0021865,Low Booking Demand,2025-10-08 03:15:00
CXL001079,FLT0021870,Mechanical Issue,2026-04-11 03:30:00
CXL001080,FLT0021901,Crew Shortage,2026-04-10 10:45:00
CXL001081,FLT0021904,Airport Closure,2026-05-10 21:45:00
CXL001082,FLT0021940,Crew Shortage,2025-09-15 03:30:00
CXL001083,FLT0021951,Severe Weather,2025-11-06 15:45:00
CXL001084,FLT0021961,Mechanical Issue,2026-06-15 13:30:00
CXL001085,FLT0021962,Air Traffic Control,2025-11-27 21:30:00
CXL001086,FLT0021970,Severe Weather,2026-06-17 21:45:00
CXL001087,FLT0021986,Air Traffic Control,2026-01-19 21:15:00
CXL001088,FLT0022066,Airport Closure,2026-01-05 04:45:00
CXL001089,FLT0022095,Crew Shortage,2026-07-03 03:45:00
CXL001090,FLT0022103,Low Booking Demand,2026-06-08 07:00:00
CXL001091,FLT0022116,Crew Shortage,2026-05-14 08:30:00
CXL001092,FLT0022142,Airport Closure,2026-03-30 17:45:00
CXL001093,FLT0022216,Air Traffic Control,2025-11-20 00:30:00
CXL001094,FLT0022254,Air Traffic Control,2025-09-30 09:00:00
CXL001095,FLT0022321,Mechanical Issue,2026-02-08 09:30:00
CXL001096,FLT0022327,Low Booking Demand,2026-04-30 17:45:00
CXL001097,FLT0022330,Mechanical Issue,2026-07-22 01:15:00
CXL001098,FLT0022337,Mechanical Issue,2026-05-22 09:30:00
CXL001099,FLT0022341,Severe Weather,2025-09-15 07:15:00
CXL001100,FLT0022345,Mechanical Issue,2025-11-05 16:15:00
CXL001101,FLT0022353,Air Traffic Control,2026-01-11 02:15:00
CXL001102,FLT0022357,Low Booking Demand,2026-05-27 07:15:00
CXL001103,FLT0022360,Mechanical Issue,2026-07-01 19:00:00
CXL001104,FLT0022429,Airport Closure,2025-12-04 14:00:00
CXL001105,FLT0022457,Mechanical Issue,2025-11-22 16:30:00
CXL001106,FLT0022461,Mechanical Issue,2025-08-02 05:30:00
CXL001107,FLT0022467,Air Traffic Control,2025-09-16 03:30:00
CXL001108,FLT0022480,Airport Closure,2026-02-26 04:15:00
CXL001109,FLT0022485,Crew Shortage,2025-12-04 23:15:00
CXL001110,FLT0022489,Mechanical Issue,2026-01-17 08:15:00
CXL001111,FLT0022541,Airport Closure,2026-02-09 13:00:00
CXL001112,FLT0022568,Air Traffic Control,2025-10-18 17:30:00
CXL001113,FLT0022593,Airport Closure,2026-05-25 11:00:00
CXL001114,FLT0022628,Low Booking Demand,2026-02-12 22:15:00
CXL001115,FLT0022668,Severe Weather,2026-01-19 06:15:00
CXL001116,FLT0022716,Low Booking Demand,2026-07-28 01:45:00
CXL001117,FLT0022771,Severe Weather,2025-09-19 23:45:00
CXL001118,FLT0022780,Airport Closure,2026-05-03 21:30:00
CXL001119,FLT0022806,Low Booking Demand,2026-05-07 10:15:00
CXL001120,FLT0022854,Air Traffic Control,2025-10-23 17:15:00
CXL001121,FLT0022857,Air Traffic Control,2026-03-13 06:45:00
CXL001122,FLT0022879,Low Booking Demand,2025-12-07 18:15:00
CXL001123,FLT0022891,Mechanical Issue,2025-10-02 04:30:00
CXL001124,FLT0022926,Severe Weather,2026-02-02 19:00:00
CXL001125,FLT0022939,Severe Weather,2025-12-26 13:00:00
CXL001126,FLT0022953,Mechanical Issue,2026-02-27 23:00:00
CXL001127,FLT0022988,Low Booking Demand,2025-12-13 08:30:00
CXL001128,FLT0023003,Mechanical Issue,2025-10-25 02:45:00
CXL001129,FLT0023021,Crew Shortage,2025-07-30 15:00:00
CXL001130,FLT0023030,Crew Shortage,2026-01-05 09:45:00
CXL001131,FLT0023035,Mechanical Issue,2025-08-20 07:30:00
CXL001132,FLT0023045,Mechanical Issue,2025-11-09 02:00:00
CXL001133,FLT0023056,Low Booking Demand,2026-07-13 16:00:00
CXL001134,FLT0023085,Severe Weather,2025-10-27 22:45:00
CXL001135,FLT0023156,Mechanical Issue,2026-03-31 22:00:00
CXL001136,FLT0023158,Mechanical Issue,2025-11-14 23:15:00
CXL001137,FLT0023166,Low Booking Demand,2025-07-30 19:15:00
CXL001138,FLT0023231,Crew Shortage,2026-05-21 01:30:00
CXL001139,FLT0023235,Mechanical Issue,2026-02-19 21:15:00
CXL001140,FLT0023240,Air Traffic Control,2025-09-19 17:30:00
CXL001141,FLT0023274,Air Traffic Control,2025-10-30 15:45:00
CXL001142,FLT0023281,Severe Weather,2026-05-09 06:30:00
CXL001143,FLT0023285,Airport Closure,2025-08-07 13:15:00
CXL001144,FLT0023296,Severe Weather,2025-11-03 17:15:00
CXL001145,FLT0023299,Air Traffic Control,2025-08-01 20:15:00
CXL001146,FLT0023328,Severe Weather,2025-09-06 12:45:00
CXL001147,FLT0023352,Mechanical Issue,2025-12-13 17:00:00
CXL001148,FLT0023369,Crew Shortage,2025-10-11 20:15:00
CXL001149,FLT0023374,Airport Closure,2026-07-27 22:00:00
CXL001150,FLT0023433,Airport Closure,2025-10-07 06:00:00
CXL001151,FLT0023478,Crew Shortage,2026-02-05 13:00:00
CXL001152,FLT0023481,Airport Closure,2026-04-02 22:15:00
CXL001153,FLT0023515,Mechanical Issue,2025-08-16 18:30:00
CXL001154,FLT0023532,Crew Shortage,2025-08-08 00:30:00
CXL001155,FLT0023542,Airport Closure,2026-04-06 19:00:00
CXL001156,FLT0023555,Mechanical Issue,2026-07-02 20:30:00
CXL001157,FLT0023606,Mechanical Issue,2026-01-08 04:30:00
CXL001158,FLT0023645,Low Booking Demand,2025-12-27 05:45:00
CXL001159,FLT0023651,Severe Weather,2026-06-26 04:30:00
CXL001160,FLT0023668,Mechanical Issue,2025-10-02 18:00:00
CXL001161,FLT0023678,Mechanical Issue,2025-08-08 18:15:00
CXL001162,FLT0023692,Crew Shortage,2026-02-10 02:00:00
CXL001163,FLT0023731,Airport Closure,2026-04-15 12:30:00
CXL001164,FLT0023743,Crew Shortage,2026-04-23 14:15:00
CXL001165,FLT0023754,Low Booking Demand,2026-07-29 10:45:00
CXL001166,FLT0023769,Low Booking Demand,2025-11-07 11:15:00
CXL001167,FLT0023808,Mechanical Issue,2025-11-25 15:15:00
CXL001168,FLT0023832,Crew Shortage,2025-11-01 12:15:00
CXL001169,FLT0023833,Mechanical Issue,2026-07-05 13:45:00
CXL001170,FLT0023877,Crew Shortage,2025-10-16 08:00:00
CXL001171,FLT0023898,Low Booking Demand,2025-11-13 09:00:00
CXL001172,FLT0023903,Air Traffic Control,2026-08-01 00:15:00
CXL001173,FLT0023961,Severe Weather,2026-06-05 10:30:00
CXL001174,FLT0023973,Mechanical Issue,2026-07-07 06:30:00
CXL001175,FLT0023975,Air Traffic Control,2025-08-01 10:15:00
CXL001176,FLT0023989,Mechanical Issue,2026-03-10 16:00:00
CXL001177,FLT0023999,Air Traffic Control,2026-02-18 21:00:00
CXL001178,FLT0024016,Mechanical Issue,2026-05-01 13:15:00
CXL001179,FLT0024052,Crew Shortage,2026-02-18 07:30:00
CXL001180,FLT0024060,Low Booking Demand,2026-07-13 03:00:00
CXL001181,FLT0024093,Severe Weather,2026-02-13 13:00:00
CXL001182,FLT0024102,Severe Weather,2025-09-04 06:45:00
CXL001183,FLT0024118,Air Traffic Control,2026-06-23 15:30:00
CXL001184,FLT0024139,Severe Weather,2026-07-29 08:45:00
CXL001185,FLT0024185,Severe Weather,2026-04-22 16:30:00
CXL001186,FLT0024197,Severe Weather,2025-11-26 05:15:00
CXL001187,FLT0024203,Severe Weather,2025-10-31 13:00:00
CXL001188,FLT0024238,Crew Shortage,2025-08-01 11:15:00
CXL001189,FLT0024259,Airport Closure,2026-03-24 19:15:00
CXL001190,FLT0024283,Severe Weather,2026-04-15 18:00:00
CXL001191,FLT0024290,Airport Closure,2026-01-20 12:45:00
CXL001192,FLT0024308,Crew Shortage,2025-11-18 20:30:00
CXL001193,FLT0024316,Mechanical Issue,2026-04-05 08:15:00
CXL001194,FLT0024324,Air Traffic Control,2026-03-04 01:30:00
CXL001195,FLT0024346,Low Booking Demand,2026-03-06 07:30:00
CXL001196,FLT0024373,Air Traffic Control,2026-02-02 12:45:00
CXL001197,FLT0024413,Mechanical Issue,2025-11-06 14:15:00
CXL001198,FLT0024438,Air Traffic Control,2025-10-06 03:30:00
CXL001199,FLT0024447,Airport Closure,2026-02-03 15:15:00
CXL001200,FLT0024470,Air Traffic Control,2025-08-27 01:30:00
CXL001201,FLT0024501,Air Traffic Control,2025-11-13 01:15:00
CXL001202,FLT0024606,Low Booking Demand,2026-03-02 05:15:00
CXL001203,FLT0024629,Mechanical Issue,2026-07-23 07:30:00
CXL001204,FLT0024652,Airport Closure,2026-02-17 02:15:00
CXL001205,FLT0024666,Low Booking Demand,2025-11-26 14:15:00
CXL001206,FLT0024670,Mechanical Issue,2026-05-31 00:30:00
CXL001207,FLT0024679,Airport Closure,2025-08-08 17:45:00
CXL001208,FLT0024681,Crew Shortage,2025-11-01 01:30:00
CXL001209,FLT0024697,Airport Closure,2026-04-08 16:30:00
CXL001210,FLT0024726,Severe Weather,2025-10-04 06:15:00
CXL001211,FLT0024747,Mechanical Issue,2026-05-18 15:15:00
CXL001212,FLT0024799,Severe Weather,2026-01-21 17:45:00
CXL001213,FLT0024803,Airport Closure,2025-10-04 14:30:00
CXL001214,FLT0024821,Crew Shortage,2026-07-04 06:15:00
CXL001215,FLT0024836,Severe Weather,2026-01-24 14:45:00
CXL001216,FLT0024837,Severe Weather,2026-02-08 16:30:00
CXL001217,FLT0024843,Severe Weather,2026-05-01 15:30:00
CXL001218,FLT0024871,Severe Weather,2026-05-13 19:15:00
CXL001219,FLT0024907,Mechanical Issue,2026-06-10 21:30:00
CXL001220,FLT0024921,Mechanical Issue,2026-04-18 03:00:00
CXL001221,FLT0024988,Airport Closure,2026-07-15 17:15:00
CXL001222,FLT0024992,Airport Closure,2025-10-06 15:45:00
CXL001223,FLT0025031,Mechanical Issue,2026-02-25 11:15:00
CXL001224,FLT0025033,Crew Shortage,2026-07-17 04:45:00
CXL001225,FLT0025057,Air Traffic Control,2026-01-24 13:00:00
CXL001226,FLT0025069,Low Booking Demand,2026-05-21 15:30:00
CXL001227,FLT0025126,Air Traffic Control,2026-04-06 21:00:00
CXL001228,FLT0025198,Air Traffic Control,2025-09-13 16:30:00
CXL001229,FLT0025227,Severe Weather,2025-08-10 13:45:00
CXL001230,FLT0025246,Severe Weather,2026-03-18 16:00:00
CXL001231,FLT0025250,Low Booking Demand,2025-08-27 23:00:00
CXL001232,FLT0025279,Airport Closure,2025-11-21 07:30:00
CXL001233,FLT0025287,Air Traffic Control,2026-03-28 23:45:00
CXL001234,FLT0025314,Air Traffic Control,2025-09-14 09:45:00
CXL001235,FLT0025339,Air Traffic Control,2026-07-02 17:00:00
CXL001236,FLT0025346,Air Traffic Control,2025-11-13 08:15:00
CXL001237,FLT0025376,Low Booking Demand,2026-05-22 12:00:00
CXL001238,FLT0025396,Mechanical Issue,2025-10-25 03:00:00
CXL001239,FLT0025401,Mechanical Issue,2026-03-07 04:15:00
CXL001240,FLT0025426,Low Booking Demand,2025-08-27 19:00:00
CXL001241,FLT0025427,Severe Weather,2026-04-11 18:15:00
CXL001242,FLT0025437,Severe Weather,2025-12-31 05:00:00
CXL001243,FLT0025471,Airport Closure,2026-04-05 22:30:00
CXL001244,FLT0025474,Airport Closure,2026-05-07 14:00:00
CXL001245,FLT0025509,Air Traffic Control,2026-03-13 22:00:00
CXL001246,FLT0025511,Air Traffic Control,2025-11-04 20:15:00
CXL001247,FLT0025520,Air Traffic Control,2026-01-23 20:45:00
CXL001248,FLT0025569,Air Traffic Control,2026-02-23 17:45:00
CXL001249,FLT0025588,Low Booking Demand,2025-12-29 14:30:00
CXL001250,FLT0025592,Severe Weather,2026-05-22 23:45:00
CXL001251,FLT0025595,Mechanical Issue,2026-06-14 08:45:00
CXL001252,FLT0025596,Severe Weather,2025-11-20 09:45:00
CXL001253,FLT0025617,Mechanical Issue,2026-01-22 05:30:00
CXL001254,FLT0025627,Severe Weather,2025-08-31 16:00:00
CXL001255,FLT0025650,Crew Shortage,2026-02-18 01:30:00
CXL001256,FLT0025668,Low Booking Demand,2026-05-13 09:00:00
CXL001257,FLT0025701,Severe Weather,2026-02-21 07:15:00
CXL001258,FLT0025720,Mechanical Issue,2026-01-13 06:30:00
CXL001259,FLT0025732,Crew Shortage,2025-11-19 06:00:00
CXL001260,FLT0025740,Severe Weather,2026-03-05 07:30:00
CXL001261,FLT0025747,Severe Weather,2026-05-11 10:00:00
CXL001262,FLT0025771,Air Traffic Control,2026-06-16 17:30:00
CXL001263,FLT0025772,Airport Closure,2026-07-09 17:15:00
CXL001264,FLT0025803,Severe Weather,2026-01-13 10:00:00
CXL001265,FLT0025837,Crew Shortage,2025-11-10 05:30:00
CXL001266,FLT0025842,Mechanical Issue,2026-03-11 11:00:00
CXL001267,FLT0025845,Crew Shortage,2026-02-15 15:15:00
CXL001268,FLT0025846,Low Booking Demand,2026-06-03 11:15:00
CXL001269,FLT0025855,Crew Shortage,2026-01-30 06:15:00
CXL001270,FLT0025880,Mechanical Issue,2026-02-19 19:15:00
CXL001271,FLT0025886,Low Booking Demand,2026-05-29 23:45:00
CXL001272,FLT0025889,Crew Shortage,2026-04-02 15:00:00
CXL001273,FLT0025933,Severe Weather,2026-02-08 22:30:00
CXL001274,FLT0025964,Severe Weather,2025-10-26 04:00:00
CXL001275,FLT0025979,Crew Shortage,2025-10-10 23:45:00
CXL001276,FLT0026016,Low Booking Demand,2026-04-24 05:15:00
CXL001277,FLT0026020,Air Traffic Control,2026-02-07 07:00:00
CXL001278,FLT0026065,Mechanical Issue,2025-12-05 13:30:00
CXL001279,FLT0026115,Crew Shortage,2026-05-14 03:00:00
CXL001280,FLT0026130,Low Booking Demand,2026-05-25 20:45:00
CXL001281,FLT0026137,Low Booking Demand,2026-07-03 13:45:00
CXL001282,FLT0026164,Mechanical Issue,2025-12-28 21:00:00
CXL001283,FLT0026169,Air Traffic Control,2026-02-21 08:30:00
CXL001284,FLT0026178,Severe Weather,2026-01-05 14:45:00
CXL001285,FLT0026185,Airport Closure,2025-09-28 17:30:00
CXL001286,FLT0026194,Airport Closure,2025-12-24 10:15:00
CXL001287,FLT0026200,Severe Weather,2025-10-01 04:30:00
CXL001288,FLT0026203,Airport Closure,2025-10-29 05:00:00
CXL001289,FLT0026247,Airport Closure,2025-09-25 12:00:00
CXL001290,FLT0026250,Air Traffic Control,2026-04-30 01:45:00
CXL001291,FLT0026294,Low Booking Demand,2026-04-30 19:00:00
CXL001292,FLT0026299,Air Traffic Control,2025-10-29 23:15:00
CXL001293,FLT0026343,Crew Shortage,2026-01-31 16:15:00
CXL001294,FLT0026349,Low Booking Demand,2025-09-28 19:30:00
CXL001295,FLT0026391,Crew Shortage,2025-09-02 04:30:00
CXL001296,FLT0026398,Airport Closure,2025-10-02 01:00:00
CXL001297,FLT0026443,Mechanical Issue,2026-05-25 05:15:00
CXL001298,FLT0026481,Low Booking Demand,2026-07-19 14:15:00
CXL001299,FLT0026507,Mechanical Issue,2026-01-25 18:30:00
CXL001300,FLT0026510,Airport Closure,2026-02-06 18:30:00
CXL001301,FLT0026513,Mechanical Issue,2025-08-07 03:30:00
CXL001302,FLT0026582,Severe Weather,2026-07-12 07:45:00
CXL001303,FLT0026609,Air Traffic Control,2026-01-16 01:15:00
CXL001304,FLT0026647,Air Traffic Control,2026-02-19 16:45:00
CXL001305,FLT0026682,Crew Shortage,2026-03-31 06:00:00
CXL001306,FLT0026705,Low Booking Demand,2025-09-13 23:45:00
CXL001307,FLT0026711,Mechanical Issue,2026-07-14 03:45:00
CXL001308,FLT0026749,Mechanical Issue,2025-08-08 23:45:00
CXL001309,FLT0026760,Crew Shortage,2026-01-20 11:30:00
CXL001310,FLT0026764,Low Booking Demand,2025-08-15 01:00:00
CXL001311,FLT0026783,Air Traffic Control,2026-03-17 12:00:00
CXL001312,FLT0026808,Crew Shortage,2025-08-09 17:45:00
CXL001313,FLT0026856,Low Booking Demand,2025-08-12 20:15:00
CXL001314,FLT0026900,Air Traffic Control,2026-06-01 22:00:00
CXL001315,FLT0026904,Crew Shortage,2026-01-06 01:00:00
CXL001316,FLT0026929,Crew Shortage,2026-04-04 17:15:00
CXL001317,FLT0026932,Crew Shortage,2026-01-07 20:45:00
CXL001318,FLT0027023,Mechanical Issue,2026-07-20 04:00:00
CXL001319,FLT0027054,Severe Weather,2025-10-16 01:45:00
CXL001320,FLT0027055,Airport Closure,2025-10-17 00:30:00
CXL001321,FLT0027068,Air Traffic Control,2026-05-21 10:15:00
CXL001322,FLT0027078,Crew Shortage,2026-02-21 04:30:00
CXL001323,FLT0027105,Airport Closure,2025-10-17 16:30:00
CXL001324,FLT0027137,Mechanical Issue,2026-07-12 02:30:00
CXL001325,FLT0027146,Low Booking Demand,2025-08-07 01:00:00
CXL001326,FLT0027198,Severe Weather,2026-07-14 04:45:00
CXL001327,FLT0027228,Airport Closure,2026-03-03 03:15:00
CXL001328,FLT0027240,Crew Shortage,2025-10-27 06:30:00
CXL001329,FLT0027279,Crew Shortage,2025-09-07 14:00:00
CXL001330,FLT0027318,Low Booking Demand,2025-08-08 15:00:00
CXL001331,FLT0027334,Mechanical Issue,2025-11-21 13:00:00
CXL001332,FLT0027353,Severe Weather,2026-01-15 01:45:00
CXL001333,FLT0027377,Mechanical Issue,2025-07-31 01:00:00
CXL001334,FLT0027408,Crew Shortage,2026-03-23 06:45:00
CXL001335,FLT0027409,Mechanical Issue,2026-06-09 04:00:00
CXL001336,FLT0027437,Mechanical Issue,2026-06-12 13:30:00
CXL001337,FLT0027443,Mechanical Issue,2026-03-26 10:15:00
CXL001338,FLT0027445,Severe Weather,2026-05-21 18:30:00
CXL001339,FLT0027476,Air Traffic Control,2025-08-31 15:15:00
CXL001340,FLT0027507,Low Booking Demand,2025-10-05 11:15:00
CXL001341,FLT0027523,Low Booking Demand,2026-07-01 16:00:00
CXL001342,FLT0027631,Low Booking Demand,2025-09-12 05:30:00
CXL001343,FLT0027679,Low Booking Demand,2026-07-17 06:15:00
CXL001344,FLT0027691,Crew Shortage,2026-01-21 22:30:00
CXL001345,FLT0027697,Severe Weather,2026-06-01 10:30:00
CXL001346,FLT0027722,Mechanical Issue,2026-06-11 01:30:00
CXL001347,FLT0027726,Air Traffic Control,2026-06-02 00:45:00
CXL001348,FLT0027742,Crew Shortage,2026-05-30 17:30:00
CXL001349,FLT0027769,Crew Shortage,2026-01-06 07:00:00
CXL001350,FLT0027771,Low Booking Demand,2026-02-23 22:30:00
CXL001351,FLT0027817,Mechanical Issue,2026-03-11 21:45:00
CXL001352,FLT0027826,Severe Weather,2025-10-04 01:30:00
CXL001353,FLT0027829,Mechanical Issue,2026-05-28 13:45:00
CXL001354,FLT0027873,Airport Closure,2026-04-04 14:30:00
CXL001355,FLT0027888,Airport Closure,2026-03-01 00:30:00
CXL001356,FLT0027900,Severe Weather,2025-11-08 12:00:00
CXL001357,FLT0027916,Air Traffic Control,2026-04-26 15:30:00
CXL001358,FLT0027928,Crew Shortage,2025-09-26 21:00:00
CXL001359,FLT0027981,Air Traffic Control,2026-06-09 08:00:00
CXL001360,FLT0027991,Air Traffic Control,2025-09-29 09:15:00
CXL001361,FLT0028002,Low Booking Demand,2025-10-15 11:00:00
CXL001362,FLT0028032,Severe Weather,2026-06-28 00:00:00
CXL001363,FLT0028036,Crew Shortage,2026-07-11 15:30:00
CXL001364,FLT0028085,Airport Closure,2026-05-31 02:00:00
CXL001365,FLT0028132,Mechanical Issue,2026-01-11 19:45:00
CXL001366,FLT0028137,Mechanical Issue,2025-08-14 00:15:00
CXL001367,FLT0028237,Severe Weather,2026-04-16 00:15:00
CXL001368,FLT0028262,Airport Closure,2025-12-13 19:45:00
CXL001369,FLT0028267,Low Booking Demand,2026-03-18 08:45:00
CXL001370,FLT0028268,Severe Weather,2026-07-20 18:00:00
CXL001371,FLT0028272,Crew Shortage,2026-02-28 07:30:00
CXL001372,FLT0028280,Crew Shortage,2025-12-28 00:45:00
CXL001373,FLT0028298,Mechanical Issue,2025-12-17 18:45:00
CXL001374,FLT0028303,Air Traffic Control,2026-03-26 17:45:00
CXL001375,FLT0028321,Severe Weather,2026-07-22 04:30:00
CXL001376,FLT0028380,Severe Weather,2026-06-12 07:15:00
CXL001377,FLT0028398,Airport Closure,2025-09-24 14:00:00
CXL001378,FLT0028421,Air Traffic Control,2025-12-07 15:00:00
CXL001379,FLT0028434,Air Traffic Control,2026-05-29 10:00:00
CXL001380,FLT0028436,Severe Weather,2025-11-14 11:45:00
CXL001381,FLT0028446,Crew Shortage,2026-04-29 12:15:00
CXL001382,FLT0028447,Crew Shortage,2026-07-21 08:00:00
CXL001383,FLT0028476,Low Booking Demand,2026-07-16 21:15:00
CXL001384,FLT0028498,Mechanical Issue,2026-02-20 23:30:00
CXL001385,FLT0028519,Severe Weather,2025-09-13 07:00:00
CXL001386,FLT0028529,Severe Weather,2026-03-06 22:00:00
CXL001387,FLT0028539,Severe Weather,2025-10-22 14:45:00
CXL001388,FLT0028550,Mechanical Issue,2026-03-14 04:45:00
CXL001389,FLT0028591,Airport Closure,2025-12-09 09:30:00
CXL001390,FLT0028651,Low Booking Demand,2025-08-07 14:00:00
CXL001391,FLT0028652,Air Traffic Control,2026-01-14 01:45:00
CXL001392,FLT0028675,Mechanical Issue,2025-08-08 09:45:00
CXL001393,FLT0028684,Air Traffic Control,2025-11-26 14:00:00
CXL001394,FLT0028693,Airport Closure,2025-09-24 05:15:00
CXL001395,FLT0028699,Severe Weather,2026-03-23 20:00:00
CXL001396,FLT0028722,Air Traffic Control,2026-07-23 12:30:00
CXL001397,FLT0028729,Mechanical Issue,2025-10-16 10:00:00
CXL001398,FLT0028742,Airport Closure,2026-06-12 15:15:00
CXL001399,FLT0028744,Crew Shortage,2026-01-04 13:45:00
CXL001400,FLT0028823,Airport Closure,2026-04-23 16:45:00
CXL001401,FLT0028883,Crew Shortage,2025-08-07 12:45:00
CXL001402,FLT0028909,Air Traffic Control,2026-05-27 15:00:00
CXL001403,FLT0028911,Severe Weather,2026-02-22 18:00:00
CXL001404,FLT0028939,Low Booking Demand,2026-02-02 14:30:00
CXL001405,FLT0028944,Severe Weather,2026-07-26 19:45:00
CXL001406,FLT0028947,Airport Closure,2026-03-25 02:30:00
CXL001407,FLT0028960,Airport Closure,2026-02-25 01:00:00
CXL001408,FLT0028962,Air Traffic Control,2026-01-25 18:00:00
CXL001409,FLT0028968,Crew Shortage,2026-03-04 08:30:00
CXL001410,FLT0029001,Severe Weather,2026-06-08 17:30:00
CXL001411,FLT0029019,Crew Shortage,2026-04-09 08:30:00
CXL001412,FLT0029024,Low Booking Demand,2026-04-23 04:00:00
CXL001413,FLT0029028,Low Booking Demand,2025-09-10 20:15:00
CXL001414,FLT0029089,Crew Shortage,2025-12-28 22:45:00
CXL001415,FLT0029104,Severe Weather,2025-09-22 00:15:00
CXL001416,FLT0029148,Low Booking Demand,2025-12-11 09:45:00
CXL001417,FLT0029205,Air Traffic Control,2026-05-12 10:15:00
CXL001418,FLT0029206,Low Booking Demand,2025-11-27 19:30:00
CXL001419,FLT0029239,Airport Closure,2026-01-01 15:45:00
CXL001420,FLT0029240,Severe Weather,2025-08-03 17:45:00
CXL001421,FLT0029249,Air Traffic Control,2026-01-16 13:00:00
CXL001422,FLT0029263,Crew Shortage,2025-10-02 02:45:00
CXL001423,FLT0029277,Mechanical Issue,2026-02-25 07:00:00
CXL001424,FLT0029398,Low Booking Demand,2025-08-27 09:15:00
CXL001425,FLT0029428,Air Traffic Control,2026-05-12 13:30:00
CXL001426,FLT0029440,Mechanical Issue,2026-04-26 05:30:00
CXL001427,FLT0029451,Air Traffic Control,2025-10-21 04:30:00
CXL001428,FLT0029465,Severe Weather,2025-08-12 04:45:00
CXL001429,FLT0029502,Crew Shortage,2025-11-18 08:30:00
CXL001430,FLT0029520,Severe Weather,2025-08-31 19:15:00
CXL001431,FLT0029539,Severe Weather,2026-05-20 12:00:00
CXL001432,FLT0029540,Low Booking Demand,2025-09-02 16:30:00
CXL001433,FLT0029571,Air Traffic Control,2026-07-22 10:00:00
CXL001434,FLT0029578,Low Booking Demand,2025-12-19 11:00:00
CXL001435,FLT0029590,Low Booking Demand,2025-11-01 15:30:00
CXL001436,FLT0029599,Low Booking Demand,2025-12-08 23:45:00
CXL001437,FLT0029610,Crew Shortage,2026-07-06 21:45:00
CXL001438,FLT0029625,Airport Closure,2026-05-18 08:15:00
CXL001439,FLT0029638,Airport Closure,2026-01-23 12:30:00
CXL001440,FLT0029646,Airport Closure,2026-06-09 12:00:00
CXL001441,FLT0029697,Air Traffic Control,2026-05-12 10:15:00
CXL001442,FLT0029735,Severe Weather,2026-03-31 15:15:00
CXL001443,FLT0029767,Severe Weather,2026-01-18 03:15:00
CXL001444,FLT0029768,Airport Closure,2026-07-30 21:00:00
CXL001445,FLT0029775,Mechanical Issue,2025-11-08 11:15:00
CXL001446,FLT0029781,Mechanical Issue,2026-05-25 13:45:00
CXL001447,FLT0029789,Airport Closure,2026-05-31 10:45:00
CXL001448,FLT0029802,Air Traffic Control,2025-12-04 04:00:00
CXL001449,FLT0029814,Crew Shortage,2025-12-15 06:15:00
CXL001450,FLT0029873,Mechanical Issue,2025-12-05 12:00:00
CXL001451,FLT0029887,Air Traffic Control,2025-10-03 15:45:00
CXL001452,FLT0029892,Low Booking Demand,2025-09-17 05:45:00
CXL001453,FLT0029902,Crew Shortage,2026-04-16 01:15:00
CXL001454,FLT0029913,Crew Shortage,2026-01-16 03:00:00
CXL001455,FLT0029917,Low Booking Demand,2026-05-14 15:00:00
CXL001456,FLT0029957,Air Traffic Control,2025-10-16 11:45:00
CXL001457,FLT0029982,Low Booking Demand,2025-10-29 17:15:00
CXL001458,FLT0030007,Severe Weather,2026-03-12 14:15:00
CXL001459,FLT0030032,Mechanical Issue,2025-11-14 00:45:00
CXL001460,FLT0030045,Low Booking Demand,2026-05-20 04:45:00
CXL001461,FLT0030067,Severe Weather,2026-03-03 03:30:00
CXL001462,FLT0030075,Crew Shortage,2026-04-25 15:30:00
CXL001463,FLT0030118,Mechanical Issue,2025-12-18 17:30:00
CXL001464,FLT0030120,Air Traffic Control,2026-06-27 13:15:00
CXL001465,FLT0030122,Air Traffic Control,2026-02-16 14:15:00
CXL001466,FLT0030141,Low Booking Demand,2025-12-04 03:45:00
CXL001467,FLT0030144,Severe Weather,2026-04-11 16:00:00
CXL001468,FLT0030148,Air Traffic Control,2026-06-13 01:30:00
CXL001469,FLT0030214,Crew Shortage,2026-03-09 14:30:00
CXL001470,FLT0030221,Crew Shortage,2025-08-12 18:30:00
CXL001471,FLT0030246,Severe Weather,2025-12-29 01:00:00
CXL001472,FLT0030256,Air Traffic Control,2026-05-05 06:15:00
CXL001473,FLT0030288,Mechanical Issue,2026-07-18 04:00:00
CXL001474,FLT0030293,Severe Weather,2026-05-02 05:15:00
CXL001475,FLT0030307,Mechanical Issue,2026-02-21 15:45:00
CXL001476,FLT0030308,Low Booking Demand,2026-02-04 20:15:00
CXL001477,FLT0030326,Crew Shortage,2026-02-21 05:00:00
CXL001478,FLT0030370,Crew Shortage,2026-05-25 13:00:00
CXL001479,FLT0030434,Airport Closure,2025-10-17 00:15:00
CXL001480,FLT0030443,Mechanical Issue,2026-07-02 10:15:00
CXL001481,FLT0030445,Severe Weather,2025-12-07 06:30:00
CXL001482,FLT0030461,Crew Shortage,2026-06-17 12:30:00
CXL001483,FLT0030468,Airport Closure,2026-03-05 00:45:00
CXL001484,FLT0030474,Low Booking Demand,2026-07-07 16:45:00
CXL001485,FLT0030539,Air Traffic Control,2026-06-21 17:45:00
CXL001486,FLT0030565,Severe Weather,2025-12-03 05:30:00
CXL001487,FLT0030568,Low Booking Demand,2026-04-16 08:45:00
CXL001488,FLT0030573,Crew Shortage,2026-05-31 09:45:00
CXL001489,FLT0030574,Low Booking Demand,2025-10-12 16:00:00
CXL001490,FLT0030613,Air Traffic Control,2026-06-07 10:45:00
CXL001491,FLT0030630,Severe Weather,2026-01-25 16:45:00
CXL001492,FLT0030677,Severe Weather,2025-11-07 13:00:00
CXL001493,FLT0030680,Mechanical Issue,2026-06-29 23:15:00
CXL001494,FLT0030691,Low Booking Demand,2026-07-27 08:45:00
CXL001495,FLT0030694,Crew Shortage,2025-11-15 02:30:00
CXL001496,FLT0030706,Air Traffic Control,2025-08-27 12:30:00
CXL001497,FLT0030725,Severe Weather,2026-03-13 00:00:00
CXL001498,FLT0030731,Severe Weather,2025-08-03 00:45:00
CXL001499,FLT0030746,Air Traffic Control,2025-08-15 02:30:00
CXL001500,FLT0030762,Low Booking Demand,2026-05-03 13:00:00
CXL001501,FLT0030763,Airport Closure,2026-04-02 06:15:00
CXL001502,FLT0030780,Mechanical Issue,2025-10-08 00:30:00
CXL001503,FLT0030793,Low Booking Demand,2026-06-19 19:45:00
CXL001504,FLT0030800,Low Booking Demand,2025-08-03 02:45:00
CXL001505,FLT0030820,Air Traffic Control,2026-05-29 02:30:00
CXL001506,FLT0030839,Airport Closure,2025-11-04 04:30:00
CXL001507,FLT0030878,Crew Shortage,2025-12-19 11:15:00
CXL001508,FLT0030896,Crew Shortage,2026-04-18 14:45:00
CXL001509,FLT0030901,Air Traffic Control,2025-10-19 02:45:00
CXL001510,FLT0030907,Crew Shortage,2025-09-04 03:45:00
CXL001511,FLT0030971,Severe Weather,2025-09-21 22:00:00
CXL001512,FLT0030974,Air Traffic Control,2026-07-22 13:00:00
CXL001513,FLT0031003,Crew Shortage,2026-05-13 02:00:00
CXL001514,FLT0031010,Air Traffic Control,2025-08-10 01:15:00
CXL001515,FLT0031061,Severe Weather,2026-07-17 15:30:00
CXL001516,FLT0031079,Airport Closure,2025-10-27 09:45:00
CXL001517,FLT0031107,Low Booking Demand,2026-04-22 05:30:00
CXL001518,FLT0031131,Low Booking Demand,2025-11-27 00:00:00
CXL001519,FLT0031137,Air Traffic Control,2026-02-22 20:30:00
CXL001520,FLT0031163,Low Booking Demand,2026-03-22 18:30:00
CXL001521,FLT0031193,Severe Weather,2026-07-24 15:45:00
CXL001522,FLT0031199,Airport Closure,2026-02-09 09:45:00
CXL001523,FLT0031206,Crew Shortage,2025-10-13 07:30:00
CXL001524,FLT0031217,Severe Weather,2026-03-26 15:15:00
CXL001525,FLT0031222,Severe Weather,2025-12-13 07:00:00
CXL001526,FLT0031246,Crew Shortage,2026-03-27 12:00:00
CXL001527,FLT0031329,Severe Weather,2026-07-08 01:00:00
CXL001528,FLT0031376,Crew Shortage,2026-02-11 16:15:00
CXL001529,FLT0031388,Severe Weather,2026-01-08 17:00:00
CXL001530,FLT0031390,Airport Closure,2025-12-11 00:15:00
CXL001531,FLT0031421,Air Traffic Control,2025-11-11 15:45:00
CXL001532,FLT0031463,Low Booking Demand,2026-06-21 08:30:00
CXL001533,FLT0031483,Crew Shortage,2026-06-08 10:00:00
CXL001534,FLT0031505,Airport Closure,2026-04-10 18:45:00
CXL001535,FLT0031513,Low Booking Demand,2026-02-14 05:45:00
CXL001536,FLT0031546,Airport Closure,2026-03-03 19:15:00
CXL001537,FLT0031555,Severe Weather,2026-06-11 13:45:00
CXL001538,FLT0031558,Crew Shortage,2026-07-21 21:30:00
CXL001539,FLT0031564,Crew Shortage,2025-08-03 08:45:00
CXL001540,FLT0031587,Crew Shortage,2026-01-28 09:30:00
CXL001541,FLT0031593,Airport Closure,2026-04-28 09:15:00
CXL001542,FLT0031602,Air Traffic Control,2026-04-25 20:45:00
CXL001543,FLT0031609,Airport Closure,2026-03-10 20:30:00
CXL001544,FLT0031652,Airport Closure,2026-02-11 07:15:00
CXL001545,FLT0031678,Low Booking Demand,2026-01-25 17:30:00
CXL001546,FLT0031682,Low Booking Demand,2026-01-09 19:00:00
CXL001547,FLT0031713,Low Booking Demand,2025-12-14 04:45:00
CXL001548,FLT0031734,Air Traffic Control,2025-10-16 11:45:00
CXL001549,FLT0031735,Crew Shortage,2026-05-02 22:30:00
CXL001550,FLT0031809,Severe Weather,2026-03-29 14:45:00
CXL001551,FLT0031825,Severe Weather,2026-07-16 13:30:00
CXL001552,FLT0031829,Low Booking Demand,2026-04-25 07:00:00
CXL001553,FLT0031847,Mechanical Issue,2025-10-05 01:15:00
CXL001554,FLT0031897,Low Booking Demand,2025-12-20 22:30:00
CXL001555,FLT0031941,Mechanical Issue,2025-08-18 02:30:00
CXL001556,FLT0032003,Mechanical Issue,2026-02-22 15:00:00
CXL001557,FLT0032056,Crew Shortage,2026-05-28 16:45:00
CXL001558,FLT0032064,Severe Weather,2025-12-25 10:00:00
CXL001559,FLT0032111,Severe Weather,2025-10-16 15:30:00
CXL001560,FLT0032147,Air Traffic Control,2025-08-07 21:45:00
CXL001561,FLT0032170,Crew Shortage,2025-09-28 08:00:00
CXL001562,FLT0032181,Airport Closure,2026-04-02 08:15:00
CXL001563,FLT0032182,Airport Closure,2026-06-28 20:15:00
CXL001564,FLT0032194,Airport Closure,2026-03-25 19:30:00
CXL001565,FLT0032231,Crew Shortage,2025-12-07 20:00:00
CXL001566,FLT0032246,Airport Closure,2025-09-05 23:15:00
CXL001567,FLT0032289,Crew Shortage,2026-03-08 15:45:00
CXL001568,FLT0032299,Air Traffic Control,2026-03-12 07:15:00
CXL001569,FLT0032301,Low Booking Demand,2026-04-18 04:45:00
CXL001570,FLT0032306,Severe Weather,2026-04-15 18:00:00
CXL001571,FLT0032316,Mechanical Issue,2025-10-11 04:00:00
CXL001572,FLT0032342,Air Traffic Control,2025-11-30 18:15:00
CXL001573,FLT0032366,Crew Shortage,2025-08-09 01:45:00
CXL001574,FLT0032377,Airport Closure,2026-06-01 15:15:00
CXL001575,FLT0032397,Crew Shortage,2025-12-05 20:00:00
CXL001576,FLT0032409,Mechanical Issue,2026-05-30 22:45:00
CXL001577,FLT0032440,Severe Weather,2025-08-08 18:30:00
CXL001578,FLT0032465,Mechanical Issue,2025-09-07 16:15:00
CXL001579,FLT0032473,Airport Closure,2026-05-08 04:30:00
CXL001580,FLT0032488,Mechanical Issue,2026-04-21 14:45:00
CXL001581,FLT0032491,Low Booking Demand,2026-03-16 08:30:00
CXL001582,FLT0032504,Low Booking Demand,2025-09-29 06:15:00
CXL001583,FLT0032551,Severe Weather,2026-03-03 03:30:00
CXL001584,FLT0032567,Air Traffic Control,2026-05-07 14:00:00
CXL001585,FLT0032580,Low Booking Demand,2026-07-03 16:00:00
CXL001586,FLT0032585,Mechanical Issue,2026-03-01 17:30:00
CXL001587,FLT0032586,Airport Closure,2025-08-02 12:45:00
CXL001588,FLT0032621,Airport Closure,2026-04-14 03:15:00
CXL001589,FLT0032660,Low Booking Demand,2025-12-15 21:30:00
CXL001590,FLT0032692,Mechanical Issue,2025-09-02 11:15:00
CXL001591,FLT0032740,Crew Shortage,2026-07-06 22:30:00
CXL001592,FLT0032741,Low Booking Demand,2026-05-17 16:30:00
CXL001593,FLT0032743,Crew Shortage,2025-09-21 13:15:00
CXL001594,FLT0032749,Crew Shortage,2026-03-25 23:00:00
CXL001595,FLT0032755,Severe Weather,2026-01-12 16:45:00
CXL001596,FLT0032780,Crew Shortage,2025-11-01 02:15:00
CXL001597,FLT0032781,Mechanical Issue,2025-10-18 11:30:00
CXL001598,FLT0032864,Air Traffic Control,2026-01-04 04:00:00
CXL001599,FLT0032869,Mechanical Issue,2025-08-01 17:00:00
CXL001600,FLT0032930,Mechanical Issue,2026-01-23 07:45:00
CXL001601,FLT0032936,Severe Weather,2025-11-06 07:45:00
CXL001602,FLT0032939,Air Traffic Control,2025-09-21 04:30:00
CXL001603,FLT0032965,Mechanical Issue,2026-05-16 06:45:00
CXL001604,FLT0033017,Mechanical Issue,2026-07-20 00:45:00
CXL001605,FLT0033050,Air Traffic Control,2026-04-10 21:15:00
CXL001606,FLT0033088,Air Traffic Control,2026-02-09 16:15:00
CXL001607,FLT0033098,Low Booking Demand,2025-10-09 01:45:00
CXL001608,FLT0033148,Airport Closure,2026-01-23 14:00:00
CXL001609,FLT0033157,Crew Shortage,2025-11-08 10:15:00
CXL001610,FLT0033159,Air Traffic Control,2025-10-10 03:45:00
CXL001611,FLT0033161,Air Traffic Control,2026-04-03 16:00:00
CXL001612,FLT0033213,Mechanical Issue,2026-02-25 20:00:00
CXL001613,FLT0033215,Severe Weather,2025-12-06 02:45:00
CXL001614,FLT0033219,Airport Closure,2025-09-30 00:30:00
CXL001615,FLT0033256,Crew Shortage,2026-01-25 02:30:00
CXL001616,FLT0033264,Air Traffic Control,2025-09-11 07:30:00
CXL001617,FLT0033271,Mechanical Issue,2025-08-17 00:00:00
CXL001618,FLT0033284,Severe Weather,2026-04-17 07:00:00
CXL001619,FLT0033300,Air Traffic Control,2026-01-08 20:15:00
CXL001620,FLT0033302,Air Traffic Control,2025-08-20 12:30:00
CXL001621,FLT0033322,Crew Shortage,2026-03-30 15:00:00
CXL001622,FLT0033336,Air Traffic Control,2026-06-10 05:45:00
CXL001623,FLT0033357,Severe Weather,2025-10-22 02:00:00
CXL001624,FLT0033370,Crew Shortage,2026-06-11 19:15:00
CXL001625,FLT0033401,Mechanical Issue,2026-05-31 11:45:00
CXL001626,FLT0033405,Severe Weather,2026-07-21 20:15:00
CXL001627,FLT0033411,Air Traffic Control,2026-01-04 20:00:00
CXL001628,FLT0033414,Air Traffic Control,2025-10-31 19:00:00
CXL001629,FLT0033423,Severe Weather,2025-12-08 18:45:00
CXL001630,FLT0033470,Crew Shortage,2026-02-06 23:00:00
CXL001631,FLT0033471,Mechanical Issue,2026-05-01 05:00:00
CXL001632,FLT0033484,Air Traffic Control,2025-08-02 11:00:00
CXL001633,FLT0033490,Low Booking Demand,2025-10-29 12:15:00
CXL001634,FLT0033514,Mechanical Issue,2025-08-04 01:15:00
CXL001635,FLT0033528,Crew Shortage,2026-04-09 21:00:00
CXL001636,FLT0033546,Mechanical Issue,2026-01-14 08:00:00
CXL001637,FLT0033577,Severe Weather,2026-04-29 09:00:00
CXL001638,FLT0033643,Severe Weather,2026-03-17 02:00:00
CXL001639,FLT0033655,Air Traffic Control,2026-04-01 12:15:00
CXL001640,FLT0033678,Crew Shortage,2025-12-22 16:15:00
CXL001641,FLT0033710,Airport Closure,2026-06-18 18:30:00
CXL001642,FLT0033714,Air Traffic Control,2026-03-30 02:45:00
CXL001643,FLT0033726,Airport Closure,2026-07-31 08:00:00
CXL001644,FLT0033749,Low Booking Demand,2026-07-15 22:15:00
CXL001645,FLT0033765,Crew Shortage,2026-05-24 20:00:00
CXL001646,FLT0033896,Airport Closure,2025-10-12 18:30:00
CXL001647,FLT0033914,Crew Shortage,2026-01-30 11:15:00
CXL001648,FLT0033916,Mechanical Issue,2026-04-14 22:30:00
CXL001649,FLT0033918,Crew Shortage,2025-12-16 08:15:00
CXL001650,FLT0033978,Mechanical Issue,2025-10-18 13:45:00
CXL001651,FLT0034005,Crew Shortage,2026-07-30 00:30:00
CXL001652,FLT0034006,Air Traffic Control,2026-03-22 14:30:00
CXL001653,FLT0034023,Airport Closure,2026-07-05 18:00:00
CXL001654,FLT0034033,Severe Weather,2025-11-28 22:15:00
CXL001655,FLT0034061,Mechanical Issue,2025-11-07 03:30:00
CXL001656,FLT0034088,Low Booking Demand,2026-03-27 17:00:00
CXL001657,FLT0034143,Severe Weather,2026-06-23 04:15:00
CXL001658,FLT0034180,Mechanical Issue,2026-05-05 13:45:00
CXL001659,FLT0034182,Severe Weather,2026-03-14 17:30:00
CXL001660,FLT0034215,Air Traffic Control,2025-10-23 14:00:00
CXL001661,FLT0034217,Mechanical Issue,2026-05-26 14:45:00
CXL001662,FLT0034288,Crew Shortage,2026-01-21 21:30:00
CXL001663,FLT0034289,Severe Weather,2026-03-21 08:45:00
CXL001664,FLT0034341,Low Booking Demand,2026-02-28 09:15:00
CXL001665,FLT0034351,Airport Closure,2026-03-12 07:30:00
CXL001666,FLT0034357,Low Booking Demand,2026-02-08 21:45:00
CXL001667,FLT0034397,Low Booking Demand,2025-09-24 18:30:00
CXL001668,FLT0034409,Air Traffic Control,2026-07-17 13:45:00
CXL001669,FLT0034428,Low Booking Demand,2025-10-10 11:00:00
CXL001670,FLT0034435,Severe Weather,2026-04-07 15:00:00
CXL001671,FLT0034469,Mechanical Issue,2026-06-01 06:30:00
CXL001672,FLT0034470,Airport Closure,2026-06-12 15:15:00
CXL001673,FLT0034522,Airport Closure,2026-04-03 18:15:00
CXL001674,FLT0034523,Mechanical Issue,2026-03-12 19:00:00
CXL001675,FLT0034539,Mechanical Issue,2026-04-24 21:30:00
CXL001676,FLT0034587,Airport Closure,2026-05-01 18:15:00
CXL001677,FLT0034611,Severe Weather,2025-09-14 17:30:00
CXL001678,FLT0034615,Crew Shortage,2026-05-19 18:45:00
CXL001679,FLT0034632,Low Booking Demand,2026-08-01 15:15:00
CXL001680,FLT0034694,Airport Closure,2026-02-06 04:00:00
CXL001681,FLT0034731,Severe Weather,2026-06-04 20:30:00
CXL001682,FLT0034736,Severe Weather,2026-07-19 16:45:00
CXL001683,FLT0034737,Severe Weather,2026-03-29 08:00:00
CXL001684,FLT0034745,Severe Weather,2026-02-10 14:45:00
CXL001685,FLT0034759,Crew Shortage,2026-03-23 14:00:00
CXL001686,FLT0034771,Low Booking Demand,2025-12-11 06:45:00
CXL001687,FLT0034822,Severe Weather,2026-04-14 08:45:00
CXL001688,FLT0034847,Air Traffic Control,2026-07-13 05:45:00
CXL001689,FLT0034848,Low Booking Demand,2026-06-15 10:15:00
CXL001690,FLT0034857,Low Booking Demand,2026-04-20 00:45:00
CXL001691,FLT0034866,Mechanical Issue,2025-09-07 18:45:00
CXL001692,FLT0034882,Airport Closure,2025-08-19 07:15:00
CXL001693,FLT0034884,Air Traffic Control,2025-10-23 21:45:00
CXL001694,FLT0034887,Airport Closure,2025-09-30 11:15:00
CXL001695,FLT0034911,Severe Weather,2026-07-21 06:45:00
CXL001696,FLT0035018,Air Traffic Control,2025-09-27 05:30:00
CXL001697,FLT0035037,Severe Weather,2026-04-08 03:15:00
CXL001698,FLT0035046,Severe Weather,2026-01-18 16:30:00
CXL001699,FLT0035052,Low Booking Demand,2026-03-16 08:30:00
CXL001700,FLT0035053,Airport Closure,2026-06-18 12:30:00
CXL001701,FLT0035076,Airport Closure,2025-12-16 12:45:00
CXL001702,FLT0035105,Airport Closure,2025-11-07 17:15:00
CXL001703,FLT0035106,Mechanical Issue,2025-10-24 14:15:00
CXL001704,FLT0035137,Air Traffic Control,2025-08-04 15:45:00
CXL001705,FLT0035194,Severe Weather,2026-06-19 02:00:00
CXL001706,FLT0035229,Mechanical Issue,2025-08-21 20:00:00
CXL001707,FLT0035250,Airport Closure,2025-09-14 14:30:00
CXL001708,FLT0035293,Crew Shortage,2025-08-31 09:45:00
CXL001709,FLT0035325,Low Booking Demand,2026-03-08 00:30:00
CXL001710,FLT0035339,Airport Closure,2026-05-12 07:45:00
CXL001711,FLT0035345,Mechanical Issue,2026-02-14 19:30:00
CXL001712,FLT0035370,Severe Weather,2026-07-18 13:00:00
CXL001713,FLT0035391,Low Booking Demand,2025-09-14 07:00:00
CXL001714,FLT0035405,Crew Shortage,2026-04-01 08:00:00
CXL001715,FLT0035423,Airport Closure,2026-03-18 01:45:00
CXL001716,FLT0035431,Crew Shortage,2026-05-18 08:00:00
CXL001717,FLT0035439,Mechanical Issue,2025-11-28 16:45:00
CXL001718,FLT0035449,Air Traffic Control,2026-01-09 13:15:00
CXL001719,FLT0035457,Crew Shortage,2025-12-22 17:45:00
CXL001720,FLT0035464,Airport Closure,2026-05-26 06:45:00
CXL001721,FLT0035473,Airport Closure,2026-02-26 22:00:00
CXL001722,FLT0035481,Airport Closure,2026-02-21 09:15:00
CXL001723,FLT0035488,Crew Shortage,2025-08-30 01:30:00
CXL001724,FLT0035490,Airport Closure,2026-03-04 20:00:00
CXL001725,FLT0035523,Low Booking Demand,2026-06-20 08:00:00
CXL001726,FLT0035527,Mechanical Issue,2025-11-03 18:15:00
CXL001727,FLT0035628,Crew Shortage,2025-12-14 20:00:00
CXL001728,FLT0035660,Air Traffic Control,2026-04-28 01:30:00
CXL001729,FLT0035679,Severe Weather,2026-03-02 18:45:00
CXL001730,FLT0035747,Air Traffic Control,2025-09-07 16:15:00
CXL001731,FLT0035784,Crew Shortage,2026-06-14 14:45:00
CXL001732,FLT0035807,Low Booking Demand,2026-04-06 17:30:00
CXL001733,FLT0035823,Severe Weather,2026-03-03 03:00:00
CXL001734,FLT0035827,Severe Weather,2026-02-02 12:30:00
CXL001735,FLT0035828,Mechanical Issue,2026-04-11 20:30:00
CXL001736,FLT0035840,Low Booking Demand,2026-07-25 17:30:00
CXL001737,FLT0035875,Airport Closure,2025-11-05 09:45:00
CXL001738,FLT0035884,Air Traffic Control,2026-04-10 21:00:00
CXL001739,FLT0035920,Low Booking Demand,2026-02-15 12:30:00
CXL001740,FLT0035966,Airport Closure,2025-08-05 04:30:00
CXL001741,FLT0036040,Severe Weather,2025-11-24 11:15:00
CXL001742,FLT0036059,Crew Shortage,2026-06-21 17:15:00
CXL001743,FLT0036061,Airport Closure,2025-08-26 20:15:00
CXL001744,FLT0036075,Airport Closure,2026-01-29 18:30:00
CXL001745,FLT0036108,Mechanical Issue,2025-09-02 10:00:00
CXL001746,FLT0036127,Severe Weather,2025-11-01 23:45:00
CXL001747,FLT0036135,Crew Shortage,2025-12-22 18:45:00
CXL001748,FLT0036157,Airport Closure,2026-03-22 19:45:00
CXL001749,FLT0036187,Low Booking Demand,2025-10-17 16:30:00
CXL001750,FLT0036196,Mechanical Issue,2025-12-01 19:45:00
CXL001751,FLT0036257,Low Booking Demand,2025-08-02 16:30:00
CXL001752,FLT0036293,Severe Weather,2026-01-02 11:45:00
CXL001753,FLT0036306,Severe Weather,2026-05-28 04:15:00
CXL001754,FLT0036319,Airport Closure,2026-06-11 05:45:00
CXL001755,FLT0036322,Airport Closure,2026-05-22 02:00:00
CXL001756,FLT0036370,Airport Closure,2026-01-18 13:30:00
CXL001757,FLT0036373,Severe Weather,2026-01-25 04:30:00
CXL001758,FLT0036407,Severe Weather,2026-06-10 10:15:00
CXL001759,FLT0036445,Crew Shortage,2025-08-17 20:15:00
CXL001760,FLT0036447,Low Booking Demand,2026-05-10 04:00:00
CXL001761,FLT0036451,Crew Shortage,2026-02-17 09:00:00
CXL001762,FLT0036502,Low Booking Demand,2026-01-17 13:45:00
CXL001763,FLT0036545,Crew Shortage,2025-12-23 01:00:00
CXL001764,FLT0036571,Low Booking Demand,2026-05-25 12:15:00
CXL001765,FLT0036580,Crew Shortage,2026-05-09 19:45:00
CXL001766,FLT0036620,Air Traffic Control,2025-08-04 11:30:00
CXL001767,FLT0036679,Airport Closure,2025-12-03 22:00:00
CXL001768,FLT0036686,Mechanical Issue,2026-01-11 03:15:00
CXL001769,FLT0036695,Air Traffic Control,2026-06-05 13:00:00
CXL001770,FLT0036710,Severe Weather,2026-04-11 20:15:00
CXL001771,FLT0036748,Mechanical Issue,2026-04-10 19:30:00
CXL001772,FLT0036764,Mechanical Issue,2025-10-02 21:00:00
CXL001773,FLT0036817,Airport Closure,2025-10-21 02:30:00
CXL001774,FLT0036855,Crew Shortage,2026-07-18 05:15:00
CXL001775,FLT0036886,Airport Closure,2026-02-25 10:45:00
CXL001776,FLT0036888,Mechanical Issue,2026-03-12 03:00:00
CXL001777,FLT0036944,Low Booking Demand,2026-05-22 04:45:00
CXL001778,FLT0036947,Mechanical Issue,2026-05-17 18:45:00
CXL001779,FLT0036954,Severe Weather,2025-10-12 07:30:00
CXL001780,FLT0036960,Airport Closure,2026-06-05 22:45:00
CXL001781,FLT0037057,Mechanical Issue,2026-05-27 20:15:00
CXL001782,FLT0037060,Airport Closure,2026-02-06 05:30:00
CXL001783,FLT0037098,Crew Shortage,2026-08-01 03:00:00
CXL001784,FLT0037101,Airport Closure,2026-03-12 12:45:00
CXL001785,FLT0037111,Severe Weather,2026-02-06 16:30:00
CXL001786,FLT0037121,Low Booking Demand,2026-03-30 02:30:00
CXL001787,FLT0037140,Air Traffic Control,2026-07-21 03:00:00
CXL001788,FLT0037148,Airport Closure,2026-07-31 14:15:00
CXL001789,FLT0037159,Severe Weather,2026-04-29 13:15:00
CXL001790,FLT0037160,Crew Shortage,2026-07-07 06:00:00
CXL001791,FLT0037231,Air Traffic Control,2025-12-20 23:30:00
CXL001792,FLT0037246,Crew Shortage,2026-03-02 00:30:00
CXL001793,FLT0037252,Crew Shortage,2026-07-08 18:45:00
CXL001794,FLT0037259,Air Traffic Control,2026-06-15 18:00:00
CXL001795,FLT0037344,Severe Weather,2025-09-10 05:30:00
CXL001796,FLT0037403,Air Traffic Control,2025-12-27 18:30:00
CXL001797,FLT0037411,Crew Shortage,2026-04-30 00:00:00
CXL001798,FLT0037417,Low Booking Demand,2026-07-25 19:30:00
CXL001799,FLT0037420,Severe Weather,2026-03-03 13:15:00
CXL001800,FLT0037427,Mechanical Issue,2026-02-09 01:45:00
CXL001801,FLT0037430,Airport Closure,2025-08-09 19:30:00
CXL001802,FLT0037450,Low Booking Demand,2026-07-15 17:00:00
CXL001803,FLT0037475,Mechanical Issue,2026-01-30 15:15:00
CXL001804,FLT0037501,Crew Shortage,2026-04-20 07:45:00
CXL001805,FLT0037507,Severe Weather,2025-12-24 12:00:00
CXL001806,FLT0037513,Airport Closure,2025-08-02 17:30:00
CXL001807,FLT0037515,Mechanical Issue,2025-08-14 22:45:00
CXL001808,FLT0037520,Crew Shortage,2026-07-13 16:30:00
CXL001809,FLT0037533,Low Booking Demand,2026-06-01 21:45:00
CXL001810,FLT0037547,Airport Closure,2026-03-05 04:45:00
CXL001811,FLT0037562,Low Booking Demand,2025-09-16 12:00:00
CXL001812,FLT0037603,Air Traffic Control,2026-01-12 01:45:00
CXL001813,FLT0037614,Mechanical Issue,2026-06-07 15:45:00
CXL001814,FLT0037616,Air Traffic Control,2026-03-22 02:45:00
CXL001815,FLT0037624,Low Booking Demand,2026-08-02 17:45:00
CXL001816,FLT0037666,Crew Shortage,2026-01-30 07:00:00
CXL001817,FLT0037676,Crew Shortage,2025-09-12 22:30:00
CXL001818,FLT0037707,Airport Closure,2026-04-20 09:00:00
CXL001819,FLT0037763,Low Booking Demand,2026-04-29 22:15:00
CXL001820,FLT0037764,Airport Closure,2025-10-16 09:00:00
CXL001821,FLT0037775,Low Booking Demand,2026-07-22 11:15:00
CXL001822,FLT0037805,Crew Shortage,2025-08-20 17:00:00
CXL001823,FLT0037814,Air Traffic Control,2026-05-11 02:15:00
CXL001824,FLT0037876,Mechanical Issue,2025-09-06 10:15:00
CXL001825,FLT0037880,Air Traffic Control,2025-12-28 03:15:00
CXL001826,FLT0037892,Airport Closure,2026-05-08 14:45:00
CXL001827,FLT0037937,Mechanical Issue,2026-05-18 18:30:00
CXL001828,FLT0037941,Crew Shortage,2026-01-08 19:15:00
CXL001829,FLT0037953,Severe Weather,2026-01-21 20:00:00
CXL001830,FLT0037961,Low Booking Demand,2026-02-26 08:15:00
CXL001831,FLT0037968,Mechanical Issue,2026-03-08 11:00:00
CXL001832,FLT0037990,Mechanical Issue,2025-10-01 06:45:00
CXL001833,FLT0038006,Low Booking Demand,2025-12-09 01:00:00
CXL001834,FLT0038028,Crew Shortage,2025-09-23 11:00:00
CXL001835,FLT0038058,Low Booking Demand,2025-09-18 02:45:00
CXL001836,FLT0038059,Air Traffic Control,2025-12-18 05:00:00
CXL001837,FLT0038072,Low Booking Demand,2026-05-08 14:45:00
CXL001838,FLT0038079,Mechanical Issue,2025-08-02 02:00:00
CXL001839,FLT0038103,Air Traffic Control,2025-09-01 08:30:00
CXL001840,FLT0038160,Crew Shortage,2026-01-13 07:30:00
CXL001841,FLT0038164,Mechanical Issue,2026-05-27 08:30:00
CXL001842,FLT0038170,Crew Shortage,2025-08-31 00:30:00
CXL001843,FLT0038187,Severe Weather,2026-06-19 01:45:00
CXL001844,FLT0038248,Air Traffic Control,2025-10-28 03:45:00
CXL001845,FLT0038265,Airport Closure,2025-08-16 19:00:00
CXL001846,FLT0038272,Airport Closure,2026-02-09 19:45:00
CXL001847,FLT0038300,Air Traffic Control,2025-12-25 05:15:00
CXL001848,FLT0038321,Crew Shortage,2026-05-18 08:30:00
CXL001849,FLT0038322,Airport Closure,2025-10-27 21:15:00
CXL001850,FLT0038329,Severe Weather,2026-06-01 02:15:00
CXL001851,FLT0038355,Crew Shortage,2025-11-04 13:15:00
CXL001852,FLT0038357,Severe Weather,2026-04-10 16:45:00
CXL001853,FLT0038361,Crew Shortage,2026-01-18 10:00:00
CXL001854,FLT0038373,Severe Weather,2025-09-19 12:30:00
CXL001855,FLT0038389,Air Traffic Control,2025-08-03 05:15:00
CXL001856,FLT0038403,Crew Shortage,2026-06-26 04:30:00
CXL001857,FLT0038422,Low Booking Demand,2025-09-06 09:30:00
CXL001858,FLT0038454,Low Booking Demand,2026-05-17 05:15:00
CXL001859,FLT0038456,Severe Weather,2026-04-11 09:00:00
CXL001860,FLT0038460,Airport Closure,2026-05-09 01:00:00
CXL001861,FLT0038507,Airport Closure,2025-12-23 08:00:00
CXL001862,FLT0038540,Air Traffic Control,2025-11-13 18:30:00
CXL001863,FLT0038547,Airport Closure,2025-08-04 12:45:00
CXL001864,FLT0038588,Mechanical Issue,2025-10-05 19:15:00
CXL001865,FLT0038620,Air Traffic Control,2025-12-20 02:15:00
CXL001866,FLT0038693,Mechanical Issue,2026-07-24 21:30:00
CXL001867,FLT0038701,Air Traffic Control,2026-02-27 23:45:00
CXL001868,FLT0038731,Low Booking Demand,2025-08-01 04:15:00
CXL001869,FLT0038744,Severe Weather,2025-09-01 09:00:00
CXL001870,FLT0038774,Mechanical Issue,2025-08-22 14:30:00
CXL001871,FLT0038780,Crew Shortage,2026-05-03 17:00:00
CXL001872,FLT0038809,Low Booking Demand,2025-11-09 01:00:00
CXL001873,FLT0038819,Severe Weather,2026-07-18 23:45:00
CXL001874,FLT0038843,Airport Closure,2025-09-14 10:45:00
CXL001875,FLT0038846,Low Booking Demand,2026-02-04 10:15:00
CXL001876,FLT0038861,Low Booking Demand,2026-03-11 19:30:00
CXL001877,FLT0038899,Crew Shortage,2026-07-20 01:45:00
CXL001878,FLT0038914,Airport Closure,2026-02-10 10:15:00
CXL001879,FLT0038922,Air Traffic Control,2026-02-14 10:30:00
CXL001880,FLT0039001,Severe Weather,2025-11-24 00:00:00
CXL001881,FLT0039006,Mechanical Issue,2025-12-25 22:30:00
CXL001882,FLT0039060,Mechanical Issue,2026-04-17 20:15:00
CXL001883,FLT0039066,Low Booking Demand,2025-10-06 23:00:00
CXL001884,FLT0039070,Low Booking Demand,2026-05-25 04:15:00
CXL001885,FLT0039097,Air Traffic Control,2026-08-03 00:30:00
CXL001886,FLT0039111,Low Booking Demand,2026-01-09 02:30:00
CXL001887,FLT0039118,Crew Shortage,2026-01-27 11:00:00
CXL001888,FLT0039155,Airport Closure,2025-12-31 09:15:00
CXL001889,FLT0039158,Low Booking Demand,2026-02-23 08:45:00
CXL001890,FLT0039184,Low Booking Demand,2025-11-10 20:00:00
CXL001891,FLT0039201,Air Traffic Control,2026-03-23 09:30:00
CXL001892,FLT0039214,Air Traffic Control,2025-12-27 01:00:00
CXL001893,FLT0039235,Low Booking Demand,2025-12-05 00:00:00
CXL001894,FLT0039239,Crew Shortage,2025-12-14 11:45:00
CXL001895,FLT0039271,Airport Closure,2025-12-01 10:30:00
CXL001896,FLT0039274,Mechanical Issue,2025-10-10 00:45:00
CXL001897,FLT0039285,Crew Shortage,2025-09-08 02:00:00
CXL001898,FLT0039290,Mechanical Issue,2025-09-30 19:45:00
CXL001899,FLT0039306,Air Traffic Control,2026-03-31 20:30:00
CXL001900,FLT0039319,Airport Closure,2026-07-07 23:00:00
CXL001901,FLT0039331,Low Booking Demand,2026-04-22 04:15:00
CXL001902,FLT0039339,Low Booking Demand,2025-12-24 02:30:00
CXL001903,FLT0039349,Air Traffic Control,2026-05-31 22:15:00
CXL001904,FLT0039350,Low Booking Demand,2026-01-11 11:00:00
CXL001905,FLT0039390,Mechanical Issue,2026-04-21 15:00:00
CXL001906,FLT0039396,Low Booking Demand,2025-10-05 00:15:00
CXL001907,FLT0039503,Low Booking Demand,2026-01-14 18:30:00
CXL001908,FLT0039541,Air Traffic Control,2026-02-20 09:45:00
CXL001909,FLT0039543,Severe Weather,2025-09-13 12:15:00
CXL001910,FLT0039573,Mechanical Issue,2026-04-14 08:00:00
CXL001911,FLT0039575,Severe Weather,2026-02-11 09:45:00
CXL001912,FLT0039586,Crew Shortage,2026-01-31 17:30:00
CXL001913,FLT0039600,Severe Weather,2026-07-15 10:15:00
CXL001914,FLT0039615,Air Traffic Control,2025-12-24 14:00:00
CXL001915,FLT0039631,Airport Closure,2025-08-18 13:00:00
CXL001916,FLT0039641,Air Traffic Control,2026-02-05 18:15:00
CXL001917,FLT0039644,Crew Shortage,2025-10-13 22:00:00
CXL001918,FLT0039647,Severe Weather,2026-06-15 16:45:00
CXL001919,FLT0039670,Crew Shortage,2025-10-15 18:30:00
CXL001920,FLT0039682,Crew Shortage,2026-03-27 10:15:00
CXL001921,FLT0039701,Crew Shortage,2026-06-18 20:30:00
CXL001922,FLT0039724,Low Booking Demand,2026-03-22 21:30:00
CXL001923,FLT0039729,Crew Shortage,2026-07-30 13:00:00
CXL001924,FLT0039734,Airport Closure,2025-09-30 16:00:00
CXL001925,FLT0039738,Airport Closure,2025-12-09 02:15:00
CXL001926,FLT0039778,Airport Closure,2026-03-31 01:15:00
CXL001927,FLT0039792,Air Traffic Control,2026-07-06 08:00:00
CXL001928,FLT0039793,Airport Closure,2026-03-13 22:15:00
CXL001929,FLT0039808,Air Traffic Control,2026-07-02 10:45:00
CXL001930,FLT0039837,Mechanical Issue,2025-11-14 07:00:00
CXL001931,FLT0039847,Low Booking Demand,2026-05-13 05:30:00
CXL001932,FLT0039907,Low Booking Demand,2025-09-01 04:15:00
CXL001933,FLT0039908,Low Booking Demand,2026-05-27 16:30:00
CXL001934,FLT0039909,Airport Closure,2026-05-19 03:00:00
CXL001935,FLT0039917,Severe Weather,2026-03-25 13:00:00
CXL001936,FLT0039953,Air Traffic Control,2025-08-18 12:45:00
CXL001937,FLT0039965,Airport Closure,2026-07-30 04:30:00
CXL001938,FLT0039989,Air Traffic Control,2025-11-18 16:00:00
CXL001939,FLT0040026,Air Traffic Control,2026-05-21 10:30:00
CXL001940,FLT0040038,Low Booking Demand,2026-06-05 23:45:00
CXL001941,FLT0040073,Low Booking Demand,2026-07-23 23:45:00
CXL001942,FLT0040087,Airport Closure,2026-07-21 04:00:00
CXL001943,FLT0040105,Low Booking Demand,2026-02-20 10:00:00
CXL001944,FLT0040130,Severe Weather,2025-10-16 23:45:00
CXL001945,FLT0040132,Airport Closure,2025-10-25 11:15:00
CXL001946,FLT0040133,Air Traffic Control,2026-06-30 12:45:00
CXL001947,FLT0040136,Crew Shortage,2026-06-23 19:00:00
CXL001948,FLT0040230,Air Traffic Control,2026-06-02 14:30:00
CXL001949,FLT0040272,Mechanical Issue,2026-01-09 04:15:00
CXL001950,FLT0040276,Air Traffic Control,2025-10-14 00:45:00
CXL001951,FLT0040296,Low Booking Demand,2026-02-10 22:30:00
CXL001952,FLT0040300,Crew Shortage,2026-06-11 23:15:00
CXL001953,FLT0040302,Mechanical Issue,2025-08-15 06:00:00
CXL001954,FLT0040340,Airport Closure,2026-07-31 15:00:00
CXL001955,FLT0040352,Mechanical Issue,2025-11-25 22:30:00
CXL001956,FLT0040354,Airport Closure,2025-10-17 15:45:00
CXL001957,FLT0040401,Airport Closure,2026-04-01 06:45:00
CXL001958,FLT0040409,Mechanical Issue,2025-11-13 09:45:00
CXL001959,FLT0040418,Severe Weather,2026-02-01 13:30:00
CXL001960,FLT0040427,Severe Weather,2025-11-07 11:45:00
CXL001961,FLT0040432,Air Traffic Control,2026-04-25 14:15:00
CXL001962,FLT0040435,Mechanical Issue,2026-05-19 08:00:00
CXL001963,FLT0040452,Airport Closure,2026-04-25 03:45:00
CXL001964,FLT0040485,Severe Weather,2026-02-07 05:45:00
CXL001965,FLT0040495,Severe Weather,2026-03-04 05:15:00
CXL001966,FLT0040515,Low Booking Demand,2026-01-12 23:00:00
CXL001967,FLT0040586,Crew Shortage,2025-10-15 08:45:00
CXL001968,FLT0040636,Airport Closure,2025-11-13 21:30:00
CXL001969,FLT0040641,Mechanical Issue,2025-10-18 19:15:00
CXL001970,FLT0040649,Airport Closure,2026-06-15 12:30:00
CXL001971,FLT0040657,Low Booking Demand,2025-08-10 14:45:00
CXL001972,FLT0040737,Severe Weather,2026-06-08 19:15:00
CXL001973,FLT0040787,Air Traffic Control,2025-10-18 12:45:00
CXL001974,FLT0040821,Airport Closure,2026-07-28 05:00:00
CXL001975,FLT0040844,Crew Shortage,2026-04-05 01:45:00
CXL001976,FLT0040851,Crew Shortage,2025-12-19 08:30:00
CXL001977,FLT0040852,Airport Closure,2026-04-26 02:00:00
CXL001978,FLT0040856,Low Booking Demand,2025-12-31 05:30:00
CXL001979,FLT0040881,Mechanical Issue,2026-02-17 15:15:00
CXL001980,FLT0040884,Airport Closure,2026-04-13 18:30:00
CXL001981,FLT0040902,Crew Shortage,2025-12-07 01:15:00
CXL001982,FLT0040928,Airport Closure,2026-01-25 10:30:00
CXL001983,FLT0040936,Crew Shortage,2025-08-12 11:00:00
CXL001984,FLT0040941,Airport Closure,2026-04-19 23:00:00
CXL001985,FLT0041007,Air Traffic Control,2025-08-21 19:00:00
CXL001986,FLT0041028,Crew Shortage,2026-07-08 04:15:00
CXL001987,FLT0041072,Air Traffic Control,2026-02-25 14:45:00
CXL001988,FLT0041131,Mechanical Issue,2026-05-25 17:45:00
CXL001989,FLT0041142,Severe Weather,2026-01-06 23:00:00
CXL001990,FLT0041162,Airport Closure,2026-04-14 00:45:00
CXL001991,FLT0041174,Low Booking Demand,2026-06-22 17:15:00
CXL001992,FLT0041235,Severe Weather,2025-10-27 08:30:00
CXL001993,FLT0041285,Air Traffic Control,2026-02-27 04:15:00
CXL001994,FLT0041287,Airport Closure,2025-10-16 21:30:00
CXL001995,FLT0041329,Crew Shortage,2026-01-02 03:00:00
CXL001996,FLT0041350,Low Booking Demand,2026-06-10 10:15:00
CXL001997,FLT0041362,Air Traffic Control,2025-12-17 13:15:00
CXL001998,FLT0041395,Crew Shortage,2026-01-03 16:00:00
CXL001999,FLT0041436,Airport Closure,2026-04-29 18:00:00
CXL002000,FLT0041463,Severe Weather,2026-03-26 18:00:00
CXL002001,FLT0041487,Mechanical Issue,2026-02-12 05:30:00
CXL002002,FLT0041495,Air Traffic Control,2026-03-31 14:15:00
CXL002003,FLT0041583,Mechanical Issue,2025-11-26 01:45:00
CXL002004,FLT0041598,Airport Closure,2026-04-04 21:45:00
CXL002005,FLT0041601,Air Traffic Control,2026-05-20 22:15:00
CXL002006,FLT0041639,Low Booking Demand,2025-08-06 23:30:00
CXL002007,FLT0041645,Mechanical Issue,2025-08-11 04:00:00
CXL002008,FLT0041660,Severe Weather,2025-08-26 02:45:00
CXL002009,FLT0041687,Mechanical Issue,2025-12-16 07:15:00
CXL002010,FLT0041712,Crew Shortage,2025-11-08 15:15:00
CXL002011,FLT0041721,Severe Weather,2025-09-16 02:15:00
CXL002012,FLT0041727,Low Booking Demand,2025-08-10 05:15:00
CXL002013,FLT0041769,Crew Shortage,2026-02-12 05:45:00
CXL002014,FLT0041814,Low Booking Demand,2026-01-20 19:00:00
CXL002015,FLT0041830,Airport Closure,2025-10-11 09:45:00
CXL002016,FLT0041845,Crew Shortage,2026-03-10 14:45:00
CXL002017,FLT0041876,Low Booking Demand,2026-06-22 23:15:00
CXL002018,FLT0041884,Mechanical Issue,2026-04-03 04:45:00
CXL002019,FLT0041889,Crew Shortage,2025-08-31 02:00:00
CXL002020,FLT0041905,Air Traffic Control,2025-12-27 09:00:00
CXL002021,FLT0041987,Airport Closure,2026-06-23 00:15:00
CXL002022,FLT0041991,Crew Shortage,2025-09-02 18:30:00
CXL002023,FLT0042021,Severe Weather,2026-07-14 19:15:00
CXL002024,FLT0042023,Air Traffic Control,2025-10-02 11:45:00
CXL002025,FLT0042053,Airport Closure,2026-01-25 23:00:00
CXL002026,FLT0042064,Low Booking Demand,2026-02-08 12:30:00
CXL002027,FLT0042087,Severe Weather,2025-12-23 19:45:00
CXL002028,FLT0042106,Crew Shortage,2026-06-17 09:45:00
CXL002029,FLT0042181,Mechanical Issue,2026-02-06 05:00:00
CXL002030,FLT0042185,Air Traffic Control,2026-03-27 09:15:00
CXL002031,FLT0042188,Air Traffic Control,2025-11-05 20:15:00
CXL002032,FLT0042211,Mechanical Issue,2026-02-14 17:45:00
CXL002033,FLT0042225,Air Traffic Control,2025-09-19 18:15:00
CXL002034,FLT0042249,Mechanical Issue,2025-12-24 11:30:00
CXL002035,FLT0042254,Mechanical Issue,2025-11-22 04:30:00
CXL002036,FLT0042279,Airport Closure,2026-02-05 18:30:00
CXL002037,FLT0042301,Severe Weather,2025-11-18 18:15:00
CXL002038,FLT0042326,Airport Closure,2026-01-22 15:30:00
CXL002039,FLT0042329,Low Booking Demand,2026-01-29 13:00:00
CXL002040,FLT0042341,Air Traffic Control,2026-05-31 07:30:00
CXL002041,FLT0042343,Air Traffic Control,2026-01-14 04:30:00
CXL002042,FLT0042360,Low Booking Demand,2026-06-28 03:30:00
CXL002043,FLT0042362,Air Traffic Control,2025-11-06 06:15:00
CXL002044,FLT0042376,Air Traffic Control,2025-09-02 01:15:00
CXL002045,FLT0042401,Severe Weather,2026-07-07 18:15:00
CXL002046,FLT0042492,Severe Weather,2026-07-27 03:45:00
CXL002047,FLT0042500,Air Traffic Control,2025-08-30 19:30:00
CXL002048,FLT0042511,Crew Shortage,2026-01-04 11:30:00
CXL002049,FLT0042514,Airport Closure,2026-01-06 16:30:00
CXL002050,FLT0042541,Air Traffic Control,2026-05-31 03:15:00
CXL002051,FLT0042552,Crew Shortage,2026-05-28 13:15:00
CXL002052,FLT0042567,Airport Closure,2026-03-31 07:15:00
CXL002053,FLT0042606,Severe Weather,2025-08-07 17:15:00
CXL002054,FLT0042620,Severe Weather,2025-11-22 15:30:00
CXL002055,FLT0042621,Mechanical Issue,2025-11-23 17:00:00
CXL002056,FLT0042635,Air Traffic Control,2025-10-08 20:15:00
CXL002057,FLT0042645,Crew Shortage,2025-11-12 18:00:00
CXL002058,FLT0042647,Low Booking Demand,2025-09-30 10:45:00
CXL002059,FLT0042660,Air Traffic Control,2026-01-31 20:30:00
CXL002060,FLT0042662,Mechanical Issue,2025-08-01 20:30:00
CXL002061,FLT0042704,Low Booking Demand,2026-04-23 11:30:00
CXL002062,FLT0042716,Airport Closure,2026-02-09 19:15:00
CXL002063,FLT0042744,Severe Weather,2025-08-03 21:00:00
CXL002064,FLT0042766,Mechanical Issue,2026-01-07 18:45:00
CXL002065,FLT0042783,Mechanical Issue,2026-07-11 20:30:00
CXL002066,FLT0042805,Crew Shortage,2025-10-26 13:00:00
CXL002067,FLT0042821,Airport Closure,2025-11-06 05:15:00
CXL002068,FLT0042834,Mechanical Issue,2026-04-19 04:15:00
CXL002069,FLT0042842,Low Booking Demand,2025-08-26 08:45:00
CXL002070,FLT0042860,Low Booking Demand,2026-03-08 22:45:00
CXL002071,FLT0042940,Severe Weather,2025-12-10 06:45:00
CXL002072,FLT0042950,Severe Weather,2026-02-21 07:45:00
CXL002073,FLT0042972,Airport Closure,2026-04-27 20:45:00
CXL002074,FLT0042973,Mechanical Issue,2025-09-28 15:00:00
CXL002075,FLT0042978,Air Traffic Control,2026-03-06 12:15:00
CXL002076,FLT0042983,Air Traffic Control,2026-02-04 01:30:00
CXL002077,FLT0042992,Airport Closure,2025-08-17 09:30:00
CXL002078,FLT0042994,Airport Closure,2026-01-05 00:15:00
CXL002079,FLT0043013,Low Booking Demand,2025-10-26 09:30:00
CXL002080,FLT0043056,Low Booking Demand,2026-07-25 11:15:00
CXL002081,FLT0043120,Airport Closure,2026-03-12 02:45:00
CXL002082,FLT0043137,Air Traffic Control,2026-06-26 08:45:00
CXL002083,FLT0043164,Mechanical Issue,2026-06-22 19:00:00
CXL002084,FLT0043210,Airport Closure,2025-12-23 14:30:00
CXL002085,FLT0043215,Crew Shortage,2026-07-18 05:30:00
CXL002086,FLT0043221,Airport Closure,2026-03-31 08:15:00
CXL002087,FLT0043223,Mechanical Issue,2026-07-20 20:45:00
CXL002088,FLT0043242,Airport Closure,2026-02-12 22:45:00
CXL002089,FLT0043263,Mechanical Issue,2026-02-22 10:45:00
CXL002090,FLT0043302,Low Booking Demand,2026-07-27 05:30:00
CXL002091,FLT0043303,Crew Shortage,2026-04-29 23:00:00
CXL002092,FLT0043323,Airport Closure,2026-02-22 06:00:00
CXL002093,FLT0043347,Severe Weather,2025-08-08 11:45:00
CXL002094,FLT0043349,Mechanical Issue,2026-07-27 01:30:00
CXL002095,FLT0043358,Mechanical Issue,2025-11-26 03:30:00
CXL002096,FLT0043392,Airport Closure,2026-01-28 06:15:00
CXL002097,FLT0043413,Crew Shortage,2026-05-11 06:15:00
CXL002098,FLT0043439,Low Booking Demand,2026-04-06 09:15:00
CXL002099,FLT0043444,Severe Weather,2026-07-26 04:15:00
CXL002100,FLT0043456,Low Booking Demand,2026-03-26 09:00:00
CXL002101,FLT0043465,Mechanical Issue,2025-11-09 05:45:00
CXL002102,FLT0043469,Severe Weather,2026-06-30 04:45:00
CXL002103,FLT0043492,Airport Closure,2026-01-15 16:15:00
CXL002104,FLT0043534,Crew Shortage,2025-11-25 00:00:00
CXL002105,FLT0043544,Mechanical Issue,2026-04-20 03:00:00
CXL002106,FLT0043557,Airport Closure,2026-04-08 21:30:00
CXL002107,FLT0043603,Mechanical Issue,2025-12-13 22:45:00
CXL002108,FLT0043606,Airport Closure,2026-03-12 07:45:00
CXL002109,FLT0043607,Airport Closure,2026-01-07 15:45:00
CXL002110,FLT0043612,Crew Shortage,2026-06-24 14:15:00
CXL002111,FLT0043664,Crew Shortage,2026-01-01 13:45:00
CXL002112,FLT0043675,Airport Closure,2026-07-23 04:15:00
CXL002113,FLT0043706,Severe Weather,2025-08-07 06:00:00
CXL002114,FLT0043714,Air Traffic Control,2025-10-17 05:30:00
CXL002115,FLT0043722,Mechanical Issue,2026-03-01 05:15:00
CXL002116,FLT0043730,Airport Closure,2026-02-15 22:30:00
CXL002117,FLT0043737,Airport Closure,2026-03-28 12:30:00
CXL002118,FLT0043753,Mechanical Issue,2025-08-14 19:00:00
CXL002119,FLT0043754,Low Booking Demand,2026-05-09 06:15:00
CXL002120,FLT0043824,Airport Closure,2026-03-29 21:30:00
CXL002121,FLT0043826,Crew Shortage,2025-09-29 11:30:00
CXL002122,FLT0043836,Air Traffic Control,2026-05-24 23:15:00
CXL002123,FLT0043862,Low Booking Demand,2025-10-24 09:00:00
CXL002124,FLT0043880,Severe Weather,2026-02-07 07:30:00
CXL002125,FLT0043896,Airport Closure,2026-03-03 17:45:00
CXL002126,FLT0043921,Mechanical Issue,2026-01-04 12:45:00
CXL002127,FLT0043941,Mechanical Issue,2026-05-11 14:30:00
CXL002128,FLT0043962,Low Booking Demand,2025-11-30 11:30:00
CXL002129,FLT0043999,Mechanical Issue,2025-10-22 13:30:00
CXL002130,FLT0044017,Airport Closure,2025-11-15 19:30:00
CXL002131,FLT0044024,Crew Shortage,2026-07-22 16:45:00
CXL002132,FLT0044025,Crew Shortage,2026-01-26 00:45:00
CXL002133,FLT0044041,Airport Closure,2026-06-27 05:15:00
CXL002134,FLT0044096,Airport Closure,2026-03-22 07:00:00
CXL002135,FLT0044109,Mechanical Issue,2026-01-17 06:30:00
CXL002136,FLT0044136,Air Traffic Control,2026-06-26 01:30:00
CXL002137,FLT0044165,Air Traffic Control,2026-02-10 11:45:00
CXL002138,FLT0044200,Crew Shortage,2026-01-30 11:30:00
CXL002139,FLT0044212,Crew Shortage,2026-03-20 00:15:00
CXL002140,FLT0044229,Airport Closure,2025-10-08 22:45:00
CXL002141,FLT0044231,Mechanical Issue,2026-03-17 09:15:00
CXL002142,FLT0044233,Airport Closure,2025-11-25 13:45:00
CXL002143,FLT0044252,Severe Weather,2026-05-11 03:30:00
CXL002144,FLT0044274,Low Booking Demand,2025-10-29 04:45:00
CXL002145,FLT0044285,Mechanical Issue,2026-06-20 03:00:00
CXL002146,FLT0044295,Airport Closure,2026-04-06 15:15:00
CXL002147,FLT0044302,Low Booking Demand,2026-01-10 17:45:00
CXL002148,FLT0044328,Air Traffic Control,2026-02-06 07:45:00
CXL002149,FLT0044337,Mechanical Issue,2025-08-07 06:00:00
CXL002150,FLT0044340,Mechanical Issue,2026-05-17 13:15:00
CXL002151,FLT0044345,Low Booking Demand,2025-09-29 09:00:00
CXL002152,FLT0044362,Airport Closure,2026-01-06 09:15:00
CXL002153,FLT0044411,Severe Weather,2026-05-14 13:00:00
CXL002154,FLT0044421,Severe Weather,2026-06-22 00:15:00
CXL002155,FLT0044431,Airport Closure,2026-05-01 18:00:00
CXL002156,FLT0044452,Low Booking Demand,2026-06-03 08:00:00
CXL002157,FLT0044459,Mechanical Issue,2026-05-23 02:30:00
CXL002158,FLT0044482,Air Traffic Control,2026-02-27 02:00:00
CXL002159,FLT0044512,Severe Weather,2026-08-01 16:15:00
CXL002160,FLT0044514,Low Booking Demand,2026-01-04 06:45:00
CXL002161,FLT0044518,Crew Shortage,2025-08-26 21:45:00
CXL002162,FLT0044591,Severe Weather,2026-07-31 07:45:00
CXL002163,FLT0044620,Mechanical Issue,2025-11-22 02:00:00
CXL002164,FLT0044657,Air Traffic Control,2025-11-26 05:45:00
CXL002165,FLT0044683,Airport Closure,2026-02-13 17:15:00
CXL002166,FLT0044685,Airport Closure,2025-12-26 07:00:00
CXL002167,FLT0044688,Airport Closure,2025-10-14 22:30:00
CXL002168,FLT0044735,Crew Shortage,2026-04-04 12:45:00
CXL002169,FLT0044749,Air Traffic Control,2025-12-25 20:45:00
CXL002170,FLT0044778,Crew Shortage,2026-04-30 12:00:00
CXL002171,FLT0044807,Air Traffic Control,2026-03-28 03:30:00
CXL002172,FLT0044815,Air Traffic Control,2026-01-20 12:15:00
CXL002173,FLT0044820,Airport Closure,2026-04-12 01:15:00
CXL002174,FLT0044828,Crew Shortage,2025-08-26 17:00:00
CXL002175,FLT0044860,Low Booking Demand,2025-09-06 07:45:00
CXL002176,FLT0044897,Severe Weather,2026-07-24 23:30:00
CXL002177,FLT0044946,Mechanical Issue,2025-07-31 21:45:00
CXL002178,FLT0044972,Crew Shortage,2026-03-01 09:00:00
CXL002179,FLT0045003,Mechanical Issue,2025-10-31 18:15:00
CXL002180,FLT0045010,Severe Weather,2026-05-12 02:15:00
CXL002181,FLT0045033,Airport Closure,2026-02-02 14:00:00
CXL002182,FLT0045045,Air Traffic Control,2025-12-11 02:15:00
CXL002183,FLT0045058,Mechanical Issue,2026-05-15 09:00:00
CXL002184,FLT0045067,Airport Closure,2026-03-11 18:30:00
CXL002185,FLT0045098,Crew Shortage,2026-04-14 10:00:00
CXL002186,FLT0045101,Severe Weather,2025-12-12 15:45:00
CXL002187,FLT0045110,Mechanical Issue,2026-02-28 17:30:00
CXL002188,FLT0045129,Air Traffic Control,2026-01-06 16:15:00
CXL002189,FLT0045154,Low Booking Demand,2025-09-11 05:45:00
CXL002190,FLT0045181,Low Booking Demand,2026-02-12 18:30:00
CXL002191,FLT0045184,Severe Weather,2026-01-02 20:15:00
CXL002192,FLT0045219,Low Booking Demand,2025-09-11 15:15:00
CXL002193,FLT0045222,Severe Weather,2026-01-13 13:00:00
CXL002194,FLT0045223,Airport Closure,2026-02-13 20:45:00
CXL002195,FLT0045241,Severe Weather,2026-01-26 16:00:00
CXL002196,FLT0045249,Airport Closure,2025-11-21 16:00:00
CXL002197,FLT0045255,Mechanical Issue,2026-06-26 20:00:00
CXL002198,FLT0045287,Severe Weather,2026-06-06 18:30:00
CXL002199,FLT0045296,Airport Closure,2025-09-14 02:30:00
CXL002200,FLT0045301,Airport Closure,2026-01-14 10:15:00
CXL002201,FLT0045332,Mechanical Issue,2025-10-17 21:45:00
CXL002202,FLT0045372,Crew Shortage,2025-10-07 20:45:00
CXL002203,FLT0045397,Severe Weather,2026-04-29 03:00:00
CXL002204,FLT0045411,Crew Shortage,2026-06-21 00:45:00
CXL002205,FLT0045443,Air Traffic Control,2026-07-16 09:30:00
CXL002206,FLT0045468,Severe Weather,2025-12-16 00:30:00
CXL002207,FLT0045527,Low Booking Demand,2026-05-07 00:00:00
CXL002208,FLT0045528,Crew Shortage,2026-05-13 16:00:00
CXL002209,FLT0045544,Low Booking Demand,2026-07-12 20:15:00
CXL002210,FLT0045565,Air Traffic Control,2025-08-02 12:00:00
CXL002211,FLT0045597,Severe Weather,2025-08-05 00:45:00
CXL002212,FLT0045610,Airport Closure,2026-02-09 05:30:00
CXL002213,FLT0045616,Crew Shortage,2025-08-01 06:15:00
CXL002214,FLT0045624,Severe Weather,2026-03-10 15:00:00
CXL002215,FLT0045629,Low Booking Demand,2026-05-30 20:45:00
CXL002216,FLT0045636,Air Traffic Control,2025-12-11 05:15:00
CXL002217,FLT0045644,Severe Weather,2025-09-26 03:15:00
CXL002218,FLT0045649,Crew Shortage,2026-03-24 09:00:00
CXL002219,FLT0045661,Severe Weather,2026-02-19 18:15:00
CXL002220,FLT0045667,Air Traffic Control,2025-10-11 03:45:00
CXL002221,FLT0045694,Low Booking Demand,2025-12-19 00:00:00
CXL002222,FLT0045701,Airport Closure,2025-08-24 00:45:00
CXL002223,FLT0045712,Severe Weather,2026-05-13 16:15:00
CXL002224,FLT0045722,Low Booking Demand,2026-07-30 16:45:00
CXL002225,FLT0045785,Crew Shortage,2026-03-12 00:30:00
CXL002226,FLT0045786,Mechanical Issue,2026-01-18 11:30:00
CXL002227,FLT0045812,Severe Weather,2026-07-16 03:00:00
CXL002228,FLT0045818,Air Traffic Control,2026-01-11 17:00:00
CXL002229,FLT0045856,Crew Shortage,2026-07-28 22:45:00
CXL002230,FLT0045870,Mechanical Issue,2025-10-09 00:45:00
CXL002231,FLT0045878,Airport Closure,2025-12-13 08:15:00
CXL002232,FLT0045951,Air Traffic Control,2025-12-18 17:15:00
CXL002233,FLT0045954,Crew Shortage,2025-09-19 10:45:00
CXL002234,FLT0046013,Low Booking Demand,2026-02-18 15:45:00
CXL002235,FLT0046026,Crew Shortage,2025-09-13 14:00:00
CXL002236,FLT0046031,Mechanical Issue,2025-08-15 01:00:00
CXL002237,FLT0046086,Low Booking Demand,2026-02-19 20:30:00
CXL002238,FLT0046091,Airport Closure,2026-06-28 05:00:00
CXL002239,FLT0046101,Crew Shortage,2025-08-14 04:30:00
CXL002240,FLT0046128,Airport Closure,2026-06-21 07:15:00
CXL002241,FLT0046261,Airport Closure,2026-07-22 05:00:00
CXL002242,FLT0046263,Severe Weather,2026-01-07 01:00:00
CXL002243,FLT0046267,Air Traffic Control,2025-12-05 21:15:00
CXL002244,FLT0046269,Crew Shortage,2025-09-25 06:30:00
CXL002245,FLT0046276,Low Booking Demand,2026-06-26 14:15:00
CXL002246,FLT0046285,Low Booking Demand,2025-11-16 15:30:00
CXL002247,FLT0046286,Crew Shortage,2026-04-07 17:00:00
CXL002248,FLT0046294,Mechanical Issue,2025-12-10 10:30:00
CXL002249,FLT0046313,Crew Shortage,2026-06-28 11:00:00
CXL002250,FLT0046359,Severe Weather,2025-08-01 14:00:00
CXL002251,FLT0046367,Severe Weather,2025-12-28 23:15:00
CXL002252,FLT0046413,Airport Closure,2026-02-04 08:00:00
CXL002253,FLT0046441,Crew Shortage,2025-08-02 22:15:00
CXL002254,FLT0046482,Low Booking Demand,2025-10-20 05:00:00
CXL002255,FLT0046497,Air Traffic Control,2025-12-19 17:15:00
CXL002256,FLT0046540,Air Traffic Control,2026-07-07 13:00:00
CXL002257,FLT0046546,Mechanical Issue,2026-03-02 23:45:00
CXL002258,FLT0046557,Low Booking Demand,2025-11-08 18:30:00
CXL002259,FLT0046590,Low Booking Demand,2025-08-09 05:30:00
CXL002260,FLT0046597,Mechanical Issue,2026-03-16 16:45:00
CXL002261,FLT0046622,Airport Closure,2026-07-13 18:30:00
CXL002262,FLT0046767,Low Booking Demand,2026-04-16 13:45:00
CXL002263,FLT0046769,Severe Weather,2025-11-20 14:15:00
CXL002264,FLT0046771,Severe Weather,2025-10-21 17:15:00
CXL002265,FLT0046793,Low Booking Demand,2025-11-07 02:15:00
CXL002266,FLT0046800,Severe Weather,2026-04-23 08:45:00
CXL002267,FLT0046807,Low Booking Demand,2026-04-02 06:30:00
CXL002268,FLT0046818,Severe Weather,2025-08-25 19:00:00
CXL002269,FLT0046836,Crew Shortage,2025-10-12 05:15:00
CXL002270,FLT0046838,Low Booking Demand,2026-02-17 11:15:00
CXL002271,FLT0046850,Airport Closure,2026-04-26 14:15:00
CXL002272,FLT0046881,Airport Closure,2025-09-22 18:30:00
CXL002273,FLT0046904,Air Traffic Control,2025-09-13 07:45:00
CXL002274,FLT0046908,Crew Shortage,2026-01-27 21:30:00
CXL002275,FLT0046909,Mechanical Issue,2026-06-17 06:45:00
CXL002276,FLT0046916,Air Traffic Control,2025-11-20 08:45:00
CXL002277,FLT0046922,Mechanical Issue,2025-11-27 05:00:00
CXL002278,FLT0046942,Airport Closure,2025-11-06 23:00:00
CXL002279,FLT0046958,Crew Shortage,2026-07-02 02:30:00
CXL002280,FLT0046987,Airport Closure,2025-12-11 09:30:00
CXL002281,FLT0046989,Mechanical Issue,2026-07-20 22:15:00
CXL002282,FLT0047027,Low Booking Demand,2025-08-06 22:45:00
CXL002283,FLT0047042,Severe Weather,2025-08-22 11:45:00
CXL002284,FLT0047050,Airport Closure,2026-07-23 17:30:00
CXL002285,FLT0047053,Mechanical Issue,2026-03-29 16:00:00
CXL002286,FLT0047060,Airport Closure,2026-04-03 19:30:00
CXL002287,FLT0047090,Severe Weather,2026-03-30 00:00:00
CXL002288,FLT0047096,Airport Closure,2025-11-16 10:15:00
CXL002289,FLT0047136,Crew Shortage,2026-02-01 16:15:00
CXL002290,FLT0047138,Mechanical Issue,2025-10-14 01:00:00
CXL002291,FLT0047193,Airport Closure,2025-11-01 17:00:00
CXL002292,FLT0047208,Severe Weather,2026-07-17 12:00:00
CXL002293,FLT0047224,Mechanical Issue,2026-01-10 11:15:00
CXL002294,FLT0047235,Severe Weather,2026-01-10 19:30:00
CXL002295,FLT0047269,Crew Shortage,2025-08-27 21:30:00
CXL002296,FLT0047311,Airport Closure,2026-01-28 01:45:00
CXL002297,FLT0047330,Air Traffic Control,2026-04-14 14:45:00
CXL002298,FLT0047355,Severe Weather,2025-09-28 05:00:00
CXL002299,FLT0047402,Crew Shortage,2026-02-14 16:00:00
CXL002300,FLT0047432,Low Booking Demand,2025-10-09 19:00:00
CXL002301,FLT0047474,Air Traffic Control,2026-06-12 19:30:00
CXL002302,FLT0047501,Air Traffic Control,2025-09-16 13:45:00
CXL002303,FLT0047504,Mechanical Issue,2026-05-30 20:45:00
CXL002304,FLT0047553,Air Traffic Control,2026-05-22 02:15:00
CXL002305,FLT0047559,Air Traffic Control,2025-11-01 14:15:00
CXL002306,FLT0047572,Low Booking Demand,2025-11-11 04:00:00
CXL002307,FLT0047579,Airport Closure,2026-04-26 15:30:00
CXL002308,FLT0047583,Air Traffic Control,2026-07-02 17:30:00
CXL002309,FLT0047641,Low Booking Demand,2026-02-18 08:45:00
CXL002310,FLT0047671,Air Traffic Control,2025-11-18 01:15:00
CXL002311,FLT0047710,Severe Weather,2026-06-18 10:00:00
CXL002312,FLT0047735,Severe Weather,2026-03-14 01:15:00
CXL002313,FLT0047770,Severe Weather,2026-02-22 07:30:00
CXL002314,FLT0047788,Severe Weather,2026-07-05 00:45:00
CXL002315,FLT0047800,Severe Weather,2025-10-18 20:45:00
CXL002316,FLT0047836,Air Traffic Control,2026-06-07 18:00:00
CXL002317,FLT0047840,Mechanical Issue,2025-11-06 00:00:00
CXL002318,FLT0047841,Airport Closure,2025-08-08 01:15:00
CXL002319,FLT0047898,Mechanical Issue,2025-10-30 14:15:00
CXL002320,FLT0047904,Crew Shortage,2025-10-29 00:30:00
CXL002321,FLT0047948,Crew Shortage,2025-08-27 00:00:00
CXL002322,FLT0047958,Low Booking Demand,2026-03-30 06:45:00
CXL002323,FLT0047971,Air Traffic Control,2026-01-12 07:15:00
CXL002324,FLT0047974,Low Booking Demand,2025-11-01 08:45:00
CXL002325,FLT0047979,Severe Weather,2025-12-31 11:00:00
CXL002326,FLT0047982,Mechanical Issue,2026-07-12 13:30:00
CXL002327,FLT0047991,Airport Closure,2025-08-10 09:15:00
CXL002328,FLT0047992,Airport Closure,2026-05-03 21:15:00
CXL002329,FLT0048008,Low Booking Demand,2025-10-20 21:30:00
CXL002330,FLT0048037,Air Traffic Control,2026-01-06 01:45:00
CXL002331,FLT0048039,Low Booking Demand,2025-08-06 12:45:00
CXL002332,FLT0048045,Crew Shortage,2025-09-11 22:45:00
CXL002333,FLT0048057,Airport Closure,2026-02-13 23:30:00
CXL002334,FLT0048077,Air Traffic Control,2026-06-02 21:30:00
CXL002335,FLT0048092,Low Booking Demand,2026-01-29 11:30:00
CXL002336,FLT0048104,Mechanical Issue,2026-02-11 20:45:00
CXL002337,FLT0048168,Crew Shortage,2026-06-13 05:30:00
CXL002338,FLT0048172,Airport Closure,2026-06-29 04:45:00
CXL002339,FLT0048180,Mechanical Issue,2026-04-29 06:00:00
CXL002340,FLT0048181,Severe Weather,2026-01-02 16:30:00
CXL002341,FLT0048197,Severe Weather,2025-11-28 01:45:00
CXL002342,FLT0048226,Airport Closure,2025-09-12 21:30:00
CXL002343,FLT0048231,Severe Weather,2026-05-21 00:15:00
CXL002344,FLT0048263,Severe Weather,2026-02-06 20:45:00
CXL002345,FLT0048329,Low Booking Demand,2026-05-16 22:30:00
CXL002346,FLT0048359,Low Booking Demand,2026-03-11 11:45:00
CXL002347,FLT0048377,Airport Closure,2026-04-22 17:00:00
CXL002348,FLT0048385,Crew Shortage,2025-09-12 16:30:00
CXL002349,FLT0048402,Severe Weather,2026-01-19 14:00:00
CXL002350,FLT0048426,Air Traffic Control,2026-02-05 06:15:00
CXL002351,FLT0048442,Severe Weather,2026-02-15 01:30:00
CXL002352,FLT0048463,Mechanical Issue,2025-08-08 02:15:00
CXL002353,FLT0048478,Airport Closure,2025-10-23 00:30:00
CXL002354,FLT0048490,Mechanical Issue,2026-03-10 23:45:00
CXL002355,FLT0048509,Crew Shortage,2026-03-19 09:00:00
CXL002356,FLT0048580,Mechanical Issue,2026-02-24 07:45:00
CXL002357,FLT0048594,Severe Weather,2026-01-28 01:30:00
CXL002358,FLT0048600,Low Booking Demand,2025-08-23 18:45:00
CXL002359,FLT0048629,Air Traffic Control,2025-09-02 01:30:00
CXL002360,FLT0048665,Air Traffic Control,2025-12-07 06:30:00
CXL002361,FLT0048712,Crew Shortage,2025-11-29 21:15:00
CXL002362,FLT0048725,Severe Weather,2026-06-23 06:15:00
CXL002363,FLT0048734,Mechanical Issue,2026-02-07 03:00:00
CXL002364,FLT0048752,Severe Weather,2025-09-07 13:45:00
CXL002365,FLT0048770,Airport Closure,2026-07-18 15:30:00
CXL002366,FLT0048777,Airport Closure,2025-08-17 23:00:00
CXL002367,FLT0048812,Mechanical Issue,2025-08-09 16:30:00
CXL002368,FLT0048815,Mechanical Issue,2026-03-25 14:00:00
CXL002369,FLT0048845,Severe Weather,2026-04-09 21:00:00
CXL002370,FLT0048849,Air Traffic Control,2025-08-29 23:30:00
CXL002371,FLT0048872,Airport Closure,2026-04-09 19:15:00
CXL002372,FLT0048944,Severe Weather,2026-01-31 23:30:00
CXL002373,FLT0048955,Low Booking Demand,2026-03-17 09:30:00
CXL002374,FLT0048978,Airport Closure,2025-08-04 10:30:00
CXL002375,FLT0049018,Airport Closure,2026-04-04 05:15:00
CXL002376,FLT0049020,Airport Closure,2025-09-11 06:45:00
CXL002377,FLT0049021,Mechanical Issue,2026-05-21 03:45:00
CXL002378,FLT0049028,Air Traffic Control,2026-03-08 20:45:00
CXL002379,FLT0049038,Air Traffic Control,2025-08-14 17:45:00
CXL002380,FLT0049040,Low Booking Demand,2026-02-03 14:15:00
CXL002381,FLT0049048,Low Booking Demand,2025-09-23 10:00:00
CXL002382,FLT0049083,Airport Closure,2026-07-20 04:45:00
CXL002383,FLT0049086,Mechanical Issue,2025-12-14 01:00:00
CXL002384,FLT0049091,Airport Closure,2025-09-09 21:45:00
CXL002385,FLT0049103,Severe Weather,2026-04-11 22:30:00
CXL002386,FLT0049143,Air Traffic Control,2026-07-21 23:30:00
CXL002387,FLT0049144,Crew Shortage,2026-02-02 09:00:00
CXL002388,FLT0049146,Mechanical Issue,2026-03-26 18:00:00
CXL002389,FLT0049164,Air Traffic Control,2025-12-13 03:45:00
CXL002390,FLT0049200,Airport Closure,2025-08-28 01:15:00
CXL002391,FLT0049202,Airport Closure,2025-10-26 03:30:00
CXL002392,FLT0049226,Air Traffic Control,2026-06-14 02:00:00
CXL002393,FLT0049238,Crew Shortage,2026-04-30 22:00:00
CXL002394,FLT0049240,Airport Closure,2025-10-02 13:00:00
CXL002395,FLT0049249,Air Traffic Control,2026-02-10 08:45:00
CXL002396,FLT0049263,Air Traffic Control,2026-01-27 05:30:00
CXL002397,FLT0049285,Severe Weather,2026-07-14 16:15:00
CXL002398,FLT0049299,Airport Closure,2025-10-20 11:45:00
CXL002399,FLT0049310,Severe Weather,2026-05-13 08:15:00
CXL002400,FLT0049322,Severe Weather,2026-04-13 20:30:00
CXL002401,FLT0049339,Low Booking Demand,2026-05-19 00:15:00
CXL002402,FLT0049365,Air Traffic Control,2025-10-24 15:45:00
CXL002403,FLT0049366,Mechanical Issue,2025-10-07 07:00:00
CXL002404,FLT0049373,Airport Closure,2025-12-08 19:30:00
CXL002405,FLT0049402,Airport Closure,2026-05-26 20:30:00
CXL002406,FLT0049419,Airport Closure,2026-02-21 07:15:00
CXL002407,FLT0049427,Low Booking Demand,2025-10-19 23:00:00
CXL002408,FLT0049433,Airport Closure,2026-07-30 19:00:00
CXL002409,FLT0049442,Crew Shortage,2026-02-22 19:30:00
CXL002410,FLT0049449,Severe Weather,2026-02-11 23:00:00
CXL002411,FLT0049452,Low Booking Demand,2026-01-20 04:15:00
CXL002412,FLT0049492,Severe Weather,2025-09-10 20:00:00
CXL002413,FLT0049498,Mechanical Issue,2026-03-21 17:00:00
CXL002414,FLT0049578,Mechanical Issue,2026-06-06 18:45:00
CXL002415,FLT0049588,Air Traffic Control,2025-11-05 09:15:00
CXL002416,FLT0049613,Severe Weather,2026-05-19 11:15:00
CXL002417,FLT0049620,Mechanical Issue,2026-01-30 18:15:00
CXL002418,FLT0049632,Crew Shortage,2025-11-20 06:00:00
CXL002419,FLT0049675,Severe Weather,2025-10-13 00:45:00
CXL002420,FLT0049689,Air Traffic Control,2025-10-22 08:15:00
CXL002421,FLT0049719,Low Booking Demand,2026-01-22 02:00:00
CXL002422,FLT0049724,Airport Closure,2025-12-19 18:00:00
CXL002423,FLT0049734,Severe Weather,2025-11-06 00:30:00
CXL002424,FLT0049756,Mechanical Issue,2025-09-10 19:45:00
CXL002425,FLT0049808,Mechanical Issue,2025-08-02 03:00:00
CXL002426,FLT0049849,Severe Weather,2026-06-01 08:15:00
CXL002427,FLT0049865,Low Booking Demand,2025-12-13 04:45:00
CXL002428,FLT0049876,Low Booking Demand,2026-03-12 19:15:00
CXL002429,FLT0049878,Low Booking Demand,2025-11-15 18:45:00
CXL002430,FLT0049889,Air Traffic Control,2025-11-01 14:00:00
CXL002431,FLT0049923,Air Traffic Control,2025-12-09 18:45:00
CXL002432,FLT0049948,Mechanical Issue,2025-11-18 07:30:00
CXL002433,FLT0049979,Airport Closure,2026-07-09 00:30:00
CXL002434,FLT0050016,Mechanical Issue,2026-04-06 10:45:00
CXL002435,FLT0050035,Air Traffic Control,2026-01-23 13:45:00
CXL002436,FLT0050058,Low Booking Demand,2025-07-31 13:15:00
CXL002437,FLT0050080,Low Booking Demand,2025-08-25 07:30:00
CXL002438,FLT0050089,Air Traffic Control,2025-11-22 00:30:00
CXL002439,FLT0050187,Severe Weather,2025-11-01 12:15:00
CXL002440,FLT0050198,Severe Weather,2025-12-02 16:00:00
CXL002441,FLT0050254,Airport Closure,2025-08-14 22:45:00
CXL002442,FLT0050256,Mechanical Issue,2026-06-20 06:30:00
CXL002443,FLT0050261,Air Traffic Control,2026-05-25 04:00:00
CXL002444,FLT0050269,Mechanical Issue,2026-07-28 08:00:00
CXL002445,FLT0050312,Airport Closure,2025-10-27 02:45:00
CXL002446,FLT0050319,Airport Closure,2025-12-30 15:00:00
CXL002447,FLT0050358,Crew Shortage,2026-07-24 10:30:00
CXL002448,FLT0050405,Air Traffic Control,2025-08-26 13:00:00
CXL002449,FLT0050416,Low Booking Demand,2025-12-23 16:45:00
CXL002450,FLT0050418,Crew Shortage,2026-01-28 12:45:00
CXL002451,FLT0050468,Mechanical Issue,2026-04-02 22:15:00
CXL002452,FLT0050481,Mechanical Issue,2025-11-10 02:45:00
CXL002453,FLT0050541,Mechanical Issue,2026-03-19 06:15:00
CXL002454,FLT0050544,Airport Closure,2026-06-07 12:30:00
CXL002455,FLT0050550,Airport Closure,2026-04-01 19:30:00
CXL002456,FLT0050588,Airport Closure,2026-07-04 00:15:00
CXL002457,FLT0050642,Mechanical Issue,2026-07-09 12:15:00
CXL002458,FLT0050652,Crew Shortage,2026-06-06 12:15:00
CXL002459,FLT0050734,Severe Weather,2026-03-09 03:00:00
CXL002460,FLT0050779,Mechanical Issue,2026-05-26 01:45:00
CXL002461,FLT0050830,Crew Shortage,2026-02-26 07:00:00
CXL002462,FLT0050843,Air Traffic Control,2026-02-27 01:00:00
CXL002463,FLT0050930,Crew Shortage,2026-01-18 21:45:00
CXL002464,FLT0050946,Airport Closure,2025-12-15 18:00:00
CXL002465,FLT0050959,Mechanical Issue,2025-12-12 03:30:00
CXL002466,FLT0051036,Air Traffic Control,2026-02-13 05:15:00
CXL002467,FLT0051043,Mechanical Issue,2025-12-06 12:00:00
CXL002468,FLT0051051,Air Traffic Control,2025-12-16 15:45:00
CXL002469,FLT0051062,Severe Weather,2025-11-10 05:15:00
CXL002470,FLT0051065,Airport Closure,2025-12-10 04:30:00
CXL002471,FLT0051066,Crew Shortage,2026-05-30 15:15:00
CXL002472,FLT0051091,Severe Weather,2025-08-12 01:15:00
CXL002473,FLT0051111,Air Traffic Control,2026-01-01 17:15:00
CXL002474,FLT0051112,Crew Shortage,2026-05-14 15:30:00
CXL002475,FLT0051151,Mechanical Issue,2026-02-07 13:45:00
CXL002476,FLT0051152,Air Traffic Control,2026-02-24 18:00:00
CXL002477,FLT0051172,Crew Shortage,2026-01-16 17:45:00
CXL002478,FLT0051181,Mechanical Issue,2025-08-16 07:30:00
CXL002479,FLT0051212,Airport Closure,2025-12-26 15:00:00
CXL002480,FLT0051248,Low Booking Demand,2026-07-29 18:15:00
CXL002481,FLT0051254,Crew Shortage,2025-10-21 00:15:00
CXL002482,FLT0051266,Air Traffic Control,2026-02-04 00:30:00
CXL002483,FLT0051281,Severe Weather,2025-09-24 06:15:00
CXL002484,FLT0051322,Air Traffic Control,2025-08-09 19:00:00
CXL002485,FLT0051327,Mechanical Issue,2025-10-16 01:15:00
CXL002486,FLT0051328,Low Booking Demand,2026-06-24 07:30:00
CXL002487,FLT0051340,Mechanical Issue,2026-01-29 22:30:00
CXL002488,FLT0051361,Severe Weather,2025-10-26 05:00:00
CXL002489,FLT0051378,Severe Weather,2026-05-07 14:00:00
CXL002490,FLT0051445,Air Traffic Control,2025-10-29 21:15:00
CXL002491,FLT0051450,Severe Weather,2025-08-12 23:30:00
CXL002492,FLT0051515,Severe Weather,2025-09-18 14:15:00
CXL002493,FLT0051549,Crew Shortage,2026-05-23 11:45:00
CXL002494,FLT0051552,Low Booking Demand,2026-02-15 12:15:00
CXL002495,FLT0051560,Low Booking Demand,2026-06-14 17:45:00
CXL002496,FLT0051565,Crew Shortage,2026-05-21 03:45:00
CXL002497,FLT0051569,Airport Closure,2026-07-26 23:30:00
CXL002498,FLT0051618,Crew Shortage,2025-11-08 09:15:00
CXL002499,FLT0051671,Air Traffic Control,2025-12-07 22:00:00
CXL002500,FLT0051695,Severe Weather,2026-03-30 06:45:00
CXL002501,FLT0051702,Air Traffic Control,2025-08-23 03:30:00
CXL002502,FLT0051713,Air Traffic Control,2026-05-16 22:15:00
CXL002503,FLT0051722,Airport Closure,2026-03-29 23:45:00
CXL002504,FLT0051723,Air Traffic Control,2026-07-17 09:15:00
CXL002505,FLT0051762,Crew Shortage,2026-01-20 19:00:00
CXL002506,FLT0051770,Low Booking Demand,2025-08-31 15:00:00
CXL002507,FLT0051776,Airport Closure,2026-03-26 02:30:00
CXL002508,FLT0051787,Crew Shortage,2026-05-18 16:30:00
CXL002509,FLT0051801,Airport Closure,2026-02-06 03:00:00
CXL002510,FLT0051817,Airport Closure,2025-09-01 06:45:00
CXL002511,FLT0051828,Airport Closure,2025-12-12 19:15:00
CXL002512,FLT0051834,Low Booking Demand,2026-06-02 10:15:00
CXL002513,FLT0051836,Low Booking Demand,2026-02-14 14:45:00
CXL002514,FLT0051838,Low Booking Demand,2026-07-04 13:00:00
CXL002515,FLT0051839,Mechanical Issue,2026-06-13 08:15:00
CXL002516,FLT0051862,Air Traffic Control,2026-02-25 12:30:00
CXL002517,FLT0051911,Air Traffic Control,2025-09-17 00:15:00
CXL002518,FLT0051942,Crew Shortage,2026-01-29 19:30:00
CXL002519,FLT0051950,Crew Shortage,2025-08-13 09:30:00
CXL002520,FLT0051953,Mechanical Issue,2026-05-28 12:00:00
CXL002521,FLT0052013,Severe Weather,2026-04-16 09:00:00
CXL002522,FLT0052017,Severe Weather,2025-10-16 14:00:00
CXL002523,FLT0052025,Airport Closure,2026-03-14 04:30:00
CXL002524,FLT0052048,Crew Shortage,2026-01-11 18:30:00
CXL002525,FLT0052062,Low Booking Demand,2025-08-28 19:00:00
CXL002526,FLT0052093,Low Booking Demand,2025-10-25 03:45:00
CXL002527,FLT0052102,Severe Weather,2025-09-04 04:45:00
CXL002528,FLT0052112,Airport Closure,2026-05-04 20:30:00
CXL002529,FLT0052117,Mechanical Issue,2025-08-31 00:00:00
CXL002530,FLT0052124,Crew Shortage,2025-08-27 07:45:00
CXL002531,FLT0052127,Air Traffic Control,2025-09-15 07:30:00
CXL002532,FLT0052156,Mechanical Issue,2025-11-13 12:45:00
CXL002533,FLT0052166,Mechanical Issue,2025-11-22 19:00:00
CXL002534,FLT0052211,Air Traffic Control,2026-04-15 07:45:00
CXL002535,FLT0052216,Mechanical Issue,2025-12-12 07:00:00
CXL002536,FLT0052245,Airport Closure,2025-11-13 12:15:00
CXL002537,FLT0052250,Low Booking Demand,2025-12-20 06:15:00
CXL002538,FLT0052297,Air Traffic Control,2025-09-29 18:30:00
CXL002539,FLT0052311,Severe Weather,2026-02-23 03:45:00
CXL002540,FLT0052312,Crew Shortage,2026-04-02 02:30:00
CXL002541,FLT0052332,Mechanical Issue,2025-08-31 17:30:00
CXL002542,FLT0052381,Severe Weather,2026-05-11 17:00:00
CXL002543,FLT0052412,Airport Closure,2025-12-23 07:00:00
CXL002544,FLT0052436,Crew Shortage,2025-08-31 10:15:00
CXL002545,FLT0052441,Severe Weather,2026-04-01 13:15:00
CXL002546,FLT0052469,Airport Closure,2025-10-03 02:30:00
CXL002547,FLT0052484,Low Booking Demand,2026-03-20 03:15:00
CXL002548,FLT0052519,Severe Weather,2026-04-13 14:00:00
CXL002549,FLT0052534,Airport Closure,2026-02-14 08:30:00
CXL002550,FLT0052544,Mechanical Issue,2025-09-14 11:45:00
CXL002551,FLT0052546,Severe Weather,2026-01-10 01:00:00
CXL002552,FLT0052560,Low Booking Demand,2025-11-02 23:30:00
CXL002553,FLT0052565,Crew Shortage,2026-04-22 05:45:00
CXL002554,FLT0052612,Severe Weather,2025-08-29 00:00:00
CXL002555,FLT0052628,Severe Weather,2026-06-30 00:15:00
CXL002556,FLT0052656,Severe Weather,2025-12-02 16:45:00
CXL002557,FLT0052661,Air Traffic Control,2026-01-17 01:30:00
CXL002558,FLT0052676,Low Booking Demand,2025-11-12 12:45:00
CXL002559,FLT0052682,Airport Closure,2026-02-06 21:15:00
CXL002560,FLT0052687,Crew Shortage,2025-09-30 02:45:00
CXL002561,FLT0052746,Airport Closure,2026-02-25 17:00:00
CXL002562,FLT0052772,Crew Shortage,2025-11-29 16:00:00
CXL002563,FLT0052779,Crew Shortage,2026-02-14 22:45:00
CXL002564,FLT0052799,Mechanical Issue,2026-05-16 15:00:00
CXL002565,FLT0052827,Low Booking Demand,2025-12-31 10:30:00
CXL002566,FLT0052875,Low Booking Demand,2026-06-04 22:00:00
CXL002567,FLT0052876,Severe Weather,2026-07-08 04:00:00
CXL002568,FLT0052879,Mechanical Issue,2025-12-31 16:45:00
CXL002569,FLT0052899,Crew Shortage,2026-01-08 09:00:00
CXL002570,FLT0052901,Mechanical Issue,2025-11-16 23:15:00
CXL002571,FLT0052904,Severe Weather,2026-01-05 19:45:00
CXL002572,FLT0052908,Low Booking Demand,2026-01-17 20:30:00
CXL002573,FLT0052913,Crew Shortage,2026-01-23 04:00:00
CXL002574,FLT0052935,Low Booking Demand,2025-10-25 05:30:00
CXL002575,FLT0052951,Mechanical Issue,2025-08-10 09:30:00
CXL002576,FLT0052954,Severe Weather,2025-09-04 14:45:00
CXL002577,FLT0052966,Mechanical Issue,2026-05-08 13:00:00
CXL002578,FLT0052970,Mechanical Issue,2026-04-29 03:15:00
CXL002579,FLT0053015,Low Booking Demand,2025-09-19 07:00:00
CXL002580,FLT0053024,Mechanical Issue,2026-07-30 17:45:00
CXL002581,FLT0053025,Severe Weather,2026-05-10 11:30:00
CXL002582,FLT0053051,Mechanical Issue,2025-11-05 04:15:00
CXL002583,FLT0053102,Airport Closure,2026-04-28 20:15:00
CXL002584,FLT0053152,Mechanical Issue,2026-05-30 22:30:00
CXL002585,FLT0053183,Mechanical Issue,2025-08-08 19:45:00
CXL002586,FLT0053189,Air Traffic Control,2026-06-23 14:00:00
CXL002587,FLT0053215,Crew Shortage,2025-09-21 20:00:00
CXL002588,FLT0053246,Airport Closure,2026-07-27 19:45:00
CXL002589,FLT0053266,Air Traffic Control,2026-03-08 21:00:00
CXL002590,FLT0053282,Airport Closure,2026-06-04 19:00:00
CXL002591,FLT0053305,Air Traffic Control,2025-12-31 08:30:00
CXL002592,FLT0053314,Airport Closure,2026-01-18 08:45:00
CXL002593,FLT0053416,Airport Closure,2025-08-26 17:00:00
CXL002594,FLT0053450,Low Booking Demand,2025-11-14 13:45:00
CXL002595,FLT0053455,Low Booking Demand,2025-10-10 02:30:00
CXL002596,FLT0053460,Low Booking Demand,2026-06-03 20:45:00
CXL002597,FLT0053474,Air Traffic Control,2026-08-01 17:15:00
CXL002598,FLT0053498,Mechanical Issue,2026-02-21 04:15:00
CXL002599,FLT0053545,Airport Closure,2025-10-31 04:45:00
CXL002600,FLT0053604,Crew Shortage,2026-04-10 15:45:00
CXL002601,FLT0053610,Airport Closure,2026-07-27 17:45:00
CXL002602,FLT0053612,Low Booking Demand,2025-11-30 01:30:00
CXL002603,FLT0053625,Airport Closure,2026-01-25 17:15:00
CXL002604,FLT0053653,Air Traffic Control,2026-03-15 11:45:00
CXL002605,FLT0053654,Airport Closure,2025-12-23 04:30:00
CXL002606,FLT0053657,Severe Weather,2026-03-19 09:00:00
CXL002607,FLT0053661,Low Booking Demand,2026-05-19 03:45:00
CXL002608,FLT0053665,Low Booking Demand,2026-04-10 07:30:00
CXL002609,FLT0053680,Severe Weather,2025-11-27 19:15:00
CXL002610,FLT0053686,Air Traffic Control,2026-02-02 14:45:00
CXL002611,FLT0053689,Mechanical Issue,2025-09-09 21:45:00
CXL002612,FLT0053693,Low Booking Demand,2025-10-08 00:00:00
CXL002613,FLT0053706,Airport Closure,2025-10-22 19:45:00
CXL002614,FLT0053712,Air Traffic Control,2025-09-06 18:15:00
CXL002615,FLT0053719,Airport Closure,2026-04-11 00:30:00
CXL002616,FLT0053768,Severe Weather,2025-09-21 15:00:00
CXL002617,FLT0053770,Mechanical Issue,2026-03-01 17:45:00
CXL002618,FLT0053783,Crew Shortage,2025-09-25 03:30:00
CXL002619,FLT0053784,Mechanical Issue,2026-05-21 15:00:00
CXL002620,FLT0053808,Air Traffic Control,2026-02-11 19:45:00
CXL002621,FLT0053881,Severe Weather,2026-04-03 01:15:00
CXL002622,FLT0053909,Mechanical Issue,2025-09-23 18:45:00
CXL002623,FLT0053931,Airport Closure,2026-02-27 15:00:00
CXL002624,FLT0053966,Severe Weather,2026-03-14 13:00:00
CXL002625,FLT0053974,Mechanical Issue,2025-09-05 13:00:00
CXL002626,FLT0053996,Air Traffic Control,2026-06-24 23:45:00
CXL002627,FLT0054007,Severe Weather,2026-07-01 15:45:00
CXL002628,FLT0054029,Crew Shortage,2025-09-16 14:00:00
CXL002629,FLT0054040,Low Booking Demand,2025-08-30 23:30:00
CXL002630,FLT0054069,Air Traffic Control,2025-11-21 12:15:00
CXL002631,FLT0054098,Airport Closure,2026-05-26 00:15:00
CXL002632,FLT0054109,Airport Closure,2025-08-16 13:00:00
CXL002633,FLT0054170,Mechanical Issue,2025-10-24 00:30:00
CXL002634,FLT0054173,Severe Weather,2026-04-15 07:15:00
CXL002635,FLT0054234,Mechanical Issue,2025-11-24 10:00:00
CXL002636,FLT0054240,Severe Weather,2026-02-07 13:45:00
CXL002637,FLT0054262,Air Traffic Control,2026-05-17 20:15:00
CXL002638,FLT0054291,Air Traffic Control,2026-04-13 01:45:00
CXL002639,FLT0054321,Airport Closure,2026-01-31 12:30:00
CXL002640,FLT0054325,Airport Closure,2026-01-30 23:00:00
CXL002641,FLT0054338,Severe Weather,2026-02-24 09:15:00
CXL002642,FLT0054361,Low Booking Demand,2026-03-18 17:00:00
CXL002643,FLT0054392,Severe Weather,2025-12-08 23:00:00
CXL002644,FLT0054464,Mechanical Issue,2025-12-10 13:45:00
CXL002645,FLT0054478,Air Traffic Control,2026-05-25 22:30:00
CXL002646,FLT0054518,Airport Closure,2025-12-28 05:45:00
CXL002647,FLT0054520,Crew Shortage,2025-10-16 03:30:00
CXL002648,FLT0054537,Airport Closure,2026-01-04 11:45:00
CXL002649,FLT0054538,Severe Weather,2025-12-23 10:00:00
CXL002650,FLT0054546,Severe Weather,2026-03-11 19:45:00
CXL002651,FLT0054582,Air Traffic Control,2025-11-05 19:30:00
CXL002652,FLT0054670,Low Booking Demand,2026-02-10 00:00:00
CXL002653,FLT0054677,Crew Shortage,2026-05-14 01:00:00
CXL002654,FLT0054688,Severe Weather,2026-04-06 11:00:00
CXL002655,FLT0054693,Crew Shortage,2025-08-05 23:15:00
CXL002656,FLT0054750,Air Traffic Control,2025-12-30 23:15:00
CXL002657,FLT0054753,Mechanical Issue,2025-09-27 08:45:00
CXL002658,FLT0054767,Mechanical Issue,2025-12-05 20:00:00
CXL002659,FLT0054794,Crew Shortage,2025-11-16 01:45:00
CXL002660,FLT0054800,Airport Closure,2025-11-03 08:30:00
CXL002661,FLT0054809,Airport Closure,2025-12-20 08:00:00
CXL002662,FLT0054821,Low Booking Demand,2025-09-11 18:00:00
CXL002663,FLT0054855,Severe Weather,2025-08-31 17:00:00
CXL002664,FLT0054881,Crew Shortage,2026-06-05 09:30:00
CXL002665,FLT0054885,Low Booking Demand,2026-05-16 13:30:00
CXL002666,FLT0054916,Crew Shortage,2025-10-31 14:00:00
CXL002667,FLT0054964,Severe Weather,2026-01-20 01:30:00
CXL002668,FLT0054978,Severe Weather,2025-12-21 05:30:00
CXL002669,FLT0055006,Airport Closure,2026-05-02 18:00:00
CXL002670,FLT0055024,Severe Weather,2026-01-29 09:45:00
CXL002671,FLT0055026,Airport Closure,2026-05-14 01:00:00
CXL002672,FLT0055059,Mechanical Issue,2026-03-06 13:45:00
CXL002673,FLT0055062,Airport Closure,2025-12-20 21:30:00
CXL002674,FLT0055113,Airport Closure,2026-02-06 02:00:00
CXL002675,FLT0055175,Air Traffic Control,2026-06-26 12:00:00
CXL002676,FLT0055207,Airport Closure,2025-10-27 03:15:00
CXL002677,FLT0055234,Airport Closure,2026-06-20 18:30:00
CXL002678,FLT0055240,Crew Shortage,2025-12-13 10:15:00
CXL002679,FLT0055332,Mechanical Issue,2026-06-08 18:00:00
CXL002680,FLT0055366,Crew Shortage,2026-04-09 23:15:00
CXL002681,FLT0055369,Air Traffic Control,2025-12-03 23:15:00
CXL002682,FLT0055390,Crew Shortage,2025-12-19 09:45:00
CXL002683,FLT0055393,Mechanical Issue,2026-05-29 00:45:00
CXL002684,FLT0055408,Mechanical Issue,2025-08-26 04:00:00
CXL002685,FLT0055452,Low Booking Demand,2025-10-01 08:00:00
CXL002686,FLT0055499,Low Booking Demand,2026-01-25 18:00:00
CXL002687,FLT0055508,Air Traffic Control,2026-02-01 19:15:00
CXL002688,FLT0055513,Air Traffic Control,2025-09-22 06:45:00
CXL002689,FLT0055518,Low Booking Demand,2025-08-27 16:00:00
CXL002690,FLT0055530,Mechanical Issue,2025-09-16 18:30:00
CXL002691,FLT0055533,Severe Weather,2026-07-15 12:30:00
CXL002692,FLT0055536,Crew Shortage,2025-09-09 03:30:00
CXL002693,FLT0055537,Mechanical Issue,2026-01-11 20:15:00
CXL002694,FLT0055547,Airport Closure,2026-05-17 00:45:00
CXL002695,FLT0055569,Airport Closure,2026-01-17 10:30:00
CXL002696,FLT0055615,Severe Weather,2025-10-22 22:30:00
CXL002697,FLT0055630,Air Traffic Control,2026-03-20 10:00:00
CXL002698,FLT0055649,Air Traffic Control,2026-03-11 22:45:00
CXL002699,FLT0055661,Low Booking Demand,2026-05-16 07:15:00
CXL002700,FLT0055695,Airport Closure,2025-11-30 12:30:00
CXL002701,FLT0055714,Mechanical Issue,2025-12-17 09:00:00
CXL002702,FLT0055716,Crew Shortage,2026-04-15 15:00:00
CXL002703,FLT0055740,Mechanical Issue,2026-01-01 08:00:00
CXL002704,FLT0055759,Severe Weather,2026-06-02 21:00:00
CXL002705,FLT0055771,Airport Closure,2026-05-28 01:15:00
CXL002706,FLT0055773,Crew Shortage,2026-01-28 19:30:00
CXL002707,FLT0055784,Low Booking Demand,2026-02-10 10:00:00
CXL002708,FLT0055824,Low Booking Demand,2026-05-31 11:15:00
CXL002709,FLT0055829,Mechanical Issue,2026-03-27 04:30:00
CXL002710,FLT0055854,Mechanical Issue,2025-09-28 14:30:00
CXL002711,FLT0055904,Mechanical Issue,2026-02-28 09:45:00
CXL002712,FLT0055919,Severe Weather,2026-03-04 21:15:00
CXL002713,FLT0055925,Mechanical Issue,2025-11-20 16:30:00
CXL002714,FLT0055976,Air Traffic Control,2025-11-12 11:30:00
CXL002715,FLT0056007,Air Traffic Control,2026-02-25 23:15:00
CXL002716,FLT0056011,Air Traffic Control,2026-02-08 05:00:00
CXL002717,FLT0056076,Airport Closure,2025-08-04 07:15:00
CXL002718,FLT0056101,Air Traffic Control,2026-01-15 00:00:00
CXL002719,FLT0056121,Crew Shortage,2025-08-03 06:00:00
CXL002720,FLT0056156,Mechanical Issue,2026-01-17 01:45:00
CXL002721,FLT0056162,Severe Weather,2026-01-23 18:00:00
CXL002722,FLT0056197,Air Traffic Control,2025-11-09 08:30:00
CXL002723,FLT0056203,Crew Shortage,2026-03-05 09:15:00
CXL002724,FLT0056244,Air Traffic Control,2026-07-30 17:45:00
CXL002725,FLT0056281,Mechanical Issue,2026-05-16 07:15:00
CXL002726,FLT0056288,Severe Weather,2025-09-14 17:00:00
CXL002727,FLT0056301,Low Booking Demand,2025-10-03 02:15:00
CXL002728,FLT0056307,Mechanical Issue,2025-08-11 11:45:00
CXL002729,FLT0056317,Airport Closure,2026-07-21 13:45:00
CXL002730,FLT0056360,Crew Shortage,2026-04-19 10:30:00
CXL002731,FLT0056365,Mechanical Issue,2025-11-03 09:30:00
CXL002732,FLT0056428,Severe Weather,2025-12-27 01:45:00
CXL002733,FLT0056438,Air Traffic Control,2026-06-29 02:15:00
CXL002734,FLT0056465,Airport Closure,2025-11-04 20:00:00
CXL002735,FLT0056508,Mechanical Issue,2026-01-22 04:00:00
CXL002736,FLT0056528,Airport Closure,2026-04-16 09:15:00
CXL002737,FLT0056549,Air Traffic Control,2025-09-20 07:00:00
CXL002738,FLT0056586,Crew Shortage,2026-07-14 17:30:00
CXL002739,FLT0056595,Airport Closure,2025-10-13 14:45:00
CXL002740,FLT0056620,Low Booking Demand,2025-08-10 02:15:00
CXL002741,FLT0056669,Low Booking Demand,2026-04-28 17:45:00
CXL002742,FLT0056714,Air Traffic Control,2025-09-14 05:15:00
CXL002743,FLT0056740,Crew Shortage,2025-11-16 15:00:00
CXL002744,FLT0056777,Severe Weather,2026-08-01 06:45:00
CXL002745,FLT0056781,Severe Weather,2025-08-12 02:45:00
CXL002746,FLT0056788,Air Traffic Control,2026-03-21 21:15:00
CXL002747,FLT0056798,Crew Shortage,2026-04-09 02:15:00
CXL002748,FLT0056828,Low Booking Demand,2025-11-21 03:45:00
CXL002749,FLT0056843,Low Booking Demand,2026-01-21 19:45:00
CXL002750,FLT0056869,Air Traffic Control,2025-11-16 08:15:00
CXL002751,FLT0056890,Low Booking Demand,2026-02-07 02:00:00
CXL002752,FLT0056922,Air Traffic Control,2025-11-14 12:15:00
CXL002753,FLT0056932,Mechanical Issue,2026-01-14 09:45:00
CXL002754,FLT0056939,Mechanical Issue,2025-09-03 15:30:00
CXL002755,FLT0056948,Airport Closure,2026-06-23 18:45:00
CXL002756,FLT0056953,Mechanical Issue,2026-01-30 11:45:00
CXL002757,FLT0056983,Crew Shortage,2025-10-26 15:45:00
CXL002758,FLT0056997,Low Booking Demand,2026-01-27 05:45:00
CXL002759,FLT0056999,Severe Weather,2026-02-22 11:00:00
CXL002760,FLT0057011,Mechanical Issue,2026-05-23 13:15:00
CXL002761,FLT0057032,Low Booking Demand,2026-03-27 09:15:00
CXL002762,FLT0057050,Low Booking Demand,2026-07-28 15:45:00
CXL002763,FLT0057052,Severe Weather,2025-12-18 18:30:00
CXL002764,FLT0057087,Air Traffic Control,2025-09-18 09:15:00
CXL002765,FLT0057093,Crew Shortage,2026-07-27 20:00:00
CXL002766,FLT0057111,Airport Closure,2025-10-14 03:45:00
CXL002767,FLT0057128,Crew Shortage,2026-04-02 16:30:00
CXL002768,FLT0057159,Mechanical Issue,2026-07-20 11:45:00
CXL002769,FLT0057171,Crew Shortage,2026-02-19 00:15:00
CXL002770,FLT0057184,Airport Closure,2026-02-13 02:00:00
CXL002771,FLT0057216,Severe Weather,2026-06-13 11:45:00
CXL002772,FLT0057221,Crew Shortage,2025-10-13 14:15:00
CXL002773,FLT0057275,Airport Closure,2025-09-10 01:45:00
CXL002774,FLT0057296,Air Traffic Control,2026-06-12 22:15:00
CXL002775,FLT0057314,Mechanical Issue,2025-08-08 23:30:00
CXL002776,FLT0057325,Crew Shortage,2026-03-05 23:30:00
CXL002777,FLT0057330,Air Traffic Control,2026-06-06 05:15:00
CXL002778,FLT0057365,Mechanical Issue,2026-07-04 22:30:00
CXL002779,FLT0057371,Mechanical Issue,2026-05-07 13:00:00
CXL002780,FLT0057415,Severe Weather,2026-06-04 21:15:00
CXL002781,FLT0057440,Crew Shortage,2025-12-18 02:15:00
CXL002782,FLT0057443,Mechanical Issue,2026-07-14 03:30:00
CXL002783,FLT0057470,Low Booking Demand,2025-09-08 08:45:00
CXL002784,FLT0057496,Low Booking Demand,2026-02-22 01:45:00
CXL002785,FLT0057510,Crew Shortage,2026-04-04 11:30:00
CXL002786,FLT0057523,Airport Closure,2025-12-07 04:45:00
CXL002787,FLT0057576,Crew Shortage,2026-01-23 01:00:00
CXL002788,FLT0057592,Crew Shortage,2026-01-08 04:15:00
CXL002789,FLT0057600,Low Booking Demand,2025-09-24 20:15:00
CXL002790,FLT0057612,Airport Closure,2026-06-27 19:00:00
CXL002791,FLT0057615,Severe Weather,2026-02-18 18:15:00
CXL002792,FLT0057634,Mechanical Issue,2026-03-26 01:30:00
CXL002793,FLT0057652,Mechanical Issue,2026-02-13 08:15:00
CXL002794,FLT0057686,Crew Shortage,2026-01-26 01:30:00
CXL002795,FLT0057717,Severe Weather,2026-01-29 12:00:00
CXL002796,FLT0057735,Airport Closure,2026-02-27 06:45:00
CXL002797,FLT0057819,Air Traffic Control,2026-01-08 16:30:00
CXL002798,FLT0057886,Airport Closure,2026-06-27 21:15:00
CXL002799,FLT0057894,Crew Shortage,2026-01-26 07:45:00
CXL002800,FLT0057923,Mechanical Issue,2025-08-12 03:00:00
CXL002801,FLT0057953,Mechanical Issue,2026-02-22 07:30:00
CXL002802,FLT0057978,Severe Weather,2026-05-01 13:15:00
CXL002803,FLT0057990,Severe Weather,2026-05-17 14:00:00
CXL002804,FLT0057998,Crew Shortage,2025-09-09 07:15:00
CXL002805,FLT0058007,Severe Weather,2025-08-28 22:30:00
CXL002806,FLT0058011,Severe Weather,2025-09-06 15:45:00
CXL002807,FLT0058024,Severe Weather,2026-02-25 12:00:00
CXL002808,FLT0058029,Severe Weather,2026-07-20 11:30:00
CXL002809,FLT0058035,Crew Shortage,2026-01-17 02:30:00
CXL002810,FLT0058057,Crew Shortage,2025-12-18 14:45:00
CXL002811,FLT0058065,Mechanical Issue,2026-07-16 12:45:00
CXL002812,FLT0058129,Low Booking Demand,2026-01-08 22:15:00
CXL002813,FLT0058194,Airport Closure,2025-11-17 12:30:00
CXL002814,FLT0058209,Air Traffic Control,2026-01-31 17:45:00
CXL002815,FLT0058236,Air Traffic Control,2025-11-23 19:30:00
CXL002816,FLT0058240,Air Traffic Control,2026-08-03 04:45:00
CXL002817,FLT0058263,Mechanical Issue,2026-04-05 10:00:00
CXL002818,FLT0058298,Low Booking Demand,2026-05-11 22:30:00
CXL002819,FLT0058336,Crew Shortage,2026-05-19 10:30:00
CXL002820,FLT0058343,Airport Closure,2026-05-11 20:30:00
CXL002821,FLT0058353,Low Booking Demand,2025-12-30 10:15:00
CXL002822,FLT0058358,Severe Weather,2025-10-03 09:45:00
CXL002823,FLT0058367,Low Booking Demand,2026-07-05 01:00:00
CXL002824,FLT0058383,Crew Shortage,2026-06-07 17:30:00
CXL002825,FLT0058393,Severe Weather,2026-03-27 13:45:00
CXL002826,FLT0058418,Crew Shortage,2026-06-20 14:15:00
CXL002827,FLT0058426,Airport Closure,2026-05-30 22:45:00
CXL002828,FLT0058428,Airport Closure,2025-09-23 10:45:00
CXL002829,FLT0058458,Crew Shortage,2025-10-07 16:45:00
CXL002830,FLT0058483,Crew Shortage,2025-12-14 19:15:00
CXL002831,FLT0058518,Airport Closure,2025-12-09 09:30:00
CXL002832,FLT0058566,Low Booking Demand,2026-05-20 00:45:00
CXL002833,FLT0058639,Severe Weather,2025-10-25 16:00:00
CXL002834,FLT0058643,Severe Weather,2026-01-27 13:15:00
CXL002835,FLT0058667,Severe Weather,2025-12-26 07:00:00
CXL002836,FLT0058669,Crew Shortage,2026-01-27 22:00:00
CXL002837,FLT0058674,Low Booking Demand,2025-09-01 01:15:00
CXL002838,FLT0058707,Crew Shortage,2025-09-24 00:45:00
CXL002839,FLT0058724,Air Traffic Control,2026-03-24 14:45:00
CXL002840,FLT0058735,Low Booking Demand,2025-08-09 07:15:00
CXL002841,FLT0058739,Severe Weather,2026-01-19 08:00:00
CXL002842,FLT0058752,Air Traffic Control,2025-09-09 12:15:00
CXL002843,FLT0058756,Mechanical Issue,2026-02-17 00:30:00
CXL002844,FLT0058815,Low Booking Demand,2026-07-02 07:15:00
CXL002845,FLT0058820,Crew Shortage,2026-05-30 16:30:00
CXL002846,FLT0058853,Crew Shortage,2025-09-20 05:00:00
CXL002847,FLT0058863,Airport Closure,2025-08-08 10:00:00
CXL002848,FLT0058869,Mechanical Issue,2026-07-07 11:45:00
CXL002849,FLT0058875,Mechanical Issue,2026-03-09 00:00:00
CXL002850,FLT0058885,Severe Weather,2025-09-11 17:15:00
CXL002851,FLT0058894,Low Booking Demand,2026-07-16 20:15:00
CXL002852,FLT0058907,Crew Shortage,2025-12-09 08:30:00
CXL002853,FLT0058919,Severe Weather,2025-11-26 15:15:00
CXL002854,FLT0058926,Crew Shortage,2025-12-13 18:30:00
CXL002855,FLT0058943,Mechanical Issue,2025-12-08 20:45:00
CXL002856,FLT0058965,Air Traffic Control,2025-09-07 14:30:00
CXL002857,FLT0058976,Airport Closure,2026-02-14 21:15:00
CXL002858,FLT0059043,Severe Weather,2026-02-04 21:30:00
CXL002859,FLT0059092,Low Booking Demand,2026-03-16 03:45:00
CXL002860,FLT0059093,Airport Closure,2026-02-12 01:00:00
CXL002861,FLT0059100,Airport Closure,2026-06-11 02:15:00
CXL002862,FLT0059101,Low Booking Demand,2026-04-01 09:00:00
CXL002863,FLT0059124,Crew Shortage,2025-08-13 20:30:00
CXL002864,FLT0059150,Severe Weather,2025-09-18 20:45:00
CXL002865,FLT0059153,Crew Shortage,2025-08-21 01:15:00
CXL002866,FLT0059178,Severe Weather,2026-07-20 15:45:00
CXL002867,FLT0059186,Low Booking Demand,2025-11-09 17:00:00
CXL002868,FLT0059187,Mechanical Issue,2026-06-13 17:00:00
CXL002869,FLT0059194,Airport Closure,2026-03-24 03:45:00
CXL002870,FLT0059223,Air Traffic Control,2026-04-22 10:30:00
CXL002871,FLT0059242,Airport Closure,2026-06-23 05:15:00
CXL002872,FLT0059284,Crew Shortage,2026-01-09 12:15:00
CXL002873,FLT0059290,Air Traffic Control,2026-04-26 23:00:00
CXL002874,FLT0059328,Airport Closure,2025-11-06 22:30:00
CXL002875,FLT0059369,Airport Closure,2026-01-23 23:45:00
CXL002876,FLT0059427,Crew Shortage,2025-10-10 00:15:00
CXL002877,FLT0059448,Mechanical Issue,2025-10-14 16:30:00
CXL002878,FLT0059449,Severe Weather,2026-04-29 20:45:00
CXL002879,FLT0059491,Mechanical Issue,2025-12-18 01:15:00
CXL002880,FLT0059504,Low Booking Demand,2025-08-08 08:30:00
CXL002881,FLT0059506,Air Traffic Control,2026-07-23 04:30:00
CXL002882,FLT0059510,Severe Weather,2026-01-26 15:15:00
CXL002883,FLT0059513,Mechanical Issue,2025-10-24 07:30:00
CXL002884,FLT0059525,Mechanical Issue,2025-11-09 03:00:00
CXL002885,FLT0059579,Crew Shortage,2025-12-26 16:30:00
CXL002886,FLT0059580,Severe Weather,2025-12-28 07:30:00
CXL002887,FLT0059623,Mechanical Issue,2026-02-03 09:15:00
CXL002888,FLT0059668,Crew Shortage,2026-03-13 00:30:00
CXL002889,FLT0059700,Low Booking Demand,2025-09-21 06:15:00
CXL002890,FLT0059709,Severe Weather,2026-07-23 14:30:00
CXL002891,FLT0059768,Air Traffic Control,2026-03-19 11:15:00
CXL002892,FLT0059783,Severe Weather,2025-12-24 19:00:00
CXL002893,FLT0059845,Low Booking Demand,2026-06-12 17:00:00
CXL002894,FLT0059848,Crew Shortage,2026-04-11 23:15:00
CXL002895,FLT0059851,Severe Weather,2026-05-13 09:45:00
CXL002896,FLT0059907,Airport Closure,2025-09-07 01:15:00
CXL002897,FLT0059920,Severe Weather,2026-05-13 10:30:00
CXL002898,FLT0059950,Mechanical Issue,2026-07-24 11:00:00
CXL002899,FLT0059965,Mechanical Issue,2026-05-16 02:45:00
CXL002900,FLT0059995,Severe Weather,2025-08-07 19:00:00
CXL002901,FLT0060018,Severe Weather,2025-12-13 06:30:00
CXL002902,FLT0060056,Crew Shortage,2026-06-07 14:45:00
CXL002903,FLT0060071,Mechanical Issue,2026-05-06 17:00:00
CXL002904,FLT0060076,Crew Shortage,2025-12-12 12:45:00
CXL002905,FLT0060112,Severe Weather,2025-08-31 04:00:00
CXL002906,FLT0060114,Low Booking Demand,2026-07-11 19:15:00
CXL002907,FLT0060156,Air Traffic Control,2025-08-25 20:15:00
CXL002908,FLT0060164,Mechanical Issue,2026-06-09 08:30:00
CXL002909,FLT0060169,Air Traffic Control,2026-04-09 05:00:00
CXL002910,FLT0060183,Low Booking Demand,2026-05-17 11:45:00
CXL002911,FLT0060187,Severe Weather,2025-09-26 18:45:00
CXL002912,FLT0060202,Mechanical Issue,2026-02-20 03:45:00
CXL002913,FLT0060222,Airport Closure,2026-04-21 07:00:00
CXL002914,FLT0060225,Low Booking Demand,2026-06-06 00:30:00
CXL002915,FLT0060244,Crew Shortage,2025-10-14 15:15:00
CXL002916,FLT0060249,Mechanical Issue,2026-02-02 18:45:00
CXL002917,FLT0060260,Air Traffic Control,2025-11-11 17:00:00
CXL002918,FLT0060328,Airport Closure,2025-11-03 12:00:00
CXL002919,FLT0060339,Mechanical Issue,2025-10-09 22:00:00
CXL002920,FLT0060348,Mechanical Issue,2025-10-22 23:30:00
CXL002921,FLT0060370,Airport Closure,2025-08-08 06:30:00
CXL002922,FLT0060378,Low Booking Demand,2025-10-21 13:00:00
CXL002923,FLT0060388,Crew Shortage,2026-05-29 14:30:00
CXL002924,FLT0060428,Mechanical Issue,2026-02-15 20:30:00
CXL002925,FLT0060437,Low Booking Demand,2026-06-09 23:45:00
CXL002926,FLT0060457,Low Booking Demand,2026-06-25 07:45:00
CXL002927,FLT0060505,Airport Closure,2026-05-04 22:45:00
CXL002928,FLT0060514,Severe Weather,2026-07-21 01:00:00
CXL002929,FLT0060519,Low Booking Demand,2025-10-21 01:15:00
CXL002930,FLT0060555,Severe Weather,2025-12-05 19:15:00
CXL002931,FLT0060557,Low Booking Demand,2025-09-30 03:30:00
CXL002932,FLT0060572,Low Booking Demand,2025-09-09 10:00:00
CXL002933,FLT0060588,Low Booking Demand,2026-05-24 15:45:00
CXL002934,FLT0060589,Crew Shortage,2025-11-24 19:30:00
CXL002935,FLT0060607,Air Traffic Control,2025-12-17 18:45:00
CXL002936,FLT0060640,Airport Closure,2026-04-04 14:15:00
CXL002937,FLT0060644,Mechanical Issue,2026-06-18 17:30:00
CXL002938,FLT0060659,Airport Closure,2025-12-16 11:00:00
CXL002939,FLT0060673,Air Traffic Control,2025-10-11 14:15:00
CXL002940,FLT0060687,Airport Closure,2025-10-30 14:00:00
CXL002941,FLT0060690,Air Traffic Control,2025-08-15 02:45:00
CXL002942,FLT0060720,Crew Shortage,2025-12-19 09:45:00
CXL002943,FLT0060735,Air Traffic Control,2025-11-20 07:00:00
CXL002944,FLT0060777,Airport Closure,2026-05-15 21:15:00
CXL002945,FLT0060807,Airport Closure,2025-11-20 23:15:00
CXL002946,FLT0060813,Low Booking Demand,2026-05-16 06:00:00
CXL002947,FLT0060823,Severe Weather,2026-05-06 14:45:00
CXL002948,FLT0060846,Low Booking Demand,2026-06-05 20:45:00
CXL002949,FLT0060875,Crew Shortage,2026-01-10 14:30:00
CXL002950,FLT0060936,Crew Shortage,2026-04-01 19:30:00
CXL002951,FLT0060958,Airport Closure,2025-11-15 03:45:00
CXL002952,FLT0060987,Severe Weather,2025-12-19 17:45:00
CXL002953,FLT0060992,Severe Weather,2026-03-01 11:30:00
CXL002954,FLT0060998,Crew Shortage,2026-03-06 21:15:00
CXL002955,FLT0061013,Airport Closure,2025-08-04 23:30:00
CXL002956,FLT0061096,Mechanical Issue,2026-01-01 03:30:00
CXL002957,FLT0061110,Crew Shortage,2026-01-16 10:15:00
CXL002958,FLT0061173,Mechanical Issue,2025-12-26 13:00:00
CXL002959,FLT0061216,Air Traffic Control,2025-12-20 10:15:00
CXL002960,FLT0061233,Low Booking Demand,2025-11-20 19:30:00
CXL002961,FLT0061240,Airport Closure,2025-11-05 09:45:00
CXL002962,FLT0061245,Airport Closure,2025-11-22 19:00:00
CXL002963,FLT0061300,Crew Shortage,2026-05-14 08:00:00
CXL002964,FLT0061309,Severe Weather,2026-01-27 21:00:00
CXL002965,FLT0061319,Mechanical Issue,2025-09-27 08:15:00
CXL002966,FLT0061338,Mechanical Issue,2025-11-10 17:30:00
CXL002967,FLT0061358,Low Booking Demand,2025-12-24 12:30:00
CXL002968,FLT0061374,Low Booking Demand,2026-07-29 18:15:00
CXL002969,FLT0061406,Air Traffic Control,2026-02-18 10:45:00
CXL002970,FLT0061478,Air Traffic Control,2025-11-19 03:30:00
CXL002971,FLT0061479,Severe Weather,2025-08-30 09:15:00
CXL002972,FLT0061491,Crew Shortage,2025-11-05 01:15:00
CXL002973,FLT0061512,Air Traffic Control,2026-03-18 22:00:00
CXL002974,FLT0061514,Airport Closure,2025-09-20 09:15:00
CXL002975,FLT0061545,Mechanical Issue,2026-05-08 16:30:00
CXL002976,FLT0061553,Crew Shortage,2026-05-24 04:00:00
CXL002977,FLT0061560,Airport Closure,2025-11-27 00:15:00
CXL002978,FLT0061567,Mechanical Issue,2026-05-23 14:45:00
CXL002979,FLT0061593,Low Booking Demand,2026-05-25 23:00:00
CXL002980,FLT0061604,Low Booking Demand,2025-09-03 02:30:00
CXL002981,FLT0061620,Severe Weather,2026-01-26 04:00:00
CXL002982,FLT0061773,Airport Closure,2026-06-22 05:45:00
CXL002983,FLT0061785,Crew Shortage,2025-12-19 09:30:00
CXL002984,FLT0061787,Air Traffic Control,2025-09-09 19:30:00
CXL002985,FLT0061807,Low Booking Demand,2025-10-20 12:15:00
CXL002986,FLT0061812,Crew Shortage,2026-05-09 18:15:00
CXL002987,FLT0061850,Mechanical Issue,2025-08-19 15:30:00
CXL002988,FLT0061865,Airport Closure,2026-03-21 01:30:00
CXL002989,FLT0061880,Mechanical Issue,2026-01-26 12:15:00
CXL002990,FLT0061884,Mechanical Issue,2025-09-15 07:00:00
CXL002991,FLT0061903,Severe Weather,2025-11-23 21:00:00
CXL002992,FLT0061906,Air Traffic Control,2026-06-11 17:15:00
CXL002993,FLT0061982,Airport Closure,2026-01-20 18:00:00
CXL002994,FLT0062010,Low Booking Demand,2026-07-23 12:30:00
CXL002995,FLT0062081,Airport Closure,2026-06-21 06:45:00
CXL002996,FLT0062087,Severe Weather,2026-03-17 02:00:00
CXL002997,FLT0062097,Mechanical Issue,2026-06-24 08:30:00
CXL002998,FLT0062133,Air Traffic Control,2026-05-16 11:00:00
CXL002999,FLT0062141,Mechanical Issue,2026-04-24 18:15:00
CXL003000,FLT0062151,Air Traffic Control,2026-03-06 13:00:00
CXL003001,FLT0062180,Mechanical Issue,2026-02-15 21:45:00
CXL003002,FLT0062259,Mechanical Issue,2026-01-14 03:00:00
CXL003003,FLT0062263,Airport Closure,2025-11-13 04:15:00
CXL003004,FLT0062308,Air Traffic Control,2025-08-20 11:30:00
CXL003005,FLT0062328,Mechanical Issue,2026-07-26 01:15:00
CXL003006,FLT0062443,Crew Shortage,2025-10-22 00:00:00
CXL003007,FLT0062446,Airport Closure,2026-02-02 20:45:00
CXL003008,FLT0062450,Mechanical Issue,2025-12-11 12:15:00
CXL003009,FLT0062472,Air Traffic Control,2026-05-06 11:00:00
CXL003010,FLT0062478,Airport Closure,2025-09-24 17:45:00
CXL003011,FLT0062481,Low Booking Demand,2025-08-28 01:00:00
CXL003012,FLT0062492,Mechanical Issue,2025-11-26 23:45:00
CXL003013,FLT0062516,Severe Weather,2025-11-26 10:30:00
CXL003014,FLT0062533,Crew Shortage,2025-10-23 06:45:00
CXL003015,FLT0062536,Air Traffic Control,2026-04-19 00:30:00
CXL003016,FLT0062583,Air Traffic Control,2026-05-24 05:45:00
CXL003017,FLT0062600,Low Booking Demand,2026-01-29 11:15:00
CXL003018,FLT0062606,Severe Weather,2026-05-22 03:00:00
CXL003019,FLT0062611,Crew Shortage,2025-11-22 22:00:00
CXL003020,FLT0062614,Air Traffic Control,2026-06-02 07:30:00
CXL003021,FLT0062635,Air Traffic Control,2026-05-21 20:15:00
CXL003022,FLT0062691,Low Booking Demand,2025-11-12 02:00:00
CXL003023,FLT0062704,Low Booking Demand,2026-07-27 12:45:00
CXL003024,FLT0062715,Low Booking Demand,2025-11-18 10:30:00
CXL003025,FLT0062797,Air Traffic Control,2026-02-24 21:30:00
CXL003026,FLT0062813,Airport Closure,2026-04-12 17:15:00
CXL003027,FLT0062817,Air Traffic Control,2026-06-26 01:15:00
CXL003028,FLT0062823,Mechanical Issue,2025-10-14 03:30:00
CXL003029,FLT0062845,Low Booking Demand,2026-07-15 10:30:00
CXL003030,FLT0062869,Severe Weather,2025-09-12 00:45:00
CXL003031,FLT0062896,Crew Shortage,2026-05-12 06:30:00
CXL003032,FLT0062901,Mechanical Issue,2026-01-05 08:45:00
CXL003033,FLT0062923,Low Booking Demand,2025-10-28 19:00:00
CXL003034,FLT0062932,Airport Closure,2026-06-29 14:15:00
CXL003035,FLT0063027,Mechanical Issue,2026-05-13 16:15:00
CXL003036,FLT0063033,Airport Closure,2026-07-06 13:00:00
CXL003037,FLT0063071,Mechanical Issue,2025-12-12 10:15:00
CXL003038,FLT0063074,Low Booking Demand,2025-09-28 02:45:00
CXL003039,FLT0063081,Severe Weather,2025-10-06 15:15:00
CXL003040,FLT0063089,Low Booking Demand,2026-07-20 22:15:00
CXL003041,FLT0063110,Crew Shortage,2026-05-08 23:30:00
CXL003042,FLT0063114,Severe Weather,2026-04-15 23:15:00
CXL003043,FLT0063125,Crew Shortage,2026-03-15 02:30:00
CXL003044,FLT0063139,Crew Shortage,2026-05-17 19:30:00
CXL003045,FLT0063163,Air Traffic Control,2025-09-14 03:15:00
CXL003046,FLT0063175,Air Traffic Control,2026-01-23 00:15:00
CXL003047,FLT0063205,Severe Weather,2026-03-25 21:00:00
CXL003048,FLT0063225,Crew Shortage,2026-05-27 09:30:00
CXL003049,FLT0063279,Mechanical Issue,2026-07-20 00:15:00
CXL003050,FLT0063292,Low Booking Demand,2026-06-05 17:15:00
CXL003051,FLT0063301,Crew Shortage,2026-07-29 14:30:00
CXL003052,FLT0063317,Severe Weather,2026-03-06 07:15:00
CXL003053,FLT0063349,Air Traffic Control,2025-10-29 07:00:00
CXL003054,FLT0063358,Low Booking Demand,2025-09-21 04:15:00
CXL003055,FLT0063360,Mechanical Issue,2026-02-26 07:00:00
CXL003056,FLT0063377,Crew Shortage,2026-01-09 03:30:00
CXL003057,FLT0063387,Mechanical Issue,2026-04-08 20:15:00
CXL003058,FLT0063427,Air Traffic Control,2026-06-24 00:30:00
CXL003059,FLT0063437,Mechanical Issue,2025-11-28 00:30:00
CXL003060,FLT0063458,Airport Closure,2026-06-29 07:30:00
CXL003061,FLT0063461,Mechanical Issue,2025-11-15 16:15:00
CXL003062,FLT0063543,Severe Weather,2025-11-16 05:45:00
CXL003063,FLT0063544,Airport Closure,2025-11-30 23:45:00
CXL003064,FLT0063565,Severe Weather,2025-11-28 20:30:00
CXL003065,FLT0063566,Airport Closure,2025-08-29 07:00:00
CXL003066,FLT0063669,Airport Closure,2026-01-28 22:45:00
CXL003067,FLT0063680,Airport Closure,2026-06-17 16:00:00
CXL003068,FLT0063683,Air Traffic Control,2026-02-07 07:00:00
CXL003069,FLT0063715,Mechanical Issue,2026-03-04 05:45:00
CXL003070,FLT0063722,Severe Weather,2026-05-15 23:00:00
CXL003071,FLT0063737,Air Traffic Control,2026-06-05 18:15:00
CXL003072,FLT0063758,Airport Closure,2025-09-10 00:00:00
CXL003073,FLT0063787,Airport Closure,2026-01-16 19:00:00
CXL003074,FLT0063810,Airport Closure,2026-03-24 22:30:00
CXL003075,FLT0063819,Airport Closure,2026-06-29 01:45:00
CXL003076,FLT0063835,Crew Shortage,2026-05-16 17:00:00
CXL003077,FLT0063851,Low Booking Demand,2025-08-01 13:00:00
CXL003078,FLT0063867,Low Booking Demand,2025-09-08 16:30:00
CXL003079,FLT0063896,Mechanical Issue,2025-09-23 12:15:00
CXL003080,FLT0063914,Air Traffic Control,2025-08-18 11:00:00
CXL003081,FLT0063916,Crew Shortage,2025-11-08 05:45:00
CXL003082,FLT0063942,Severe Weather,2026-06-24 08:15:00
CXL003083,FLT0063945,Airport Closure,2026-01-22 01:15:00
CXL003084,FLT0063947,Severe Weather,2026-03-14 00:15:00
CXL003085,FLT0063956,Low Booking Demand,2026-06-09 18:00:00
CXL003086,FLT0063975,Mechanical Issue,2026-07-16 05:30:00
CXL003087,FLT0063996,Severe Weather,2026-01-12 23:45:00
CXL003088,FLT0064004,Low Booking Demand,2025-12-09 07:00:00
CXL003089,FLT0064007,Air Traffic Control,2025-08-12 00:30:00
CXL003090,FLT0064008,Air Traffic Control,2026-06-21 00:30:00
CXL003091,FLT0064023,Severe Weather,2026-07-02 03:45:00
CXL003092,FLT0064077,Low Booking Demand,2026-02-02 14:45:00
CXL003093,FLT0064084,Crew Shortage,2026-06-20 04:00:00
CXL003094,FLT0064085,Airport Closure,2025-09-13 15:15:00
CXL003095,FLT0064089,Severe Weather,2026-03-05 03:00:00
CXL003096,FLT0064154,Mechanical Issue,2026-03-16 15:30:00
CXL003097,FLT0064161,Air Traffic Control,2026-02-08 07:45:00
CXL003098,FLT0064173,Crew Shortage,2025-10-11 03:45:00
CXL003099,FLT0064179,Low Booking Demand,2025-11-13 05:15:00
CXL003100,FLT0064207,Air Traffic Control,2025-12-10 06:15:00
CXL003101,FLT0064217,Air Traffic Control,2026-06-05 17:30:00
CXL003102,FLT0064242,Severe Weather,2026-05-24 17:45:00
CXL003103,FLT0064285,Crew Shortage,2025-08-20 23:30:00
CXL003104,FLT0064309,Airport Closure,2025-09-18 13:45:00
CXL003105,FLT0064319,Low Booking Demand,2026-05-28 01:45:00
CXL003106,FLT0064321,Crew Shortage,2026-07-06 03:15:00
CXL003107,FLT0064330,Severe Weather,2025-12-02 20:30:00
CXL003108,FLT0064385,Crew Shortage,2026-07-25 14:30:00
CXL003109,FLT0064386,Crew Shortage,2025-08-20 17:30:00
CXL003110,FLT0064390,Air Traffic Control,2026-04-20 14:00:00
CXL003111,FLT0064392,Mechanical Issue,2026-04-04 10:30:00
CXL003112,FLT0064418,Severe Weather,2025-08-15 08:45:00
CXL003113,FLT0064441,Airport Closure,2026-06-06 20:30:00
CXL003114,FLT0064450,Air Traffic Control,2026-04-15 23:00:00
CXL003115,FLT0064492,Airport Closure,2026-04-25 08:00:00
CXL003116,FLT0064537,Mechanical Issue,2025-10-26 04:30:00
CXL003117,FLT0064561,Severe Weather,2026-02-04 19:30:00
CXL003118,FLT0064562,Crew Shortage,2026-06-10 10:30:00
CXL003119,FLT0064564,Air Traffic Control,2026-07-03 09:30:00
CXL003120,FLT0064592,Low Booking Demand,2025-08-01 18:00:00
CXL003121,FLT0064631,Crew Shortage,2026-07-10 01:30:00
CXL003122,FLT0064632,Mechanical Issue,2026-04-17 19:30:00
CXL003123,FLT0064693,Low Booking Demand,2025-10-12 16:15:00
CXL003124,FLT0064700,Low Booking Demand,2026-07-18 14:45:00
CXL003125,FLT0064720,Low Booking Demand,2026-04-22 20:30:00
CXL003126,FLT0064786,Crew Shortage,2026-05-12 20:30:00
CXL003127,FLT0064809,Low Booking Demand,2025-11-21 23:30:00
CXL003128,FLT0064817,Air Traffic Control,2025-09-25 04:30:00
CXL003129,FLT0064821,Crew Shortage,2026-03-28 10:15:00
CXL003130,FLT0064831,Airport Closure,2025-08-27 05:15:00
CXL003131,FLT0064871,Low Booking Demand,2026-02-28 13:30:00
CXL003132,FLT0064910,Mechanical Issue,2025-08-10 00:00:00
CXL003133,FLT0064952,Crew Shortage,2026-02-01 18:30:00
CXL003134,FLT0064968,Low Booking Demand,2025-10-19 06:45:00
CXL003135,FLT0064970,Air Traffic Control,2026-06-28 18:15:00
CXL003136,FLT0064981,Air Traffic Control,2025-09-05 10:15:00
CXL003137,FLT0065029,Mechanical Issue,2026-01-18 14:00:00
CXL003138,FLT0065041,Airport Closure,2026-04-29 20:00:00
CXL003139,FLT0065113,Mechanical Issue,2025-11-15 21:00:00
CXL003140,FLT0065124,Air Traffic Control,2026-01-19 20:30:00
CXL003141,FLT0065142,Severe Weather,2026-04-22 07:30:00
CXL003142,FLT0065171,Airport Closure,2026-07-20 10:45:00
CXL003143,FLT0065208,Severe Weather,2025-09-07 09:15:00
CXL003144,FLT0065209,Air Traffic Control,2026-06-27 23:15:00
CXL003145,FLT0065249,Crew Shortage,2025-09-03 15:15:00
CXL003146,FLT0065302,Low Booking Demand,2025-10-05 00:45:00
CXL003147,FLT0065305,Severe Weather,2026-02-22 03:15:00
CXL003148,FLT0065315,Airport Closure,2026-06-26 10:45:00
CXL003149,FLT0065372,Mechanical Issue,2026-05-02 21:30:00
CXL003150,FLT0065380,Air Traffic Control,2026-07-01 13:15:00
CXL003151,FLT0065385,Severe Weather,2026-03-28 10:45:00
CXL003152,FLT0065395,Airport Closure,2026-01-03 19:00:00
CXL003153,FLT0065406,Airport Closure,2026-06-03 06:30:00
CXL003154,FLT0065450,Crew Shortage,2025-07-31 15:00:00
CXL003155,FLT0065453,Air Traffic Control,2025-11-25 07:30:00
CXL003156,FLT0065588,Low Booking Demand,2025-08-10 16:00:00
CXL003157,FLT0065616,Mechanical Issue,2026-03-17 15:15:00
CXL003158,FLT0065618,Severe Weather,2025-12-02 21:00:00
CXL003159,FLT0065651,Mechanical Issue,2026-02-22 05:00:00
CXL003160,FLT0065666,Low Booking Demand,2026-06-08 02:30:00
CXL003161,FLT0065683,Airport Closure,2026-04-15 20:45:00
CXL003162,FLT0065757,Crew Shortage,2026-04-16 18:30:00
CXL003163,FLT0065760,Severe Weather,2026-06-07 15:30:00
CXL003164,FLT0065767,Air Traffic Control,2026-03-08 12:15:00
CXL003165,FLT0065771,Crew Shortage,2026-07-23 10:45:00
CXL003166,FLT0065772,Low Booking Demand,2026-06-02 03:00:00
CXL003167,FLT0065773,Severe Weather,2025-12-11 07:15:00
CXL003168,FLT0065782,Low Booking Demand,2026-07-14 02:15:00
CXL003169,FLT0065789,Severe Weather,2026-05-11 15:30:00
CXL003170,FLT0065818,Mechanical Issue,2026-07-08 03:30:00
CXL003171,FLT0065819,Air Traffic Control,2025-10-28 16:45:00
CXL003172,FLT0065844,Airport Closure,2026-04-07 20:15:00
CXL003173,FLT0065882,Mechanical Issue,2026-07-15 15:15:00
CXL003174,FLT0065883,Mechanical Issue,2026-07-04 07:00:00
CXL003175,FLT0065887,Air Traffic Control,2025-08-27 21:00:00
CXL003176,FLT0065889,Airport Closure,2025-11-05 11:45:00
CXL003177,FLT0065942,Crew Shortage,2026-01-25 05:00:00
CXL003178,FLT0065980,Crew Shortage,2026-06-13 23:15:00
CXL003179,FLT0065999,Airport Closure,2026-02-24 01:15:00
CXL003180,FLT0066041,Mechanical Issue,2025-11-07 01:45:00
CXL003181,FLT0066045,Airport Closure,2025-08-27 17:15:00
CXL003182,FLT0066055,Mechanical Issue,2026-07-01 14:15:00
CXL003183,FLT0066058,Low Booking Demand,2025-08-21 22:00:00
CXL003184,FLT0066068,Mechanical Issue,2026-06-14 15:45:00
CXL003185,FLT0066134,Crew Shortage,2026-07-05 03:45:00
CXL003186,FLT0066161,Air Traffic Control,2026-04-14 23:45:00
CXL003187,FLT0066181,Air Traffic Control,2026-07-11 11:45:00
CXL003188,FLT0066191,Mechanical Issue,2025-12-12 22:15:00
CXL003189,FLT0066196,Mechanical Issue,2026-06-09 22:00:00
CXL003190,FLT0066255,Air Traffic Control,2026-05-28 01:00:00
CXL003191,FLT0066273,Airport Closure,2025-08-24 04:00:00
CXL003192,FLT0066301,Severe Weather,2025-12-13 04:15:00
CXL003193,FLT0066310,Severe Weather,2025-08-30 10:30:00
CXL003194,FLT0066311,Airport Closure,2026-07-19 09:15:00
CXL003195,FLT0066332,Air Traffic Control,2025-09-22 21:00:00
CXL003196,FLT0066339,Severe Weather,2026-06-27 06:30:00
CXL003197,FLT0066348,Severe Weather,2026-02-13 18:15:00
CXL003198,FLT0066368,Airport Closure,2026-04-19 18:45:00
CXL003199,FLT0066375,Severe Weather,2026-06-28 00:30:00
CXL003200,FLT0066396,Low Booking Demand,2026-02-04 13:15:00
CXL003201,FLT0066400,Air Traffic Control,2026-07-14 10:00:00
CXL003202,FLT0066445,Mechanical Issue,2025-07-31 08:00:00
CXL003203,FLT0066453,Crew Shortage,2025-11-21 01:00:00
CXL003204,FLT0066458,Low Booking Demand,2026-04-13 00:00:00
CXL003205,FLT0066459,Low Booking Demand,2026-06-23 00:45:00
CXL003206,FLT0066473,Crew Shortage,2026-01-06 10:15:00
CXL003207,FLT0066518,Low Booking Demand,2026-02-15 04:30:00
CXL003208,FLT0066535,Mechanical Issue,2025-12-21 11:30:00
CXL003209,FLT0066544,Airport Closure,2025-12-28 03:45:00
CXL003210,FLT0066566,Air Traffic Control,2025-09-01 19:45:00
CXL003211,FLT0066591,Air Traffic Control,2026-07-11 19:00:00
CXL003212,FLT0066600,Mechanical Issue,2025-12-04 03:15:00
CXL003213,FLT0066602,Mechanical Issue,2025-12-12 23:30:00
CXL003214,FLT0066650,Airport Closure,2026-04-18 10:15:00
CXL003215,FLT0066670,Low Booking Demand,2025-09-10 20:00:00
CXL003216,FLT0066692,Low Booking Demand,2025-08-17 01:15:00
CXL003217,FLT0066695,Low Booking Demand,2026-06-06 11:30:00
CXL003218,FLT0066717,Air Traffic Control,2025-09-04 04:30:00
CXL003219,FLT0066755,Mechanical Issue,2025-10-31 09:00:00
CXL003220,FLT0066768,Crew Shortage,2025-09-29 02:00:00
CXL003221,FLT0066846,Low Booking Demand,2025-10-14 14:15:00
CXL003222,FLT0066849,Severe Weather,2025-09-21 05:15:00
CXL003223,FLT0066851,Air Traffic Control,2026-02-20 07:30:00
CXL003224,FLT0066854,Airport Closure,2026-07-18 04:15:00
CXL003225,FLT0066902,Crew Shortage,2025-10-14 22:00:00
CXL003226,FLT0066904,Air Traffic Control,2026-06-03 04:15:00
CXL003227,FLT0066974,Crew Shortage,2026-05-15 02:30:00
CXL003228,FLT0066979,Severe Weather,2025-08-30 03:15:00
CXL003229,FLT0066993,Low Booking Demand,2025-09-27 18:00:00
CXL003230,FLT0067004,Severe Weather,2025-11-24 02:45:00
CXL003231,FLT0067007,Air Traffic Control,2025-11-21 14:45:00
CXL003232,FLT0067014,Mechanical Issue,2025-08-29 23:00:00
CXL003233,FLT0067015,Air Traffic Control,2026-01-27 02:00:00
CXL003234,FLT0067019,Mechanical Issue,2026-07-09 20:30:00
CXL003235,FLT0067033,Crew Shortage,2025-09-27 18:00:00
CXL003236,FLT0067037,Low Booking Demand,2025-10-06 14:30:00
CXL003237,FLT0067045,Air Traffic Control,2025-09-17 03:30:00
CXL003238,FLT0067047,Severe Weather,2026-06-10 22:15:00
CXL003239,FLT0067066,Airport Closure,2026-05-21 18:30:00
CXL003240,FLT0067093,Airport Closure,2026-03-09 06:00:00
CXL003241,FLT0067108,Crew Shortage,2026-01-11 07:45:00
CXL003242,FLT0067117,Mechanical Issue,2026-04-27 10:30:00
CXL003243,FLT0067137,Air Traffic Control,2025-08-31 21:00:00
CXL003244,FLT0067141,Low Booking Demand,2026-01-16 23:15:00
CXL003245,FLT0067151,Severe Weather,2026-06-13 11:45:00
CXL003246,FLT0067156,Crew Shortage,2026-06-04 22:45:00
CXL003247,FLT0067158,Severe Weather,2025-09-17 20:00:00
CXL003248,FLT0067159,Air Traffic Control,2026-06-17 03:15:00
CXL003249,FLT0067161,Severe Weather,2026-06-07 07:30:00
CXL003250,FLT0067204,Mechanical Issue,2026-02-06 01:30:00
CXL003251,FLT0067236,Severe Weather,2025-12-07 02:15:00
CXL003252,FLT0067237,Severe Weather,2026-07-20 21:00:00
CXL003253,FLT0067247,Crew Shortage,2025-11-13 04:45:00
CXL003254,FLT0067249,Crew Shortage,2025-08-10 08:15:00
CXL003255,FLT0067266,Crew Shortage,2026-03-26 12:15:00
CXL003256,FLT0067274,Severe Weather,2026-02-10 04:15:00
CXL003257,FLT0067292,Mechanical Issue,2025-10-11 16:30:00
CXL003258,FLT0067304,Mechanical Issue,2025-09-26 17:30:00
CXL003259,FLT0067307,Low Booking Demand,2026-01-02 18:30:00
CXL003260,FLT0067331,Severe Weather,2025-09-24 19:15:00
CXL003261,FLT0067356,Air Traffic Control,2026-05-08 07:30:00
CXL003262,FLT0067363,Mechanical Issue,2025-10-17 18:00:00
CXL003263,FLT0067367,Air Traffic Control,2025-12-15 22:00:00
CXL003264,FLT0067373,Airport Closure,2025-10-11 23:15:00
CXL003265,FLT0067385,Severe Weather,2026-05-13 22:15:00
CXL003266,FLT0067421,Air Traffic Control,2025-09-05 18:00:00
CXL003267,FLT0067438,Severe Weather,2026-05-24 16:00:00
CXL003268,FLT0067443,Severe Weather,2025-09-19 20:00:00
CXL003269,FLT0067471,Mechanical Issue,2026-05-20 18:00:00
CXL003270,FLT0067501,Air Traffic Control,2025-09-21 03:00:00
CXL003271,FLT0067528,Low Booking Demand,2025-12-31 00:30:00
CXL003272,FLT0067529,Airport Closure,2025-10-17 03:45:00
CXL003273,FLT0067533,Low Booking Demand,2025-09-10 01:45:00
CXL003274,FLT0067536,Crew Shortage,2026-01-18 01:00:00
CXL003275,FLT0067553,Mechanical Issue,2026-02-07 14:45:00
CXL003276,FLT0067569,Crew Shortage,2026-07-06 10:15:00
CXL003277,FLT0067575,Air Traffic Control,2025-10-04 14:45:00
CXL003278,FLT0067578,Air Traffic Control,2026-01-14 12:30:00
CXL003279,FLT0067599,Severe Weather,2026-06-27 21:30:00
CXL003280,FLT0067607,Mechanical Issue,2025-11-10 03:00:00
CXL003281,FLT0067611,Mechanical Issue,2025-11-04 07:00:00
CXL003282,FLT0067613,Crew Shortage,2026-04-10 20:45:00
CXL003283,FLT0067645,Low Booking Demand,2026-05-31 18:15:00
CXL003284,FLT0067662,Mechanical Issue,2025-10-25 06:30:00
CXL003285,FLT0067754,Low Booking Demand,2025-08-14 01:00:00
CXL003286,FLT0067770,Airport Closure,2026-05-03 00:15:00
CXL003287,FLT0067782,Crew Shortage,2025-09-21 11:15:00
CXL003288,FLT0067791,Mechanical Issue,2025-12-26 08:45:00
CXL003289,FLT0067824,Low Booking Demand,2026-06-18 14:15:00
CXL003290,FLT0067834,Low Booking Demand,2025-11-24 22:15:00
CXL003291,FLT0067836,Airport Closure,2026-07-15 01:45:00
CXL003292,FLT0067847,Airport Closure,2025-10-01 16:15:00
CXL003293,FLT0067850,Mechanical Issue,2025-09-16 18:45:00
CXL003294,FLT0067883,Severe Weather,2026-04-19 00:15:00
CXL003295,FLT0067886,Mechanical Issue,2025-12-23 04:00:00
CXL003296,FLT0067962,Severe Weather,2026-05-28 13:00:00
CXL003297,FLT0067992,Low Booking Demand,2025-12-23 20:00:00
CXL003298,FLT0067997,Mechanical Issue,2026-03-24 07:00:00
CXL003299,FLT0068002,Mechanical Issue,2025-11-22 04:00:00
CXL003300,FLT0068036,Air Traffic Control,2026-05-11 03:30:00
CXL003301,FLT0068060,Low Booking Demand,2026-06-08 14:45:00
CXL003302,FLT0068063,Air Traffic Control,2025-12-03 08:45:00
CXL003303,FLT0068070,Severe Weather,2025-09-14 11:00:00
CXL003304,FLT0068086,Severe Weather,2026-04-03 22:45:00
CXL003305,FLT0068107,Airport Closure,2026-04-03 11:45:00
CXL003306,FLT0068124,Crew Shortage,2026-07-22 18:45:00
CXL003307,FLT0068151,Crew Shortage,2025-12-13 20:30:00
CXL003308,FLT0068173,Mechanical Issue,2026-03-30 04:30:00
CXL003309,FLT0068203,Low Booking Demand,2025-08-17 21:45:00
CXL003310,FLT0068232,Low Booking Demand,2025-11-10 04:00:00
CXL003311,FLT0068233,Severe Weather,2026-01-23 12:15:00
CXL003312,FLT0068236,Mechanical Issue,2025-10-25 15:00:00
CXL003313,FLT0068325,Airport Closure,2025-11-30 18:15:00
CXL003314,FLT0068344,Crew Shortage,2025-12-12 04:00:00
CXL003315,FLT0068382,Airport Closure,2026-07-11 06:00:00
CXL003316,FLT0068383,Airport Closure,2025-08-24 07:00:00
CXL003317,FLT0068389,Severe Weather,2025-08-06 16:45:00
CXL003318,FLT0068397,Airport Closure,2026-07-21 14:30:00
CXL003319,FLT0068455,Crew Shortage,2025-10-15 10:30:00
CXL003320,FLT0068458,Mechanical Issue,2026-04-16 17:15:00
CXL003321,FLT0068481,Mechanical Issue,2025-09-24 06:15:00
CXL003322,FLT0068498,Severe Weather,2025-12-17 01:30:00
CXL003323,FLT0068512,Severe Weather,2025-08-23 00:30:00
CXL003324,FLT0068515,Mechanical Issue,2026-01-11 08:00:00
CXL003325,FLT0068517,Low Booking Demand,2026-06-13 20:30:00
CXL003326,FLT0068518,Severe Weather,2025-08-02 15:45:00
CXL003327,FLT0068524,Low Booking Demand,2026-01-29 03:30:00
CXL003328,FLT0068536,Airport Closure,2026-07-24 07:30:00
CXL003329,FLT0068580,Severe Weather,2026-07-12 13:00:00
CXL003330,FLT0068587,Mechanical Issue,2026-05-24 15:30:00
CXL003331,FLT0068595,Crew Shortage,2026-03-26 08:15:00
CXL003332,FLT0068597,Air Traffic Control,2026-05-10 10:00:00
CXL003333,FLT0068618,Severe Weather,2025-11-10 00:45:00
CXL003334,FLT0068669,Severe Weather,2025-10-07 05:15:00
CXL003335,FLT0068724,Mechanical Issue,2025-08-16 05:30:00
CXL003336,FLT0068725,Air Traffic Control,2025-08-10 00:45:00
CXL003337,FLT0068766,Air Traffic Control,2025-08-27 18:30:00
CXL003338,FLT0068782,Crew Shortage,2025-10-10 16:15:00
CXL003339,FLT0068786,Crew Shortage,2026-06-05 11:15:00
CXL003340,FLT0068789,Airport Closure,2026-05-01 19:00:00
CXL003341,FLT0068843,Airport Closure,2025-09-27 19:45:00
CXL003342,FLT0068853,Airport Closure,2026-07-05 00:30:00
CXL003343,FLT0068862,Airport Closure,2025-08-08 02:45:00
CXL003344,FLT0068864,Severe Weather,2025-11-02 08:15:00
CXL003345,FLT0068876,Air Traffic Control,2025-08-29 21:45:00
CXL003346,FLT0068884,Severe Weather,2026-04-18 13:15:00
CXL003347,FLT0068888,Severe Weather,2025-10-24 10:00:00
CXL003348,FLT0068900,Mechanical Issue,2026-03-28 22:30:00
CXL003349,FLT0068950,Low Booking Demand,2026-07-31 17:45:00
CXL003350,FLT0068969,Severe Weather,2026-01-08 23:30:00
CXL003351,FLT0068978,Severe Weather,2025-09-30 09:15:00
CXL003352,FLT0069035,Air Traffic Control,2026-05-18 14:30:00
CXL003353,FLT0069045,Mechanical Issue,2025-11-21 22:30:00
CXL003354,FLT0069065,Mechanical Issue,2025-08-27 13:15:00
CXL003355,FLT0069069,Airport Closure,2026-03-13 10:00:00
CXL003356,FLT0069080,Crew Shortage,2025-12-28 17:15:00
CXL003357,FLT0069092,Airport Closure,2025-08-10 15:15:00
CXL003358,FLT0069115,Crew Shortage,2026-01-13 01:45:00
CXL003359,FLT0069168,Mechanical Issue,2025-08-03 20:15:00
CXL003360,FLT0069190,Air Traffic Control,2025-12-17 17:30:00
CXL003361,FLT0069198,Low Booking Demand,2025-10-17 12:15:00
CXL003362,FLT0069236,Air Traffic Control,2026-03-04 05:45:00
CXL003363,FLT0069266,Severe Weather,2026-05-26 10:45:00
CXL003364,FLT0069280,Severe Weather,2026-05-13 20:30:00
CXL003365,FLT0069283,Mechanical Issue,2026-02-11 03:00:00
CXL003366,FLT0069303,Crew Shortage,2025-11-19 01:00:00
CXL003367,FLT0069342,Low Booking Demand,2026-03-09 04:15:00
CXL003368,FLT0069348,Severe Weather,2026-03-13 06:15:00
CXL003369,FLT0069370,Airport Closure,2026-06-02 02:00:00
CXL003370,FLT0069385,Crew Shortage,2025-12-12 13:45:00
CXL003371,FLT0069387,Mechanical Issue,2025-08-09 23:30:00
CXL003372,FLT0069410,Crew Shortage,2026-06-26 06:45:00
CXL003373,FLT0069414,Mechanical Issue,2025-09-06 10:15:00
CXL003374,FLT0069432,Air Traffic Control,2026-07-25 01:30:00
CXL003375,FLT0069449,Severe Weather,2026-04-13 03:30:00
CXL003376,FLT0069459,Airport Closure,2026-05-28 12:30:00
CXL003377,FLT0069492,Crew Shortage,2026-07-31 18:00:00
CXL003378,FLT0069536,Air Traffic Control,2026-05-03 04:15:00
CXL003379,FLT0069565,Airport Closure,2026-02-02 10:30:00
CXL003380,FLT0069566,Airport Closure,2025-11-20 19:45:00
CXL003381,FLT0069603,Airport Closure,2026-06-17 23:15:00
CXL003382,FLT0069624,Mechanical Issue,2025-11-30 19:45:00
CXL003383,FLT0069638,Mechanical Issue,2025-09-27 11:30:00
CXL003384,FLT0069656,Air Traffic Control,2025-08-11 07:00:00
CXL003385,FLT0069660,Air Traffic Control,2026-03-18 00:30:00
CXL003386,FLT0069669,Low Booking Demand,2026-06-24 14:15:00
CXL003387,FLT0069723,Airport Closure,2026-04-08 15:15:00
CXL003388,FLT0069746,Low Booking Demand,2025-11-28 21:00:00
CXL003389,FLT0069755,Air Traffic Control,2025-12-20 01:15:00
CXL003390,FLT0069780,Airport Closure,2026-03-06 17:45:00
CXL003391,FLT0069782,Low Booking Demand,2026-01-08 14:00:00
CXL003392,FLT0069783,Airport Closure,2025-10-10 02:00:00
CXL003393,FLT0069785,Crew Shortage,2025-11-14 20:30:00
CXL003394,FLT0069839,Mechanical Issue,2025-12-10 12:45:00
CXL003395,FLT0069846,Low Booking Demand,2025-11-20 09:45:00
CXL003396,FLT0069889,Crew Shortage,2026-06-18 20:30:00
CXL003397,FLT0069901,Air Traffic Control,2025-10-28 04:15:00
CXL003398,FLT0069959,Airport Closure,2025-10-27 16:00:00
CXL003399,FLT0070055,Mechanical Issue,2026-05-20 20:15:00
CXL003400,FLT0070060,Airport Closure,2025-09-27 02:45:00
CXL003401,FLT0070067,Severe Weather,2025-09-04 09:15:00
CXL003402,FLT0070082,Low Booking Demand,2026-03-28 19:00:00
CXL003403,FLT0070091,Crew Shortage,2026-03-27 22:00:00
CXL003404,FLT0070102,Severe Weather,2025-08-02 18:00:00
CXL003405,FLT0070158,Airport Closure,2026-02-27 19:30:00
CXL003406,FLT0070182,Mechanical Issue,2025-11-02 17:00:00
CXL003407,FLT0070235,Air Traffic Control,2026-05-23 02:45:00
CXL003408,FLT0070237,Severe Weather,2026-02-10 16:15:00
CXL003409,FLT0070253,Severe Weather,2025-10-09 15:30:00
CXL003410,FLT0070270,Crew Shortage,2025-08-25 18:00:00
CXL003411,FLT0070274,Mechanical Issue,2026-03-01 10:30:00
CXL003412,FLT0070283,Severe Weather,2025-10-05 06:15:00
CXL003413,FLT0070290,Airport Closure,2026-03-04 04:30:00
CXL003414,FLT0070323,Severe Weather,2026-04-21 03:30:00
CXL003415,FLT0070357,Severe Weather,2026-06-23 15:15:00
CXL003416,FLT0070364,Mechanical Issue,2026-06-26 19:00:00
CXL003417,FLT0070405,Crew Shortage,2025-12-01 18:45:00
CXL003418,FLT0070489,Crew Shortage,2026-03-27 16:45:00
CXL003419,FLT0070537,Severe Weather,2026-01-28 15:30:00
CXL003420,FLT0070540,Low Booking Demand,2025-08-06 05:15:00
CXL003421,FLT0070563,Airport Closure,2026-03-16 13:00:00
CXL003422,FLT0070566,Airport Closure,2025-08-04 18:45:00
CXL003423,FLT0070572,Airport Closure,2025-08-17 15:30:00
CXL003424,FLT0070599,Low Booking Demand,2026-05-23 08:15:00
CXL003425,FLT0070606,Severe Weather,2026-07-20 01:45:00
CXL003426,FLT0070610,Airport Closure,2026-07-07 06:00:00
CXL003427,FLT0070637,Airport Closure,2026-07-11 23:15:00
CXL003428,FLT0070678,Crew Shortage,2026-05-29 07:30:00
CXL003429,FLT0070685,Low Booking Demand,2026-06-13 01:15:00
CXL003430,FLT0070690,Severe Weather,2026-05-29 18:00:00
CXL003431,FLT0070735,Severe Weather,2026-05-24 02:15:00
CXL003432,FLT0070742,Airport Closure,2026-06-24 16:00:00
CXL003433,FLT0070768,Mechanical Issue,2026-07-07 02:00:00
CXL003434,FLT0070822,Air Traffic Control,2025-10-20 15:45:00
CXL003435,FLT0070836,Air Traffic Control,2026-05-04 18:45:00
CXL003436,FLT0070863,Crew Shortage,2026-08-01 02:30:00
CXL003437,FLT0070908,Airport Closure,2026-01-12 18:30:00
CXL003438,FLT0070922,Crew Shortage,2026-08-01 22:45:00
CXL003439,FLT0070927,Severe Weather,2026-04-27 20:15:00
CXL003440,FLT0070931,Crew Shortage,2025-11-25 07:45:00
CXL003441,FLT0070932,Severe Weather,2026-05-11 19:00:00
CXL003442,FLT0070949,Air Traffic Control,2025-08-11 05:15:00
CXL003443,FLT0070953,Air Traffic Control,2025-08-10 16:00:00
CXL003444,FLT0070977,Low Booking Demand,2026-01-18 21:30:00
CXL003445,FLT0070989,Air Traffic Control,2026-03-10 16:00:00
CXL003446,FLT0071010,Crew Shortage,2025-10-08 22:00:00
CXL003447,FLT0071013,Severe Weather,2026-06-30 01:30:00
CXL003448,FLT0071037,Airport Closure,2025-11-25 15:45:00
CXL003449,FLT0071041,Air Traffic Control,2026-05-26 10:15:00
CXL003450,FLT0071094,Airport Closure,2026-07-18 13:00:00
CXL003451,FLT0071103,Air Traffic Control,2026-04-03 00:15:00
CXL003452,FLT0071108,Airport Closure,2026-05-19 00:00:00
CXL003453,FLT0071109,Severe Weather,2026-02-26 14:45:00
CXL003454,FLT0071124,Mechanical Issue,2025-11-19 02:45:00
CXL003455,FLT0071144,Crew Shortage,2025-11-15 21:00:00
CXL003456,FLT0071151,Air Traffic Control,2026-03-03 08:30:00
CXL003457,FLT0071157,Crew Shortage,2025-11-20 18:15:00
CXL003458,FLT0071161,Crew Shortage,2025-12-27 03:00:00
CXL003459,FLT0071193,Air Traffic Control,2025-10-31 10:30:00
CXL003460,FLT0071200,Severe Weather,2026-06-12 17:45:00
CXL003461,FLT0071205,Airport Closure,2026-06-10 20:30:00
CXL003462,FLT0071220,Low Booking Demand,2026-06-25 03:30:00
CXL003463,FLT0071255,Mechanical Issue,2026-01-08 17:30:00
CXL003464,FLT0071263,Air Traffic Control,2026-02-19 02:15:00
CXL003465,FLT0071287,Mechanical Issue,2026-01-08 14:15:00
CXL003466,FLT0071316,Airport Closure,2026-04-05 06:15:00
CXL003467,FLT0071318,Low Booking Demand,2025-10-09 19:00:00
CXL003468,FLT0071350,Crew Shortage,2026-03-28 17:15:00
CXL003469,FLT0071367,Severe Weather,2026-04-08 02:00:00
CXL003470,FLT0071371,Mechanical Issue,2026-01-01 12:45:00
CXL003471,FLT0071382,Crew Shortage,2025-07-31 06:45:00
CXL003472,FLT0071424,Airport Closure,2025-10-29 15:45:00
CXL003473,FLT0071436,Air Traffic Control,2025-12-14 12:00:00
CXL003474,FLT0071450,Mechanical Issue,2026-01-20 18:45:00
CXL003475,FLT0071451,Severe Weather,2026-06-01 04:00:00
CXL003476,FLT0071463,Crew Shortage,2026-01-14 03:45:00
CXL003477,FLT0071471,Crew Shortage,2026-07-15 10:30:00
CXL003478,FLT0071474,Air Traffic Control,2025-11-20 20:30:00
CXL003479,FLT0071531,Low Booking Demand,2026-02-08 12:45:00
CXL003480,FLT0071564,Severe Weather,2026-04-13 22:45:00
CXL003481,FLT0071565,Severe Weather,2026-02-27 13:45:00
CXL003482,FLT0071592,Mechanical Issue,2026-02-04 00:15:00
CXL003483,FLT0071594,Severe Weather,2026-01-18 11:00:00
CXL003484,FLT0071596,Crew Shortage,2026-04-13 00:45:00
CXL003485,FLT0071605,Mechanical Issue,2025-11-30 04:00:00
CXL003486,FLT0071713,Airport Closure,2025-09-08 00:00:00
CXL003487,FLT0071747,Crew Shortage,2026-07-14 23:45:00
CXL003488,FLT0071775,Air Traffic Control,2026-05-25 19:45:00
CXL003489,FLT0071793,Severe Weather,2025-09-14 22:15:00
CXL003490,FLT0071809,Airport Closure,2026-05-17 05:30:00
CXL003491,FLT0071828,Mechanical Issue,2026-02-04 12:00:00
CXL003492,FLT0071873,Airport Closure,2026-02-09 22:30:00
CXL003493,FLT0071928,Air Traffic Control,2026-07-06 07:15:00
CXL003494,FLT0071942,Severe Weather,2025-11-09 07:15:00
CXL003495,FLT0071948,Mechanical Issue,2025-12-13 01:00:00
CXL003496,FLT0071963,Low Booking Demand,2025-09-15 13:45:00
CXL003497,FLT0072045,Severe Weather,2026-02-10 15:00:00
CXL003498,FLT0072052,Mechanical Issue,2026-08-02 07:45:00
CXL003499,FLT0072057,Mechanical Issue,2025-12-13 16:45:00
CXL003500,FLT0072060,Airport Closure,2025-09-03 04:45:00
CXL003501,FLT0072066,Severe Weather,2026-06-15 02:00:00
CXL003502,FLT0072108,Crew Shortage,2026-05-02 01:00:00
CXL003503,FLT0072150,Severe Weather,2026-07-21 06:45:00
CXL003504,FLT0072198,Airport Closure,2025-12-24 06:00:00
CXL003505,FLT0072216,Airport Closure,2025-08-27 04:00:00
CXL003506,FLT0072218,Low Booking Demand,2025-08-15 13:00:00
CXL003507,FLT0072252,Crew Shortage,2025-12-13 12:45:00
CXL003508,FLT0072290,Crew Shortage,2025-09-06 16:30:00
CXL003509,FLT0072300,Low Booking Demand,2026-07-25 02:00:00
CXL003510,FLT0072306,Airport Closure,2026-03-24 00:45:00
CXL003511,FLT0072314,Severe Weather,2026-06-09 02:45:00
CXL003512,FLT0072332,Crew Shortage,2025-11-16 01:15:00
CXL003513,FLT0072358,Mechanical Issue,2025-10-19 04:30:00
CXL003514,FLT0072376,Low Booking Demand,2026-04-29 07:30:00
CXL003515,FLT0072384,Severe Weather,2025-12-04 02:45:00
CXL003516,FLT0072387,Airport Closure,2025-08-26 03:45:00
CXL003517,FLT0072421,Air Traffic Control,2025-11-06 22:15:00
CXL003518,FLT0072431,Severe Weather,2026-06-17 09:15:00
CXL003519,FLT0072443,Crew Shortage,2026-08-01 00:30:00
CXL003520,FLT0072484,Mechanical Issue,2025-12-24 08:30:00
CXL003521,FLT0072487,Air Traffic Control,2026-02-03 22:00:00
CXL003522,FLT0072492,Air Traffic Control,2025-08-08 16:30:00
CXL003523,FLT0072518,Mechanical Issue,2025-08-18 02:00:00
CXL003524,FLT0072548,Low Booking Demand,2026-04-24 12:15:00
CXL003525,FLT0072566,Airport Closure,2025-11-10 21:00:00
CXL003526,FLT0072588,Crew Shortage,2026-04-30 18:45:00
CXL003527,FLT0072608,Mechanical Issue,2026-01-14 16:45:00
CXL003528,FLT0072621,Airport Closure,2026-03-21 01:15:00
CXL003529,FLT0072624,Crew Shortage,2026-07-04 03:15:00
CXL003530,FLT0072627,Airport Closure,2026-06-08 09:45:00
CXL003531,FLT0072628,Severe Weather,2026-05-06 03:15:00
CXL003532,FLT0072632,Airport Closure,2025-10-13 05:15:00
CXL003533,FLT0072676,Airport Closure,2026-02-28 02:00:00
CXL003534,FLT0072710,Severe Weather,2025-08-06 00:45:00
CXL003535,FLT0072750,Crew Shortage,2026-01-04 20:45:00
CXL003536,FLT0072790,Mechanical Issue,2025-09-21 11:00:00
CXL003537,FLT0072795,Airport Closure,2025-10-28 15:00:00
CXL003538,FLT0072810,Crew Shortage,2026-04-23 11:45:00
CXL003539,FLT0072865,Severe Weather,2026-07-02 04:30:00
CXL003540,FLT0072895,Severe Weather,2026-05-30 20:00:00
CXL003541,FLT0072910,Mechanical Issue,2025-12-25 03:00:00
CXL003542,FLT0072921,Severe Weather,2026-01-04 06:45:00
CXL003543,FLT0072922,Crew Shortage,2025-12-05 10:45:00
CXL003544,FLT0072952,Air Traffic Control,2025-08-21 11:45:00
CXL003545,FLT0072965,Low Booking Demand,2026-02-08 18:00:00
CXL003546,FLT0072970,Severe Weather,2026-06-11 21:45:00
CXL003547,FLT0072975,Mechanical Issue,2026-07-17 19:15:00
CXL003548,FLT0073041,Low Booking Demand,2026-01-08 22:00:00
CXL003549,FLT0073051,Airport Closure,2025-12-26 16:45:00
CXL003550,FLT0073062,Low Booking Demand,2026-02-25 18:30:00
CXL003551,FLT0073065,Severe Weather,2025-08-04 19:30:00
CXL003552,FLT0073072,Mechanical Issue,2026-01-01 21:30:00
CXL003553,FLT0073084,Airport Closure,2026-07-02 19:00:00
CXL003554,FLT0073167,Mechanical Issue,2026-04-23 22:15:00
CXL003555,FLT0073169,Air Traffic Control,2025-08-22 18:00:00
CXL003556,FLT0073191,Airport Closure,2025-11-03 05:45:00
CXL003557,FLT0073193,Severe Weather,2025-12-02 16:30:00
CXL003558,FLT0073227,Low Booking Demand,2025-12-02 04:30:00
CXL003559,FLT0073234,Air Traffic Control,2026-06-14 00:45:00
CXL003560,FLT0073257,Airport Closure,2025-08-02 09:15:00
CXL003561,FLT0073308,Air Traffic Control,2026-07-14 07:30:00
CXL003562,FLT0073327,Mechanical Issue,2026-03-13 17:45:00
CXL003563,FLT0073328,Air Traffic Control,2026-04-19 15:30:00
CXL003564,FLT0073370,Air Traffic Control,2025-11-07 06:15:00
CXL003565,FLT0073377,Crew Shortage,2026-02-11 02:15:00
CXL003566,FLT0073378,Mechanical Issue,2025-11-11 06:15:00
CXL003567,FLT0073390,Air Traffic Control,2025-12-29 22:45:00
CXL003568,FLT0073397,Air Traffic Control,2025-11-20 14:00:00
CXL003569,FLT0073425,Low Booking Demand,2026-03-22 04:00:00
CXL003570,FLT0073442,Crew Shortage,2026-01-13 05:30:00
CXL003571,FLT0073446,Low Booking Demand,2026-02-01 05:30:00
CXL003572,FLT0073472,Mechanical Issue,2026-05-14 03:45:00
CXL003573,FLT0073482,Airport Closure,2026-02-04 09:30:00
CXL003574,FLT0073520,Low Booking Demand,2026-04-21 03:30:00
CXL003575,FLT0073550,Severe Weather,2026-04-13 22:00:00
CXL003576,FLT0073575,Air Traffic Control,2025-10-13 17:15:00
CXL003577,FLT0073577,Mechanical Issue,2026-02-07 11:30:00
CXL003578,FLT0073580,Mechanical Issue,2026-02-13 05:45:00
CXL003579,FLT0073592,Crew Shortage,2026-07-06 12:00:00
CXL003580,FLT0073657,Severe Weather,2025-09-06 23:45:00
CXL003581,FLT0073670,Low Booking Demand,2025-11-04 10:30:00
CXL003582,FLT0073687,Crew Shortage,2026-03-03 13:45:00
CXL003583,FLT0073688,Crew Shortage,2026-05-22 04:45:00
CXL003584,FLT0073713,Air Traffic Control,2025-12-12 15:00:00
CXL003585,FLT0073726,Airport Closure,2026-05-30 04:15:00
CXL003586,FLT0073785,Severe Weather,2026-03-18 10:00:00
CXL003587,FLT0073801,Mechanical Issue,2026-01-07 15:45:00
CXL003588,FLT0073809,Severe Weather,2026-07-05 23:15:00
CXL003589,FLT0073810,Air Traffic Control,2025-11-14 02:45:00
CXL003590,FLT0073811,Air Traffic Control,2025-11-17 23:45:00
CXL003591,FLT0073844,Air Traffic Control,2026-05-12 17:30:00
CXL003592,FLT0073847,Crew Shortage,2026-03-11 10:45:00
CXL003593,FLT0073859,Low Booking Demand,2026-03-29 19:00:00
CXL003594,FLT0073868,Low Booking Demand,2026-06-09 22:15:00
CXL003595,FLT0073885,Air Traffic Control,2026-04-12 06:00:00
CXL003596,FLT0073919,Crew Shortage,2026-01-20 20:00:00
CXL003597,FLT0073920,Airport Closure,2026-04-30 22:45:00
CXL003598,FLT0073940,Airport Closure,2026-02-01 21:30:00
CXL003599,FLT0073959,Airport Closure,2025-10-14 08:00:00
CXL003600,FLT0074050,Low Booking Demand,2025-09-10 20:15:00
CXL003601,FLT0074053,Mechanical Issue,2026-03-15 17:45:00
CXL003602,FLT0074081,Low Booking Demand,2026-07-14 19:15:00
CXL003603,FLT0074104,Mechanical Issue,2026-01-28 21:30:00
CXL003604,FLT0074106,Mechanical Issue,2026-05-10 15:45:00
CXL003605,FLT0074121,Low Booking Demand,2026-04-25 18:45:00
CXL003606,FLT0074138,Crew Shortage,2026-05-17 06:15:00
CXL003607,FLT0074217,Low Booking Demand,2026-02-07 07:30:00
CXL003608,FLT0074227,Severe Weather,2026-07-31 01:00:00
CXL003609,FLT0074231,Airport Closure,2026-03-07 15:15:00
CXL003610,FLT0074245,Air Traffic Control,2026-04-22 00:00:00
CXL003611,FLT0074263,Mechanical Issue,2026-07-23 11:00:00
CXL003612,FLT0074277,Airport Closure,2026-01-31 11:00:00
CXL003613,FLT0074281,Severe Weather,2026-07-28 22:30:00
CXL003614,FLT0074297,Air Traffic Control,2026-04-17 01:45:00
CXL003615,FLT0074328,Mechanical Issue,2026-05-14 13:00:00
CXL003616,FLT0074353,Airport Closure,2026-06-26 14:15:00
CXL003617,FLT0074357,Severe Weather,2025-10-09 18:45:00
CXL003618,FLT0074382,Low Booking Demand,2025-10-01 17:30:00
CXL003619,FLT0074408,Mechanical Issue,2025-10-15 08:15:00
CXL003620,FLT0074422,Severe Weather,2026-02-12 22:30:00
CXL003621,FLT0074430,Severe Weather,2026-03-10 06:45:00
CXL003622,FLT0074465,Mechanical Issue,2025-09-21 03:00:00
CXL003623,FLT0074485,Severe Weather,2026-02-02 17:15:00
CXL003624,FLT0074496,Low Booking Demand,2026-06-01 16:00:00
CXL003625,FLT0074586,Severe Weather,2026-03-27 11:15:00
CXL003626,FLT0074598,Crew Shortage,2026-05-12 05:45:00
CXL003627,FLT0074614,Airport Closure,2026-02-01 19:45:00
CXL003628,FLT0074622,Airport Closure,2025-09-10 19:30:00
CXL003629,FLT0074657,Low Booking Demand,2025-10-20 06:15:00
CXL003630,FLT0074665,Severe Weather,2026-01-10 03:45:00
CXL003631,FLT0074690,Crew Shortage,2026-07-14 10:30:00
CXL003632,FLT0074715,Mechanical Issue,2025-10-14 23:45:00
CXL003633,FLT0074717,Severe Weather,2025-09-17 22:30:00
CXL003634,FLT0074736,Mechanical Issue,2025-09-06 00:45:00
CXL003635,FLT0074738,Airport Closure,2025-09-18 18:45:00
CXL003636,FLT0074766,Air Traffic Control,2025-08-01 16:45:00
CXL003637,FLT0074778,Airport Closure,2026-04-20 22:00:00
CXL003638,FLT0074779,Air Traffic Control,2026-03-26 17:15:00
CXL003639,FLT0074789,Severe Weather,2026-01-07 15:45:00
CXL003640,FLT0074804,Air Traffic Control,2026-04-02 13:00:00
CXL003641,FLT0074811,Airport Closure,2026-07-13 23:30:00
CXL003642,FLT0074824,Airport Closure,2025-09-24 11:30:00
CXL003643,FLT0074859,Crew Shortage,2026-06-25 13:45:00
CXL003644,FLT0074861,Airport Closure,2025-09-02 23:45:00
CXL003645,FLT0074886,Severe Weather,2026-06-22 15:30:00
CXL003646,FLT0074905,Crew Shortage,2026-02-04 09:45:00
CXL003647,FLT0074918,Airport Closure,2026-06-27 03:30:00
CXL003648,FLT0074920,Air Traffic Control,2026-03-16 22:30:00
CXL003649,FLT0074933,Airport Closure,2026-07-06 20:30:00
CXL003650,FLT0074963,Airport Closure,2025-09-05 14:15:00
CXL003651,FLT0074965,Low Booking Demand,2026-07-25 22:15:00
CXL003652,FLT0074968,Air Traffic Control,2025-12-31 06:15:00
CXL003653,FLT0074984,Crew Shortage,2025-11-07 00:45:00
CXL003654,FLT0075037,Low Booking Demand,2026-02-07 11:45:00
CXL003655,FLT0075041,Crew Shortage,2025-08-19 20:15:00
CXL003656,FLT0075042,Low Booking Demand,2025-11-02 08:15:00
CXL003657,FLT0075060,Air Traffic Control,2025-08-03 22:00:00
CXL003658,FLT0075061,Crew Shortage,2025-09-14 08:15:00
CXL003659,FLT0075079,Low Booking Demand,2026-02-10 09:15:00
CXL003660,FLT0075107,Air Traffic Control,2025-10-23 05:00:00
CXL003661,FLT0075138,Mechanical Issue,2026-07-27 12:15:00
CXL003662,FLT0075148,Severe Weather,2026-06-01 23:00:00
CXL003663,FLT0075187,Low Booking Demand,2025-08-18 09:45:00
CXL003664,FLT0075251,Low Booking Demand,2026-02-01 11:30:00
CXL003665,FLT0075264,Mechanical Issue,2025-11-22 13:15:00
CXL003666,FLT0075274,Mechanical Issue,2025-12-12 10:45:00
CXL003667,FLT0075283,Air Traffic Control,2025-11-23 18:30:00
CXL003668,FLT0075299,Severe Weather,2025-11-07 16:00:00
CXL003669,FLT0075306,Severe Weather,2026-05-05 14:45:00
CXL003670,FLT0075324,Air Traffic Control,2025-10-23 01:00:00
CXL003671,FLT0075338,Mechanical Issue,2026-03-27 03:30:00
CXL003672,FLT0075377,Severe Weather,2026-08-01 16:30:00
CXL003673,FLT0075406,Mechanical Issue,2026-01-15 02:45:00
CXL003674,FLT0075413,Airport Closure,2025-09-22 01:30:00
CXL003675,FLT0075421,Crew Shortage,2026-03-30 22:00:00
CXL003676,FLT0075429,Airport Closure,2025-09-18 05:00:00
CXL003677,FLT0075443,Air Traffic Control,2025-11-23 21:00:00
CXL003678,FLT0075457,Airport Closure,2026-04-20 01:45:00
CXL003679,FLT0075476,Airport Closure,2026-05-05 23:45:00
CXL003680,FLT0075496,Air Traffic Control,2025-10-03 11:15:00
CXL003681,FLT0075498,Severe Weather,2026-01-22 10:00:00
CXL003682,FLT0075512,Airport Closure,2025-08-30 10:15:00
CXL003683,FLT0075539,Airport Closure,2026-06-23 19:30:00
CXL003684,FLT0075583,Air Traffic Control,2026-01-15 04:30:00
CXL003685,FLT0075611,Severe Weather,2026-01-01 04:00:00
CXL003686,FLT0075649,Severe Weather,2026-02-28 20:15:00
CXL003687,FLT0075651,Airport Closure,2025-12-15 15:15:00
CXL003688,FLT0075660,Air Traffic Control,2025-11-11 19:45:00
CXL003689,FLT0075717,Airport Closure,2025-09-01 17:00:00
CXL003690,FLT0075744,Low Booking Demand,2026-04-15 23:45:00
CXL003691,FLT0075747,Low Booking Demand,2026-01-10 14:15:00
CXL003692,FLT0075752,Severe Weather,2025-11-13 13:00:00
CXL003693,FLT0075800,Low Booking Demand,2025-08-20 22:30:00
CXL003694,FLT0075831,Severe Weather,2026-01-04 07:30:00
CXL003695,FLT0075836,Mechanical Issue,2026-02-19 07:30:00
CXL003696,FLT0075838,Airport Closure,2025-10-18 15:00:00
CXL003697,FLT0075860,Low Booking Demand,2026-01-31 12:15:00
CXL003698,FLT0075865,Low Booking Demand,2026-06-05 07:30:00
CXL003699,FLT0075875,Severe Weather,2026-07-08 08:45:00
CXL003700,FLT0075877,Crew Shortage,2025-11-17 14:00:00
CXL003701,FLT0075889,Mechanical Issue,2026-02-20 09:30:00
CXL003702,FLT0075964,Severe Weather,2025-09-22 12:00:00
CXL003703,FLT0076051,Air Traffic Control,2026-07-03 05:30:00
CXL003704,FLT0076080,Low Booking Demand,2026-04-15 06:45:00
CXL003705,FLT0076090,Crew Shortage,2025-11-17 14:00:00
CXL003706,FLT0076091,Severe Weather,2025-12-14 17:15:00
CXL003707,FLT0076104,Severe Weather,2025-10-31 09:15:00
CXL003708,FLT0076111,Airport Closure,2026-01-14 19:30:00
CXL003709,FLT0076177,Airport Closure,2025-12-07 02:45:00
CXL003710,FLT0076182,Low Booking Demand,2025-11-03 11:30:00
CXL003711,FLT0076194,Low Booking Demand,2026-01-14 18:30:00
CXL003712,FLT0076246,Severe Weather,2026-02-03 05:30:00
CXL003713,FLT0076277,Air Traffic Control,2025-09-06 16:00:00
CXL003714,FLT0076309,Air Traffic Control,2026-01-30 17:15:00
CXL003715,FLT0076337,Crew Shortage,2026-06-15 12:45:00
CXL003716,FLT0076358,Low Booking Demand,2026-05-11 02:15:00
CXL003717,FLT0076371,Airport Closure,2026-02-05 08:00:00
CXL003718,FLT0076385,Air Traffic Control,2025-08-03 08:15:00
CXL003719,FLT0076396,Air Traffic Control,2026-01-08 06:45:00
CXL003720,FLT0076456,Airport Closure,2026-03-09 13:30:00
CXL003721,FLT0076505,Low Booking Demand,2025-10-09 05:30:00
CXL003722,FLT0076533,Crew Shortage,2026-06-27 20:30:00
CXL003723,FLT0076541,Low Booking Demand,2025-08-14 05:45:00
CXL003724,FLT0076558,Severe Weather,2026-05-21 06:30:00
CXL003725,FLT0076559,Mechanical Issue,2026-03-02 00:30:00
CXL003726,FLT0076572,Mechanical Issue,2026-03-03 11:00:00
CXL003727,FLT0076590,Severe Weather,2026-01-17 09:30:00
CXL003728,FLT0076598,Crew Shortage,2025-11-15 09:15:00
CXL003729,FLT0076610,Low Booking Demand,2025-08-06 13:00:00
CXL003730,FLT0076645,Airport Closure,2025-11-14 05:30:00
CXL003731,FLT0076657,Low Booking Demand,2026-07-05 02:15:00
CXL003732,FLT0076672,Crew Shortage,2026-05-15 09:15:00
CXL003733,FLT0076677,Mechanical Issue,2025-12-04 09:30:00
CXL003734,FLT0076696,Crew Shortage,2026-06-13 21:45:00
CXL003735,FLT0076714,Low Booking Demand,2025-08-20 15:45:00
CXL003736,FLT0076715,Air Traffic Control,2025-10-31 04:45:00
CXL003737,FLT0076741,Mechanical Issue,2026-03-13 15:00:00
CXL003738,FLT0076750,Crew Shortage,2026-04-18 23:00:00
CXL003739,FLT0076829,Crew Shortage,2025-11-30 20:15:00
CXL003740,FLT0076840,Airport Closure,2025-12-15 10:15:00
CXL003741,FLT0076847,Airport Closure,2025-10-21 03:00:00
CXL003742,FLT0076872,Low Booking Demand,2026-03-13 17:00:00
CXL003743,FLT0076880,Mechanical Issue,2025-08-23 23:30:00
CXL003744,FLT0076924,Mechanical Issue,2026-04-01 17:45:00
CXL003745,FLT0076932,Low Booking Demand,2025-10-31 08:30:00
CXL003746,FLT0076982,Severe Weather,2025-12-04 01:30:00
CXL003747,FLT0077002,Low Booking Demand,2026-03-08 01:30:00
CXL003748,FLT0077018,Air Traffic Control,2026-02-15 15:15:00
CXL003749,FLT0077028,Low Booking Demand,2025-07-29 20:00:00
CXL003750,FLT0077048,Air Traffic Control,2025-11-01 21:15:00
CXL003751,FLT0077104,Crew Shortage,2026-01-21 09:15:00
CXL003752,FLT0077111,Severe Weather,2025-12-18 23:00:00
CXL003753,FLT0077114,Crew Shortage,2025-10-17 19:15:00
CXL003754,FLT0077120,Severe Weather,2026-06-23 03:30:00
CXL003755,FLT0077132,Air Traffic Control,2025-09-18 10:30:00
CXL003756,FLT0077136,Crew Shortage,2025-12-17 20:30:00
CXL003757,FLT0077194,Air Traffic Control,2025-12-28 04:15:00
CXL003758,FLT0077217,Mechanical Issue,2026-05-16 15:15:00
CXL003759,FLT0077227,Crew Shortage,2026-01-24 12:45:00
CXL003760,FLT0077292,Mechanical Issue,2026-02-19 10:45:00
CXL003761,FLT0077331,Air Traffic Control,2026-02-08 07:15:00
CXL003762,FLT0077380,Severe Weather,2025-11-29 07:30:00
CXL003763,FLT0077382,Severe Weather,2026-01-09 20:00:00
CXL003764,FLT0077419,Air Traffic Control,2026-04-10 14:30:00
CXL003765,FLT0077423,Mechanical Issue,2025-08-17 23:00:00
CXL003766,FLT0077431,Low Booking Demand,2026-05-23 08:00:00
CXL003767,FLT0077446,Airport Closure,2026-06-07 04:00:00
CXL003768,FLT0077464,Severe Weather,2026-01-23 21:00:00
CXL003769,FLT0077490,Crew Shortage,2025-08-07 20:15:00
CXL003770,FLT0077508,Low Booking Demand,2025-11-03 03:45:00
CXL003771,FLT0077521,Air Traffic Control,2026-01-12 13:15:00
CXL003772,FLT0077544,Severe Weather,2025-08-08 07:30:00
CXL003773,FLT0077552,Crew Shortage,2026-06-26 08:00:00
CXL003774,FLT0077603,Air Traffic Control,2026-02-16 14:30:00
CXL003775,FLT0077635,Crew Shortage,2025-12-30 20:30:00
CXL003776,FLT0077651,Severe Weather,2025-09-09 14:45:00
CXL003777,FLT0077678,Air Traffic Control,2025-12-01 01:00:00
CXL003778,FLT0077692,Severe Weather,2025-12-01 17:45:00
CXL003779,FLT0077699,Mechanical Issue,2026-04-04 20:30:00
CXL003780,FLT0077728,Mechanical Issue,2026-04-15 20:00:00
CXL003781,FLT0077733,Severe Weather,2025-09-09 19:30:00
CXL003782,FLT0077757,Air Traffic Control,2025-08-07 19:45:00
CXL003783,FLT0077842,Low Booking Demand,2026-05-09 20:30:00
CXL003784,FLT0077864,Mechanical Issue,2026-05-01 10:30:00
CXL003785,FLT0077899,Airport Closure,2026-01-24 00:15:00
CXL003786,FLT0077936,Mechanical Issue,2025-12-13 07:45:00
CXL003787,FLT0077939,Low Booking Demand,2025-09-11 09:45:00
CXL003788,FLT0077947,Severe Weather,2026-03-01 00:30:00
CXL003789,FLT0077955,Mechanical Issue,2025-10-29 09:45:00
CXL003790,FLT0077979,Severe Weather,2026-05-21 09:00:00
CXL003791,FLT0077981,Mechanical Issue,2025-09-12 23:00:00
CXL003792,FLT0077990,Crew Shortage,2025-12-18 15:30:00
CXL003793,FLT0077998,Severe Weather,2026-01-24 03:45:00
CXL003794,FLT0078017,Severe Weather,2026-04-29 22:30:00
CXL003795,FLT0078021,Airport Closure,2025-12-23 13:45:00
CXL003796,FLT0078066,Mechanical Issue,2026-04-15 05:00:00
CXL003797,FLT0078108,Air Traffic Control,2026-06-12 17:00:00
CXL003798,FLT0078111,Crew Shortage,2025-08-09 14:00:00
CXL003799,FLT0078113,Airport Closure,2025-11-11 11:00:00
CXL003800,FLT0078168,Severe Weather,2025-12-08 03:30:00
CXL003801,FLT0078172,Airport Closure,2025-12-23 12:45:00
CXL003802,FLT0078183,Mechanical Issue,2025-09-11 13:30:00
CXL003803,FLT0078228,Severe Weather,2025-12-28 17:45:00
CXL003804,FLT0078252,Airport Closure,2025-11-22 07:30:00
CXL003805,FLT0078254,Low Booking Demand,2025-08-25 15:00:00
CXL003806,FLT0078289,Airport Closure,2025-11-27 03:45:00
CXL003807,FLT0078299,Air Traffic Control,2026-03-14 06:15:00
CXL003808,FLT0078304,Low Booking Demand,2026-04-26 00:00:00
CXL003809,FLT0078452,Low Booking Demand,2026-07-06 10:30:00
CXL003810,FLT0078484,Mechanical Issue,2026-06-27 10:45:00
CXL003811,FLT0078539,Airport Closure,2026-01-02 04:15:00
CXL003812,FLT0078547,Crew Shortage,2025-12-24 03:15:00
CXL003813,FLT0078548,Severe Weather,2025-12-28 07:30:00
CXL003814,FLT0078580,Crew Shortage,2025-11-21 20:00:00
CXL003815,FLT0078586,Airport Closure,2026-05-25 15:30:00
CXL003816,FLT0078607,Air Traffic Control,2025-11-20 09:00:00
CXL003817,FLT0078611,Mechanical Issue,2026-04-16 19:30:00
CXL003818,FLT0078664,Airport Closure,2025-09-27 22:15:00
CXL003819,FLT0078669,Airport Closure,2025-08-16 09:45:00
CXL003820,FLT0078678,Low Booking Demand,2025-12-29 21:15:00
CXL003821,FLT0078688,Low Booking Demand,2026-04-28 04:15:00
CXL003822,FLT0078700,Air Traffic Control,2026-06-26 17:45:00
CXL003823,FLT0078701,Airport Closure,2026-01-29 01:00:00
CXL003824,FLT0078788,Mechanical Issue,2026-01-21 03:45:00
CXL003825,FLT0078829,Mechanical Issue,2025-08-15 22:00:00
CXL003826,FLT0078836,Mechanical Issue,2026-04-15 11:45:00
CXL003827,FLT0078928,Low Booking Demand,2026-01-08 20:45:00
CXL003828,FLT0079033,Crew Shortage,2026-06-27 21:15:00
CXL003829,FLT0079063,Mechanical Issue,2026-03-26 16:00:00
CXL003830,FLT0079079,Airport Closure,2026-03-06 10:30:00
CXL003831,FLT0079084,Low Booking Demand,2026-05-23 14:30:00
CXL003832,FLT0079085,Severe Weather,2026-05-16 20:00:00
CXL003833,FLT0079152,Low Booking Demand,2025-12-28 19:00:00
CXL003834,FLT0079174,Low Booking Demand,2026-05-30 21:45:00
CXL003835,FLT0079209,Mechanical Issue,2026-07-15 20:30:00
CXL003836,FLT0079220,Mechanical Issue,2025-08-11 18:30:00
CXL003837,FLT0079255,Low Booking Demand,2025-10-15 05:30:00
CXL003838,FLT0079265,Crew Shortage,2025-09-29 23:45:00
CXL003839,FLT0079281,Airport Closure,2025-12-15 16:15:00
CXL003840,FLT0079298,Air Traffic Control,2025-08-30 08:00:00
CXL003841,FLT0079339,Airport Closure,2025-11-12 09:00:00
CXL003842,FLT0079384,Mechanical Issue,2026-02-10 18:15:00
CXL003843,FLT0079402,Mechanical Issue,2026-06-10 22:45:00
CXL003844,FLT0079413,Airport Closure,2025-11-28 01:15:00
CXL003845,FLT0079432,Low Booking Demand,2025-09-16 05:45:00
CXL003846,FLT0079438,Mechanical Issue,2025-10-31 20:30:00
CXL003847,FLT0079443,Air Traffic Control,2025-11-18 21:15:00
CXL003848,FLT0079455,Low Booking Demand,2025-10-05 15:30:00
CXL003849,FLT0079459,Airport Closure,2026-07-15 20:00:00
CXL003850,FLT0079491,Mechanical Issue,2025-08-02 19:00:00
CXL003851,FLT0079517,Crew Shortage,2026-01-02 08:30:00
CXL003852,FLT0079521,Low Booking Demand,2026-07-13 11:45:00
CXL003853,FLT0079548,Crew Shortage,2026-01-13 17:45:00
CXL003854,FLT0079555,Crew Shortage,2025-12-09 18:45:00
CXL003855,FLT0079572,Low Booking Demand,2025-09-29 17:30:00
CXL003856,FLT0079588,Air Traffic Control,2026-05-31 05:30:00
CXL003857,FLT0079589,Mechanical Issue,2025-12-04 09:00:00
CXL003858,FLT0079604,Air Traffic Control,2026-05-16 21:15:00
CXL003859,FLT0079631,Low Booking Demand,2026-03-13 11:15:00
CXL003860,FLT0079697,Low Booking Demand,2025-08-02 05:30:00
CXL003861,FLT0079708,Crew Shortage,2026-04-19 04:45:00
CXL003862,FLT0079709,Crew Shortage,2026-04-18 07:30:00
CXL003863,FLT0079777,Mechanical Issue,2026-05-23 06:30:00
CXL003864,FLT0079786,Crew Shortage,2026-01-22 04:15:00
CXL003865,FLT0079794,Severe Weather,2026-06-03 17:30:00
CXL003866,FLT0079796,Airport Closure,2026-05-12 04:00:00
CXL003867,FLT0079822,Airport Closure,2026-05-13 11:30:00
CXL003868,FLT0079840,Severe Weather,2025-12-16 09:45:00
CXL003869,FLT0079869,Severe Weather,2025-12-28 11:45:00
CXL003870,FLT0079896,Severe Weather,2025-12-24 07:45:00
CXL003871,FLT0079934,Severe Weather,2026-04-04 00:30:00
CXL003872,FLT0079950,Severe Weather,2026-07-14 03:00:00
CXL003873,FLT0079955,Mechanical Issue,2025-11-03 12:15:00
