history_id,aircraft_id,maintenance_date,maintenance_type,cost,next_due_date
AMH000001,ACFT00459,2024-02-04,A-Check,307182.06,2025-08-16
AMH000002,ACFT00112,2019-12-05,A-Check,312894.91,2020-10-05
AMH000003,ACFT00269,2023-12-20,A-Check,241054.52,2024-09-18
AMH000004,ACFT00591,2018-08-06,A-Check,300529.2,2019-10-19
AMH000005,ACFT00033,2024-06-03,A-Check,233865.52,2025-04-17
AMH000006,ACFT00236,2022-07-03,C-Check,372930.49,2024-06-19
AMH000007,ACFT00094,2019-06-01,A-Check,385429.06,2019-11-24
AMH000008,ACFT00263,2022-05-03,B-Check,304891.5,2023-09-24
AMH000009,ACFT00541,2025-07-27,B-Check,323031.35,2026-02-11
AMH000010,ACFT00063,2021-09-21,C-Check,189377.95,2022-04-22
AMH000011,ACFT00239,2019-04-05,Unscheduled Repair,377592.2,2021-02-27
AMH000012,ACFT00419,2022-01-13,C-Check,229065.21,2023-05-06
AMH000013,ACFT00583,2022-10-20,A-Check,497723.85,2023-10-31
AMH000014,ACFT00303,2024-11-16,C-Check,292965.64,2026-07-31
AMH000015,ACFT00319,2018-05-16,A-Check,191232.76,2019-09-17
AMH000016,ACFT00563,2022-04-20,Unscheduled Repair,135642.33,2023-08-24
AMH000017,ACFT00395,2019-06-27,B-Check,201614.83,2021-01-18
AMH000018,ACFT00036,2023-02-13,Unscheduled Repair,461970.65,2024-08-19
AMH000019,ACFT00583,2025-10-14,A-Check,475332.31,2027-06-11
AMH000020,ACFT00565,2022-01-05,A-Check,329638.1,2023-05-30
AMH000021,ACFT00371,2022-10-05,A-Check,445438.88,2023-09-20
AMH000022,ACFT00110,2021-04-19,C-Check,459696.64,2022-06-13
AMH000023,ACFT00442,2026-03-31,C-Check,216471.34,2028-01-22
AMH000024,ACFT00392,2021-03-30,D-Check,210608.31,2022-11-17
AMH000025,ACFT00479,2022-04-28,B-Check,134359.79,2023-02-07
AMH000026,ACFT00172,2020-07-16,C-Check,444462.76,2022-03-02
AMH000027,ACFT00220,2025-05-20,B-Check,353949.17,2027-04-11
AMH000028,ACFT00281,2018-08-02,C-Check,375338.76,2020-07-03
AMH000029,ACFT00081,2024-04-19,A-Check,85251.11,2025-07-16
AMH000030,ACFT00575,2024-02-18,B-Check,278879.38,2025-12-24
AMH000031,ACFT00261,2019-07-09,C-Check,219648.55,2020-07-01
AMH000032,ACFT00491,2024-12-25,B-Check,130505.35,2025-04-08
AMH000033,ACFT00463,2024-09-18,C-Check,432329.78,2025-07-27
AMH000034,ACFT00337,2024-07-04,Unscheduled Repair,28291.16,2025-09-09
AMH000035,ACFT00567,2024-12-20,A-Check,81443.14,2025-10-07
AMH000036,ACFT00098,2019-12-16,A-Check,54235.23,2020-04-12
AMH000037,ACFT00569,2019-06-23,C-Check,119327.29,2021-02-20
AMH000038,ACFT00412,2022-09-28,A-Check,408606.96,2023-09-26
AMH000039,ACFT00217,2025-11-13,Unscheduled Repair,340680.34,2027-09-30
AMH000040,ACFT00457,2024-06-04,B-Check,347332.81,2024-12-31
AMH000041,ACFT00505,2021-12-30,B-Check,285596.75,2022-05-09
AMH000042,ACFT00383,2019-10-03,Unscheduled Repair,299918.16,2021-06-15
AMH000043,ACFT00428,2018-03-20,Unscheduled Repair,307449.3,2019-07-23
AMH000044,ACFT00600,2022-02-18,C-Check,63233.36,2022-10-17
AMH000045,ACFT00229,2021-09-09,C-Check,9745.92,2022-05-13
AMH000046,ACFT00056,2020-04-07,C-Check,410623.91,2020-07-31
AMH000047,ACFT00237,2026-01-23,A-Check,70322.3,2027-01-22
AMH000048,ACFT00065,2019-07-12,A-Check,458541.15,2020-08-17
AMH000049,ACFT00450,2023-09-09,C-Check,320453.62,2024-08-06
AMH000050,ACFT00061,2022-09-18,B-Check,264823.82,2024-03-25
AMH000051,ACFT00360,2024-05-01,B-Check,214482.7,2024-11-23
AMH000052,ACFT00117,2020-09-18,A-Check,303743.09,2021-08-09
AMH000053,ACFT00508,2021-12-17,Unscheduled Repair,345026.77,2023-11-04
AMH000054,ACFT00102,2024-02-12,D-Check,436598.2,2024-09-18
AMH000055,ACFT00504,2024-03-23,B-Check,350472.88,2025-02-11
AMH000056,ACFT00093,2020-07-12,A-Check,173546.92,2021-08-07
AMH000057,ACFT00083,2019-02-27,Unscheduled Repair,124119.76,2020-04-09
AMH000058,ACFT00046,2019-12-06,A-Check,410736.45,2020-12-27
AMH000059,ACFT00134,2018-11-04,C-Check,296526.25,2020-01-14
AMH000060,ACFT00270,2019-08-03,A-Check,323639.68,2021-02-23
AMH000061,ACFT00442,2024-04-21,B-Check,268524.33,2025-02-25
AMH000062,ACFT00015,2021-06-19,C-Check,240230.25,2022-08-22
AMH000063,ACFT00185,2025-02-18,C-Check,499290.51,2026-10-04
AMH000064,ACFT00146,2024-05-06,Unscheduled Repair,51207.61,2026-04-15
AMH000065,ACFT00344,2023-07-30,C-Check,145031.7,2023-11-11
AMH000066,ACFT00246,2022-03-12,C-Check,451955.55,2023-09-16
AMH000067,ACFT00577,2022-03-29,B-Check,423901.59,2023-11-29
AMH000068,ACFT00034,2026-05-09,B-Check,79895.69,2027-11-27
AMH000069,ACFT00226,2020-12-01,B-Check,493359.92,2022-02-18
AMH000070,ACFT00404,2018-11-27,A-Check,223303.88,2019-12-02
AMH000071,ACFT00269,2024-02-03,C-Check,383451.19,2025-05-13
AMH000072,ACFT00527,2020-02-12,A-Check,114904.26,2020-07-28
AMH000073,ACFT00224,2021-01-26,C-Check,167334.18,2021-06-15
AMH000074,ACFT00462,2026-07-27,B-Check,289999.07,2027-12-22
AMH000075,ACFT00456,2019-06-25,B-Check,392510.77,2020-11-01
AMH000076,ACFT00094,2019-07-28,Unscheduled Repair,443225.21,2020-06-10
AMH000077,ACFT00195,2026-06-02,B-Check,184636.14,2027-05-27
AMH000078,ACFT00371,2025-02-06,A-Check,47920.72,2025-09-16
AMH000079,ACFT00429,2025-08-21,A-Check,300655.13,2026-12-03
AMH000080,ACFT00512,2021-08-01,A-Check,381572.48,2022-06-06
AMH000081,ACFT00443,2024-02-28,B-Check,298224.1,2025-11-10
AMH000082,ACFT00429,2022-08-04,A-Check,356710.62,2023-03-29
AMH000083,ACFT00177,2024-11-13,Unscheduled Repair,133758.48,2026-10-30
AMH000084,ACFT00085,2024-06-11,C-Check,198553.43,2026-04-02
AMH000085,ACFT00334,2023-01-06,B-Check,373778.09,2023-12-07
AMH000086,ACFT00530,2021-01-16,Unscheduled Repair,372087.67,2022-08-04
AMH000087,ACFT00065,2022-09-24,A-Check,394475.39,2024-09-10
AMH000088,ACFT00317,2024-04-23,Unscheduled Repair,166404.83,2024-11-14
AMH000089,ACFT00467,2021-03-28,C-Check,415842.37,2022-02-21
AMH000090,ACFT00017,2021-05-13,A-Check,250045.23,2022-08-13
AMH000091,ACFT00467,2024-12-31,A-Check,342566.44,2025-04-29
AMH000092,ACFT00142,2023-09-11,A-Check,166275.45,2024-09-08
AMH000093,ACFT00097,2021-10-29,B-Check,153745.93,2022-09-28
AMH000094,ACFT00405,2021-12-23,D-Check,132763.95,2023-06-18
AMH000095,ACFT00029,2026-04-19,D-Check,479923.44,2028-02-20
AMH000096,ACFT00523,2020-02-27,C-Check,110437.21,2021-02-14
AMH000097,ACFT00575,2022-01-13,B-Check,16435.13,2023-01-18
AMH000098,ACFT00271,2021-12-04,B-Check,260358.21,2022-12-01
AMH000099,ACFT00067,2019-07-25,B-Check,426618.04,2020-03-06
AMH000100,ACFT00227,2020-12-14,A-Check,320421.8,2022-12-05
AMH000101,ACFT00157,2021-09-17,D-Check,33078.11,2022-09-22
AMH000102,ACFT00407,2021-03-17,A-Check,481797.67,2021-10-27
AMH000103,ACFT00052,2019-01-16,A-Check,290105.44,2020-05-06
AMH000104,ACFT00392,2018-04-28,A-Check,338871.59,2019-01-02
AMH000105,ACFT00061,2023-11-16,A-Check,447278.05,2024-06-29
AMH000106,ACFT00410,2018-04-16,D-Check,104822.59,2019-12-14
AMH000107,ACFT00396,2019-02-11,C-Check,49873.63,2020-09-05
AMH000108,ACFT00319,2019-01-19,A-Check,70710.71,2019-05-23
AMH000109,ACFT00124,2018-09-30,B-Check,121991.22,2019-01-05
AMH000110,ACFT00392,2024-10-07,C-Check,72933.98,2025-05-10
AMH000111,ACFT00455,2019-07-13,B-Check,442149.24,2020-01-27
AMH000112,ACFT00433,2025-09-09,B-Check,400490.06,2027-04-29
AMH000113,ACFT00508,2020-11-26,A-Check,259753.03,2021-04-04
AMH000114,ACFT00476,2019-10-18,B-Check,337417.78,2020-05-06
AMH000115,ACFT00446,2018-10-27,C-Check,433440.55,2019-04-24
AMH000116,ACFT00420,2022-05-28,A-Check,472387.47,2023-10-25
AMH000117,ACFT00098,2021-05-03,B-Check,46920.6,2022-12-19
AMH000118,ACFT00087,2021-05-04,A-Check,202867.29,2022-12-11
AMH000119,ACFT00352,2023-11-01,C-Check,382661.72,2025-04-27
AMH000120,ACFT00270,2025-05-12,C-Check,327576.88,2027-01-09
AMH000121,ACFT00272,2019-05-24,D-Check,65958.78,2020-03-23
AMH000122,ACFT00319,2023-10-27,C-Check,329340.49,2025-04-23
AMH000123,ACFT00028,2019-02-15,Unscheduled Repair,302266.23,2020-09-12
AMH000124,ACFT00026,2026-07-03,A-Check,148001.72,2026-10-05
AMH000125,ACFT00339,2018-03-09,A-Check,140885.92,2018-07-16
AMH000126,ACFT00031,2021-10-03,B-Check,195681.79,2023-03-11
AMH000127,ACFT00348,2020-01-08,A-Check,10586.61,2020-07-18
AMH000128,ACFT00282,2022-04-22,B-Check,456449.42,2023-06-23
AMH000129,ACFT00553,2025-07-02,A-Check,127738.84,2025-11-25
AMH000130,ACFT00524,2021-12-27,B-Check,357079.46,2023-06-25
AMH000131,ACFT00125,2020-01-13,D-Check,267313.31,2021-08-20
AMH000132,ACFT00119,2025-01-07,C-Check,112966.67,2026-07-01
AMH000133,ACFT00371,2020-05-02,D-Check,286996.36,2021-08-14
AMH000134,ACFT00272,2022-08-08,B-Check,283614.51,2023-01-09
AMH000135,ACFT00127,2020-03-04,A-Check,234427.54,2020-12-26
AMH000136,ACFT00337,2020-11-27,A-Check,480358.64,2021-05-27
AMH000137,ACFT00590,2025-12-18,B-Check,295749.99,2026-08-05
AMH000138,ACFT00157,2021-09-07,A-Check,36727.01,2022-08-01
AMH000139,ACFT00056,2023-03-03,A-Check,112828.68,2024-11-27
AMH000140,ACFT00587,2025-12-20,A-Check,166123.57,2027-03-06
AMH000141,ACFT00572,2024-04-17,B-Check,83473.69,2024-08-12
AMH000142,ACFT00355,2022-05-03,A-Check,337708.67,2024-02-09
AMH000143,ACFT00358,2019-02-13,A-Check,449585.09,2019-09-08
AMH000144,ACFT00553,2022-01-26,C-Check,262198.72,2023-09-12
AMH000145,ACFT00216,2019-02-01,A-Check,491834.69,2021-01-01
AMH000146,ACFT00300,2024-08-13,C-Check,301988.81,2024-11-13
AMH000147,ACFT00351,2018-02-02,B-Check,272027.63,2018-06-13
AMH000148,ACFT00291,2020-02-10,B-Check,129137.08,2021-04-07
AMH000149,ACFT00415,2025-12-12,C-Check,439537.35,2027-04-07
AMH000150,ACFT00322,2019-06-11,B-Check,461496.77,2021-01-12
AMH000151,ACFT00181,2020-04-22,A-Check,417516.87,2022-02-08
AMH000152,ACFT00222,2018-02-19,A-Check,466986.49,2018-08-02
AMH000153,ACFT00113,2022-09-15,B-Check,488316.84,2023-07-04
AMH000154,ACFT00243,2025-10-27,C-Check,167609.85,2026-05-29
AMH000155,ACFT00023,2023-03-27,B-Check,495133.26,2024-07-29
AMH000156,ACFT00565,2020-09-05,A-Check,80133.23,2022-07-12
AMH000157,ACFT00342,2021-09-23,B-Check,222799.2,2022-11-13
AMH000158,ACFT00505,2021-07-23,Unscheduled Repair,116518.33,2022-10-04
AMH000159,ACFT00173,2021-12-23,Unscheduled Repair,494043.36,2022-10-23
AMH000160,ACFT00046,2018-04-11,A-Check,2502.99,2018-11-27
AMH000161,ACFT00122,2023-12-11,A-Check,351597.66,2025-08-31
AMH000162,ACFT00426,2022-02-02,Unscheduled Repair,313427.58,2022-09-25
AMH000163,ACFT00594,2025-12-28,C-Check,260288.61,2027-11-26
AMH000164,ACFT00448,2021-09-04,B-Check,314397.34,2023-06-30
AMH000165,ACFT00573,2020-02-16,A-Check,468186.34,2022-02-01
AMH000166,ACFT00031,2023-03-15,A-Check,107891.4,2024-04-30
AMH000167,ACFT00405,2023-12-10,A-Check,423083.77,2024-09-02
AMH000168,ACFT00438,2021-03-12,C-Check,478694.31,2021-11-13
AMH000169,ACFT00520,2024-03-04,A-Check,259533.16,2025-06-29
AMH000170,ACFT00435,2020-10-31,B-Check,31256.29,2021-04-15
AMH000171,ACFT00554,2021-03-11,B-Check,43027.48,2022-04-21
AMH000172,ACFT00434,2021-09-07,C-Check,486283.88,2023-06-13
AMH000173,ACFT00141,2022-01-28,B-Check,325146.39,2023-07-28
AMH000174,ACFT00552,2019-11-27,C-Check,293551.18,2020-07-05
AMH000175,ACFT00259,2026-06-18,A-Check,119602.28,2027-12-12
AMH000176,ACFT00444,2022-07-15,A-Check,54105.73,2022-12-30
AMH000177,ACFT00275,2024-05-18,C-Check,268341.5,2025-05-27
AMH000178,ACFT00308,2022-01-23,A-Check,67206.69,2023-03-22
AMH000179,ACFT00247,2018-08-12,A-Check,277598.44,2019-12-06
AMH000180,ACFT00058,2021-01-10,A-Check,41128.06,2021-07-05
AMH000181,ACFT00579,2023-10-16,C-Check,472043.27,2025-09-20
AMH000182,ACFT00549,2019-08-19,C-Check,266749.76,2020-03-12
AMH000183,ACFT00128,2022-10-02,B-Check,280100.62,2024-05-23
AMH000184,ACFT00211,2023-12-26,A-Check,117545.3,2024-09-21
AMH000185,ACFT00155,2018-07-25,C-Check,50152.14,2019-04-06
AMH000186,ACFT00443,2021-02-24,C-Check,288162.73,2022-12-18
AMH000187,ACFT00240,2025-04-23,A-Check,176938.27,2026-01-20
AMH000188,ACFT00021,2020-12-29,B-Check,479492.59,2021-12-31
AMH000189,ACFT00417,2026-02-11,A-Check,179405.44,2026-08-01
AMH000190,ACFT00009,2023-04-27,C-Check,427437.53,2024-03-14
AMH000191,ACFT00135,2022-02-23,C-Check,399132.5,2023-05-29
AMH000192,ACFT00357,2025-02-13,A-Check,75229.22,2026-04-04
AMH000193,ACFT00342,2018-12-15,C-Check,153537.71,2020-05-08
AMH000194,ACFT00010,2022-05-17,Unscheduled Repair,460685.64,2023-09-21
AMH000195,ACFT00299,2023-02-24,B-Check,127639.8,2024-08-07
AMH000196,ACFT00367,2022-07-11,A-Check,439474.99,2023-02-11
AMH000197,ACFT00474,2025-05-30,A-Check,163842.11,2026-07-28
AMH000198,ACFT00230,2019-07-23,A-Check,400977.34,2020-12-26
AMH000199,ACFT00390,2021-12-24,A-Check,249259.68,2022-10-21
AMH000200,ACFT00263,2019-12-28,Unscheduled Repair,221404.08,2021-06-25
AMH000201,ACFT00537,2024-09-26,A-Check,283008.94,2025-02-14
AMH000202,ACFT00129,2023-12-03,A-Check,356934.85,2025-02-01
AMH000203,ACFT00182,2023-11-07,C-Check,362932.6,2024-08-05
AMH000204,ACFT00099,2020-02-02,A-Check,264646.8,2021-12-09
AMH000205,ACFT00107,2020-01-15,A-Check,269387.43,2021-06-11
AMH000206,ACFT00300,2020-01-17,C-Check,164684.09,2020-10-19
AMH000207,ACFT00235,2022-06-04,A-Check,147309.36,2023-01-07
AMH000208,ACFT00023,2018-02-07,A-Check,393391.29,2019-11-20
AMH000209,ACFT00442,2026-06-27,B-Check,458120.44,2028-04-29
AMH000210,ACFT00304,2022-05-20,B-Check,362712.69,2024-04-02
AMH000211,ACFT00205,2024-12-13,C-Check,325702.17,2026-11-30
AMH000212,ACFT00365,2023-07-13,Unscheduled Repair,91128.82,2024-10-29
AMH000213,ACFT00531,2022-05-30,C-Check,218539.4,2023-01-22
AMH000214,ACFT00463,2023-05-02,Unscheduled Repair,329748.14,2024-03-15
AMH000215,ACFT00439,2018-07-24,B-Check,118550.33,2020-05-26
AMH000216,ACFT00575,2022-01-09,C-Check,38993.72,2022-06-08
AMH000217,ACFT00501,2022-10-05,B-Check,6711.21,2023-04-14
AMH000218,ACFT00067,2026-03-02,A-Check,363141.15,2027-08-13
AMH000219,ACFT00122,2020-11-22,A-Check,210390.29,2022-11-12
AMH000220,ACFT00466,2020-11-05,Unscheduled Repair,245872.4,2021-02-09
AMH000221,ACFT00246,2024-05-26,Unscheduled Repair,400761.13,2026-04-17
AMH000222,ACFT00383,2025-05-08,C-Check,388639.65,2026-05-21
AMH000223,ACFT00285,2019-10-23,C-Check,17259.6,2020-03-29
AMH000224,ACFT00305,2023-03-22,A-Check,316456.1,2024-07-20
AMH000225,ACFT00138,2019-10-12,Unscheduled Repair,232328.33,2021-05-24
AMH000226,ACFT00339,2018-07-08,A-Check,246369.24,2019-08-19
AMH000227,ACFT00300,2020-08-27,A-Check,356682.88,2021-04-26
AMH000228,ACFT00589,2020-02-29,A-Check,407588.86,2021-02-26
AMH000229,ACFT00209,2019-07-23,B-Check,268286.27,2020-10-01
AMH000230,ACFT00156,2022-10-01,C-Check,386700.62,2023-01-10
AMH000231,ACFT00091,2021-08-28,A-Check,466030.19,2023-03-24
AMH000232,ACFT00073,2018-09-02,C-Check,453643.02,2020-05-15
AMH000233,ACFT00143,2021-11-27,A-Check,220210.96,2023-02-20
AMH000234,ACFT00546,2021-04-26,Unscheduled Repair,338270.34,2021-09-28
AMH000235,ACFT00426,2021-12-11,B-Check,243286.66,2022-11-28
AMH000236,ACFT00016,2021-03-08,A-Check,346502.75,2023-02-15
AMH000237,ACFT00451,2021-03-24,B-Check,153603.53,2022-07-07
AMH000238,ACFT00493,2025-08-02,B-Check,30181.99,2026-07-29
AMH000239,ACFT00526,2018-09-10,A-Check,141053.17,2019-11-15
AMH000240,ACFT00161,2020-03-12,C-Check,390594.64,2020-12-20
AMH000241,ACFT00407,2021-11-20,A-Check,382407.7,2023-03-16
AMH000242,ACFT00421,2022-01-28,C-Check,175753.49,2023-11-19
AMH000243,ACFT00447,2024-03-02,A-Check,250909.85,2026-02-08
AMH000244,ACFT00492,2025-05-13,B-Check,190471.18,2026-08-27
AMH000245,ACFT00361,2023-09-27,B-Check,376546.68,2024-05-04
AMH000246,ACFT00349,2021-07-17,A-Check,5983.93,2023-05-24
AMH000247,ACFT00554,2018-10-03,A-Check,68015.27,2019-03-03
AMH000248,ACFT00289,2020-01-12,C-Check,142115.54,2020-11-26
AMH000249,ACFT00534,2018-08-27,C-Check,467292.68,2020-07-27
AMH000250,ACFT00269,2025-05-21,A-Check,404215.25,2025-11-05
AMH000251,ACFT00507,2021-11-17,A-Check,395790.13,2022-12-27
AMH000252,ACFT00160,2020-08-01,A-Check,134922.64,2021-05-10
AMH000253,ACFT00252,2020-07-29,C-Check,237860.4,2021-12-22
AMH000254,ACFT00519,2018-12-14,A-Check,121442.34,2020-07-07
AMH000255,ACFT00190,2021-10-31,C-Check,392484.9,2023-01-13
AMH000256,ACFT00300,2021-12-21,B-Check,60141.96,2022-08-06
AMH000257,ACFT00586,2025-03-17,C-Check,6951.16,2026-09-08
AMH000258,ACFT00435,2023-10-03,A-Check,440166.01,2024-02-04
AMH000259,ACFT00270,2023-12-21,B-Check,82577.12,2025-01-10
AMH000260,ACFT00194,2024-10-06,A-Check,208701.92,2026-05-20
AMH000261,ACFT00004,2019-05-08,A-Check,6316.91,2019-09-17
AMH000262,ACFT00112,2020-03-22,A-Check,297196.96,2020-12-15
AMH000263,ACFT00466,2020-03-31,B-Check,228076.56,2020-09-20
AMH000264,ACFT00501,2025-04-27,A-Check,142548.32,2027-02-19
AMH000265,ACFT00558,2023-06-05,B-Check,483553.4,2024-08-29
AMH000266,ACFT00178,2022-04-08,B-Check,11000.61,2024-01-27
AMH000267,ACFT00285,2019-02-18,A-Check,266668.17,2020-12-14
AMH000268,ACFT00578,2020-12-03,A-Check,112589.57,2021-08-01
AMH000269,ACFT00037,2019-08-13,A-Check,229316.28,2020-09-16
AMH000270,ACFT00132,2019-08-25,A-Check,277858.95,2021-01-24
AMH000271,ACFT00397,2026-05-19,D-Check,385984.08,2027-08-08
AMH000272,ACFT00094,2023-05-01,A-Check,273964.83,2024-10-20
AMH000273,ACFT00448,2018-03-21,D-Check,271957.16,2018-10-13
AMH000274,ACFT00194,2018-01-09,C-Check,397620.09,2018-12-07
AMH000275,ACFT00306,2020-09-17,B-Check,99219.27,2022-07-15
AMH000276,ACFT00467,2021-08-02,B-Check,29650.77,2023-04-28
AMH000277,ACFT00080,2021-11-22,C-Check,286268.93,2023-09-09
AMH000278,ACFT00591,2019-11-26,B-Check,45596.19,2021-03-23
AMH000279,ACFT00182,2023-08-15,Unscheduled Repair,476259.44,2025-07-26
AMH000280,ACFT00537,2022-05-12,Unscheduled Repair,167931.85,2024-03-30
AMH000281,ACFT00132,2020-04-18,Unscheduled Repair,394667.67,2020-09-05
AMH000282,ACFT00230,2024-08-04,A-Check,171339.55,2026-06-13
AMH000283,ACFT00072,2025-07-11,A-Check,476059.87,2026-10-04
AMH000284,ACFT00485,2018-09-01,A-Check,432333.86,2018-12-25
AMH000285,ACFT00017,2024-11-16,B-Check,140096.23,2026-10-25
AMH000286,ACFT00421,2023-11-08,C-Check,101717.06,2024-04-08
AMH000287,ACFT00230,2020-11-29,A-Check,364666.64,2022-03-02
AMH000288,ACFT00119,2022-06-17,A-Check,309689.55,2023-06-14
AMH000289,ACFT00211,2022-02-03,A-Check,319472.55,2023-03-05
AMH000290,ACFT00379,2022-08-04,C-Check,397870.41,2023-04-26
AMH000291,ACFT00001,2018-09-26,A-Check,36533.95,2019-05-15
AMH000292,ACFT00525,2024-11-18,C-Check,397780.64,2025-03-01
AMH000293,ACFT00039,2022-04-11,A-Check,40705.24,2024-01-26
AMH000294,ACFT00183,2018-12-01,C-Check,443498.56,2019-05-01
AMH000295,ACFT00027,2023-07-28,A-Check,410274.1,2023-11-01
AMH000296,ACFT00115,2024-01-10,A-Check,18082.3,2024-05-12
AMH000297,ACFT00064,2024-01-24,C-Check,67937.26,2024-10-13
AMH000298,ACFT00102,2018-04-02,A-Check,18870.57,2019-12-24
AMH000299,ACFT00084,2023-03-29,B-Check,341427.57,2024-07-15
AMH000300,ACFT00210,2023-05-12,A-Check,144284.53,2024-11-04
AMH000301,ACFT00584,2025-01-05,A-Check,443076.57,2026-05-27
AMH000302,ACFT00270,2021-10-23,Unscheduled Repair,423742.58,2023-03-28
AMH000303,ACFT00300,2025-06-26,C-Check,261804.37,2025-10-01
AMH000304,ACFT00156,2025-06-23,A-Check,255549.09,2026-04-27
AMH000305,ACFT00145,2019-06-30,C-Check,177483.66,2020-05-13
AMH000306,ACFT00319,2023-01-14,B-Check,479017.19,2023-10-07
AMH000307,ACFT00158,2022-12-01,C-Check,329582.76,2023-09-09
AMH000308,ACFT00168,2025-02-12,A-Check,202803.94,2026-04-24
AMH000309,ACFT00161,2020-08-31,B-Check,162110.13,2021-05-23
AMH000310,ACFT00423,2024-04-10,A-Check,462992.5,2025-10-13
AMH000311,ACFT00584,2023-07-22,Unscheduled Repair,452095.14,2024-09-26
AMH000312,ACFT00265,2018-05-04,B-Check,241451.76,2019-03-09
AMH000313,ACFT00307,2021-09-09,B-Check,218745.71,2022-01-24
AMH000314,ACFT00198,2022-09-16,C-Check,14212.71,2023-11-13
AMH000315,ACFT00190,2019-12-14,A-Check,225564.65,2021-01-05
AMH000316,ACFT00503,2025-05-02,A-Check,49819.78,2026-10-17
AMH000317,ACFT00522,2018-01-12,A-Check,489050.63,2019-01-20
AMH000318,ACFT00199,2019-04-23,A-Check,349563.66,2019-10-07
AMH000319,ACFT00516,2021-03-28,C-Check,301905.57,2023-02-17
AMH000320,ACFT00295,2024-04-27,A-Check,141640.71,2024-10-25
AMH000321,ACFT00417,2021-06-29,C-Check,214543.32,2022-07-14
AMH000322,ACFT00208,2022-05-07,A-Check,139705.92,2024-01-20
AMH000323,ACFT00408,2020-08-16,A-Check,273857.49,2022-01-25
AMH000324,ACFT00059,2024-09-14,C-Check,91655.54,2026-03-15
AMH000325,ACFT00520,2019-05-08,C-Check,462442.53,2021-01-29
AMH000326,ACFT00572,2024-04-14,A-Check,219984.47,2025-09-21
AMH000327,ACFT00329,2019-03-18,C-Check,38124.61,2020-07-05
AMH000328,ACFT00443,2018-07-12,A-Check,432629.82,2018-11-24
AMH000329,ACFT00532,2024-05-22,A-Check,453548.84,2025-12-04
AMH000330,ACFT00135,2019-04-26,A-Check,304668.75,2020-12-12
AMH000331,ACFT00347,2025-01-22,B-Check,352634.13,2026-09-22
AMH000332,ACFT00225,2023-12-20,B-Check,437091.93,2024-07-30
AMH000333,ACFT00145,2024-03-27,B-Check,38501.8,2025-05-15
AMH000334,ACFT00453,2020-11-22,A-Check,134175.5,2022-01-28
AMH000335,ACFT00454,2020-11-19,B-Check,201350.0,2022-05-13
AMH000336,ACFT00306,2025-04-10,D-Check,427844.0,2027-01-01
AMH000337,ACFT00383,2025-05-03,D-Check,230109.17,2027-01-18
AMH000338,ACFT00600,2024-05-08,D-Check,399654.1,2024-08-25
AMH000339,ACFT00374,2020-04-08,C-Check,279338.61,2020-08-29
AMH000340,ACFT00587,2024-08-26,Unscheduled Repair,313711.66,2024-12-13
AMH000341,ACFT00499,2019-02-07,A-Check,477582.39,2020-03-28
AMH000342,ACFT00239,2018-07-27,B-Check,213083.48,2020-05-30
AMH000343,ACFT00039,2018-09-16,A-Check,268691.86,2019-10-20
AMH000344,ACFT00256,2023-10-20,A-Check,149965.12,2024-02-22
AMH000345,ACFT00390,2021-10-11,A-Check,188145.84,2022-01-17
AMH000346,ACFT00592,2026-01-22,B-Check,330537.77,2027-03-10
AMH000347,ACFT00350,2020-03-06,A-Check,308240.21,2021-06-13
AMH000348,ACFT00385,2026-01-12,A-Check,116447.6,2027-08-17
AMH000349,ACFT00504,2019-04-28,A-Check,380889.58,2019-09-08
AMH000350,ACFT00085,2022-08-01,A-Check,167425.4,2024-06-01
AMH000351,ACFT00295,2023-05-16,A-Check,476763.41,2025-05-02
AMH000352,ACFT00062,2026-07-17,B-Check,190676.07,2027-12-18
AMH000353,ACFT00399,2024-01-28,B-Check,496551.9,2025-02-26
AMH000354,ACFT00295,2023-10-19,A-Check,396157.55,2025-09-02
AMH000355,ACFT00459,2025-08-20,A-Check,410927.63,2026-04-16
AMH000356,ACFT00057,2026-02-12,B-Check,459056.58,2027-05-15
AMH000357,ACFT00598,2025-06-04,B-Check,112393.38,2026-04-12
AMH000358,ACFT00061,2023-05-16,A-Check,461443.28,2024-02-24
AMH000359,ACFT00324,2022-02-23,B-Check,134778.6,2023-04-04
AMH000360,ACFT00145,2026-01-15,A-Check,360666.24,2026-07-04
AMH000361,ACFT00484,2021-11-02,B-Check,480946.16,2022-10-11
AMH000362,ACFT00444,2023-05-27,A-Check,334809.77,2024-05-04
AMH000363,ACFT00059,2020-04-05,A-Check,464116.89,2021-08-16
AMH000364,ACFT00175,2022-05-21,A-Check,252746.72,2022-12-08
AMH000365,ACFT00400,2019-07-03,C-Check,391960.29,2020-05-06
AMH000366,ACFT00181,2023-06-13,A-Check,255962.17,2025-04-06
AMH000367,ACFT00205,2022-06-06,B-Check,335847.16,2023-05-12
AMH000368,ACFT00394,2023-03-12,A-Check,344994.66,2024-04-08
AMH000369,ACFT00573,2022-11-17,B-Check,45745.68,2024-11-01
AMH000370,ACFT00340,2024-07-31,C-Check,67448.81,2024-11-13
AMH000371,ACFT00179,2025-04-29,C-Check,362040.48,2026-05-20
AMH000372,ACFT00485,2018-06-10,A-Check,402587.6,2020-02-05
AMH000373,ACFT00327,2025-02-03,A-Check,121428.3,2025-11-02
AMH000374,ACFT00224,2023-11-09,B-Check,258368.9,2024-10-01
AMH000375,ACFT00050,2020-08-22,B-Check,137581.23,2021-03-16
AMH000376,ACFT00437,2025-08-13,C-Check,300944.41,2026-02-25
AMH000377,ACFT00435,2019-05-06,B-Check,161331.85,2021-02-21
AMH000378,ACFT00424,2023-07-29,B-Check,490584.69,2024-03-25
AMH000379,ACFT00049,2023-07-24,C-Check,392710.01,2025-06-18
AMH000380,ACFT00192,2018-07-23,A-Check,441001.8,2019-02-21
AMH000381,ACFT00575,2025-04-06,D-Check,485871.06,2027-03-01
AMH000382,ACFT00126,2022-10-05,A-Check,390754.17,2024-03-07
AMH000383,ACFT00361,2023-01-25,A-Check,405197.09,2023-05-19
AMH000384,ACFT00119,2024-06-15,A-Check,3732.01,2024-10-12
AMH000385,ACFT00186,2021-03-01,A-Check,442564.78,2022-06-23
AMH000386,ACFT00588,2020-04-14,A-Check,315634.73,2020-07-18
AMH000387,ACFT00423,2024-10-27,A-Check,75966.8,2025-07-13
AMH000388,ACFT00011,2020-03-02,Unscheduled Repair,269516.53,2021-07-10
AMH000389,ACFT00596,2019-04-19,C-Check,306441.56,2019-11-28
AMH000390,ACFT00113,2020-10-17,B-Check,373356.96,2021-11-15
AMH000391,ACFT00133,2018-07-08,A-Check,218423.04,2018-10-29
AMH000392,ACFT00501,2022-12-29,A-Check,105492.21,2024-10-14
AMH000393,ACFT00227,2022-05-15,B-Check,124649.36,2024-03-15
AMH000394,ACFT00423,2023-09-04,A-Check,200468.52,2025-04-30
AMH000395,ACFT00276,2018-01-09,A-Check,2381.62,2019-09-24
AMH000396,ACFT00479,2022-05-19,B-Check,469555.41,2023-12-26
AMH000397,ACFT00247,2018-09-12,A-Check,13483.66,2019-04-04
AMH000398,ACFT00019,2020-03-07,A-Check,173024.04,2020-06-24
AMH000399,ACFT00002,2021-03-04,D-Check,388803.89,2023-01-13
AMH000400,ACFT00225,2022-07-22,Unscheduled Repair,431637.61,2023-09-17
AMH000401,ACFT00238,2022-03-04,Unscheduled Repair,423039.83,2023-09-16
AMH000402,ACFT00278,2020-09-29,B-Check,128351.35,2022-03-10
AMH000403,ACFT00310,2024-04-26,C-Check,187547.99,2026-03-12
AMH000404,ACFT00336,2020-05-28,A-Check,320613.7,2021-07-12
AMH000405,ACFT00197,2024-02-26,B-Check,433102.23,2025-03-29
AMH000406,ACFT00210,2020-03-12,A-Check,479749.65,2022-02-06
AMH000407,ACFT00462,2026-07-28,B-Check,357976.06,2027-07-29
AMH000408,ACFT00403,2021-03-11,C-Check,304122.79,2022-05-28
AMH000409,ACFT00294,2022-06-12,A-Check,93117.49,2022-11-24
AMH000410,ACFT00552,2020-08-24,B-Check,498423.22,2022-03-15
AMH000411,ACFT00368,2026-07-15,B-Check,268423.67,2026-10-29
AMH000412,ACFT00447,2021-01-04,Unscheduled Repair,472690.94,2021-05-04
AMH000413,ACFT00012,2022-07-16,A-Check,294235.06,2024-02-12
AMH000414,ACFT00442,2022-09-09,C-Check,245679.3,2024-05-16
AMH000415,ACFT00329,2025-02-22,A-Check,419881.83,2025-08-30
AMH000416,ACFT00493,2019-01-02,Unscheduled Repair,288286.65,2020-06-29
AMH000417,ACFT00249,2019-07-18,A-Check,423737.98,2021-03-26
AMH000418,ACFT00264,2025-02-17,A-Check,497752.86,2025-09-12
AMH000419,ACFT00219,2026-02-24,B-Check,361818.69,2028-02-14
AMH000420,ACFT00509,2018-09-27,D-Check,452808.72,2019-07-28
AMH000421,ACFT00303,2021-02-07,A-Check,322109.6,2021-08-05
AMH000422,ACFT00130,2024-05-08,C-Check,400191.44,2025-10-31
AMH000423,ACFT00069,2025-09-14,C-Check,391561.21,2027-03-11
AMH000424,ACFT00454,2021-08-09,B-Check,443737.83,2021-11-09
AMH000425,ACFT00182,2021-01-03,C-Check,9343.12,2022-07-18
AMH000426,ACFT00389,2019-04-21,B-Check,469896.61,2020-01-04
AMH000427,ACFT00418,2022-11-28,D-Check,412847.08,2023-05-28
AMH000428,ACFT00285,2022-04-02,A-Check,286954.07,2022-08-03
AMH000429,ACFT00405,2022-04-27,A-Check,136434.74,2022-12-25
AMH000430,ACFT00541,2023-10-28,C-Check,441693.77,2024-01-29
AMH000431,ACFT00437,2022-01-20,A-Check,360627.09,2023-04-15
AMH000432,ACFT00360,2021-11-29,C-Check,296631.79,2022-06-30
AMH000433,ACFT00439,2025-04-15,B-Check,487300.25,2026-08-28
AMH000434,ACFT00569,2021-08-07,A-Check,7476.02,2022-08-05
AMH000435,ACFT00035,2023-10-10,B-Check,459701.45,2024-11-10
AMH000436,ACFT00153,2025-04-13,A-Check,281388.84,2026-08-16
AMH000437,ACFT00416,2025-07-27,A-Check,328350.71,2027-04-15
AMH000438,ACFT00197,2024-05-28,A-Check,186706.96,2025-06-23
AMH000439,ACFT00528,2020-04-02,Unscheduled Repair,391411.63,2020-08-22
AMH000440,ACFT00454,2018-10-07,A-Check,379212.29,2019-10-15
AMH000441,ACFT00063,2018-02-25,D-Check,2325.18,2018-10-05
AMH000442,ACFT00470,2026-05-13,C-Check,342930.99,2027-05-13
AMH000443,ACFT00424,2018-03-16,Unscheduled Repair,458494.21,2018-11-18
AMH000444,ACFT00327,2019-04-07,B-Check,410703.17,2020-10-03
AMH000445,ACFT00466,2023-07-17,Unscheduled Repair,325242.31,2024-04-20
AMH000446,ACFT00481,2025-04-14,A-Check,104945.43,2025-11-26
AMH000447,ACFT00549,2018-04-24,A-Check,20155.68,2018-12-06
AMH000448,ACFT00365,2020-12-15,A-Check,273187.87,2022-04-03
AMH000449,ACFT00491,2022-08-30,D-Check,405963.53,2023-12-03
AMH000450,ACFT00468,2024-12-30,C-Check,357172.09,2025-11-06
AMH000451,ACFT00499,2020-08-04,A-Check,344724.32,2021-09-09
AMH000452,ACFT00223,2020-11-08,A-Check,226931.29,2021-05-03
AMH000453,ACFT00557,2020-05-20,Unscheduled Repair,167271.07,2021-08-08
AMH000454,ACFT00207,2021-08-09,B-Check,124539.76,2022-09-22
AMH000455,ACFT00043,2019-09-26,A-Check,123038.29,2021-05-28
AMH000456,ACFT00232,2019-04-19,A-Check,465809.12,2021-03-19
AMH000457,ACFT00311,2019-02-15,B-Check,131534.91,2021-01-28
AMH000458,ACFT00372,2025-08-29,A-Check,379110.47,2027-01-28
AMH000459,ACFT00204,2021-06-21,A-Check,406420.58,2022-10-05
AMH000460,ACFT00118,2021-07-17,A-Check,158669.12,2022-10-01
AMH000461,ACFT00221,2021-03-14,B-Check,148337.3,2021-10-22
AMH000462,ACFT00068,2026-03-02,Unscheduled Repair,197457.36,2026-07-27
AMH000463,ACFT00407,2026-02-04,B-Check,56986.95,2026-11-12
AMH000464,ACFT00402,2019-02-22,A-Check,22378.45,2020-07-20
AMH000465,ACFT00237,2024-08-23,A-Check,107160.66,2026-03-30
AMH000466,ACFT00375,2023-10-24,A-Check,247374.8,2024-12-31
AMH000467,ACFT00338,2024-10-05,A-Check,224359.41,2026-07-22
AMH000468,ACFT00289,2018-11-04,A-Check,367804.8,2020-03-01
AMH000469,ACFT00159,2023-01-20,A-Check,320651.9,2024-08-25
AMH000470,ACFT00511,2026-02-28,A-Check,328174.75,2027-06-03
AMH000471,ACFT00107,2021-04-09,Unscheduled Repair,254036.69,2022-08-10
AMH000472,ACFT00418,2018-11-18,C-Check,426894.0,2020-04-22
AMH000473,ACFT00203,2026-04-22,A-Check,378450.75,2026-07-24
AMH000474,ACFT00141,2025-03-11,A-Check,431424.38,2025-06-17
AMH000475,ACFT00147,2022-07-21,A-Check,316422.59,2024-07-04
AMH000476,ACFT00365,2025-10-20,Unscheduled Repair,215103.85,2026-05-19
AMH000477,ACFT00381,2022-04-20,B-Check,114973.95,2024-03-03
AMH000478,ACFT00509,2020-03-10,B-Check,145253.54,2022-01-08
AMH000479,ACFT00496,2019-04-05,D-Check,496107.18,2020-06-10
AMH000480,ACFT00282,2019-02-19,A-Check,158738.85,2020-07-10
AMH000481,ACFT00470,2024-01-26,B-Check,229532.67,2024-09-14
AMH000482,ACFT00431,2018-10-31,A-Check,272118.93,2019-08-25
AMH000483,ACFT00389,2018-02-06,A-Check,22680.8,2019-12-20
AMH000484,ACFT00375,2024-12-09,C-Check,429400.74,2026-11-16
AMH000485,ACFT00389,2018-05-23,Unscheduled Repair,287911.82,2019-09-21
AMH000486,ACFT00329,2025-03-18,A-Check,24453.91,2025-07-20
AMH000487,ACFT00202,2021-12-25,C-Check,416873.87,2023-02-11
AMH000488,ACFT00077,2018-06-24,B-Check,356326.56,2019-04-10
AMH000489,ACFT00528,2025-03-02,Unscheduled Repair,110444.59,2026-12-26
AMH000490,ACFT00461,2023-11-09,B-Check,56676.07,2024-07-12
AMH000491,ACFT00577,2026-07-29,A-Check,250094.78,2027-10-10
AMH000492,ACFT00128,2021-02-12,B-Check,283439.35,2021-10-12
AMH000493,ACFT00507,2024-11-05,B-Check,365801.38,2025-03-16
AMH000494,ACFT00509,2019-12-19,C-Check,361007.85,2021-11-28
AMH000495,ACFT00325,2018-03-19,A-Check,453238.56,2019-07-28
AMH000496,ACFT00406,2023-09-07,B-Check,210132.31,2024-01-08
AMH000497,ACFT00591,2019-10-16,B-Check,227999.84,2021-03-04
AMH000498,ACFT00457,2022-05-08,B-Check,384812.75,2022-11-04
AMH000499,ACFT00127,2021-03-21,A-Check,401172.95,2021-08-14
AMH000500,ACFT00438,2020-08-08,C-Check,257451.94,2021-02-21
AMH000501,ACFT00092,2024-04-02,B-Check,334564.61,2025-12-11
AMH000502,ACFT00193,2020-10-03,A-Check,448306.55,2022-05-05
AMH000503,ACFT00025,2025-07-08,A-Check,276415.08,2025-11-22
AMH000504,ACFT00299,2023-08-07,A-Check,254522.31,2023-11-22
AMH000505,ACFT00234,2025-03-30,C-Check,257937.26,2026-06-23
AMH000506,ACFT00259,2025-05-09,A-Check,120933.27,2025-08-09
AMH000507,ACFT00142,2019-03-20,A-Check,358074.08,2021-02-22
AMH000508,ACFT00011,2023-10-07,B-Check,244461.77,2025-08-06
AMH000509,ACFT00407,2025-01-28,B-Check,305724.0,2026-03-03
AMH000510,ACFT00549,2025-01-03,C-Check,399990.6,2026-09-13
AMH000511,ACFT00501,2021-11-25,B-Check,119496.63,2022-06-19
AMH000512,ACFT00413,2024-10-23,Unscheduled Repair,282306.98,2025-02-11
AMH000513,ACFT00534,2024-01-24,B-Check,175193.47,2025-05-09
AMH000514,ACFT00351,2018-03-20,A-Check,293108.24,2019-12-25
AMH000515,ACFT00176,2021-07-04,A-Check,281524.82,2022-07-15
AMH000516,ACFT00098,2022-02-25,B-Check,424590.64,2022-12-12
AMH000517,ACFT00293,2020-01-07,Unscheduled Repair,80266.0,2020-09-06
AMH000518,ACFT00484,2020-09-29,B-Check,398487.13,2022-02-14
AMH000519,ACFT00336,2023-03-13,A-Check,17725.93,2024-10-31
AMH000520,ACFT00419,2025-09-23,A-Check,237331.13,2026-12-10
AMH000521,ACFT00341,2020-01-12,C-Check,366870.63,2020-11-09
AMH000522,ACFT00240,2019-05-12,B-Check,497429.94,2020-12-29
AMH000523,ACFT00305,2021-10-20,C-Check,101708.94,2022-04-12
AMH000524,ACFT00440,2024-06-25,A-Check,5717.17,2024-12-07
AMH000525,ACFT00498,2025-02-23,A-Check,168028.36,2026-09-23
AMH000526,ACFT00538,2021-11-25,D-Check,91911.43,2022-03-31
AMH000527,ACFT00006,2022-03-31,A-Check,431257.39,2023-11-21
AMH000528,ACFT00046,2024-01-23,C-Check,451227.69,2025-04-24
AMH000529,ACFT00250,2024-07-28,A-Check,207945.6,2025-08-19
AMH000530,ACFT00046,2018-02-08,A-Check,2256.97,2020-01-11
AMH000531,ACFT00201,2025-04-27,C-Check,253741.49,2025-11-19
AMH000532,ACFT00131,2019-09-19,A-Check,309864.78,2020-04-03
AMH000533,ACFT00553,2021-08-01,B-Check,330960.6,2022-12-15
AMH000534,ACFT00078,2021-02-24,Unscheduled Repair,404929.96,2022-07-27
AMH000535,ACFT00179,2025-11-08,C-Check,436460.76,2026-07-27
AMH000536,ACFT00048,2024-07-20,B-Check,353642.66,2024-11-01
AMH000537,ACFT00419,2024-01-21,A-Check,376158.16,2024-11-05
AMH000538,ACFT00231,2019-04-09,A-Check,191438.89,2020-06-07
AMH000539,ACFT00364,2025-10-01,A-Check,93319.77,2027-03-31
AMH000540,ACFT00163,2019-11-20,Unscheduled Repair,78780.03,2020-10-09
AMH000541,ACFT00282,2023-02-25,A-Check,162290.88,2024-02-26
AMH000542,ACFT00493,2019-03-25,A-Check,225681.93,2020-02-20
AMH000543,ACFT00366,2026-03-27,A-Check,219239.21,2028-03-06
AMH000544,ACFT00431,2020-07-07,D-Check,243778.23,2022-01-10
AMH000545,ACFT00129,2020-02-21,A-Check,404981.37,2022-02-02
AMH000546,ACFT00532,2021-12-18,A-Check,407505.6,2023-08-07
AMH000547,ACFT00001,2019-10-12,B-Check,273598.29,2021-03-19
AMH000548,ACFT00179,2024-10-30,B-Check,457891.7,2025-06-14
AMH000549,ACFT00451,2018-04-19,A-Check,468732.84,2018-08-11
AMH000550,ACFT00423,2024-05-21,A-Check,36842.29,2024-10-30
AMH000551,ACFT00596,2021-02-19,A-Check,290475.97,2022-05-22
AMH000552,ACFT00139,2025-11-06,B-Check,17887.38,2027-11-02
AMH000553,ACFT00250,2021-08-12,B-Check,398815.64,2022-07-01
AMH000554,ACFT00281,2023-08-27,A-Check,81206.77,2024-01-14
AMH000555,ACFT00194,2021-10-07,A-Check,267851.86,2023-06-21
AMH000556,ACFT00291,2018-03-28,B-Check,454279.54,2019-03-19
AMH000557,ACFT00126,2022-09-27,A-Check,92040.29,2024-05-05
AMH000558,ACFT00420,2024-04-01,A-Check,469914.96,2025-10-06
AMH000559,ACFT00435,2018-08-24,C-Check,365672.67,2020-01-07
AMH000560,ACFT00460,2020-07-08,B-Check,346761.4,2021-09-06
AMH000561,ACFT00391,2023-01-14,C-Check,471342.43,2023-07-12
AMH000562,ACFT00434,2021-12-22,C-Check,272417.05,2023-01-19
AMH000563,ACFT00254,2024-07-14,A-Check,452652.5,2026-05-12
AMH000564,ACFT00042,2022-05-19,A-Check,141340.75,2023-06-13
AMH000565,ACFT00552,2026-06-17,C-Check,243727.61,2028-03-04
AMH000566,ACFT00470,2025-05-30,A-Check,269950.09,2026-11-09
AMH000567,ACFT00551,2022-09-27,D-Check,240453.22,2024-04-07
AMH000568,ACFT00044,2023-12-24,B-Check,451008.92,2025-08-05
AMH000569,ACFT00263,2018-05-20,Unscheduled Repair,498273.17,2019-07-21
AMH000570,ACFT00381,2018-04-10,Unscheduled Repair,399617.18,2019-03-26
AMH000571,ACFT00003,2024-09-17,A-Check,450651.77,2025-08-07
AMH000572,ACFT00477,2024-11-24,A-Check,214492.73,2026-11-15
AMH000573,ACFT00071,2026-05-17,C-Check,7335.98,2027-09-28
AMH000574,ACFT00208,2022-07-31,D-Check,242694.65,2024-04-03
AMH000575,ACFT00066,2018-08-09,C-Check,350991.41,2019-04-01
AMH000576,ACFT00031,2025-01-06,C-Check,153666.92,2026-06-16
AMH000577,ACFT00331,2018-05-31,C-Check,273612.43,2019-01-14
AMH000578,ACFT00441,2021-06-06,D-Check,131813.75,2022-05-19
AMH000579,ACFT00156,2026-06-23,Unscheduled Repair,456628.25,2026-12-10
AMH000580,ACFT00106,2021-08-14,A-Check,463859.22,2021-12-19
AMH000581,ACFT00440,2023-04-20,B-Check,386733.73,2025-01-07
AMH000582,ACFT00593,2023-09-21,Unscheduled Repair,61833.18,2025-03-14
AMH000583,ACFT00502,2025-11-07,C-Check,498572.24,2026-07-23
AMH000584,ACFT00595,2025-12-30,A-Check,110226.97,2027-08-22
AMH000585,ACFT00152,2022-09-01,A-Check,96030.97,2023-05-02
AMH000586,ACFT00015,2024-09-22,B-Check,308711.7,2026-08-03
AMH000587,ACFT00258,2025-01-21,A-Check,246811.17,2026-06-26
AMH000588,ACFT00012,2018-09-07,A-Check,399042.78,2020-02-08
AMH000589,ACFT00357,2021-01-26,B-Check,33201.78,2022-06-25
AMH000590,ACFT00504,2021-08-01,A-Check,30532.03,2022-06-27
AMH000591,ACFT00369,2019-06-12,A-Check,315639.66,2020-05-20
AMH000592,ACFT00447,2023-03-03,B-Check,211695.32,2024-06-03
AMH000593,ACFT00046,2022-09-25,Unscheduled Repair,122704.46,2023-03-07
AMH000594,ACFT00002,2020-09-18,D-Check,26639.74,2021-03-31
AMH000595,ACFT00484,2019-07-19,B-Check,470463.28,2020-10-15
AMH000596,ACFT00147,2021-10-03,C-Check,59353.34,2023-08-18
AMH000597,ACFT00494,2025-03-03,C-Check,191277.23,2026-10-04
AMH000598,ACFT00475,2023-10-09,B-Check,450638.51,2024-04-07
AMH000599,ACFT00261,2022-12-30,B-Check,129356.61,2024-10-03
AMH000600,ACFT00374,2022-12-13,Unscheduled Repair,407895.63,2023-11-12
AMH000601,ACFT00549,2025-05-12,C-Check,359687.93,2027-02-02
AMH000602,ACFT00452,2024-12-23,A-Check,443286.05,2025-10-13
AMH000603,ACFT00330,2021-12-28,B-Check,22389.79,2022-12-23
AMH000604,ACFT00577,2025-07-04,D-Check,491482.63,2026-10-10
AMH000605,ACFT00067,2021-07-06,B-Check,374266.39,2022-03-01
AMH000606,ACFT00116,2022-05-03,C-Check,199546.88,2024-04-08
AMH000607,ACFT00477,2019-02-11,C-Check,21012.16,2020-08-13
AMH000608,ACFT00583,2019-10-02,A-Check,165715.63,2020-07-19
AMH000609,ACFT00465,2026-05-17,C-Check,411511.93,2026-08-22
AMH000610,ACFT00017,2022-05-25,A-Check,429573.76,2023-09-29
AMH000611,ACFT00133,2023-04-15,A-Check,310809.33,2025-01-10
AMH000612,ACFT00192,2020-02-26,A-Check,304391.82,2020-11-20
AMH000613,ACFT00021,2021-06-14,B-Check,490832.22,2022-02-11
AMH000614,ACFT00454,2022-06-03,A-Check,53410.64,2024-03-30
AMH000615,ACFT00283,2023-12-06,A-Check,315285.66,2025-11-07
AMH000616,ACFT00128,2022-11-09,C-Check,83007.66,2024-01-22
AMH000617,ACFT00035,2024-09-30,C-Check,192853.67,2025-07-17
AMH000618,ACFT00280,2026-05-22,A-Check,437344.49,2027-08-12
AMH000619,ACFT00002,2022-06-03,Unscheduled Repair,426434.06,2024-05-20
AMH000620,ACFT00193,2020-09-29,B-Check,426330.66,2022-04-25
AMH000621,ACFT00203,2026-02-28,C-Check,148643.77,2027-02-15
AMH000622,ACFT00184,2021-07-15,A-Check,329796.2,2022-04-15
AMH000623,ACFT00209,2020-01-16,A-Check,52717.57,2021-05-05
AMH000624,ACFT00146,2018-05-30,B-Check,452171.44,2020-05-20
AMH000625,ACFT00373,2024-07-02,A-Check,323156.05,2025-07-20
AMH000626,ACFT00259,2019-06-26,A-Check,495583.54,2019-10-26
AMH000627,ACFT00156,2024-10-17,B-Check,34629.67,2026-06-18
AMH000628,ACFT00417,2024-03-28,Unscheduled Repair,294391.87,2025-03-23
AMH000629,ACFT00254,2023-08-27,A-Check,132868.51,2024-02-24
AMH000630,ACFT00436,2024-01-13,A-Check,358561.37,2024-10-25
AMH000631,ACFT00573,2021-05-06,Unscheduled Repair,112369.53,2022-05-01
AMH000632,ACFT00056,2022-03-01,B-Check,264130.81,2023-03-17
AMH000633,ACFT00283,2021-05-06,A-Check,293324.9,2023-04-28
AMH000634,ACFT00348,2025-12-11,C-Check,411882.6,2026-03-19
AMH000635,ACFT00427,2023-06-15,A-Check,491510.18,2023-10-10
AMH000636,ACFT00039,2023-10-07,B-Check,218400.64,2025-02-03
AMH000637,ACFT00159,2023-10-24,B-Check,156937.23,2025-02-20
AMH000638,ACFT00425,2023-03-28,A-Check,352042.16,2024-09-19
AMH000639,ACFT00345,2020-09-02,Unscheduled Repair,308251.36,2021-10-11
AMH000640,ACFT00287,2021-09-15,Unscheduled Repair,176562.14,2022-01-13
AMH000641,ACFT00442,2018-03-19,C-Check,249783.91,2019-10-20
AMH000642,ACFT00103,2021-10-16,A-Check,216275.52,2023-07-06
AMH000643,ACFT00533,2019-10-10,D-Check,24578.54,2021-01-21
AMH000644,ACFT00511,2026-03-21,C-Check,188518.08,2026-10-04
AMH000645,ACFT00163,2024-06-15,C-Check,145837.71,2026-01-25
AMH000646,ACFT00095,2024-04-18,B-Check,16694.77,2025-01-18
AMH000647,ACFT00040,2019-01-07,A-Check,107433.78,2019-07-08
AMH000648,ACFT00126,2023-05-09,A-Check,62325.84,2025-05-05
AMH000649,ACFT00190,2025-09-26,B-Check,108077.54,2027-08-09
AMH000650,ACFT00303,2025-10-14,A-Check,66960.12,2026-05-28
AMH000651,ACFT00270,2022-03-03,B-Check,137869.77,2022-07-25
AMH000652,ACFT00163,2023-01-09,B-Check,353679.8,2024-11-19
AMH000653,ACFT00076,2020-08-11,B-Check,151237.74,2022-03-14
AMH000654,ACFT00528,2018-06-17,A-Check,426850.71,2019-12-17
AMH000655,ACFT00530,2019-07-16,Unscheduled Repair,460519.34,2021-02-10
AMH000656,ACFT00422,2021-07-24,A-Check,43879.61,2022-01-14
AMH000657,ACFT00035,2024-10-20,B-Check,229496.68,2025-12-04
AMH000658,ACFT00476,2025-10-14,A-Check,376889.91,2027-05-08
AMH000659,ACFT00426,2024-12-11,A-Check,322526.73,2026-01-28
AMH000660,ACFT00058,2026-05-11,B-Check,310297.16,2027-11-01
AMH000661,ACFT00265,2018-05-09,B-Check,423832.06,2019-07-25
AMH000662,ACFT00333,2018-03-20,A-Check,108371.28,2019-02-07
AMH000663,ACFT00181,2023-01-28,Unscheduled Repair,134210.11,2023-12-21
AMH000664,ACFT00184,2025-01-11,C-Check,314534.63,2026-09-05
AMH000665,ACFT00421,2021-09-20,A-Check,445869.67,2022-07-20
AMH000666,ACFT00039,2024-11-10,B-Check,180318.61,2026-04-11
AMH000667,ACFT00298,2025-05-06,A-Check,386537.19,2026-02-26
AMH000668,ACFT00579,2019-07-13,B-Check,270491.91,2019-12-03
AMH000669,ACFT00492,2023-10-06,A-Check,388878.76,2024-12-20
AMH000670,ACFT00443,2026-07-22,B-Check,52471.74,2027-01-07
AMH000671,ACFT00127,2022-03-18,B-Check,427022.52,2023-11-26
AMH000672,ACFT00441,2020-06-17,D-Check,404654.91,2021-11-27
AMH000673,ACFT00594,2024-02-14,C-Check,321942.0,2025-01-30
AMH000674,ACFT00009,2020-05-27,Unscheduled Repair,273966.67,2020-10-04
AMH000675,ACFT00164,2021-08-18,B-Check,23917.33,2022-03-06
AMH000676,ACFT00519,2024-06-15,A-Check,38242.68,2026-01-09
AMH000677,ACFT00334,2022-03-16,A-Check,239032.21,2022-09-22
AMH000678,ACFT00088,2025-04-09,B-Check,229710.34,2026-09-10
AMH000679,ACFT00500,2022-10-01,A-Check,469978.88,2024-03-31
AMH000680,ACFT00214,2023-07-13,B-Check,81543.0,2025-01-30
AMH000681,ACFT00417,2026-02-22,Unscheduled Repair,253228.1,2026-05-28
AMH000682,ACFT00228,2019-06-27,B-Check,214716.4,2020-02-15
AMH000683,ACFT00069,2022-10-24,B-Check,281919.2,2024-06-11
AMH000684,ACFT00148,2024-09-25,C-Check,85989.41,2025-02-14
AMH000685,ACFT00535,2025-09-03,A-Check,216883.5,2026-01-15
AMH000686,ACFT00233,2019-09-28,C-Check,9570.59,2021-01-08
AMH000687,ACFT00306,2019-03-05,A-Check,361319.72,2019-06-10
AMH000688,ACFT00409,2023-12-23,C-Check,158830.51,2025-11-04
AMH000689,ACFT00534,2020-10-23,A-Check,406441.31,2022-03-31
AMH000690,ACFT00476,2022-08-26,C-Check,309968.67,2024-05-08
AMH000691,ACFT00016,2019-11-19,A-Check,27185.55,2020-09-13
AMH000692,ACFT00593,2023-08-01,B-Check,440068.12,2024-01-31
AMH000693,ACFT00118,2021-11-03,Unscheduled Repair,247894.52,2023-10-10
AMH000694,ACFT00581,2024-05-21,D-Check,14375.89,2025-05-25
AMH000695,ACFT00109,2023-11-12,A-Check,205190.25,2024-02-17
AMH000696,ACFT00552,2020-12-07,C-Check,150104.44,2022-12-03
AMH000697,ACFT00148,2022-12-03,A-Check,365202.82,2023-09-01
AMH000698,ACFT00273,2022-11-17,D-Check,27162.33,2024-10-04
AMH000699,ACFT00443,2022-04-07,A-Check,21397.71,2023-02-03
AMH000700,ACFT00033,2019-08-27,C-Check,330732.77,2021-04-06
AMH000701,ACFT00189,2022-09-14,B-Check,218786.05,2023-07-19
AMH000702,ACFT00450,2024-03-14,B-Check,470567.3,2026-02-03
AMH000703,ACFT00308,2019-12-31,A-Check,472630.55,2020-04-15
AMH000704,ACFT00415,2025-09-02,A-Check,329689.47,2027-01-31
AMH000705,ACFT00038,2023-05-13,Unscheduled Repair,384366.77,2024-08-12
AMH000706,ACFT00483,2020-01-29,A-Check,265440.75,2020-09-30
AMH000707,ACFT00589,2025-05-14,A-Check,344674.59,2027-02-08
AMH000708,ACFT00133,2026-03-29,A-Check,475499.93,2027-01-31
AMH000709,ACFT00477,2025-09-14,A-Check,29166.62,2027-01-27
AMH000710,ACFT00329,2024-12-14,A-Check,247880.95,2025-09-06
AMH000711,ACFT00596,2025-10-21,A-Check,468604.74,2027-01-03
AMH000712,ACFT00283,2024-10-23,B-Check,383654.17,2026-08-16
AMH000713,ACFT00261,2018-09-09,A-Check,407305.4,2019-09-20
AMH000714,ACFT00483,2025-01-20,C-Check,423973.91,2026-05-24
AMH000715,ACFT00016,2025-11-18,A-Check,473359.61,2027-02-04
AMH000716,ACFT00320,2018-04-06,B-Check,181982.73,2019-05-13
AMH000717,ACFT00478,2021-02-08,B-Check,6627.82,2021-07-05
AMH000718,ACFT00579,2019-07-14,B-Check,348728.96,2020-07-15
AMH000719,ACFT00499,2018-09-21,A-Check,274903.66,2020-06-10
AMH000720,ACFT00025,2018-07-21,Unscheduled Repair,37974.67,2018-11-28
AMH000721,ACFT00559,2025-07-31,C-Check,365172.68,2026-02-14
AMH000722,ACFT00512,2019-01-01,B-Check,364392.9,2019-07-05
AMH000723,ACFT00482,2024-12-30,A-Check,494013.43,2026-10-07
AMH000724,ACFT00321,2021-05-25,B-Check,282564.38,2021-09-28
AMH000725,ACFT00413,2021-03-29,A-Check,232659.31,2022-05-29
AMH000726,ACFT00600,2025-04-01,C-Check,323652.99,2025-10-04
AMH000727,ACFT00596,2019-12-17,B-Check,495686.93,2021-05-11
AMH000728,ACFT00361,2024-10-16,C-Check,127712.56,2025-01-24
AMH000729,ACFT00545,2021-08-14,B-Check,436800.15,2022-10-28
AMH000730,ACFT00348,2025-08-06,A-Check,183624.5,2026-02-03
AMH000731,ACFT00276,2026-04-03,B-Check,408711.0,2026-12-21
AMH000732,ACFT00021,2022-04-11,B-Check,283900.89,2024-01-15
AMH000733,ACFT00492,2026-08-03,A-Check,164158.55,2027-12-10
AMH000734,ACFT00558,2025-11-14,A-Check,45274.45,2027-04-18
AMH000735,ACFT00037,2024-02-17,A-Check,98553.18,2024-05-22
AMH000736,ACFT00502,2023-05-11,Unscheduled Repair,148689.31,2024-01-20
AMH000737,ACFT00361,2020-03-27,Unscheduled Repair,454388.62,2021-02-16
AMH000738,ACFT00026,2018-07-22,C-Check,120334.37,2020-07-17
AMH000739,ACFT00260,2021-02-27,C-Check,474222.87,2023-01-09
AMH000740,ACFT00275,2025-07-18,C-Check,358038.05,2026-09-20
AMH000741,ACFT00394,2018-11-16,C-Check,13840.99,2020-04-13
AMH000742,ACFT00114,2023-01-05,B-Check,384911.46,2024-08-17
AMH000743,ACFT00045,2021-09-21,C-Check,6594.54,2023-06-28
AMH000744,ACFT00580,2020-11-17,C-Check,196834.31,2021-10-17
AMH000745,ACFT00473,2018-02-02,Unscheduled Repair,145126.74,2019-01-07
AMH000746,ACFT00114,2023-08-04,B-Check,425041.09,2024-01-20
AMH000747,ACFT00008,2022-10-13,C-Check,50519.17,2023-02-13
AMH000748,ACFT00294,2026-07-10,B-Check,58659.84,2026-11-24
AMH000749,ACFT00316,2026-05-16,B-Check,299712.79,2028-03-11
AMH000750,ACFT00395,2021-07-22,A-Check,373950.48,2021-12-07
AMH000751,ACFT00521,2026-05-10,A-Check,117008.27,2028-01-16
AMH000752,ACFT00241,2024-05-10,C-Check,244209.69,2026-04-22
AMH000753,ACFT00096,2019-12-28,A-Check,237720.19,2021-10-20
AMH000754,ACFT00443,2021-05-03,Unscheduled Repair,288903.6,2021-09-14
AMH000755,ACFT00262,2021-10-25,A-Check,191631.51,2022-06-28
AMH000756,ACFT00493,2020-07-03,A-Check,147593.48,2020-12-21
AMH000757,ACFT00449,2019-01-17,A-Check,196547.86,2020-05-02
AMH000758,ACFT00195,2019-08-12,C-Check,70028.25,2021-04-19
AMH000759,ACFT00439,2020-07-23,Unscheduled Repair,13019.32,2021-03-29
AMH000760,ACFT00305,2022-05-26,A-Check,425206.56,2023-01-08
AMH000761,ACFT00098,2019-03-29,Unscheduled Repair,333821.96,2019-11-21
AMH000762,ACFT00165,2026-05-01,A-Check,412043.92,2028-03-18
AMH000763,ACFT00080,2024-09-06,A-Check,155003.15,2025-05-07
AMH000764,ACFT00332,2022-01-10,A-Check,52841.97,2022-10-24
AMH000765,ACFT00543,2026-04-02,A-Check,420240.2,2027-10-29
AMH000766,ACFT00555,2019-09-22,A-Check,458947.55,2020-12-21
AMH000767,ACFT00064,2018-12-24,A-Check,85435.37,2019-07-15
AMH000768,ACFT00054,2021-07-26,A-Check,440108.63,2022-05-09
AMH000769,ACFT00046,2018-12-19,A-Check,267929.78,2019-11-12
AMH000770,ACFT00542,2018-12-15,B-Check,442649.52,2020-04-27
AMH000771,ACFT00542,2025-06-06,B-Check,21941.13,2026-10-18
AMH000772,ACFT00164,2021-10-28,C-Check,359484.84,2022-08-27
AMH000773,ACFT00471,2019-10-24,A-Check,142889.14,2021-06-30
AMH000774,ACFT00268,2020-11-26,Unscheduled Repair,236986.02,2021-07-19
AMH000775,ACFT00584,2021-08-09,B-Check,108184.8,2022-06-03
AMH000776,ACFT00501,2019-01-04,B-Check,60223.25,2019-11-26
AMH000777,ACFT00370,2023-08-11,B-Check,109366.39,2024-02-09
AMH000778,ACFT00412,2019-01-29,A-Check,107458.13,2019-05-18
AMH000779,ACFT00039,2025-12-20,A-Check,207957.83,2027-09-29
AMH000780,ACFT00501,2023-12-15,B-Check,171677.56,2025-02-27
AMH000781,ACFT00452,2019-09-19,Unscheduled Repair,139402.3,2021-06-24
AMH000782,ACFT00172,2024-07-23,A-Check,379643.07,2025-06-18
AMH000783,ACFT00036,2024-12-28,B-Check,447905.09,2025-06-22
AMH000784,ACFT00158,2025-04-25,Unscheduled Repair,44063.11,2026-01-22
AMH000785,ACFT00092,2019-06-08,A-Check,474918.34,2021-01-20
AMH000786,ACFT00579,2024-12-16,B-Check,98030.13,2025-03-24
AMH000787,ACFT00188,2022-04-13,D-Check,207644.56,2023-03-17
AMH000788,ACFT00086,2024-07-30,Unscheduled Repair,26245.45,2025-01-23
AMH000789,ACFT00348,2018-04-02,D-Check,268701.38,2018-11-30
AMH000790,ACFT00111,2019-06-05,B-Check,156526.94,2021-05-09
AMH000791,ACFT00489,2019-01-18,C-Check,207308.8,2020-04-20
AMH000792,ACFT00442,2026-06-05,B-Check,454235.35,2026-10-17
AMH000793,ACFT00424,2024-09-13,D-Check,197129.29,2025-07-02
AMH000794,ACFT00542,2025-12-01,A-Check,345298.55,2026-10-08
AMH000795,ACFT00509,2021-10-21,B-Check,202658.78,2023-09-11
AMH000796,ACFT00266,2025-04-29,A-Check,231223.31,2026-07-20
AMH000797,ACFT00116,2025-06-28,B-Check,191384.57,2027-05-02
AMH000798,ACFT00466,2018-01-23,B-Check,459501.17,2019-11-05
AMH000799,ACFT00489,2022-08-22,A-Check,94195.12,2023-01-10
AMH000800,ACFT00375,2020-05-10,B-Check,287318.74,2021-04-21
AMH000801,ACFT00231,2018-04-11,A-Check,171485.94,2019-04-22
AMH000802,ACFT00093,2022-10-02,A-Check,467385.11,2023-01-18
AMH000803,ACFT00136,2025-05-24,A-Check,154538.11,2025-09-16
AMH000804,ACFT00084,2023-07-20,B-Check,225053.36,2023-11-06
AMH000805,ACFT00472,2018-04-25,A-Check,7418.65,2019-02-16
AMH000806,ACFT00254,2023-10-05,B-Check,339938.27,2024-09-17
AMH000807,ACFT00414,2018-04-05,A-Check,407523.02,2019-07-22
AMH000808,ACFT00383,2021-04-16,C-Check,305155.35,2023-01-10
AMH000809,ACFT00130,2023-11-12,C-Check,50315.11,2024-08-25
AMH000810,ACFT00306,2022-11-15,C-Check,63133.19,2023-05-21
AMH000811,ACFT00069,2018-12-18,B-Check,439236.46,2019-05-07
AMH000812,ACFT00193,2025-08-19,B-Check,18174.82,2027-05-09
AMH000813,ACFT00355,2026-02-19,C-Check,99783.81,2027-08-08
AMH000814,ACFT00256,2023-08-30,D-Check,428872.91,2025-01-09
AMH000815,ACFT00074,2022-10-26,C-Check,347994.53,2024-01-24
AMH000816,ACFT00337,2020-02-20,A-Check,184943.7,2021-01-20
AMH000817,ACFT00254,2023-04-09,B-Check,433079.33,2024-10-22
AMH000818,ACFT00521,2026-01-16,A-Check,130799.31,2026-09-19
AMH000819,ACFT00041,2024-09-14,C-Check,356324.49,2024-12-13
AMH000820,ACFT00023,2020-04-20,Unscheduled Repair,453736.21,2021-11-30
AMH000821,ACFT00169,2025-03-28,D-Check,144323.63,2025-07-16
AMH000822,ACFT00068,2018-03-31,D-Check,107355.24,2019-01-31
AMH000823,ACFT00393,2022-08-14,B-Check,86547.41,2024-01-02
AMH000824,ACFT00181,2021-05-21,A-Check,68206.27,2023-04-22
AMH000825,ACFT00481,2025-12-21,A-Check,73500.44,2027-09-04
AMH000826,ACFT00460,2024-11-21,B-Check,438985.62,2026-05-24
AMH000827,ACFT00512,2020-02-01,C-Check,57298.54,2021-06-13
AMH000828,ACFT00025,2022-08-24,B-Check,124338.87,2023-08-09
AMH000829,ACFT00214,2020-04-06,A-Check,384229.53,2020-10-18
AMH000830,ACFT00204,2019-04-27,A-Check,369487.3,2019-11-12
AMH000831,ACFT00569,2023-06-17,A-Check,322845.15,2025-01-30
AMH000832,ACFT00163,2020-10-31,A-Check,127753.18,2021-10-30
AMH000833,ACFT00433,2026-04-18,B-Check,320174.91,2027-08-13
AMH000834,ACFT00209,2023-06-26,Unscheduled Repair,479977.2,2024-02-07
AMH000835,ACFT00271,2020-03-27,B-Check,406334.64,2022-01-14
AMH000836,ACFT00461,2022-03-09,B-Check,309497.86,2023-02-10
AMH000837,ACFT00196,2022-07-18,A-Check,60217.97,2023-10-22
AMH000838,ACFT00530,2024-07-22,B-Check,484447.38,2025-06-07
AMH000839,ACFT00098,2026-03-20,A-Check,331852.73,2027-08-29
AMH000840,ACFT00090,2021-05-06,B-Check,391296.34,2022-01-23
AMH000841,ACFT00458,2021-06-29,Unscheduled Repair,227408.16,2022-06-23
AMH000842,ACFT00526,2018-07-06,A-Check,336953.34,2019-09-02
AMH000843,ACFT00502,2018-06-18,C-Check,237913.52,2019-10-10
AMH000844,ACFT00584,2026-07-20,A-Check,30017.82,2027-12-21
AMH000845,ACFT00377,2022-03-12,A-Check,221421.79,2024-01-25
AMH000846,ACFT00088,2022-08-14,B-Check,440139.13,2023-05-29
AMH000847,ACFT00517,2021-05-03,A-Check,429545.06,2022-01-18
AMH000848,ACFT00352,2019-04-08,A-Check,392557.52,2020-05-16
AMH000849,ACFT00157,2022-05-05,A-Check,455501.89,2022-12-15
AMH000850,ACFT00461,2020-12-21,B-Check,85565.86,2022-05-18
AMH000851,ACFT00350,2020-02-09,C-Check,225660.35,2021-09-20
AMH000852,ACFT00472,2020-09-30,C-Check,250311.69,2022-07-19
AMH000853,ACFT00488,2019-08-25,A-Check,290863.93,2021-07-15
AMH000854,ACFT00333,2019-11-28,A-Check,452197.5,2020-03-19
AMH000855,ACFT00334,2020-12-03,B-Check,169640.41,2022-06-23
AMH000856,ACFT00095,2022-11-27,A-Check,207473.56,2023-06-24
AMH000857,ACFT00343,2018-01-24,Unscheduled Repair,358282.24,2019-12-05
AMH000858,ACFT00343,2019-09-13,B-Check,411041.59,2021-04-18
AMH000859,ACFT00213,2023-05-22,D-Check,366769.69,2025-01-27
AMH000860,ACFT00515,2025-02-24,C-Check,347295.01,2025-07-01
AMH000861,ACFT00463,2023-11-08,C-Check,448336.77,2024-11-18
AMH000862,ACFT00376,2019-11-20,Unscheduled Repair,474977.03,2020-07-16
AMH000863,ACFT00298,2024-04-23,D-Check,405428.9,2025-04-16
AMH000864,ACFT00476,2024-10-09,A-Check,293141.68,2026-07-08
AMH000865,ACFT00267,2018-06-01,A-Check,475908.56,2019-09-25
AMH000866,ACFT00290,2022-11-03,B-Check,406951.86,2024-04-07
AMH000867,ACFT00197,2018-10-08,A-Check,119579.24,2019-01-14
AMH000868,ACFT00600,2020-08-06,C-Check,9986.79,2022-05-20
AMH000869,ACFT00571,2025-02-22,D-Check,282252.23,2026-09-01
AMH000870,ACFT00569,2020-04-19,B-Check,434532.67,2022-03-23
AMH000871,ACFT00574,2021-01-06,B-Check,239862.4,2021-10-20
AMH000872,ACFT00180,2018-07-17,Unscheduled Repair,307067.89,2019-02-23
AMH000873,ACFT00111,2019-01-07,B-Check,246716.03,2019-12-19
AMH000874,ACFT00411,2026-01-24,B-Check,410824.02,2027-11-29
AMH000875,ACFT00136,2026-03-03,A-Check,498615.35,2027-05-21
AMH000876,ACFT00452,2018-03-31,A-Check,266775.44,2018-09-15
AMH000877,ACFT00204,2025-07-16,A-Check,473512.64,2027-06-09
AMH000878,ACFT00353,2018-04-28,B-Check,335975.5,2019-06-30
AMH000879,ACFT00422,2024-02-26,A-Check,234589.99,2025-03-21
AMH000880,ACFT00165,2018-04-04,A-Check,148983.49,2019-06-24
AMH000881,ACFT00025,2024-10-25,C-Check,299631.29,2026-07-10
AMH000882,ACFT00575,2020-04-11,C-Check,296451.96,2022-03-21
AMH000883,ACFT00391,2023-10-18,Unscheduled Repair,453967.58,2024-09-28
AMH000884,ACFT00236,2021-04-20,C-Check,480035.3,2021-09-11
AMH000885,ACFT00360,2023-04-15,A-Check,265540.65,2023-11-12
AMH000886,ACFT00255,2026-01-22,D-Check,449071.48,2028-01-05
AMH000887,ACFT00336,2018-11-11,C-Check,491945.16,2019-08-09
AMH000888,ACFT00573,2026-06-04,C-Check,439402.85,2027-04-01
AMH000889,ACFT00158,2024-10-25,B-Check,12626.56,2026-03-28
AMH000890,ACFT00290,2026-02-11,C-Check,468968.63,2027-06-26
AMH000891,ACFT00105,2020-08-02,Unscheduled Repair,72893.96,2021-01-27
AMH000892,ACFT00374,2023-08-06,C-Check,141043.04,2025-02-01
AMH000893,ACFT00401,2025-04-23,A-Check,35855.01,2026-12-19
AMH000894,ACFT00565,2026-04-06,A-Check,21310.53,2026-09-08
AMH000895,ACFT00093,2018-10-28,D-Check,47864.79,2019-03-16
AMH000896,ACFT00253,2018-11-01,A-Check,418604.31,2019-02-04
AMH000897,ACFT00481,2018-03-13,A-Check,225499.84,2019-04-14
AMH000898,ACFT00348,2024-08-09,A-Check,335264.51,2025-05-28
AMH000899,ACFT00415,2022-01-31,C-Check,406951.31,2023-10-16
AMH000900,ACFT00499,2026-07-04,D-Check,29223.05,2026-10-30
AMH000901,ACFT00532,2025-12-24,A-Check,329053.34,2026-09-10
AMH000902,ACFT00180,2021-09-10,A-Check,390584.79,2023-01-08
AMH000903,ACFT00374,2022-01-30,A-Check,380284.47,2022-07-15
AMH000904,ACFT00128,2022-08-14,A-Check,211493.94,2023-12-29
AMH000905,ACFT00586,2024-04-24,A-Check,228464.32,2026-03-13
AMH000906,ACFT00278,2024-11-20,A-Check,316024.06,2026-10-16
AMH000907,ACFT00441,2020-10-10,A-Check,251039.09,2021-07-28
AMH000908,ACFT00382,2024-08-19,B-Check,322105.53,2026-07-27
AMH000909,ACFT00163,2019-03-12,A-Check,197816.98,2021-02-04
AMH000910,ACFT00465,2023-10-20,D-Check,30208.08,2025-01-07
AMH000911,ACFT00394,2024-04-24,B-Check,486660.56,2026-04-20
AMH000912,ACFT00404,2026-04-17,A-Check,144750.59,2027-06-07
AMH000913,ACFT00352,2025-03-11,Unscheduled Repair,286375.75,2026-10-30
AMH000914,ACFT00364,2021-01-04,A-Check,135997.03,2021-10-04
AMH000915,ACFT00224,2022-05-05,C-Check,254562.34,2023-01-10
AMH000916,ACFT00155,2020-05-09,A-Check,350892.11,2021-02-07
AMH000917,ACFT00492,2018-01-05,B-Check,301782.08,2018-08-08
AMH000918,ACFT00550,2019-02-25,C-Check,288024.43,2020-11-13
AMH000919,ACFT00430,2022-10-06,A-Check,296179.55,2024-01-26
AMH000920,ACFT00294,2021-11-25,A-Check,484235.51,2022-09-29
AMH000921,ACFT00287,2024-09-03,A-Check,277066.89,2026-04-19
AMH000922,ACFT00181,2021-05-11,Unscheduled Repair,489109.1,2022-01-07
AMH000923,ACFT00506,2019-05-30,Unscheduled Repair,379969.52,2020-01-12
AMH000924,ACFT00139,2020-07-25,A-Check,479672.78,2021-03-08
AMH000925,ACFT00423,2023-12-03,A-Check,171413.31,2024-10-24
AMH000926,ACFT00158,2026-05-29,A-Check,451634.41,2027-01-18
AMH000927,ACFT00434,2023-08-15,C-Check,476597.52,2025-05-07
AMH000928,ACFT00217,2023-12-10,C-Check,498922.87,2025-06-01
AMH000929,ACFT00370,2022-11-09,A-Check,170805.29,2023-08-19
AMH000930,ACFT00525,2021-06-28,Unscheduled Repair,426247.44,2023-02-15
AMH000931,ACFT00072,2023-06-30,A-Check,124141.06,2025-06-27
AMH000932,ACFT00182,2023-01-03,A-Check,111436.87,2023-10-10
AMH000933,ACFT00103,2026-02-23,B-Check,384504.61,2027-09-18
AMH000934,ACFT00593,2026-07-10,B-Check,461229.05,2028-05-28
AMH000935,ACFT00256,2019-06-25,B-Check,66011.95,2020-10-12
AMH000936,ACFT00502,2019-10-14,A-Check,203373.93,2021-06-15
AMH000937,ACFT00015,2024-08-16,C-Check,201099.55,2026-06-21
AMH000938,ACFT00350,2018-12-23,D-Check,95560.45,2019-09-04
AMH000939,ACFT00189,2023-05-29,A-Check,77018.06,2025-01-20
AMH000940,ACFT00071,2025-11-17,C-Check,164576.03,2026-05-06
AMH000941,ACFT00343,2024-06-15,A-Check,9711.12,2025-04-13
AMH000942,ACFT00379,2026-05-30,B-Check,29748.54,2028-04-10
AMH000943,ACFT00177,2021-08-22,A-Check,104295.84,2022-07-12
AMH000944,ACFT00288,2023-11-26,B-Check,499064.49,2025-03-23
AMH000945,ACFT00339,2018-08-15,A-Check,113016.16,2019-09-16
AMH000946,ACFT00424,2025-05-01,A-Check,46487.31,2026-11-01
AMH000947,ACFT00358,2026-07-14,A-Check,382187.39,2027-05-08
AMH000948,ACFT00153,2025-04-13,A-Check,492083.3,2027-03-01
AMH000949,ACFT00577,2026-01-19,C-Check,334753.53,2027-11-18
AMH000950,ACFT00306,2020-05-04,A-Check,315431.16,2022-01-02
AMH000951,ACFT00213,2026-05-11,A-Check,216010.97,2027-08-16
AMH000952,ACFT00482,2022-04-23,A-Check,277207.81,2022-10-21
AMH000953,ACFT00010,2020-12-05,A-Check,37115.88,2021-10-29
AMH000954,ACFT00440,2019-09-10,B-Check,157578.76,2021-06-20
AMH000955,ACFT00550,2019-10-04,C-Check,225187.28,2020-12-24
AMH000956,ACFT00434,2020-04-29,A-Check,103258.54,2021-07-27
AMH000957,ACFT00349,2025-03-21,A-Check,49678.36,2025-07-11
AMH000958,ACFT00092,2023-11-22,C-Check,119397.19,2024-03-25
AMH000959,ACFT00345,2020-08-31,C-Check,218826.52,2021-06-07
AMH000960,ACFT00493,2022-10-25,Unscheduled Repair,27296.71,2023-09-11
AMH000961,ACFT00224,2024-10-01,A-Check,473114.84,2026-02-20
AMH000962,ACFT00009,2025-09-19,D-Check,150009.12,2026-02-04
AMH000963,ACFT00072,2022-04-05,A-Check,168920.72,2023-05-15
AMH000964,ACFT00160,2021-03-07,B-Check,470510.5,2022-11-09
AMH000965,ACFT00088,2019-01-02,C-Check,160020.6,2020-12-20
AMH000966,ACFT00097,2024-07-16,A-Check,318464.01,2026-03-08
AMH000967,ACFT00383,2021-05-22,Unscheduled Repair,74361.94,2022-02-07
AMH000968,ACFT00279,2019-04-03,A-Check,14268.88,2019-10-12
AMH000969,ACFT00594,2020-11-30,Unscheduled Repair,399172.16,2021-07-27
AMH000970,ACFT00565,2024-06-22,C-Check,438610.25,2026-02-02
AMH000971,ACFT00168,2024-05-11,A-Check,229321.27,2025-03-05
AMH000972,ACFT00395,2021-09-09,B-Check,247703.81,2022-03-19
AMH000973,ACFT00075,2025-11-23,B-Check,134984.72,2026-09-22
AMH000974,ACFT00515,2024-12-03,A-Check,340469.63,2025-05-05
AMH000975,ACFT00054,2019-02-12,B-Check,212056.87,2020-07-31
AMH000976,ACFT00054,2022-01-21,C-Check,28516.68,2022-12-25
AMH000977,ACFT00049,2023-05-15,A-Check,353113.46,2023-11-11
AMH000978,ACFT00105,2022-03-25,Unscheduled Repair,174843.41,2023-10-02
AMH000979,ACFT00095,2019-09-30,A-Check,123989.1,2021-05-25
AMH000980,ACFT00402,2018-08-30,B-Check,23055.16,2019-07-16
AMH000981,ACFT00301,2018-01-15,Unscheduled Repair,395974.76,2018-08-09
AMH000982,ACFT00007,2020-01-09,A-Check,392120.73,2021-06-21
AMH000983,ACFT00209,2020-06-04,Unscheduled Repair,382279.88,2021-06-02
AMH000984,ACFT00113,2018-01-20,C-Check,170850.81,2018-12-05
AMH000985,ACFT00394,2020-10-29,A-Check,168548.09,2021-06-24
AMH000986,ACFT00444,2018-08-27,C-Check,172924.48,2019-10-01
AMH000987,ACFT00533,2024-12-07,B-Check,167803.44,2026-04-12
AMH000988,ACFT00188,2024-10-08,B-Check,147950.01,2026-07-21
AMH000989,ACFT00255,2021-01-10,B-Check,393112.67,2022-09-28
AMH000990,ACFT00478,2021-10-31,B-Check,23770.89,2023-04-19
AMH000991,ACFT00043,2022-09-24,A-Check,94979.42,2024-09-09
AMH000992,ACFT00478,2021-07-20,D-Check,391374.57,2022-08-26
AMH000993,ACFT00032,2025-07-12,A-Check,486031.72,2025-11-12
AMH000994,ACFT00454,2018-08-11,B-Check,22340.67,2019-06-12
AMH000995,ACFT00404,2024-02-15,A-Check,74961.11,2025-11-16
AMH000996,ACFT00366,2021-11-21,A-Check,384222.77,2022-04-03
AMH000997,ACFT00299,2025-02-03,B-Check,405039.63,2025-12-30
AMH000998,ACFT00534,2025-05-21,A-Check,211464.01,2027-02-06
AMH000999,ACFT00405,2021-02-21,A-Check,384678.02,2021-09-02
AMH001000,ACFT00339,2022-12-12,A-Check,58012.7,2023-03-30
AMH001001,ACFT00544,2023-12-12,B-Check,254481.31,2024-09-22
AMH001002,ACFT00224,2020-02-06,C-Check,7391.42,2021-12-09
AMH001003,ACFT00426,2024-05-04,C-Check,105610.1,2025-05-16
AMH001004,ACFT00467,2023-02-03,B-Check,301517.89,2024-01-18
AMH001005,ACFT00353,2023-09-15,A-Check,444938.17,2024-09-28
AMH001006,ACFT00590,2021-03-16,A-Check,220329.89,2022-08-11
AMH001007,ACFT00167,2019-04-16,B-Check,270308.25,2020-09-06
AMH001008,ACFT00148,2025-11-22,Unscheduled Repair,493547.99,2027-05-11
AMH001009,ACFT00340,2022-04-17,A-Check,64441.69,2024-03-25
AMH001010,ACFT00388,2019-05-06,A-Check,9918.59,2021-02-15
AMH001011,ACFT00375,2019-12-16,B-Check,303569.92,2021-05-11
AMH001012,ACFT00262,2019-08-14,Unscheduled Repair,304581.2,2020-05-29
AMH001013,ACFT00388,2019-04-23,B-Check,28664.92,2020-10-29
AMH001014,ACFT00327,2024-03-19,C-Check,494735.83,2026-02-21
AMH001015,ACFT00588,2025-09-17,Unscheduled Repair,172497.74,2026-10-19
AMH001016,ACFT00402,2020-02-15,C-Check,129434.33,2021-11-21
AMH001017,ACFT00102,2024-05-26,C-Check,294098.85,2025-08-01
AMH001018,ACFT00560,2019-08-10,A-Check,260436.37,2020-06-21
AMH001019,ACFT00190,2025-02-07,A-Check,199050.75,2025-06-30
AMH001020,ACFT00187,2021-07-25,A-Check,16603.81,2022-07-05
AMH001021,ACFT00030,2025-11-26,C-Check,259237.56,2026-03-18
AMH001022,ACFT00060,2026-06-15,A-Check,13035.85,2028-02-13
AMH001023,ACFT00199,2022-05-02,D-Check,63071.98,2024-01-24
AMH001024,ACFT00555,2020-12-16,C-Check,128842.76,2022-02-03
AMH001025,ACFT00335,2020-02-21,C-Check,16074.87,2021-03-16
AMH001026,ACFT00259,2024-03-30,Unscheduled Repair,380602.15,2025-01-10
AMH001027,ACFT00322,2018-05-26,Unscheduled Repair,257173.08,2019-01-24
AMH001028,ACFT00078,2019-05-24,C-Check,300338.32,2021-02-14
AMH001029,ACFT00212,2023-09-14,B-Check,299814.64,2024-02-02
AMH001030,ACFT00206,2024-11-25,B-Check,495760.81,2026-06-02
AMH001031,ACFT00452,2023-03-12,Unscheduled Repair,341257.31,2024-07-27
AMH001032,ACFT00504,2024-07-28,A-Check,423456.55,2024-11-26
AMH001033,ACFT00443,2026-07-29,C-Check,82983.77,2027-07-30
AMH001034,ACFT00091,2022-02-16,B-Check,233335.24,2023-07-21
AMH001035,ACFT00114,2018-10-18,C-Check,269336.38,2020-08-19
AMH001036,ACFT00321,2024-07-16,A-Check,238416.21,2026-02-16
AMH001037,ACFT00246,2025-08-17,A-Check,441632.19,2026-08-10
AMH001038,ACFT00025,2024-09-09,B-Check,206053.43,2025-12-30
AMH001039,ACFT00215,2019-05-27,C-Check,128918.04,2021-04-16
AMH001040,ACFT00543,2020-05-29,A-Check,486682.23,2022-04-10
AMH001041,ACFT00599,2023-02-24,Unscheduled Repair,91500.4,2024-08-08
AMH001042,ACFT00290,2021-10-30,B-Check,34391.31,2022-12-31
AMH001043,ACFT00326,2025-06-16,A-Check,154977.79,2026-12-29
AMH001044,ACFT00106,2023-04-20,C-Check,12739.39,2024-08-24
AMH001045,ACFT00387,2023-03-25,B-Check,357744.67,2023-12-14
AMH001046,ACFT00020,2025-05-24,B-Check,25926.51,2025-11-23
AMH001047,ACFT00157,2018-04-05,A-Check,366132.37,2018-10-03
AMH001048,ACFT00266,2020-05-01,C-Check,289750.08,2021-07-27
AMH001049,ACFT00075,2021-09-24,B-Check,338186.52,2022-07-15
AMH001050,ACFT00331,2021-01-22,B-Check,185033.15,2021-08-17
AMH001051,ACFT00323,2024-07-04,A-Check,65667.51,2025-01-27
AMH001052,ACFT00121,2018-09-01,B-Check,457094.68,2019-05-31
AMH001053,ACFT00027,2019-07-29,Unscheduled Repair,89030.48,2020-07-06
AMH001054,ACFT00088,2019-02-08,A-Check,474859.09,2019-11-14
AMH001055,ACFT00502,2024-12-13,C-Check,435479.38,2025-12-29
AMH001056,ACFT00522,2021-04-30,A-Check,444768.33,2023-02-10
AMH001057,ACFT00223,2019-09-08,C-Check,434027.41,2020-06-22
AMH001058,ACFT00527,2020-09-18,A-Check,449734.39,2022-03-22
AMH001059,ACFT00326,2022-10-03,C-Check,453856.36,2023-08-05
AMH001060,ACFT00015,2022-02-02,A-Check,255310.81,2022-09-09
AMH001061,ACFT00508,2022-02-15,C-Check,285082.58,2022-12-01
AMH001062,ACFT00088,2020-02-07,A-Check,447949.29,2020-09-06
AMH001063,ACFT00338,2026-06-03,Unscheduled Repair,453788.72,2026-11-11
AMH001064,ACFT00331,2021-08-30,B-Check,330556.88,2023-04-05
AMH001065,ACFT00142,2026-07-19,A-Check,423182.06,2026-12-17
AMH001066,ACFT00291,2024-10-03,B-Check,34154.13,2025-11-02
AMH001067,ACFT00509,2019-12-14,B-Check,255171.99,2021-05-30
AMH001068,ACFT00106,2025-03-07,A-Check,63072.09,2026-08-08
AMH001069,ACFT00510,2019-10-15,D-Check,445001.91,2020-09-24
AMH001070,ACFT00462,2022-05-17,C-Check,289539.94,2023-03-12
AMH001071,ACFT00293,2025-05-10,A-Check,284336.63,2025-12-08
AMH001072,ACFT00397,2023-08-19,A-Check,184811.67,2025-06-16
AMH001073,ACFT00318,2024-12-02,C-Check,456150.98,2025-05-27
AMH001074,ACFT00488,2022-05-14,Unscheduled Repair,4698.32,2024-02-03
AMH001075,ACFT00404,2024-03-04,C-Check,330385.58,2024-09-21
AMH001076,ACFT00238,2021-04-15,A-Check,274107.31,2021-12-02
AMH001077,ACFT00506,2022-02-25,B-Check,403131.97,2023-08-07
AMH001078,ACFT00189,2018-09-18,A-Check,132513.95,2019-05-04
AMH001079,ACFT00213,2023-10-28,C-Check,6661.46,2025-08-22
AMH001080,ACFT00336,2022-10-21,D-Check,112919.68,2024-09-22
AMH001081,ACFT00110,2022-09-07,D-Check,392549.88,2024-01-03
AMH001082,ACFT00515,2020-03-26,A-Check,218131.93,2021-02-06
AMH001083,ACFT00332,2018-01-21,A-Check,69080.77,2018-09-26
AMH001084,ACFT00533,2021-08-14,A-Check,402292.67,2022-07-03
AMH001085,ACFT00038,2023-08-16,A-Check,230907.75,2024-01-21
AMH001086,ACFT00316,2025-10-03,C-Check,358529.97,2027-06-27
AMH001087,ACFT00499,2022-09-24,B-Check,76270.58,2023-06-16
AMH001088,ACFT00354,2018-05-05,A-Check,459699.64,2019-09-08
AMH001089,ACFT00227,2025-08-21,A-Check,258268.39,2026-03-19
AMH001090,ACFT00265,2026-07-15,B-Check,397679.06,2027-06-25
AMH001091,ACFT00423,2024-08-13,C-Check,95871.99,2025-01-12
AMH001092,ACFT00560,2021-10-19,A-Check,275447.78,2023-04-07
AMH001093,ACFT00168,2023-02-11,A-Check,80744.77,2025-01-06
AMH001094,ACFT00569,2025-12-24,A-Check,474624.45,2027-11-06
AMH001095,ACFT00058,2025-11-05,D-Check,144118.71,2027-08-01
AMH001096,ACFT00280,2023-02-27,A-Check,381185.57,2024-04-02
AMH001097,ACFT00334,2023-01-17,B-Check,168140.94,2023-05-30
AMH001098,ACFT00225,2020-07-04,C-Check,95372.21,2022-01-12
AMH001099,ACFT00326,2026-03-03,B-Check,113865.51,2026-08-24
AMH001100,ACFT00101,2022-12-03,C-Check,209340.78,2023-04-17
AMH001101,ACFT00465,2018-01-21,A-Check,416540.19,2019-02-27
AMH001102,ACFT00201,2026-02-27,A-Check,315944.11,2026-11-05
AMH001103,ACFT00293,2022-02-03,B-Check,163462.46,2023-04-28
AMH001104,ACFT00580,2020-06-28,A-Check,112313.15,2020-12-22
AMH001105,ACFT00261,2023-01-11,B-Check,300552.28,2024-01-19
AMH001106,ACFT00472,2021-06-13,Unscheduled Repair,51450.09,2023-01-11
AMH001107,ACFT00275,2018-05-17,A-Check,381903.89,2019-03-18
AMH001108,ACFT00346,2023-11-15,A-Check,33087.21,2024-03-12
AMH001109,ACFT00397,2024-07-10,B-Check,68226.61,2026-01-08
AMH001110,ACFT00111,2018-05-21,A-Check,336537.59,2020-04-08
AMH001111,ACFT00337,2020-12-18,A-Check,114224.67,2022-12-13
AMH001112,ACFT00457,2026-02-26,A-Check,62004.39,2026-08-11
AMH001113,ACFT00253,2018-11-13,C-Check,258947.42,2020-10-22
AMH001114,ACFT00530,2025-06-25,B-Check,148696.57,2026-09-03
AMH001115,ACFT00297,2018-04-26,B-Check,145965.81,2019-11-04
AMH001116,ACFT00513,2019-11-16,A-Check,381763.44,2020-06-25
AMH001117,ACFT00128,2020-03-03,Unscheduled Repair,77998.83,2021-12-05
AMH001118,ACFT00075,2022-08-24,C-Check,47586.63,2023-12-11
AMH001119,ACFT00529,2024-01-03,B-Check,408385.98,2025-04-30
AMH001120,ACFT00559,2022-02-14,B-Check,137681.09,2023-09-22
AMH001121,ACFT00366,2020-12-27,C-Check,141721.78,2021-06-13
AMH001122,ACFT00340,2018-01-25,B-Check,334312.34,2019-02-12
AMH001123,ACFT00142,2025-04-23,B-Check,63076.45,2027-04-11
AMH001124,ACFT00229,2022-09-21,B-Check,71583.88,2024-02-03
AMH001125,ACFT00101,2025-06-15,A-Check,116219.68,2026-06-04
AMH001126,ACFT00543,2021-04-04,A-Check,317891.36,2022-06-18
AMH001127,ACFT00014,2022-10-13,Unscheduled Repair,340009.51,2024-06-08
AMH001128,ACFT00165,2023-02-02,A-Check,172406.55,2023-09-10
AMH001129,ACFT00113,2023-04-24,C-Check,493195.3,2024-05-01
AMH001130,ACFT00539,2025-06-29,D-Check,295858.54,2027-05-22
AMH001131,ACFT00181,2023-01-26,A-Check,288327.89,2023-05-07
AMH001132,ACFT00411,2025-11-15,B-Check,200215.56,2027-02-25
AMH001133,ACFT00104,2021-12-06,A-Check,176925.59,2023-02-13
AMH001134,ACFT00121,2023-07-19,B-Check,329824.31,2024-10-01
AMH001135,ACFT00080,2024-12-13,A-Check,307548.41,2025-04-12
AMH001136,ACFT00149,2025-10-19,B-Check,416736.31,2026-01-21
AMH001137,ACFT00287,2021-09-03,A-Check,439620.49,2021-12-20
AMH001138,ACFT00485,2024-02-10,B-Check,136762.28,2025-01-19
AMH001139,ACFT00189,2023-06-04,B-Check,273650.79,2024-10-09
AMH001140,ACFT00257,2026-05-28,A-Check,126377.78,2027-10-06
AMH001141,ACFT00434,2022-06-27,C-Check,160878.98,2023-12-14
AMH001142,ACFT00388,2018-01-03,A-Check,238907.65,2018-08-27
AMH001143,ACFT00507,2024-03-30,B-Check,150041.64,2025-04-03
AMH001144,ACFT00277,2025-10-07,A-Check,485564.18,2026-02-11
AMH001145,ACFT00494,2026-04-23,B-Check,4524.1,2026-11-16
AMH001146,ACFT00045,2023-09-04,C-Check,382277.86,2024-11-23
AMH001147,ACFT00099,2021-08-10,Unscheduled Repair,382175.69,2022-07-11
AMH001148,ACFT00195,2018-09-03,B-Check,230826.86,2018-12-24
AMH001149,ACFT00234,2022-02-09,B-Check,352649.29,2023-06-22
AMH001150,ACFT00011,2019-02-15,C-Check,131359.35,2021-01-11
AMH001151,ACFT00576,2021-01-07,B-Check,181154.69,2021-11-24
AMH001152,ACFT00282,2024-01-30,A-Check,467427.06,2025-09-15
AMH001153,ACFT00409,2024-12-17,B-Check,427305.39,2025-12-29
AMH001154,ACFT00378,2025-05-27,Unscheduled Repair,95333.5,2026-08-18
AMH001155,ACFT00052,2019-08-20,C-Check,269737.31,2021-05-06
AMH001156,ACFT00537,2021-06-21,B-Check,333058.1,2022-10-10
AMH001157,ACFT00044,2023-06-17,D-Check,164813.86,2023-09-16
AMH001158,ACFT00539,2024-06-14,C-Check,157499.46,2024-12-07
AMH001159,ACFT00033,2024-04-11,A-Check,273100.38,2025-02-16
AMH001160,ACFT00263,2024-09-14,B-Check,346358.77,2026-09-13
AMH001161,ACFT00376,2023-06-09,A-Check,21336.27,2025-05-02
AMH001162,ACFT00334,2023-02-24,B-Check,170896.31,2024-03-05
AMH001163,ACFT00110,2018-05-19,A-Check,394746.92,2019-03-05
AMH001164,ACFT00273,2024-11-12,Unscheduled Repair,206743.58,2026-10-24
AMH001165,ACFT00042,2025-10-25,D-Check,69207.38,2026-12-19
AMH001166,ACFT00387,2021-01-29,B-Check,362633.58,2021-10-07
AMH001167,ACFT00214,2025-03-23,A-Check,170991.12,2026-11-09
AMH001168,ACFT00557,2025-09-11,B-Check,398695.01,2026-03-19
AMH001169,ACFT00010,2018-04-13,B-Check,494635.8,2018-11-25
AMH001170,ACFT00379,2022-11-21,C-Check,352780.09,2023-07-24
AMH001171,ACFT00195,2023-06-05,B-Check,58656.74,2025-05-05
AMH001172,ACFT00552,2023-02-19,A-Check,315796.13,2025-01-25
AMH001173,ACFT00009,2023-07-21,C-Check,437287.24,2024-05-05
AMH001174,ACFT00266,2021-05-25,B-Check,464428.49,2022-01-01
AMH001175,ACFT00515,2019-01-13,Unscheduled Repair,232585.68,2020-11-01
AMH001176,ACFT00361,2018-12-29,B-Check,487781.04,2019-05-25
AMH001177,ACFT00010,2022-04-25,Unscheduled Repair,236339.74,2023-12-14
AMH001178,ACFT00484,2024-04-12,B-Check,113816.34,2026-03-22
AMH001179,ACFT00186,2019-06-09,A-Check,53813.07,2020-03-04
AMH001180,ACFT00129,2019-04-15,B-Check,209102.33,2020-01-25
AMH001181,ACFT00215,2020-07-07,A-Check,407967.79,2021-09-30
AMH001182,ACFT00062,2019-09-11,C-Check,459111.45,2020-03-22
AMH001183,ACFT00248,2026-04-09,Unscheduled Repair,208737.28,2026-08-02
AMH001184,ACFT00554,2024-09-08,Unscheduled Repair,78797.41,2026-09-04
AMH001185,ACFT00060,2025-06-24,A-Check,490820.42,2026-05-27
AMH001186,ACFT00534,2023-08-30,B-Check,360975.6,2023-12-23
AMH001187,ACFT00417,2021-11-13,A-Check,121968.05,2022-12-28
AMH001188,ACFT00009,2025-11-27,B-Check,73703.87,2027-11-23
AMH001189,ACFT00096,2018-05-04,B-Check,133516.73,2020-04-11
AMH001190,ACFT00226,2024-02-08,A-Check,417428.66,2025-01-06
AMH001191,ACFT00249,2018-05-19,C-Check,50277.06,2019-01-01
AMH001192,ACFT00497,2023-01-10,A-Check,331310.78,2023-08-29
AMH001193,ACFT00569,2020-10-11,A-Check,306088.34,2021-10-14
AMH001194,ACFT00278,2020-05-11,B-Check,429820.97,2021-07-26
AMH001195,ACFT00510,2024-09-15,A-Check,393804.07,2025-01-27
AMH001196,ACFT00507,2025-01-08,A-Check,89251.88,2025-11-02
AMH001197,ACFT00355,2018-05-29,A-Check,412661.75,2020-04-26
AMH001198,ACFT00348,2020-07-15,C-Check,65698.07,2021-12-18
AMH001199,ACFT00342,2020-07-10,B-Check,388245.89,2022-03-10
AMH001200,ACFT00007,2026-06-01,A-Check,18495.85,2027-04-21
AMH001201,ACFT00581,2021-03-03,A-Check,303847.9,2023-01-13
AMH001202,ACFT00342,2026-02-20,B-Check,336030.65,2026-11-17
AMH001203,ACFT00320,2018-09-24,B-Check,251046.56,2020-04-17
AMH001204,ACFT00129,2024-04-10,Unscheduled Repair,350163.02,2026-01-19
AMH001205,ACFT00238,2026-02-22,A-Check,208828.38,2027-12-13
AMH001206,ACFT00218,2019-03-30,A-Check,130564.29,2020-02-23
AMH001207,ACFT00477,2024-01-31,Unscheduled Repair,224589.13,2025-09-08
AMH001208,ACFT00190,2023-08-29,B-Check,158232.81,2025-03-29
AMH001209,ACFT00027,2020-10-12,D-Check,86054.26,2022-02-09
AMH001210,ACFT00017,2026-03-10,C-Check,487929.22,2026-08-27
AMH001211,ACFT00537,2025-10-24,Unscheduled Repair,248707.19,2027-08-26
AMH001212,ACFT00361,2025-12-06,A-Check,275821.84,2026-04-09
AMH001213,ACFT00297,2020-04-09,A-Check,160473.72,2020-07-28
AMH001214,ACFT00135,2024-04-17,A-Check,244587.96,2026-01-30
AMH001215,ACFT00575,2019-07-12,B-Check,203523.48,2020-12-20
AMH001216,ACFT00089,2019-12-14,B-Check,377151.79,2020-08-04
AMH001217,ACFT00086,2019-03-28,B-Check,282545.06,2020-09-10
AMH001218,ACFT00213,2020-03-16,B-Check,184160.36,2020-12-11
AMH001219,ACFT00144,2025-10-26,C-Check,72258.91,2026-07-11
AMH001220,ACFT00467,2025-12-19,A-Check,2402.48,2027-08-26
AMH001221,ACFT00017,2022-09-13,B-Check,303495.96,2023-08-09
AMH001222,ACFT00317,2023-05-14,A-Check,144271.72,2025-01-06
AMH001223,ACFT00229,2024-02-10,A-Check,290714.65,2025-10-03
AMH001224,ACFT00532,2023-07-24,A-Check,441400.45,2024-06-29
AMH001225,ACFT00128,2021-08-11,C-Check,5939.13,2022-07-21
AMH001226,ACFT00186,2019-04-07,B-Check,344328.12,2020-08-01
AMH001227,ACFT00125,2018-02-22,B-Check,255048.47,2018-09-08
AMH001228,ACFT00405,2023-06-30,A-Check,53385.97,2024-03-06
AMH001229,ACFT00446,2021-05-03,A-Check,332641.38,2023-04-04
AMH001230,ACFT00206,2019-02-15,B-Check,140336.83,2021-02-11
AMH001231,ACFT00199,2018-08-13,B-Check,5188.03,2019-03-17
AMH001232,ACFT00146,2025-11-21,A-Check,147866.36,2027-01-13
AMH001233,ACFT00309,2026-02-01,C-Check,322842.84,2026-07-02
AMH001234,ACFT00495,2018-08-29,A-Check,300520.18,2020-08-22
AMH001235,ACFT00571,2025-06-17,B-Check,28821.1,2026-12-22
AMH001236,ACFT00319,2026-05-11,B-Check,218060.96,2026-08-22
AMH001237,ACFT00329,2021-04-14,C-Check,127102.23,2022-11-20
AMH001238,ACFT00076,2022-04-07,A-Check,170004.46,2024-01-09
AMH001239,ACFT00061,2024-07-28,A-Check,23234.39,2026-04-13
AMH001240,ACFT00351,2022-09-23,A-Check,160900.8,2024-07-12
AMH001241,ACFT00278,2024-12-06,D-Check,223329.16,2025-08-13
AMH001242,ACFT00165,2018-03-20,C-Check,360050.64,2019-03-05
AMH001243,ACFT00494,2022-08-23,A-Check,73282.95,2023-05-02
AMH001244,ACFT00191,2022-01-13,C-Check,38805.08,2023-11-19
AMH001245,ACFT00123,2018-03-21,C-Check,75624.38,2020-03-07
AMH001246,ACFT00485,2018-09-05,B-Check,113935.47,2020-03-06
AMH001247,ACFT00213,2018-10-31,A-Check,260627.81,2019-02-18
AMH001248,ACFT00381,2026-05-18,A-Check,178050.69,2027-07-11
AMH001249,ACFT00425,2023-06-11,Unscheduled Repair,218842.4,2025-05-01
AMH001250,ACFT00069,2026-04-12,C-Check,13538.51,2028-01-25
AMH001251,ACFT00373,2019-12-23,C-Check,275379.96,2021-05-11
AMH001252,ACFT00308,2023-02-19,Unscheduled Repair,446464.82,2025-02-13
AMH001253,ACFT00528,2024-07-01,Unscheduled Repair,190223.28,2025-11-02
AMH001254,ACFT00234,2023-05-24,A-Check,161106.8,2025-04-17
AMH001255,ACFT00358,2025-11-27,A-Check,144744.46,2027-10-05
AMH001256,ACFT00542,2021-03-17,A-Check,96046.99,2021-12-18
AMH001257,ACFT00266,2019-06-12,Unscheduled Repair,393582.27,2020-04-11
AMH001258,ACFT00126,2023-06-02,B-Check,84849.2,2025-04-28
AMH001259,ACFT00565,2020-10-08,Unscheduled Repair,150376.93,2021-03-19
AMH001260,ACFT00470,2024-01-25,D-Check,410659.5,2025-12-07
AMH001261,ACFT00539,2018-06-30,B-Check,461430.54,2018-11-20
AMH001262,ACFT00572,2025-09-04,B-Check,423930.27,2026-07-07
AMH001263,ACFT00298,2020-09-12,C-Check,186659.36,2021-10-09
AMH001264,ACFT00434,2023-01-06,A-Check,59008.9,2023-07-09
AMH001265,ACFT00390,2024-07-23,C-Check,422905.86,2025-12-04
AMH001266,ACFT00255,2025-07-19,C-Check,347880.32,2027-05-25
AMH001267,ACFT00442,2021-12-03,B-Check,87085.03,2023-05-27
AMH001268,ACFT00099,2022-07-10,D-Check,204407.94,2023-09-13
AMH001269,ACFT00100,2025-12-26,Unscheduled Repair,403981.52,2027-07-03
AMH001270,ACFT00580,2020-03-10,B-Check,498095.72,2021-05-12
AMH001271,ACFT00371,2024-06-26,B-Check,255918.27,2026-02-11
AMH001272,ACFT00220,2020-05-14,A-Check,309423.19,2021-05-05
AMH001273,ACFT00589,2023-06-21,C-Check,403043.88,2025-03-31
AMH001274,ACFT00037,2018-01-05,A-Check,301129.71,2018-06-24
AMH001275,ACFT00414,2025-01-07,B-Check,250422.3,2025-09-23
AMH001276,ACFT00549,2022-05-13,D-Check,166543.38,2023-10-19
AMH001277,ACFT00430,2022-07-28,B-Check,438212.62,2023-02-08
AMH001278,ACFT00280,2026-03-11,B-Check,497338.69,2026-06-18
AMH001279,ACFT00387,2018-03-23,A-Check,415837.15,2019-05-25
AMH001280,ACFT00267,2021-12-10,A-Check,82710.31,2023-01-03
AMH001281,ACFT00044,2023-09-17,D-Check,269926.54,2025-02-13
AMH001282,ACFT00177,2022-03-13,C-Check,20823.15,2023-08-19
AMH001283,ACFT00370,2023-07-12,A-Check,168143.45,2025-03-27
AMH001284,ACFT00324,2023-10-06,B-Check,243844.7,2025-08-24
AMH001285,ACFT00544,2018-03-02,A-Check,113988.57,2019-01-24
AMH001286,ACFT00154,2021-06-27,C-Check,403458.35,2022-09-29
AMH001287,ACFT00340,2020-02-28,A-Check,417964.04,2020-09-21
AMH001288,ACFT00178,2020-03-24,A-Check,17727.15,2020-10-31
AMH001289,ACFT00099,2023-12-02,C-Check,335095.36,2025-02-18
AMH001290,ACFT00126,2018-02-24,B-Check,142300.35,2018-07-04
AMH001291,ACFT00043,2022-04-29,A-Check,454751.75,2022-10-26
AMH001292,ACFT00056,2019-06-06,A-Check,480926.62,2021-02-18
AMH001293,ACFT00434,2022-10-13,B-Check,92286.31,2023-01-17
AMH001294,ACFT00562,2023-03-22,A-Check,383812.26,2023-08-07
AMH001295,ACFT00357,2023-07-25,A-Check,2987.01,2023-11-29
AMH001296,ACFT00279,2019-05-09,C-Check,237912.12,2019-12-25
AMH001297,ACFT00577,2019-03-27,A-Check,94285.11,2020-05-28
AMH001298,ACFT00033,2025-02-08,B-Check,32422.18,2026-07-08
AMH001299,ACFT00046,2025-06-07,C-Check,374126.95,2027-04-15
AMH001300,ACFT00595,2019-02-28,C-Check,199144.42,2019-06-02
AMH001301,ACFT00520,2019-06-21,A-Check,181436.57,2019-10-06
AMH001302,ACFT00014,2019-02-01,B-Check,106347.54,2020-10-11
AMH001303,ACFT00074,2018-04-25,A-Check,20446.49,2020-04-10
AMH001304,ACFT00546,2019-10-05,C-Check,338709.54,2021-09-21
AMH001305,ACFT00551,2022-06-29,B-Check,362146.86,2023-06-04
AMH001306,ACFT00008,2025-01-13,D-Check,363907.54,2025-06-26
AMH001307,ACFT00285,2022-10-02,A-Check,312215.61,2023-06-13
AMH001308,ACFT00234,2023-05-05,A-Check,162692.78,2024-04-07
AMH001309,ACFT00116,2025-02-10,A-Check,444811.22,2026-05-10
AMH001310,ACFT00064,2024-06-21,B-Check,449208.58,2026-04-10
AMH001311,ACFT00439,2023-10-22,B-Check,208172.48,2024-05-06
AMH001312,ACFT00402,2026-01-03,A-Check,355579.08,2027-03-23
AMH001313,ACFT00163,2023-05-21,B-Check,65196.66,2025-05-09
AMH001314,ACFT00267,2025-05-22,A-Check,283363.79,2025-11-17
AMH001315,ACFT00076,2021-05-21,A-Check,306295.16,2022-05-06
AMH001316,ACFT00348,2020-12-30,A-Check,278053.02,2022-02-21
AMH001317,ACFT00088,2018-05-21,C-Check,12243.52,2019-11-27
AMH001318,ACFT00214,2025-02-18,A-Check,121592.8,2027-01-30
AMH001319,ACFT00363,2018-05-26,C-Check,149853.74,2020-03-29
AMH001320,ACFT00222,2026-02-14,A-Check,163900.32,2027-08-17
AMH001321,ACFT00295,2022-01-05,C-Check,439889.12,2022-04-18
AMH001322,ACFT00308,2023-04-25,Unscheduled Repair,496034.23,2024-03-26
AMH001323,ACFT00198,2023-11-01,B-Check,107115.48,2024-04-22
AMH001324,ACFT00362,2019-03-31,A-Check,125700.24,2019-08-06
AMH001325,ACFT00412,2022-11-04,A-Check,3938.23,2023-07-10
AMH001326,ACFT00101,2024-06-16,C-Check,433873.96,2025-03-21
AMH001327,ACFT00503,2024-08-22,A-Check,112798.64,2025-05-23
AMH001328,ACFT00524,2025-04-04,Unscheduled Repair,238247.25,2025-09-15
AMH001329,ACFT00034,2022-04-23,A-Check,230196.82,2023-06-22
AMH001330,ACFT00405,2024-10-01,C-Check,239599.01,2026-04-26
AMH001331,ACFT00568,2025-11-12,Unscheduled Repair,83975.9,2027-02-28
AMH001332,ACFT00220,2018-02-24,C-Check,462159.56,2018-08-17
AMH001333,ACFT00177,2022-10-08,B-Check,124809.72,2024-03-16
AMH001334,ACFT00461,2018-03-25,C-Check,91269.56,2018-08-22
AMH001335,ACFT00276,2024-02-13,C-Check,104103.33,2026-01-05
AMH001336,ACFT00207,2018-09-24,B-Check,52899.11,2019-08-27
AMH001337,ACFT00315,2024-02-18,B-Check,438908.29,2025-07-13
AMH001338,ACFT00564,2018-12-16,C-Check,435681.04,2019-08-06
AMH001339,ACFT00503,2022-04-28,A-Check,209401.02,2023-05-24
AMH001340,ACFT00178,2023-11-02,C-Check,319011.28,2024-05-29
AMH001341,ACFT00582,2024-11-27,B-Check,26880.07,2025-08-20
AMH001342,ACFT00406,2025-02-04,A-Check,208572.36,2026-11-02
AMH001343,ACFT00438,2021-02-08,A-Check,224310.16,2021-05-29
AMH001344,ACFT00282,2021-11-05,B-Check,98430.91,2022-08-06
AMH001345,ACFT00597,2021-06-19,A-Check,144509.67,2023-06-07
AMH001346,ACFT00090,2023-12-11,B-Check,444521.69,2024-04-01
AMH001347,ACFT00573,2023-03-21,B-Check,214854.79,2023-07-25
AMH001348,ACFT00108,2022-08-19,C-Check,338521.34,2024-02-11
AMH001349,ACFT00416,2021-04-11,A-Check,302184.65,2022-11-24
AMH001350,ACFT00082,2020-12-25,B-Check,461188.45,2021-07-05
AMH001351,ACFT00440,2018-05-09,C-Check,352940.79,2018-09-18
AMH001352,ACFT00072,2026-03-21,B-Check,195380.2,2028-02-27
AMH001353,ACFT00578,2025-10-25,C-Check,426390.51,2027-03-30
AMH001354,ACFT00576,2018-02-28,C-Check,462358.55,2020-02-06
AMH001355,ACFT00445,2019-05-07,A-Check,258572.08,2020-06-03
AMH001356,ACFT00288,2021-09-25,C-Check,345354.73,2022-12-21
AMH001357,ACFT00012,2020-01-06,C-Check,450956.75,2021-11-19
AMH001358,ACFT00543,2020-05-05,A-Check,44102.98,2021-10-04
AMH001359,ACFT00191,2020-10-21,A-Check,56008.52,2022-08-13
AMH001360,ACFT00501,2026-03-03,B-Check,222915.7,2026-12-20
AMH001361,ACFT00099,2020-09-04,C-Check,421595.62,2022-06-27
AMH001362,ACFT00005,2019-09-26,A-Check,231824.18,2021-06-04
AMH001363,ACFT00302,2018-07-15,A-Check,176946.73,2019-08-16
AMH001364,ACFT00087,2020-01-18,A-Check,304589.96,2021-01-25
AMH001365,ACFT00258,2019-02-28,A-Check,344463.42,2020-04-25
AMH001366,ACFT00228,2019-01-26,C-Check,118057.42,2019-12-01
AMH001367,ACFT00422,2018-05-06,A-Check,156670.0,2019-02-04
AMH001368,ACFT00084,2026-03-13,A-Check,194011.83,2027-04-25
AMH001369,ACFT00064,2022-04-07,A-Check,378476.3,2023-01-22
AMH001370,ACFT00322,2023-11-14,B-Check,197102.29,2024-04-23
AMH001371,ACFT00004,2023-07-26,B-Check,198336.13,2024-11-07
AMH001372,ACFT00041,2023-05-27,B-Check,477225.17,2023-12-16
AMH001373,ACFT00173,2019-05-24,A-Check,399149.44,2019-11-29
AMH001374,ACFT00147,2018-04-14,C-Check,303696.59,2018-11-10
AMH001375,ACFT00186,2018-08-29,Unscheduled Repair,139417.46,2019-09-05
AMH001376,ACFT00487,2024-08-29,A-Check,141754.13,2026-06-10
AMH001377,ACFT00494,2023-02-23,A-Check,213142.98,2024-09-04
AMH001378,ACFT00543,2018-12-04,A-Check,61894.47,2019-11-18
AMH001379,ACFT00113,2020-11-16,A-Check,236385.4,2021-05-15
AMH001380,ACFT00007,2018-01-16,A-Check,346137.17,2019-01-24
AMH001381,ACFT00416,2023-12-03,B-Check,421057.38,2025-07-20
AMH001382,ACFT00372,2023-06-07,B-Check,426439.35,2024-03-07
AMH001383,ACFT00326,2019-02-11,D-Check,94548.06,2020-02-18
AMH001384,ACFT00206,2019-03-24,C-Check,124524.87,2019-09-25
AMH001385,ACFT00189,2026-04-29,D-Check,376124.43,2028-04-08
AMH001386,ACFT00511,2022-09-07,C-Check,174824.15,2024-04-16
AMH001387,ACFT00160,2026-07-18,A-Check,87150.36,2027-08-28
AMH001388,ACFT00367,2025-06-16,B-Check,387936.07,2026-12-22
AMH001389,ACFT00443,2019-12-12,A-Check,250017.06,2020-10-03
AMH001390,ACFT00337,2022-05-04,Unscheduled Repair,420820.69,2023-03-02
AMH001391,ACFT00328,2018-01-03,A-Check,4181.23,2019-02-17
AMH001392,ACFT00261,2019-09-10,B-Check,368803.41,2020-01-03
AMH001393,ACFT00344,2024-05-26,C-Check,210586.05,2024-10-18
AMH001394,ACFT00152,2018-09-24,C-Check,497818.55,2018-12-23
AMH001395,ACFT00194,2020-02-20,Unscheduled Repair,161137.15,2021-06-05
AMH001396,ACFT00443,2023-03-13,B-Check,328467.38,2023-06-13
AMH001397,ACFT00226,2018-07-04,B-Check,83423.68,2019-11-23
AMH001398,ACFT00328,2019-11-25,B-Check,274487.32,2020-12-22
AMH001399,ACFT00545,2020-02-27,A-Check,412520.64,2021-04-10
AMH001400,ACFT00118,2018-01-02,C-Check,308574.66,2019-12-28
AMH001401,ACFT00208,2024-01-22,A-Check,97446.3,2025-07-05
AMH001402,ACFT00176,2022-04-03,Unscheduled Repair,436051.85,2022-12-09
AMH001403,ACFT00129,2026-06-09,B-Check,54352.89,2027-06-01
AMH001404,ACFT00150,2023-12-04,B-Check,429690.66,2025-05-04
AMH001405,ACFT00529,2019-11-21,A-Check,176806.82,2020-09-07
AMH001406,ACFT00286,2023-04-24,C-Check,363890.05,2024-06-25
AMH001407,ACFT00149,2023-10-12,A-Check,286647.7,2024-05-09
AMH001408,ACFT00310,2020-04-14,B-Check,457697.14,2021-08-29
AMH001409,ACFT00300,2021-09-06,A-Check,361703.49,2022-12-17
AMH001410,ACFT00037,2021-06-28,A-Check,378965.99,2023-05-05
AMH001411,ACFT00519,2022-11-27,B-Check,59758.3,2024-03-15
AMH001412,ACFT00481,2023-01-20,A-Check,267414.85,2024-06-13
AMH001413,ACFT00190,2021-01-24,B-Check,118840.89,2022-03-27
AMH001414,ACFT00194,2021-07-08,C-Check,286824.18,2021-11-24
AMH001415,ACFT00212,2021-03-04,Unscheduled Repair,393211.99,2022-04-30
AMH001416,ACFT00359,2023-08-21,A-Check,269834.08,2024-06-18
AMH001417,ACFT00024,2020-11-30,A-Check,136050.51,2021-10-26
AMH001418,ACFT00597,2019-11-30,A-Check,231803.93,2020-07-20
AMH001419,ACFT00019,2022-11-11,A-Check,72787.21,2024-04-22
AMH001420,ACFT00237,2024-12-19,A-Check,424895.83,2026-11-01
AMH001421,ACFT00026,2024-09-05,C-Check,490598.21,2025-06-26
AMH001422,ACFT00502,2020-03-28,C-Check,392279.46,2021-02-14
AMH001423,ACFT00260,2018-07-22,B-Check,34229.9,2019-10-05
AMH001424,ACFT00568,2026-02-04,A-Check,177685.82,2027-11-16
AMH001425,ACFT00446,2023-09-25,Unscheduled Repair,225032.67,2025-05-13
AMH001426,ACFT00294,2026-05-23,C-Check,394914.38,2027-06-27
AMH001427,ACFT00062,2025-01-15,C-Check,300002.64,2026-08-16
AMH001428,ACFT00149,2020-07-26,B-Check,198561.63,2022-05-23
AMH001429,ACFT00206,2024-06-05,Unscheduled Repair,155575.07,2024-11-28
AMH001430,ACFT00402,2018-04-09,C-Check,283585.12,2019-07-06
AMH001431,ACFT00537,2019-06-17,A-Check,109923.11,2020-03-18
AMH001432,ACFT00331,2023-06-09,D-Check,333631.02,2025-04-17
AMH001433,ACFT00541,2020-06-27,A-Check,240152.74,2021-08-28
AMH001434,ACFT00533,2024-07-02,C-Check,25231.02,2025-10-08
AMH001435,ACFT00240,2022-10-13,A-Check,286459.05,2023-11-28
AMH001436,ACFT00582,2019-07-17,B-Check,314369.28,2020-08-18
AMH001437,ACFT00138,2019-02-20,A-Check,80506.41,2020-02-01
AMH001438,ACFT00362,2023-10-14,A-Check,432902.0,2024-07-12
AMH001439,ACFT00542,2020-02-27,B-Check,486884.05,2021-12-10
AMH001440,ACFT00454,2023-10-04,B-Check,344253.62,2025-01-31
AMH001441,ACFT00351,2019-12-31,A-Check,187975.96,2020-11-30
AMH001442,ACFT00368,2023-05-11,A-Check,429736.22,2025-04-05
AMH001443,ACFT00439,2023-06-10,A-Check,277083.13,2025-06-07
AMH001444,ACFT00345,2024-09-05,D-Check,168511.32,2026-08-29
AMH001445,ACFT00435,2020-01-15,A-Check,334225.93,2020-08-27
AMH001446,ACFT00023,2024-11-11,A-Check,11333.46,2025-10-15
AMH001447,ACFT00378,2018-12-30,A-Check,153997.39,2020-01-12
AMH001448,ACFT00157,2021-11-30,C-Check,451379.82,2022-09-26
AMH001449,ACFT00135,2024-02-08,D-Check,34544.03,2024-06-05
AMH001450,ACFT00301,2019-09-19,B-Check,452347.6,2021-09-14
AMH001451,ACFT00209,2022-05-12,A-Check,125411.34,2022-10-15
AMH001452,ACFT00238,2024-09-24,C-Check,423430.19,2026-05-26
AMH001453,ACFT00369,2022-07-10,B-Check,457433.86,2023-12-17
AMH001454,ACFT00084,2019-03-31,B-Check,455732.37,2020-02-01
AMH001455,ACFT00226,2024-04-25,B-Check,191030.2,2025-12-27
AMH001456,ACFT00403,2024-04-10,A-Check,125868.47,2024-07-12
AMH001457,ACFT00315,2023-11-17,B-Check,69320.33,2024-05-15
AMH001458,ACFT00179,2019-07-24,A-Check,341889.28,2021-04-09
AMH001459,ACFT00214,2021-05-07,C-Check,157646.06,2022-05-16
AMH001460,ACFT00272,2023-04-25,A-Check,395728.66,2023-12-28
AMH001461,ACFT00553,2024-03-17,A-Check,188679.07,2025-10-16
AMH001462,ACFT00378,2020-07-12,A-Check,309003.73,2021-12-10
AMH001463,ACFT00300,2026-06-19,A-Check,150579.08,2028-04-29
AMH001464,ACFT00183,2019-07-24,A-Check,54059.66,2020-12-05
AMH001465,ACFT00429,2021-03-06,D-Check,445729.4,2022-11-19
AMH001466,ACFT00209,2023-06-13,A-Check,222270.44,2024-12-10
AMH001467,ACFT00101,2023-12-17,A-Check,409634.55,2025-08-23
AMH001468,ACFT00008,2023-09-06,C-Check,259821.83,2025-03-24
AMH001469,ACFT00515,2024-11-07,A-Check,120188.69,2026-04-05
AMH001470,ACFT00277,2018-08-03,A-Check,105576.6,2019-02-10
AMH001471,ACFT00551,2021-05-19,C-Check,428703.43,2021-10-23
AMH001472,ACFT00240,2024-09-22,D-Check,84740.9,2025-01-19
AMH001473,ACFT00199,2024-07-25,B-Check,484882.17,2025-07-08
AMH001474,ACFT00580,2020-05-03,C-Check,113803.06,2021-09-06
AMH001475,ACFT00085,2024-04-08,D-Check,495861.21,2024-10-27
AMH001476,ACFT00388,2022-09-27,D-Check,128803.13,2024-08-08
AMH001477,ACFT00328,2021-01-12,B-Check,7726.15,2022-12-20
AMH001478,ACFT00261,2020-09-05,Unscheduled Repair,368464.72,2021-07-11
AMH001479,ACFT00326,2025-09-22,D-Check,261914.88,2026-03-19
AMH001480,ACFT00190,2026-07-20,B-Check,406249.95,2027-04-15
AMH001481,ACFT00548,2018-07-05,C-Check,56777.08,2019-09-20
AMH001482,ACFT00411,2021-02-28,C-Check,304665.33,2022-03-13
AMH001483,ACFT00228,2024-12-18,C-Check,296490.1,2026-04-29
AMH001484,ACFT00120,2019-01-02,A-Check,227792.91,2020-02-11
AMH001485,ACFT00329,2022-09-01,B-Check,457297.72,2023-11-12
AMH001486,ACFT00493,2026-02-01,C-Check,136346.4,2027-12-26
AMH001487,ACFT00410,2019-01-23,A-Check,301831.91,2020-02-29
AMH001488,ACFT00495,2020-02-17,A-Check,114157.63,2021-08-10
AMH001489,ACFT00548,2021-03-02,A-Check,228929.94,2022-12-16
AMH001490,ACFT00362,2022-05-15,C-Check,470690.44,2023-07-19
AMH001491,ACFT00235,2025-03-29,A-Check,371773.49,2025-07-20
AMH001492,ACFT00380,2021-01-06,B-Check,399464.2,2022-08-05
AMH001493,ACFT00305,2018-03-21,A-Check,361439.58,2018-11-10
AMH001494,ACFT00462,2025-06-18,A-Check,24124.1,2026-09-20
AMH001495,ACFT00195,2021-02-22,B-Check,157267.32,2022-03-28
AMH001496,ACFT00219,2025-08-01,Unscheduled Repair,231687.37,2026-06-16
AMH001497,ACFT00336,2024-06-23,A-Check,316691.52,2025-07-07
AMH001498,ACFT00460,2019-01-30,A-Check,68814.43,2020-10-10
AMH001499,ACFT00404,2023-06-23,A-Check,314686.0,2024-11-10
AMH001500,ACFT00502,2018-01-17,C-Check,419115.88,2018-12-20
AMH001501,ACFT00165,2022-10-22,C-Check,420828.27,2024-06-04
AMH001502,ACFT00533,2020-05-08,A-Check,194639.5,2021-11-13
AMH001503,ACFT00173,2025-03-18,A-Check,71520.67,2025-07-08
AMH001504,ACFT00002,2019-04-21,C-Check,343296.02,2020-08-08
AMH001505,ACFT00452,2023-12-23,B-Check,187153.34,2025-12-13
AMH001506,ACFT00391,2021-12-22,A-Check,496585.46,2023-01-14
AMH001507,ACFT00345,2026-05-11,A-Check,376598.82,2026-12-09
AMH001508,ACFT00504,2018-06-09,A-Check,118144.64,2019-08-03
AMH001509,ACFT00590,2026-01-23,A-Check,184487.9,2027-09-27
AMH001510,ACFT00061,2022-11-07,C-Check,313697.16,2024-05-20
AMH001511,ACFT00092,2021-06-16,C-Check,475896.78,2022-06-28
AMH001512,ACFT00453,2022-12-18,A-Check,32798.11,2023-04-22
AMH001513,ACFT00435,2018-12-26,A-Check,179238.51,2020-02-29
AMH001514,ACFT00462,2018-02-13,B-Check,54409.12,2019-06-15
AMH001515,ACFT00132,2018-10-24,A-Check,287747.75,2019-05-30
AMH001516,ACFT00305,2018-09-20,A-Check,240305.37,2020-08-16
AMH001517,ACFT00299,2026-01-04,Unscheduled Repair,86444.84,2027-04-22
AMH001518,ACFT00383,2025-11-02,C-Check,495907.86,2026-12-01
AMH001519,ACFT00018,2026-08-01,C-Check,369168.46,2027-05-03
AMH001520,ACFT00543,2023-05-20,C-Check,26489.08,2024-10-06
AMH001521,ACFT00449,2020-01-18,A-Check,76966.18,2021-03-02
AMH001522,ACFT00266,2021-07-19,B-Check,338052.38,2022-12-24
AMH001523,ACFT00596,2019-12-22,C-Check,19879.47,2020-09-12
AMH001524,ACFT00244,2025-09-19,C-Check,291334.13,2026-06-04
AMH001525,ACFT00575,2025-03-27,B-Check,33910.0,2026-05-14
AMH001526,ACFT00360,2024-10-09,B-Check,252969.81,2026-05-19
AMH001527,ACFT00156,2019-04-06,B-Check,203334.02,2020-09-26
AMH001528,ACFT00448,2021-04-28,Unscheduled Repair,284572.37,2022-03-03
AMH001529,ACFT00491,2022-05-03,A-Check,106545.02,2023-01-06
AMH001530,ACFT00223,2018-02-04,A-Check,69725.18,2018-06-14
AMH001531,ACFT00232,2025-06-21,C-Check,224003.81,2027-03-06
AMH001532,ACFT00366,2023-06-09,A-Check,311531.51,2024-01-15
AMH001533,ACFT00038,2024-03-13,C-Check,44911.5,2025-05-23
AMH001534,ACFT00101,2025-02-23,B-Check,265261.59,2025-07-09
AMH001535,ACFT00255,2021-04-19,Unscheduled Repair,188045.4,2021-09-25
AMH001536,ACFT00183,2018-04-28,B-Check,480157.39,2020-04-13
AMH001537,ACFT00339,2020-08-14,A-Check,61357.01,2022-03-29
AMH001538,ACFT00150,2023-08-18,D-Check,248462.32,2025-07-28
AMH001539,ACFT00194,2019-01-06,B-Check,176681.14,2019-11-04
AMH001540,ACFT00253,2025-09-23,A-Check,20262.56,2026-01-21
AMH001541,ACFT00324,2018-01-17,A-Check,441827.07,2018-12-11
AMH001542,ACFT00187,2021-03-13,A-Check,198583.32,2022-12-05
AMH001543,ACFT00352,2021-12-16,C-Check,221988.98,2023-03-30
AMH001544,ACFT00014,2021-03-23,A-Check,304419.03,2022-04-22
AMH001545,ACFT00107,2022-02-03,B-Check,438764.62,2022-07-21
AMH001546,ACFT00079,2019-09-02,A-Check,246357.29,2021-05-29
AMH001547,ACFT00329,2026-06-11,C-Check,347796.99,2027-04-18
AMH001548,ACFT00096,2022-05-05,A-Check,179235.36,2022-09-01
AMH001549,ACFT00081,2024-06-16,C-Check,375938.46,2025-05-29
AMH001550,ACFT00387,2019-09-21,Unscheduled Repair,223523.66,2019-12-30
AMH001551,ACFT00360,2018-08-02,C-Check,407851.43,2019-01-08
AMH001552,ACFT00399,2020-06-03,B-Check,216272.5,2021-12-05
AMH001553,ACFT00161,2019-06-20,A-Check,201148.98,2021-03-11
AMH001554,ACFT00443,2021-11-17,A-Check,248044.77,2022-07-08
AMH001555,ACFT00421,2018-12-22,C-Check,46679.93,2019-05-06
AMH001556,ACFT00225,2019-12-17,A-Check,37473.46,2020-07-25
AMH001557,ACFT00092,2025-09-11,B-Check,8364.42,2027-03-31
AMH001558,ACFT00165,2018-03-31,B-Check,277714.25,2019-12-29
AMH001559,ACFT00109,2022-11-14,B-Check,160529.57,2023-12-20
AMH001560,ACFT00163,2025-04-02,A-Check,354929.38,2026-06-05
AMH001561,ACFT00049,2018-02-13,C-Check,406720.11,2019-07-24
AMH001562,ACFT00330,2025-06-03,B-Check,122063.47,2026-02-04
AMH001563,ACFT00142,2023-11-16,A-Check,53928.37,2025-07-29
AMH001564,ACFT00475,2023-01-13,C-Check,473907.11,2023-08-09
AMH001565,ACFT00518,2024-10-23,A-Check,425581.42,2026-04-02
AMH001566,ACFT00238,2019-06-13,A-Check,50243.51,2020-10-09
AMH001567,ACFT00558,2024-09-11,A-Check,21457.72,2026-04-22
AMH001568,ACFT00447,2024-11-09,A-Check,174051.42,2025-05-20
AMH001569,ACFT00455,2018-04-05,A-Check,355170.14,2019-02-19
AMH001570,ACFT00001,2021-06-08,A-Check,179254.25,2021-11-03
AMH001571,ACFT00536,2019-05-17,A-Check,352957.86,2020-12-22
AMH001572,ACFT00320,2023-03-19,D-Check,268381.43,2023-07-25
AMH001573,ACFT00398,2019-07-03,A-Check,26721.2,2020-10-21
AMH001574,ACFT00561,2023-07-08,A-Check,314453.61,2024-10-18
AMH001575,ACFT00008,2021-11-25,C-Check,67507.81,2023-11-20
AMH001576,ACFT00021,2020-05-26,C-Check,304312.19,2021-06-14
AMH001577,ACFT00032,2021-02-24,A-Check,408961.31,2021-07-10
AMH001578,ACFT00525,2022-12-29,A-Check,52754.32,2024-08-12
AMH001579,ACFT00598,2025-07-07,B-Check,322809.91,2026-02-15
AMH001580,ACFT00191,2021-04-14,A-Check,322217.73,2022-04-24
AMH001581,ACFT00487,2018-01-08,A-Check,326968.9,2018-10-16
AMH001582,ACFT00158,2022-01-01,A-Check,274931.47,2023-02-05
AMH001583,ACFT00103,2020-01-08,A-Check,166706.76,2021-01-16
AMH001584,ACFT00596,2023-07-31,A-Check,363513.83,2024-12-05
AMH001585,ACFT00042,2018-06-10,B-Check,433844.48,2019-05-22
AMH001586,ACFT00409,2024-07-07,B-Check,379247.0,2025-05-03
AMH001587,ACFT00167,2024-08-18,C-Check,114448.37,2026-03-16
AMH001588,ACFT00069,2025-09-03,A-Check,22607.8,2026-04-23
AMH001589,ACFT00135,2022-10-10,A-Check,150690.12,2023-12-25
AMH001590,ACFT00167,2022-05-21,B-Check,340056.9,2024-04-20
AMH001591,ACFT00583,2019-09-24,D-Check,202888.97,2020-03-28
AMH001592,ACFT00236,2025-11-11,A-Check,208172.5,2026-04-08
AMH001593,ACFT00365,2022-05-04,A-Check,388366.48,2023-12-18
AMH001594,ACFT00097,2022-05-29,C-Check,54717.07,2022-10-09
AMH001595,ACFT00226,2022-01-09,Unscheduled Repair,278790.41,2022-05-21
AMH001596,ACFT00271,2018-12-19,C-Check,17176.36,2020-11-30
AMH001597,ACFT00090,2019-11-11,Unscheduled Repair,359387.1,2020-07-27
AMH001598,ACFT00228,2019-10-01,C-Check,34196.37,2020-08-23
AMH001599,ACFT00467,2020-04-20,A-Check,224862.56,2020-07-25
AMH001600,ACFT00533,2021-07-06,C-Check,86609.48,2022-09-05
AMH001601,ACFT00393,2021-04-16,A-Check,205524.83,2022-08-19
AMH001602,ACFT00494,2019-07-02,C-Check,73246.6,2020-07-16
AMH001603,ACFT00421,2019-10-05,A-Check,18375.36,2020-07-04
AMH001604,ACFT00210,2018-12-21,A-Check,355685.61,2020-06-29
AMH001605,ACFT00393,2019-10-17,B-Check,320854.68,2020-10-23
AMH001606,ACFT00380,2022-05-23,B-Check,347845.9,2022-11-01
AMH001607,ACFT00227,2022-01-12,B-Check,419240.56,2022-09-12
AMH001608,ACFT00321,2018-07-22,C-Check,277730.75,2019-10-10
AMH001609,ACFT00555,2023-12-20,C-Check,52195.23,2024-09-08
AMH001610,ACFT00535,2024-01-21,A-Check,371095.34,2025-05-26
AMH001611,ACFT00307,2020-06-27,D-Check,264704.8,2021-08-28
AMH001612,ACFT00478,2021-10-31,C-Check,285403.01,2022-04-26
AMH001613,ACFT00269,2022-05-27,A-Check,485625.97,2023-02-14
AMH001614,ACFT00116,2022-11-17,D-Check,96648.02,2023-05-08
AMH001615,ACFT00082,2020-05-12,A-Check,308787.24,2021-01-06
AMH001616,ACFT00162,2019-05-09,C-Check,234842.03,2019-11-20
AMH001617,ACFT00177,2024-11-15,C-Check,21340.84,2025-07-03
AMH001618,ACFT00198,2021-11-07,B-Check,127978.11,2022-07-13
AMH001619,ACFT00409,2019-02-15,B-Check,128556.54,2020-06-29
AMH001620,ACFT00018,2023-01-01,C-Check,309691.48,2024-01-23
AMH001621,ACFT00123,2024-10-14,B-Check,324678.17,2025-06-27
AMH001622,ACFT00126,2025-01-12,B-Check,347555.74,2026-10-17
AMH001623,ACFT00371,2023-08-30,A-Check,125923.65,2025-02-28
AMH001624,ACFT00080,2022-08-17,B-Check,361350.55,2023-10-08
AMH001625,ACFT00312,2019-01-20,B-Check,382554.19,2020-12-24
AMH001626,ACFT00284,2024-06-29,A-Check,416224.09,2026-05-30
AMH001627,ACFT00196,2021-01-05,Unscheduled Repair,335798.05,2022-11-22
AMH001628,ACFT00267,2022-05-23,C-Check,353311.53,2023-10-11
AMH001629,ACFT00042,2018-04-01,A-Check,326398.37,2019-06-13
AMH001630,ACFT00007,2019-10-27,A-Check,272382.93,2021-08-21
AMH001631,ACFT00432,2020-02-10,B-Check,150410.49,2021-03-29
AMH001632,ACFT00062,2023-09-24,D-Check,453497.87,2024-08-11
AMH001633,ACFT00375,2018-12-06,A-Check,276603.58,2019-07-16
AMH001634,ACFT00502,2019-11-04,A-Check,239115.33,2021-01-06
AMH001635,ACFT00504,2020-01-22,C-Check,267434.8,2020-11-28
AMH001636,ACFT00371,2025-12-26,A-Check,374142.33,2027-07-28
AMH001637,ACFT00088,2023-10-21,A-Check,118841.52,2024-05-16
AMH001638,ACFT00196,2020-09-27,A-Check,82878.85,2021-09-15
AMH001639,ACFT00304,2020-08-19,A-Check,367887.45,2022-01-26
AMH001640,ACFT00071,2021-01-31,C-Check,36465.18,2022-03-30
AMH001641,ACFT00465,2022-03-06,C-Check,209483.7,2023-01-21
AMH001642,ACFT00264,2022-08-14,A-Check,195319.31,2023-10-26
AMH001643,ACFT00205,2018-07-29,C-Check,119969.58,2019-03-05
AMH001644,ACFT00152,2024-05-29,B-Check,72984.96,2025-08-12
AMH001645,ACFT00366,2022-09-20,A-Check,202454.28,2024-01-02
AMH001646,ACFT00072,2021-11-02,Unscheduled Repair,251756.19,2022-03-01
AMH001647,ACFT00305,2018-05-24,A-Check,423171.02,2019-11-17
AMH001648,ACFT00592,2018-10-14,Unscheduled Repair,119729.1,2019-11-02
AMH001649,ACFT00164,2020-10-15,B-Check,82935.28,2021-03-23
AMH001650,ACFT00033,2021-10-12,C-Check,100767.01,2023-04-12
AMH001651,ACFT00567,2024-06-10,B-Check,473015.05,2026-02-22
AMH001652,ACFT00187,2022-06-19,A-Check,141030.56,2022-10-25
AMH001653,ACFT00563,2025-11-19,Unscheduled Repair,445385.2,2027-01-14
AMH001654,ACFT00256,2019-06-05,A-Check,311745.45,2020-07-01
AMH001655,ACFT00135,2025-06-07,A-Check,166366.25,2027-02-21
AMH001656,ACFT00016,2020-08-22,A-Check,123639.77,2021-11-06
AMH001657,ACFT00255,2024-07-13,B-Check,203870.87,2026-04-16
AMH001658,ACFT00100,2020-04-23,A-Check,139623.31,2020-12-27
AMH001659,ACFT00526,2021-01-22,C-Check,127901.52,2022-04-04
AMH001660,ACFT00451,2024-03-29,D-Check,293201.81,2024-09-21
AMH001661,ACFT00487,2021-04-28,A-Check,249652.43,2021-07-30
AMH001662,ACFT00101,2023-03-25,B-Check,87884.5,2023-07-24
AMH001663,ACFT00597,2018-03-10,B-Check,71935.24,2019-05-07
AMH001664,ACFT00509,2019-10-11,A-Check,332828.13,2020-04-25
AMH001665,ACFT00394,2022-08-13,A-Check,332415.36,2023-04-13
AMH001666,ACFT00581,2018-04-21,A-Check,18561.76,2019-08-22
AMH001667,ACFT00549,2024-04-30,B-Check,216156.54,2025-08-30
AMH001668,ACFT00410,2025-03-27,D-Check,444885.68,2025-07-03
AMH001669,ACFT00216,2019-09-22,D-Check,283793.17,2021-01-28
AMH001670,ACFT00231,2024-06-29,A-Check,78207.94,2025-10-19
AMH001671,ACFT00341,2026-04-26,A-Check,357548.09,2026-09-13
AMH001672,ACFT00151,2024-10-01,C-Check,404337.5,2025-11-06
AMH001673,ACFT00396,2023-07-02,A-Check,116911.93,2024-04-17
AMH001674,ACFT00015,2024-06-29,A-Check,433661.15,2025-02-09
AMH001675,ACFT00545,2019-11-19,Unscheduled Repair,438033.91,2020-07-19
AMH001676,ACFT00589,2018-02-19,Unscheduled Repair,440231.76,2019-11-10
AMH001677,ACFT00473,2018-09-03,A-Check,10469.17,2019-12-10
AMH001678,ACFT00475,2021-07-04,D-Check,261892.07,2023-02-26
AMH001679,ACFT00535,2019-12-30,B-Check,456392.88,2020-05-07
AMH001680,ACFT00181,2020-08-12,A-Check,490886.4,2021-08-01
AMH001681,ACFT00230,2021-04-29,B-Check,280082.69,2021-12-10
AMH001682,ACFT00031,2020-05-16,Unscheduled Repair,126625.09,2021-05-04
AMH001683,ACFT00556,2023-08-05,B-Check,71765.24,2024-11-11
AMH001684,ACFT00567,2026-05-26,A-Check,54095.93,2028-05-16
AMH001685,ACFT00065,2020-05-19,Unscheduled Repair,69882.25,2020-12-20
AMH001686,ACFT00541,2022-05-09,A-Check,110351.59,2024-02-18
AMH001687,ACFT00073,2026-07-03,Unscheduled Repair,69453.68,2027-05-29
AMH001688,ACFT00231,2022-07-14,C-Check,360444.29,2023-10-07
AMH001689,ACFT00389,2020-06-25,C-Check,478353.87,2021-07-08
AMH001690,ACFT00002,2022-10-14,A-Check,424370.33,2024-03-01
AMH001691,ACFT00144,2026-02-10,C-Check,146472.34,2027-09-03
AMH001692,ACFT00322,2023-09-10,Unscheduled Repair,444403.92,2024-03-22
AMH001693,ACFT00120,2020-10-06,B-Check,171666.4,2022-09-02
AMH001694,ACFT00317,2022-03-09,A-Check,468472.61,2022-08-16
AMH001695,ACFT00009,2018-03-04,B-Check,252853.03,2019-11-16
AMH001696,ACFT00244,2019-05-18,A-Check,387559.26,2021-02-28
AMH001697,ACFT00461,2025-07-31,A-Check,200754.27,2026-11-17
AMH001698,ACFT00024,2018-01-01,B-Check,165004.47,2018-05-18
AMH001699,ACFT00410,2019-05-16,A-Check,382073.32,2020-07-13
AMH001700,ACFT00118,2019-01-18,C-Check,318571.43,2020-05-29
AMH001701,ACFT00265,2024-03-08,A-Check,67307.81,2025-02-18
AMH001702,ACFT00342,2021-03-26,C-Check,452623.98,2023-02-01
AMH001703,ACFT00326,2024-03-28,B-Check,48637.05,2024-09-04
AMH001704,ACFT00121,2022-10-30,C-Check,419290.64,2024-04-12
AMH001705,ACFT00061,2026-05-21,A-Check,420409.99,2028-05-06
AMH001706,ACFT00487,2023-05-10,B-Check,474519.19,2024-06-22
AMH001707,ACFT00453,2018-08-04,A-Check,243972.66,2019-09-26
AMH001708,ACFT00297,2019-02-06,A-Check,398686.52,2019-10-09
AMH001709,ACFT00235,2024-12-04,A-Check,416436.41,2025-07-12
AMH001710,ACFT00227,2018-03-27,B-Check,381008.29,2018-10-30
AMH001711,ACFT00276,2020-08-28,A-Check,350039.0,2022-04-24
AMH001712,ACFT00264,2020-08-18,C-Check,495281.1,2021-05-18
AMH001713,ACFT00010,2021-08-30,A-Check,226489.61,2023-07-19
AMH001714,ACFT00282,2020-02-21,A-Check,233620.94,2020-05-23
AMH001715,ACFT00079,2024-03-15,A-Check,128505.97,2024-10-28
AMH001716,ACFT00532,2020-07-03,A-Check,33437.74,2021-03-03
AMH001717,ACFT00449,2018-01-09,A-Check,161991.99,2018-10-28
AMH001718,ACFT00024,2023-10-27,A-Check,458680.8,2024-10-22
AMH001719,ACFT00120,2022-06-27,A-Check,168972.31,2024-06-14
AMH001720,ACFT00308,2019-10-17,C-Check,143190.22,2020-09-10
AMH001721,ACFT00331,2025-04-02,A-Check,294998.82,2027-02-14
AMH001722,ACFT00366,2022-02-27,C-Check,323534.17,2022-07-29
AMH001723,ACFT00052,2021-01-11,C-Check,494902.54,2022-01-15
AMH001724,ACFT00458,2019-12-02,A-Check,15118.16,2020-06-12
AMH001725,ACFT00276,2023-09-28,Unscheduled Repair,235123.66,2025-07-13
AMH001726,ACFT00088,2026-02-01,Unscheduled Repair,257623.81,2027-10-12
AMH001727,ACFT00049,2020-06-07,A-Check,159382.26,2021-08-31
AMH001728,ACFT00580,2021-08-31,A-Check,467083.34,2022-06-29
AMH001729,ACFT00163,2022-02-10,A-Check,147630.48,2023-02-01
AMH001730,ACFT00301,2018-12-02,C-Check,141521.59,2020-02-09
AMH001731,ACFT00054,2026-01-21,D-Check,146756.02,2027-12-05
AMH001732,ACFT00076,2026-06-08,A-Check,349337.13,2027-01-17
AMH001733,ACFT00055,2020-11-26,B-Check,79238.81,2021-09-13
AMH001734,ACFT00277,2020-02-04,D-Check,44561.66,2021-03-17
AMH001735,ACFT00039,2020-08-30,B-Check,32126.75,2022-08-12
AMH001736,ACFT00401,2025-08-23,A-Check,178016.65,2026-03-28
AMH001737,ACFT00421,2021-07-29,B-Check,193327.71,2021-10-28
AMH001738,ACFT00559,2021-07-31,D-Check,18842.76,2023-02-01
AMH001739,ACFT00001,2022-08-14,C-Check,208995.7,2023-02-28
AMH001740,ACFT00532,2019-08-31,A-Check,372689.93,2020-03-01
AMH001741,ACFT00023,2018-03-29,A-Check,220573.44,2020-03-18
AMH001742,ACFT00572,2023-04-30,C-Check,189307.02,2024-07-04
AMH001743,ACFT00316,2022-01-05,A-Check,493593.07,2023-01-04
AMH001744,ACFT00402,2023-01-15,B-Check,64217.52,2024-01-17
AMH001745,ACFT00573,2020-06-18,B-Check,37864.08,2021-03-02
AMH001746,ACFT00024,2022-07-12,A-Check,339330.9,2024-06-06
AMH001747,ACFT00222,2024-12-22,D-Check,302413.88,2026-05-21
AMH001748,ACFT00313,2021-10-12,C-Check,391372.27,2023-08-12
AMH001749,ACFT00300,2019-07-12,A-Check,395829.39,2021-01-13
AMH001750,ACFT00022,2019-09-27,Unscheduled Repair,388135.13,2021-02-10
AMH001751,ACFT00210,2026-02-09,Unscheduled Repair,452696.84,2027-08-19
AMH001752,ACFT00446,2020-08-31,B-Check,396289.36,2021-11-17
AMH001753,ACFT00427,2018-10-04,A-Check,417779.0,2019-06-09
AMH001754,ACFT00207,2026-04-04,Unscheduled Repair,347064.71,2028-01-15
AMH001755,ACFT00354,2020-06-14,A-Check,365176.36,2022-01-26
AMH001756,ACFT00465,2020-12-03,A-Check,290415.87,2022-01-08
AMH001757,ACFT00538,2023-07-02,A-Check,184403.48,2024-04-29
AMH001758,ACFT00588,2024-04-17,A-Check,220046.75,2025-12-15
AMH001759,ACFT00495,2020-08-21,A-Check,325369.01,2022-03-27
AMH001760,ACFT00490,2019-01-13,B-Check,438278.42,2019-08-30
AMH001761,ACFT00185,2022-10-13,C-Check,413002.48,2023-07-05
AMH001762,ACFT00113,2023-11-17,B-Check,142662.17,2025-08-06
AMH001763,ACFT00267,2022-12-23,B-Check,83577.92,2024-02-18
AMH001764,ACFT00238,2020-08-10,B-Check,436601.27,2021-08-19
AMH001765,ACFT00091,2018-10-02,A-Check,266840.32,2019-12-31
AMH001766,ACFT00333,2022-02-03,C-Check,447526.63,2023-09-03
AMH001767,ACFT00290,2025-06-16,Unscheduled Repair,89360.91,2026-06-03
AMH001768,ACFT00075,2018-05-11,B-Check,22278.86,2019-09-09
AMH001769,ACFT00161,2023-02-07,A-Check,292487.99,2024-03-22
AMH001770,ACFT00213,2020-03-31,B-Check,136476.15,2020-12-02
AMH001771,ACFT00198,2018-01-25,C-Check,6309.43,2019-07-31
AMH001772,ACFT00500,2019-04-01,A-Check,284679.5,2019-11-29
AMH001773,ACFT00430,2020-11-01,Unscheduled Repair,112272.83,2021-08-06
AMH001774,ACFT00046,2021-07-26,A-Check,229135.0,2023-04-26
AMH001775,ACFT00432,2024-12-07,A-Check,205564.79,2026-07-30
AMH001776,ACFT00554,2018-12-17,D-Check,98270.44,2019-06-16
AMH001777,ACFT00064,2019-07-03,C-Check,47613.79,2021-03-24
AMH001778,ACFT00211,2020-06-25,A-Check,400725.06,2022-06-10
AMH001779,ACFT00360,2020-05-17,C-Check,179253.94,2021-03-22
AMH001780,ACFT00492,2023-09-05,A-Check,418594.92,2024-07-27
AMH001781,ACFT00295,2024-05-10,C-Check,106062.2,2025-02-10
AMH001782,ACFT00523,2024-06-14,B-Check,164437.53,2025-12-26
AMH001783,ACFT00227,2020-01-29,Unscheduled Repair,471525.94,2021-09-21
AMH001784,ACFT00108,2026-02-21,C-Check,6404.34,2027-05-19
AMH001785,ACFT00219,2020-09-04,B-Check,432585.86,2021-02-19
AMH001786,ACFT00222,2023-09-07,C-Check,41456.73,2024-12-31
AMH001787,ACFT00239,2024-11-22,A-Check,128703.5,2026-08-26
AMH001788,ACFT00179,2020-09-29,B-Check,47165.75,2021-05-11
AMH001789,ACFT00312,2020-05-29,B-Check,494092.99,2021-12-14
AMH001790,ACFT00596,2022-04-25,B-Check,291871.75,2024-04-02
AMH001791,ACFT00120,2019-02-16,B-Check,449963.56,2019-06-07
AMH001792,ACFT00410,2018-05-29,B-Check,343492.14,2019-12-20
AMH001793,ACFT00101,2022-10-13,B-Check,320639.66,2023-08-29
AMH001794,ACFT00541,2019-12-31,C-Check,66456.78,2020-07-27
AMH001795,ACFT00187,2019-03-28,B-Check,375303.18,2020-02-28
AMH001796,ACFT00309,2023-11-09,C-Check,66330.21,2024-11-24
AMH001797,ACFT00234,2025-12-10,A-Check,452607.13,2027-02-08
AMH001798,ACFT00538,2022-02-19,B-Check,489049.14,2023-05-08
AMH001799,ACFT00181,2020-01-07,A-Check,221035.36,2020-08-31
AMH001800,ACFT00485,2024-07-06,A-Check,465398.88,2025-11-13
AMH001801,ACFT00156,2022-09-22,B-Check,309459.08,2023-08-14
AMH001802,ACFT00102,2021-03-18,B-Check,61710.74,2022-03-16
AMH001803,ACFT00180,2019-09-12,C-Check,490832.94,2021-03-19
AMH001804,ACFT00126,2023-05-11,A-Check,43002.4,2024-03-11
AMH001805,ACFT00276,2018-05-26,B-Check,380639.1,2019-01-14
AMH001806,ACFT00203,2024-02-05,C-Check,493987.66,2024-12-06
AMH001807,ACFT00149,2025-07-28,A-Check,214100.36,2026-11-30
AMH001808,ACFT00314,2024-11-12,D-Check,448048.94,2025-12-10
AMH001809,ACFT00009,2021-04-08,C-Check,301970.18,2022-05-09
AMH001810,ACFT00144,2023-08-17,B-Check,74979.25,2025-08-11
AMH001811,ACFT00058,2025-02-16,B-Check,487325.94,2025-05-21
AMH001812,ACFT00549,2022-02-28,C-Check,400446.51,2022-08-26
AMH001813,ACFT00046,2021-02-05,A-Check,196763.57,2022-12-27
AMH001814,ACFT00410,2026-07-18,A-Check,194465.8,2028-02-08
AMH001815,ACFT00260,2018-03-18,B-Check,351557.12,2018-10-01
AMH001816,ACFT00298,2024-11-03,B-Check,15329.91,2025-07-11
AMH001817,ACFT00018,2020-12-28,B-Check,227265.48,2022-05-26
AMH001818,ACFT00130,2020-10-24,A-Check,334918.85,2022-04-07
AMH001819,ACFT00172,2025-05-11,B-Check,202860.41,2027-02-01
AMH001820,ACFT00362,2025-12-06,B-Check,135636.78,2026-10-03
AMH001821,ACFT00533,2020-12-27,D-Check,70584.42,2022-01-09
AMH001822,ACFT00481,2018-12-03,A-Check,421805.97,2020-08-27
AMH001823,ACFT00318,2022-11-07,C-Check,179552.37,2023-08-30
AMH001824,ACFT00361,2023-06-13,B-Check,159995.47,2024-05-30
AMH001825,ACFT00435,2018-06-17,C-Check,435084.24,2019-12-31
AMH001826,ACFT00113,2020-02-15,A-Check,225965.23,2022-02-12
AMH001827,ACFT00197,2024-04-28,A-Check,399188.85,2025-07-22
AMH001828,ACFT00328,2020-02-05,A-Check,199318.59,2021-12-30
AMH001829,ACFT00018,2023-04-16,A-Check,441001.75,2024-08-17
AMH001830,ACFT00214,2020-09-02,A-Check,169345.12,2021-01-06
AMH001831,ACFT00477,2024-02-23,C-Check,142032.14,2026-01-30
AMH001832,ACFT00444,2022-06-23,B-Check,6252.85,2022-12-04
AMH001833,ACFT00216,2021-09-16,C-Check,68284.01,2022-07-25
AMH001834,ACFT00306,2021-06-13,A-Check,416417.26,2023-01-12
AMH001835,ACFT00172,2024-10-16,A-Check,38185.6,2025-12-29
AMH001836,ACFT00373,2025-03-15,A-Check,453282.22,2026-07-07
AMH001837,ACFT00305,2020-01-13,C-Check,133799.71,2020-08-23
AMH001838,ACFT00571,2024-07-20,Unscheduled Repair,211721.18,2025-04-23
AMH001839,ACFT00564,2023-11-07,C-Check,10336.43,2025-05-19
AMH001840,ACFT00168,2020-01-14,B-Check,382635.57,2022-01-09
AMH001841,ACFT00525,2018-01-18,C-Check,14185.93,2019-04-15
AMH001842,ACFT00585,2023-07-31,D-Check,272402.11,2024-09-28
AMH001843,ACFT00282,2022-07-31,C-Check,481507.02,2024-05-06
AMH001844,ACFT00544,2019-05-24,A-Check,105883.04,2021-05-09
AMH001845,ACFT00578,2025-05-23,A-Check,458367.13,2026-09-02
AMH001846,ACFT00358,2019-09-22,Unscheduled Repair,407600.35,2021-08-25
AMH001847,ACFT00312,2025-06-16,B-Check,57883.12,2026-08-01
AMH001848,ACFT00269,2023-02-17,Unscheduled Repair,255442.97,2024-11-07
AMH001849,ACFT00277,2022-12-03,B-Check,5313.95,2024-05-07
AMH001850,ACFT00428,2023-05-29,B-Check,12701.66,2025-01-27
AMH001851,ACFT00499,2020-02-24,C-Check,346924.93,2021-01-10
AMH001852,ACFT00253,2018-02-27,B-Check,226459.07,2018-06-08
AMH001853,ACFT00217,2023-02-10,D-Check,242191.87,2024-08-28
AMH001854,ACFT00145,2024-09-10,C-Check,13007.48,2025-02-15
AMH001855,ACFT00150,2019-07-07,Unscheduled Repair,265271.2,2020-09-18
AMH001856,ACFT00091,2023-10-27,C-Check,141615.72,2024-09-15
AMH001857,ACFT00463,2024-05-11,C-Check,197883.76,2026-03-13
AMH001858,ACFT00290,2024-10-26,B-Check,208077.45,2026-07-23
AMH001859,ACFT00542,2019-01-28,B-Check,207638.28,2020-05-07
AMH001860,ACFT00522,2023-07-23,B-Check,436831.39,2024-02-29
AMH001861,ACFT00500,2023-04-09,B-Check,13371.61,2023-11-03
AMH001862,ACFT00167,2025-10-30,B-Check,499227.74,2026-10-24
AMH001863,ACFT00503,2026-06-13,B-Check,299590.18,2027-04-11
AMH001864,ACFT00091,2021-02-11,B-Check,263905.85,2021-08-12
AMH001865,ACFT00106,2019-03-27,B-Check,8847.25,2020-06-02
AMH001866,ACFT00097,2018-08-22,D-Check,375834.95,2020-05-19
AMH001867,ACFT00169,2022-02-17,A-Check,61779.26,2023-05-11
AMH001868,ACFT00233,2019-09-05,A-Check,310032.54,2021-01-20
AMH001869,ACFT00171,2024-04-06,B-Check,466739.51,2025-07-11
AMH001870,ACFT00037,2021-05-20,C-Check,86279.31,2023-01-07
AMH001871,ACFT00284,2022-12-14,A-Check,18815.94,2023-07-07
AMH001872,ACFT00368,2019-04-26,Unscheduled Repair,112823.35,2020-06-18
AMH001873,ACFT00336,2021-01-17,A-Check,11109.34,2021-07-30
AMH001874,ACFT00251,2024-03-04,B-Check,295600.37,2025-01-15
AMH001875,ACFT00400,2024-03-05,A-Check,134845.16,2024-06-22
AMH001876,ACFT00432,2023-01-13,B-Check,181395.95,2024-06-13
AMH001877,ACFT00258,2025-06-12,C-Check,356389.21,2026-10-15
AMH001878,ACFT00102,2025-11-28,Unscheduled Repair,103416.02,2027-01-12
AMH001879,ACFT00092,2019-02-06,B-Check,53355.79,2019-05-16
AMH001880,ACFT00532,2024-08-07,Unscheduled Repair,49581.05,2026-01-09
AMH001881,ACFT00240,2022-10-01,B-Check,240658.85,2023-11-05
AMH001882,ACFT00487,2022-05-28,A-Check,409293.79,2022-12-09
AMH001883,ACFT00569,2023-08-27,A-Check,285578.0,2025-05-29
AMH001884,ACFT00174,2023-02-11,A-Check,184813.89,2024-04-12
AMH001885,ACFT00378,2025-11-08,B-Check,337243.56,2026-08-08
AMH001886,ACFT00314,2023-11-14,C-Check,193994.96,2025-01-19
AMH001887,ACFT00560,2022-02-20,C-Check,360549.23,2023-08-22
AMH001888,ACFT00442,2023-08-20,A-Check,427465.43,2024-08-26
AMH001889,ACFT00126,2023-11-21,B-Check,361827.34,2024-06-05
AMH001890,ACFT00053,2020-09-08,A-Check,150544.63,2021-02-13
AMH001891,ACFT00265,2022-11-29,B-Check,459086.27,2024-08-04
AMH001892,ACFT00182,2025-06-12,B-Check,246382.14,2025-10-25
AMH001893,ACFT00229,2023-09-26,A-Check,83266.27,2025-08-16
AMH001894,ACFT00189,2022-05-04,B-Check,400447.23,2022-11-03
AMH001895,ACFT00299,2026-02-13,A-Check,399778.14,2027-02-11
AMH001896,ACFT00539,2025-05-21,A-Check,368379.9,2026-11-12
AMH001897,ACFT00350,2019-01-04,A-Check,431652.55,2019-08-05
AMH001898,ACFT00025,2018-08-04,C-Check,343251.94,2019-06-12
AMH001899,ACFT00435,2022-10-24,C-Check,141197.59,2024-01-16
AMH001900,ACFT00478,2018-11-17,B-Check,195734.64,2020-09-16
AMH001901,ACFT00041,2024-04-29,B-Check,482932.36,2025-01-07
AMH001902,ACFT00265,2024-02-16,A-Check,293409.59,2025-05-24
AMH001903,ACFT00072,2022-02-02,Unscheduled Repair,450035.57,2022-10-02
AMH001904,ACFT00138,2019-01-11,Unscheduled Repair,185363.84,2020-11-10
AMH001905,ACFT00255,2019-12-11,B-Check,432276.83,2020-10-19
AMH001906,ACFT00261,2019-03-05,Unscheduled Repair,86313.66,2020-02-03
AMH001907,ACFT00116,2021-04-08,A-Check,83194.11,2022-09-04
AMH001908,ACFT00214,2023-08-20,C-Check,87572.55,2024-10-01
AMH001909,ACFT00044,2019-03-25,A-Check,330603.29,2020-09-03
AMH001910,ACFT00258,2023-03-02,B-Check,178170.31,2023-08-25
AMH001911,ACFT00419,2020-01-31,C-Check,497437.37,2020-05-08
AMH001912,ACFT00275,2018-08-15,A-Check,48496.53,2020-03-06
AMH001913,ACFT00002,2025-07-05,A-Check,254143.09,2026-03-29
AMH001914,ACFT00436,2020-08-25,A-Check,391577.68,2021-05-06
AMH001915,ACFT00570,2026-05-18,A-Check,492846.61,2028-01-20
AMH001916,ACFT00459,2018-03-11,A-Check,154325.83,2018-12-14
AMH001917,ACFT00086,2026-02-22,A-Check,177875.02,2026-09-21
AMH001918,ACFT00373,2023-03-05,A-Check,325390.27,2023-08-29
AMH001919,ACFT00338,2022-02-03,C-Check,449554.97,2022-05-30
AMH001920,ACFT00085,2025-06-22,C-Check,271165.11,2026-12-28
AMH001921,ACFT00569,2022-08-19,B-Check,408496.91,2024-02-01
AMH001922,ACFT00238,2024-11-20,A-Check,211647.91,2026-11-06
AMH001923,ACFT00067,2026-01-21,D-Check,284732.56,2027-01-27
AMH001924,ACFT00157,2022-08-16,C-Check,37918.24,2024-01-05
AMH001925,ACFT00374,2025-07-02,A-Check,395241.72,2027-04-26
AMH001926,ACFT00287,2023-01-21,B-Check,191658.38,2024-02-20
AMH001927,ACFT00517,2025-08-14,C-Check,162400.01,2027-02-01
AMH001928,ACFT00133,2024-09-14,A-Check,444686.51,2026-08-19
AMH001929,ACFT00597,2021-02-25,C-Check,415128.98,2021-11-22
AMH001930,ACFT00271,2021-05-04,A-Check,48025.11,2022-01-15
AMH001931,ACFT00577,2025-11-07,C-Check,136657.55,2027-04-27
AMH001932,ACFT00534,2024-04-30,A-Check,213986.38,2024-09-03
AMH001933,ACFT00154,2024-10-22,A-Check,387117.35,2025-07-29
AMH001934,ACFT00283,2021-11-20,A-Check,207315.15,2022-11-10
AMH001935,ACFT00408,2022-08-24,Unscheduled Repair,262750.09,2023-02-25
AMH001936,ACFT00240,2023-11-11,A-Check,468610.82,2024-11-15
AMH001937,ACFT00182,2020-06-30,A-Check,89053.89,2022-04-23
AMH001938,ACFT00418,2018-09-11,A-Check,265449.79,2019-09-12
AMH001939,ACFT00585,2022-02-04,A-Check,255259.21,2023-05-17
AMH001940,ACFT00219,2021-05-15,B-Check,433518.18,2021-11-14
AMH001941,ACFT00403,2025-03-13,A-Check,53495.05,2026-08-11
AMH001942,ACFT00561,2019-11-09,A-Check,111872.17,2021-09-17
AMH001943,ACFT00380,2023-05-30,A-Check,344533.25,2024-08-25
AMH001944,ACFT00146,2022-08-05,A-Check,321139.15,2024-02-11
AMH001945,ACFT00114,2019-04-21,B-Check,46690.17,2020-04-12
AMH001946,ACFT00419,2025-06-08,B-Check,439111.92,2027-03-05
AMH001947,ACFT00417,2021-12-10,A-Check,472791.84,2022-04-12
AMH001948,ACFT00506,2025-12-06,B-Check,81620.88,2027-05-16
AMH001949,ACFT00354,2020-04-26,A-Check,243292.54,2022-02-01
AMH001950,ACFT00004,2020-09-03,A-Check,241345.7,2021-02-20
AMH001951,ACFT00473,2020-07-06,A-Check,84629.31,2021-01-06
AMH001952,ACFT00126,2025-02-21,A-Check,8501.7,2025-08-20
AMH001953,ACFT00061,2019-02-22,A-Check,33758.0,2020-11-25
AMH001954,ACFT00366,2021-05-16,B-Check,32677.09,2021-09-15
AMH001955,ACFT00502,2018-01-31,Unscheduled Repair,331440.09,2018-05-21
AMH001956,ACFT00367,2022-07-12,B-Check,22118.55,2023-12-02
AMH001957,ACFT00330,2023-03-02,B-Check,156624.51,2024-07-08
AMH001958,ACFT00594,2025-06-20,B-Check,105808.47,2026-08-31
AMH001959,ACFT00398,2025-04-30,B-Check,351873.35,2025-10-07
AMH001960,ACFT00117,2021-09-20,B-Check,172463.74,2022-12-16
AMH001961,ACFT00452,2026-01-20,Unscheduled Repair,83337.05,2027-07-05
AMH001962,ACFT00341,2023-09-09,Unscheduled Repair,341808.41,2025-02-02
AMH001963,ACFT00126,2018-01-19,D-Check,342075.63,2019-11-13
AMH001964,ACFT00164,2021-08-26,A-Check,160068.31,2023-01-26
AMH001965,ACFT00153,2023-01-04,Unscheduled Repair,409670.17,2023-12-08
AMH001966,ACFT00508,2026-03-25,B-Check,424969.58,2026-06-30
AMH001967,ACFT00590,2025-03-29,D-Check,51609.73,2026-03-29
AMH001968,ACFT00478,2021-03-30,Unscheduled Repair,138700.22,2021-12-31
AMH001969,ACFT00242,2021-12-04,Unscheduled Repair,338180.5,2022-12-10
AMH001970,ACFT00339,2018-02-06,B-Check,178530.72,2018-08-10
AMH001971,ACFT00332,2021-08-02,C-Check,222916.83,2021-11-09
AMH001972,ACFT00242,2021-07-18,C-Check,153988.63,2022-10-20
AMH001973,ACFT00289,2021-11-09,A-Check,327408.92,2022-08-25
AMH001974,ACFT00251,2025-02-23,D-Check,426246.43,2026-04-17
AMH001975,ACFT00377,2018-10-12,B-Check,199521.37,2019-11-18
AMH001976,ACFT00151,2020-11-13,A-Check,226288.79,2022-08-02
AMH001977,ACFT00194,2022-08-22,B-Check,258426.08,2023-02-28
AMH001978,ACFT00146,2023-07-17,A-Check,6153.93,2024-08-30
AMH001979,ACFT00317,2019-10-01,Unscheduled Repair,199903.85,2020-10-07
AMH001980,ACFT00403,2023-02-24,A-Check,359617.91,2024-10-22
AMH001981,ACFT00467,2021-11-30,C-Check,115951.01,2022-04-10
AMH001982,ACFT00134,2018-01-29,B-Check,386016.38,2019-10-28
AMH001983,ACFT00115,2018-05-10,C-Check,393095.54,2019-02-15
AMH001984,ACFT00328,2024-07-12,C-Check,447934.8,2025-02-25
AMH001985,ACFT00067,2019-12-12,A-Check,490676.95,2021-05-04
AMH001986,ACFT00354,2020-05-18,C-Check,41569.74,2021-04-16
AMH001987,ACFT00475,2021-11-07,C-Check,325157.78,2023-01-06
AMH001988,ACFT00294,2018-01-28,B-Check,21643.12,2019-04-22
AMH001989,ACFT00371,2026-02-23,A-Check,298188.38,2027-07-11
AMH001990,ACFT00489,2025-12-11,A-Check,451571.12,2027-02-01
AMH001991,ACFT00474,2019-07-20,C-Check,275585.89,2021-02-23
AMH001992,ACFT00208,2025-03-24,A-Check,53481.97,2026-09-30
AMH001993,ACFT00165,2026-07-20,B-Check,186830.32,2028-05-08
AMH001994,ACFT00564,2020-08-29,A-Check,472616.65,2022-01-24
AMH001995,ACFT00460,2022-07-08,A-Check,338328.37,2023-12-04
AMH001996,ACFT00388,2024-03-23,C-Check,461949.3,2025-11-05
AMH001997,ACFT00432,2026-02-11,Unscheduled Repair,82882.66,2027-10-17
AMH001998,ACFT00239,2019-02-08,B-Check,329318.31,2019-10-23
AMH001999,ACFT00284,2022-02-05,Unscheduled Repair,340621.05,2022-11-12
AMH002000,ACFT00597,2023-08-15,C-Check,457104.28,2024-12-16
AMH002001,ACFT00241,2024-01-06,A-Check,262596.8,2024-06-26
AMH002002,ACFT00300,2023-02-20,B-Check,460193.68,2023-11-26
AMH002003,ACFT00009,2019-01-06,Unscheduled Repair,105568.48,2019-10-06
AMH002004,ACFT00240,2023-03-06,A-Check,156695.13,2024-04-17
AMH002005,ACFT00195,2018-02-01,B-Check,88249.58,2019-12-29
AMH002006,ACFT00326,2022-09-09,C-Check,110081.36,2024-03-22
AMH002007,ACFT00441,2023-05-09,C-Check,115274.59,2024-10-02
AMH002008,ACFT00139,2022-04-15,A-Check,161157.94,2023-01-13
AMH002009,ACFT00460,2025-12-24,C-Check,447508.8,2027-11-07
AMH002010,ACFT00254,2025-10-04,A-Check,327779.69,2026-03-09
AMH002011,ACFT00270,2018-12-15,A-Check,226415.04,2020-02-16
AMH002012,ACFT00460,2026-06-01,B-Check,102084.13,2026-11-22
AMH002013,ACFT00221,2025-03-03,D-Check,156960.32,2026-12-02
AMH002014,ACFT00151,2019-02-25,D-Check,285444.61,2019-09-12
AMH002015,ACFT00279,2022-03-30,A-Check,111181.45,2023-09-01
AMH002016,ACFT00180,2020-09-15,B-Check,312635.16,2021-08-28
AMH002017,ACFT00265,2021-05-23,B-Check,325654.62,2022-06-05
AMH002018,ACFT00500,2019-08-01,C-Check,369560.8,2020-03-30
AMH002019,ACFT00453,2022-01-11,Unscheduled Repair,239330.19,2022-11-07
AMH002020,ACFT00108,2024-12-11,B-Check,42830.02,2026-02-07
AMH002021,ACFT00358,2023-06-17,A-Check,361004.79,2024-08-08
AMH002022,ACFT00503,2023-12-23,A-Check,354416.69,2024-08-15
AMH002023,ACFT00445,2021-01-18,B-Check,266344.65,2021-04-25
AMH002024,ACFT00110,2019-06-06,A-Check,116868.74,2020-09-13
AMH002025,ACFT00543,2024-11-10,A-Check,382871.59,2026-01-07
AMH002026,ACFT00056,2019-01-21,B-Check,163874.72,2020-02-21
AMH002027,ACFT00558,2021-05-29,B-Check,88397.37,2021-11-16
AMH002028,ACFT00086,2023-10-13,A-Check,368872.52,2025-06-12
AMH002029,ACFT00241,2018-10-22,A-Check,424707.79,2020-03-31
AMH002030,ACFT00408,2025-12-05,B-Check,401712.2,2026-08-22
AMH002031,ACFT00098,2020-02-24,A-Check,426014.89,2021-08-04
AMH002032,ACFT00182,2023-08-31,B-Check,3550.52,2025-02-03
AMH002033,ACFT00203,2018-09-22,A-Check,411604.45,2019-03-26
AMH002034,ACFT00027,2020-08-21,B-Check,233836.95,2021-12-05
AMH002035,ACFT00552,2026-05-17,C-Check,312026.57,2027-10-29
AMH002036,ACFT00583,2021-06-29,B-Check,240155.61,2023-01-11
AMH002037,ACFT00219,2018-10-17,A-Check,213388.28,2020-02-11
AMH002038,ACFT00342,2019-01-12,B-Check,492388.25,2019-10-21
AMH002039,ACFT00163,2022-05-22,D-Check,57808.28,2023-02-12
AMH002040,ACFT00150,2018-12-15,B-Check,360248.38,2020-03-27
AMH002041,ACFT00045,2021-08-05,Unscheduled Repair,38979.13,2023-04-29
AMH002042,ACFT00378,2022-08-07,B-Check,316194.24,2023-03-20
AMH002043,ACFT00198,2018-08-21,B-Check,263220.69,2019-01-24
AMH002044,ACFT00152,2019-09-05,A-Check,177147.06,2021-05-28
AMH002045,ACFT00440,2023-12-24,Unscheduled Repair,494640.0,2024-05-21
AMH002046,ACFT00083,2022-07-05,B-Check,253075.01,2023-04-16
AMH002047,ACFT00591,2021-08-14,A-Check,50128.53,2021-11-19
AMH002048,ACFT00224,2025-09-10,C-Check,60306.62,2026-03-26
AMH002049,ACFT00094,2024-07-16,C-Check,168883.73,2025-07-25
AMH002050,ACFT00575,2020-08-07,Unscheduled Repair,48851.26,2022-07-22
AMH002051,ACFT00122,2019-08-01,B-Check,234224.46,2021-05-16
AMH002052,ACFT00282,2019-12-25,A-Check,382021.59,2021-04-10
AMH002053,ACFT00137,2023-05-10,A-Check,42166.59,2025-01-07
AMH002054,ACFT00570,2019-04-11,A-Check,336880.64,2020-12-01
AMH002055,ACFT00006,2024-02-20,C-Check,3624.73,2024-12-29
AMH002056,ACFT00376,2019-08-06,C-Check,84536.65,2020-03-29
AMH002057,ACFT00542,2022-04-02,Unscheduled Repair,33412.54,2022-09-27
AMH002058,ACFT00033,2020-06-22,A-Check,383277.06,2021-11-11
AMH002059,ACFT00118,2025-04-16,D-Check,404398.1,2025-11-16
AMH002060,ACFT00292,2018-03-26,C-Check,236009.38,2020-03-13
AMH002061,ACFT00313,2019-02-19,C-Check,413359.01,2020-02-26
AMH002062,ACFT00245,2018-03-01,D-Check,100848.76,2019-02-12
AMH002063,ACFT00570,2023-10-13,A-Check,171661.14,2024-11-08
AMH002064,ACFT00232,2023-07-27,B-Check,423672.55,2024-06-28
AMH002065,ACFT00396,2022-09-04,C-Check,235113.73,2023-02-18
AMH002066,ACFT00101,2024-07-01,C-Check,433430.25,2025-07-03
AMH002067,ACFT00328,2019-10-18,B-Check,41421.62,2021-04-21
AMH002068,ACFT00567,2022-08-29,A-Check,209973.18,2024-04-16
AMH002069,ACFT00213,2023-03-31,C-Check,384899.12,2025-01-04
AMH002070,ACFT00182,2022-09-03,C-Check,366574.28,2023-07-29
AMH002071,ACFT00413,2025-08-06,Unscheduled Repair,421759.89,2027-07-22
AMH002072,ACFT00050,2024-09-16,C-Check,7676.64,2026-04-16
AMH002073,ACFT00253,2023-12-25,A-Check,104323.68,2025-01-08
AMH002074,ACFT00090,2018-12-17,B-Check,88715.23,2020-11-02
AMH002075,ACFT00084,2021-10-27,Unscheduled Repair,384031.91,2022-10-14
AMH002076,ACFT00192,2025-08-05,A-Check,133534.91,2026-07-20
AMH002077,ACFT00560,2023-08-07,A-Check,409599.18,2025-07-01
AMH002078,ACFT00159,2024-10-26,A-Check,203946.66,2026-06-24
AMH002079,ACFT00146,2024-01-25,C-Check,301659.67,2024-08-31
AMH002080,ACFT00317,2023-02-12,A-Check,387197.62,2023-12-30
AMH002081,ACFT00163,2026-01-07,A-Check,66938.5,2027-08-08
AMH002082,ACFT00221,2026-05-12,A-Check,34930.33,2027-06-12
AMH002083,ACFT00598,2018-10-25,A-Check,423129.76,2019-08-26
AMH002084,ACFT00414,2021-11-13,A-Check,274593.53,2023-05-25
AMH002085,ACFT00161,2020-10-27,Unscheduled Repair,59509.89,2021-11-21
AMH002086,ACFT00564,2025-05-17,C-Check,206417.02,2025-10-13
AMH002087,ACFT00488,2025-03-19,A-Check,100187.57,2026-07-17
AMH002088,ACFT00576,2018-10-31,Unscheduled Repair,348776.7,2019-09-20
AMH002089,ACFT00135,2018-08-12,B-Check,286950.55,2018-12-09
AMH002090,ACFT00220,2023-04-17,C-Check,342972.12,2023-12-31
AMH002091,ACFT00578,2020-05-23,A-Check,45782.79,2021-12-20
AMH002092,ACFT00442,2022-01-21,B-Check,332463.16,2023-07-23
AMH002093,ACFT00464,2018-05-10,B-Check,237160.55,2018-08-20
AMH002094,ACFT00204,2019-04-13,B-Check,65428.39,2020-11-15
AMH002095,ACFT00241,2018-07-30,B-Check,470658.93,2020-05-07
AMH002096,ACFT00138,2024-07-29,A-Check,449321.53,2025-11-29
AMH002097,ACFT00426,2024-02-04,D-Check,111222.6,2025-04-21
AMH002098,ACFT00429,2022-07-20,B-Check,199949.94,2023-01-21
AMH002099,ACFT00026,2018-05-08,C-Check,266000.55,2019-04-11
AMH002100,ACFT00560,2024-12-14,A-Check,13765.59,2026-10-01
AMH002101,ACFT00285,2026-04-23,B-Check,320867.26,2027-09-30
AMH002102,ACFT00282,2023-11-13,A-Check,472884.11,2024-08-12
AMH002103,ACFT00163,2022-08-18,C-Check,190045.9,2023-03-20
AMH002104,ACFT00514,2024-11-01,C-Check,9194.91,2026-05-21
AMH002105,ACFT00148,2022-12-19,A-Check,38209.17,2024-09-20
AMH002106,ACFT00426,2023-02-25,C-Check,28198.69,2024-09-01
AMH002107,ACFT00126,2021-04-08,A-Check,174979.73,2022-07-14
AMH002108,ACFT00527,2022-08-01,A-Check,490605.85,2023-08-25
AMH002109,ACFT00267,2020-11-25,B-Check,95391.66,2021-03-19
AMH002110,ACFT00545,2019-03-17,D-Check,224115.92,2020-08-13
AMH002111,ACFT00053,2026-06-20,C-Check,244292.09,2028-01-23
AMH002112,ACFT00217,2026-02-06,C-Check,40683.42,2026-09-12
AMH002113,ACFT00135,2021-08-18,A-Check,351960.64,2022-05-01
AMH002114,ACFT00198,2018-10-03,C-Check,288430.68,2019-02-03
AMH002115,ACFT00271,2021-05-19,A-Check,16126.5,2022-04-22
AMH002116,ACFT00238,2024-07-20,B-Check,123069.56,2024-12-21
AMH002117,ACFT00060,2021-04-22,Unscheduled Repair,295063.04,2022-11-07
AMH002118,ACFT00404,2020-04-19,B-Check,33836.97,2021-03-27
AMH002119,ACFT00250,2018-10-02,C-Check,77585.81,2019-09-19
AMH002120,ACFT00359,2025-05-26,A-Check,63642.67,2026-08-25
AMH002121,ACFT00069,2019-06-29,B-Check,436385.6,2021-01-12
AMH002122,ACFT00538,2019-06-02,A-Check,325681.47,2020-06-04
AMH002123,ACFT00374,2024-08-21,B-Check,83386.99,2025-11-13
AMH002124,ACFT00362,2018-02-13,A-Check,31404.58,2018-10-19
AMH002125,ACFT00008,2026-07-16,Unscheduled Repair,97472.4,2028-06-02
AMH002126,ACFT00065,2020-02-08,A-Check,365527.66,2022-01-11
AMH002127,ACFT00156,2019-07-26,C-Check,338742.55,2020-01-29
AMH002128,ACFT00252,2021-12-01,B-Check,256767.37,2023-07-01
AMH002129,ACFT00336,2022-05-27,A-Check,138283.93,2023-05-04
AMH002130,ACFT00224,2019-11-27,A-Check,308080.13,2020-09-22
AMH002131,ACFT00401,2026-04-15,Unscheduled Repair,228934.8,2027-12-28
AMH002132,ACFT00466,2019-12-31,A-Check,222776.03,2020-08-17
AMH002133,ACFT00040,2024-01-10,D-Check,203580.97,2025-04-25
AMH002134,ACFT00232,2018-07-18,B-Check,120909.17,2018-11-02
AMH002135,ACFT00031,2020-06-11,C-Check,469589.36,2021-02-06
AMH002136,ACFT00313,2018-10-17,C-Check,229690.33,2019-06-13
AMH002137,ACFT00139,2025-12-20,B-Check,275090.37,2026-06-16
AMH002138,ACFT00252,2025-05-09,A-Check,440732.14,2027-03-25
AMH002139,ACFT00292,2021-01-20,D-Check,85378.34,2021-05-25
AMH002140,ACFT00570,2023-02-27,B-Check,291000.3,2023-08-21
AMH002141,ACFT00462,2018-09-24,A-Check,168438.17,2019-01-08
AMH002142,ACFT00047,2018-03-22,C-Check,380328.21,2019-08-20
AMH002143,ACFT00188,2019-10-13,B-Check,308552.6,2020-10-04
AMH002144,ACFT00571,2020-02-13,A-Check,178541.62,2020-11-12
AMH002145,ACFT00199,2019-09-15,C-Check,396387.63,2021-05-31
AMH002146,ACFT00268,2025-05-14,Unscheduled Repair,293686.55,2025-12-05
AMH002147,ACFT00122,2018-12-18,A-Check,293868.74,2020-09-30
AMH002148,ACFT00281,2026-03-18,B-Check,284922.99,2027-03-06
AMH002149,ACFT00007,2018-08-01,Unscheduled Repair,245874.97,2020-05-11
AMH002150,ACFT00173,2021-12-02,B-Check,487157.51,2023-07-08
AMH002151,ACFT00560,2026-07-12,A-Check,159784.34,2027-11-18
AMH002152,ACFT00322,2019-02-06,A-Check,223821.34,2020-02-27
AMH002153,ACFT00008,2024-02-14,A-Check,2483.4,2025-10-08
AMH002154,ACFT00411,2020-05-14,C-Check,341015.99,2021-08-02
AMH002155,ACFT00264,2026-01-29,B-Check,141655.53,2027-03-15
AMH002156,ACFT00222,2019-07-16,A-Check,406234.12,2021-04-06
AMH002157,ACFT00453,2024-08-19,B-Check,492615.56,2025-10-05
AMH002158,ACFT00314,2020-08-12,D-Check,430332.62,2022-05-09
AMH002159,ACFT00030,2022-10-06,A-Check,92609.97,2023-03-23
AMH002160,ACFT00337,2023-12-30,A-Check,165002.53,2025-07-07
AMH002161,ACFT00468,2019-05-14,C-Check,390148.25,2020-07-12
AMH002162,ACFT00197,2018-10-05,A-Check,391523.32,2020-03-14
AMH002163,ACFT00427,2023-03-13,B-Check,458330.86,2023-08-25
AMH002164,ACFT00076,2020-02-24,A-Check,11646.9,2021-07-25
AMH002165,ACFT00385,2025-08-14,Unscheduled Repair,189202.36,2026-02-17
AMH002166,ACFT00158,2022-08-30,A-Check,344080.76,2023-01-14
AMH002167,ACFT00492,2021-07-19,C-Check,415195.1,2022-02-20
AMH002168,ACFT00192,2024-07-10,C-Check,431767.29,2025-06-13
AMH002169,ACFT00143,2021-09-07,C-Check,247399.13,2022-10-14
AMH002170,ACFT00578,2019-08-31,C-Check,35729.26,2021-04-22
AMH002171,ACFT00233,2021-03-04,C-Check,294409.34,2022-10-14
AMH002172,ACFT00544,2018-08-24,C-Check,346299.05,2020-04-14
AMH002173,ACFT00091,2024-07-28,C-Check,117969.53,2025-07-20
AMH002174,ACFT00117,2020-10-15,B-Check,164797.61,2022-03-25
AMH002175,ACFT00325,2019-04-09,Unscheduled Repair,228243.64,2019-11-01
AMH002176,ACFT00371,2026-07-24,Unscheduled Repair,245395.41,2027-07-21
AMH002177,ACFT00482,2024-07-02,A-Check,296368.16,2025-02-28
AMH002178,ACFT00494,2018-10-03,A-Check,327168.78,2019-11-05
AMH002179,ACFT00578,2024-05-20,B-Check,4144.83,2026-02-22
AMH002180,ACFT00061,2025-04-02,D-Check,301475.44,2025-10-05
AMH002181,ACFT00492,2023-04-28,B-Check,125491.98,2023-09-27
AMH002182,ACFT00257,2020-11-02,D-Check,490764.66,2022-03-13
AMH002183,ACFT00593,2019-06-29,Unscheduled Repair,428511.72,2020-06-28
AMH002184,ACFT00259,2019-10-21,C-Check,334168.33,2020-08-22
AMH002185,ACFT00387,2024-12-28,A-Check,166241.75,2026-02-17
AMH002186,ACFT00389,2025-05-24,B-Check,275010.52,2026-07-23
AMH002187,ACFT00345,2022-08-15,A-Check,296699.35,2023-06-13
AMH002188,ACFT00059,2019-09-11,C-Check,347601.6,2021-08-23
AMH002189,ACFT00143,2020-01-09,B-Check,78585.69,2021-10-15
AMH002190,ACFT00209,2026-07-07,B-Check,56920.4,2027-12-26
AMH002191,ACFT00300,2018-08-07,B-Check,341537.06,2019-01-09
AMH002192,ACFT00188,2024-06-27,Unscheduled Repair,15873.67,2025-05-27
AMH002193,ACFT00068,2026-06-01,A-Check,73642.06,2027-01-26
AMH002194,ACFT00178,2021-08-31,B-Check,372582.37,2023-07-27
AMH002195,ACFT00282,2021-12-30,A-Check,267150.0,2023-05-02
AMH002196,ACFT00167,2018-02-28,A-Check,32671.9,2019-05-30
AMH002197,ACFT00357,2020-01-19,B-Check,342729.37,2021-08-06
AMH002198,ACFT00156,2020-03-19,A-Check,62257.25,2021-06-17
AMH002199,ACFT00008,2021-07-19,A-Check,23287.68,2022-12-31
AMH002200,ACFT00233,2024-08-07,B-Check,135622.27,2025-01-20
AMH002201,ACFT00211,2022-10-18,D-Check,151622.46,2023-10-21
AMH002202,ACFT00451,2025-05-31,A-Check,106490.33,2027-03-27
AMH002203,ACFT00374,2018-03-26,C-Check,16580.68,2018-07-02
AMH002204,ACFT00151,2020-10-24,A-Check,482906.16,2022-04-29
AMH002205,ACFT00096,2019-03-30,C-Check,235020.0,2020-08-28
AMH002206,ACFT00350,2022-12-11,B-Check,191285.84,2023-12-26
AMH002207,ACFT00588,2018-03-16,A-Check,419490.65,2019-07-16
AMH002208,ACFT00384,2024-01-18,B-Check,224393.64,2025-10-20
AMH002209,ACFT00512,2026-04-24,Unscheduled Repair,495333.62,2027-11-25
AMH002210,ACFT00506,2023-04-30,A-Check,51033.39,2023-08-12
AMH002211,ACFT00135,2021-06-03,C-Check,348056.76,2022-06-16
AMH002212,ACFT00114,2026-02-28,B-Check,402880.83,2027-11-19
AMH002213,ACFT00187,2026-04-06,D-Check,61949.6,2026-08-20
AMH002214,ACFT00016,2020-08-06,C-Check,461380.5,2022-01-18
AMH002215,ACFT00323,2018-11-02,A-Check,463071.07,2019-02-24
AMH002216,ACFT00117,2021-09-14,C-Check,133239.08,2023-04-16
AMH002217,ACFT00023,2026-07-04,B-Check,210984.03,2028-01-04
AMH002218,ACFT00318,2021-04-05,B-Check,474180.57,2022-09-22
AMH002219,ACFT00296,2022-09-28,A-Check,309565.01,2024-02-23
AMH002220,ACFT00232,2025-01-05,Unscheduled Repair,214958.0,2025-07-16
AMH002221,ACFT00533,2026-02-03,C-Check,213319.93,2026-09-28
AMH002222,ACFT00598,2019-03-08,A-Check,38289.73,2019-10-16
AMH002223,ACFT00430,2020-02-05,A-Check,57470.54,2020-10-04
AMH002224,ACFT00537,2026-01-18,A-Check,192180.34,2026-08-27
AMH002225,ACFT00131,2018-05-11,Unscheduled Repair,97505.4,2019-03-24
AMH002226,ACFT00369,2025-07-08,A-Check,302843.33,2026-06-07
AMH002227,ACFT00487,2023-01-11,A-Check,492387.01,2023-08-03
AMH002228,ACFT00348,2019-08-03,A-Check,285398.65,2021-07-10
AMH002229,ACFT00599,2020-12-26,A-Check,279437.87,2021-08-29
AMH002230,ACFT00405,2019-09-11,B-Check,61914.05,2020-06-14
AMH002231,ACFT00387,2024-06-30,B-Check,234809.34,2026-05-21
AMH002232,ACFT00374,2022-08-23,B-Check,484311.21,2022-12-20
AMH002233,ACFT00408,2025-05-25,C-Check,338924.48,2027-03-23
AMH002234,ACFT00394,2018-01-25,A-Check,353429.67,2018-10-20
AMH002235,ACFT00132,2024-08-31,A-Check,23078.77,2026-05-01
AMH002236,ACFT00407,2022-08-09,A-Check,223141.65,2024-03-13
AMH002237,ACFT00585,2022-11-07,D-Check,374219.79,2024-01-11
AMH002238,ACFT00259,2020-07-01,D-Check,348713.72,2021-02-10
AMH002239,ACFT00069,2020-10-29,A-Check,148958.17,2021-08-10
AMH002240,ACFT00023,2024-03-11,C-Check,83664.29,2024-09-27
AMH002241,ACFT00359,2024-06-07,A-Check,447092.0,2026-02-09
AMH002242,ACFT00162,2018-01-04,C-Check,376577.09,2019-12-10
AMH002243,ACFT00348,2019-06-15,C-Check,434303.35,2020-05-18
AMH002244,ACFT00340,2025-12-29,A-Check,171253.56,2026-06-12
AMH002245,ACFT00281,2024-01-08,C-Check,398543.28,2025-01-05
AMH002246,ACFT00244,2023-05-14,A-Check,203564.37,2024-06-05
AMH002247,ACFT00225,2021-07-01,A-Check,147227.13,2022-10-30
AMH002248,ACFT00206,2020-05-19,A-Check,134203.57,2021-05-08
AMH002249,ACFT00349,2020-05-03,A-Check,9083.46,2021-02-16
AMH002250,ACFT00526,2020-10-04,C-Check,378628.55,2022-04-01
AMH002251,ACFT00536,2024-03-02,D-Check,364032.6,2024-08-14
AMH002252,ACFT00309,2022-11-22,A-Check,130876.77,2023-07-15
AMH002253,ACFT00302,2020-06-06,Unscheduled Repair,38363.35,2022-05-06
AMH002254,ACFT00135,2019-07-28,B-Check,85985.06,2019-12-29
AMH002255,ACFT00220,2021-11-16,A-Check,457410.35,2022-11-30
AMH002256,ACFT00103,2025-06-18,A-Check,78103.75,2027-03-03
AMH002257,ACFT00235,2020-06-16,B-Check,271930.2,2021-09-20
AMH002258,ACFT00203,2022-07-12,C-Check,465766.3,2024-05-24
AMH002259,ACFT00193,2022-01-22,A-Check,395008.01,2023-03-10
AMH002260,ACFT00293,2025-07-15,A-Check,84223.57,2026-03-19
AMH002261,ACFT00326,2025-01-24,A-Check,50069.37,2027-01-20
AMH002262,ACFT00409,2021-08-09,C-Check,47650.92,2022-07-12
AMH002263,ACFT00167,2022-07-12,A-Check,303717.58,2024-05-22
AMH002264,ACFT00214,2023-12-05,D-Check,312515.21,2024-10-07
AMH002265,ACFT00138,2019-05-03,A-Check,368312.14,2020-11-17
AMH002266,ACFT00005,2019-11-29,C-Check,185937.06,2021-07-02
AMH002267,ACFT00229,2025-06-07,A-Check,365307.64,2026-09-20
AMH002268,ACFT00157,2023-02-13,Unscheduled Repair,281437.74,2024-08-22
AMH002269,ACFT00171,2023-12-24,A-Check,211417.62,2025-06-02
AMH002270,ACFT00485,2019-07-12,A-Check,396862.57,2019-11-28
AMH002271,ACFT00194,2021-02-12,B-Check,91716.4,2023-01-18
AMH002272,ACFT00224,2020-08-25,C-Check,47938.47,2020-11-23
AMH002273,ACFT00278,2018-02-24,D-Check,397246.9,2019-11-12
AMH002274,ACFT00283,2025-08-11,A-Check,282770.23,2027-01-13
AMH002275,ACFT00269,2018-07-08,A-Check,459167.56,2019-08-15
AMH002276,ACFT00522,2024-08-02,A-Check,177174.4,2026-03-31
AMH002277,ACFT00030,2019-09-17,A-Check,36750.68,2020-07-20
AMH002278,ACFT00169,2021-09-11,B-Check,190579.86,2023-01-10
AMH002279,ACFT00392,2021-03-05,Unscheduled Repair,412647.46,2021-08-04
AMH002280,ACFT00096,2024-06-23,B-Check,78981.93,2026-04-11
AMH002281,ACFT00439,2021-07-18,C-Check,176678.86,2022-07-22
AMH002282,ACFT00147,2020-01-26,B-Check,468471.2,2020-05-03
AMH002283,ACFT00370,2022-03-15,B-Check,50097.86,2023-09-10
AMH002284,ACFT00032,2026-01-02,B-Check,101125.92,2026-11-12
AMH002285,ACFT00419,2018-06-17,A-Check,204139.45,2019-03-04
AMH002286,ACFT00566,2023-01-13,D-Check,309844.7,2024-08-25
AMH002287,ACFT00385,2020-08-18,A-Check,57754.43,2022-05-30
AMH002288,ACFT00213,2024-08-26,A-Check,480155.06,2025-03-13
AMH002289,ACFT00198,2026-05-31,C-Check,489313.55,2027-06-29
AMH002290,ACFT00538,2021-09-15,A-Check,149430.93,2023-03-28
AMH002291,ACFT00010,2021-11-13,C-Check,18305.19,2022-12-04
AMH002292,ACFT00376,2020-11-03,B-Check,424811.26,2022-02-12
AMH002293,ACFT00344,2023-10-01,A-Check,87468.59,2024-08-27
AMH002294,ACFT00097,2019-10-09,C-Check,368791.32,2020-01-22
AMH002295,ACFT00372,2023-11-08,A-Check,235723.26,2024-08-31
AMH002296,ACFT00539,2018-11-17,B-Check,68696.91,2019-11-29
AMH002297,ACFT00134,2021-11-22,Unscheduled Repair,407434.02,2022-08-02
AMH002298,ACFT00110,2020-10-26,C-Check,394646.94,2021-06-23
AMH002299,ACFT00104,2019-05-11,A-Check,298979.6,2020-04-05
AMH002300,ACFT00275,2023-07-19,C-Check,346144.74,2024-09-25
AMH002301,ACFT00313,2026-02-16,B-Check,150252.18,2026-09-24
AMH002302,ACFT00333,2020-09-07,A-Check,423390.22,2021-04-29
AMH002303,ACFT00133,2020-01-12,Unscheduled Repair,87042.89,2020-08-18
AMH002304,ACFT00416,2025-12-04,D-Check,483318.29,2026-06-08
AMH002305,ACFT00178,2023-01-19,A-Check,332064.47,2023-05-21
AMH002306,ACFT00577,2018-07-02,B-Check,382103.59,2019-08-25
AMH002307,ACFT00579,2025-07-11,B-Check,416659.66,2026-09-14
AMH002308,ACFT00580,2020-12-24,A-Check,78093.54,2022-12-08
AMH002309,ACFT00467,2020-05-21,A-Check,186081.36,2021-07-28
AMH002310,ACFT00097,2020-12-16,C-Check,170102.3,2021-05-18
AMH002311,ACFT00090,2023-04-05,A-Check,96323.22,2024-03-06
AMH002312,ACFT00351,2022-06-20,C-Check,441078.15,2024-01-02
AMH002313,ACFT00369,2021-05-08,A-Check,287731.51,2022-11-03
AMH002314,ACFT00280,2020-11-18,A-Check,273901.67,2022-04-17
AMH002315,ACFT00446,2022-12-01,D-Check,359300.36,2023-11-13
AMH002316,ACFT00090,2024-01-27,D-Check,185088.05,2024-09-01
AMH002317,ACFT00373,2022-10-25,A-Check,22184.79,2023-09-29
AMH002318,ACFT00012,2023-02-21,A-Check,93285.91,2024-07-20
AMH002319,ACFT00051,2019-01-05,A-Check,434717.57,2019-12-13
AMH002320,ACFT00570,2018-03-23,C-Check,112854.73,2019-04-29
AMH002321,ACFT00329,2020-05-24,B-Check,425623.64,2020-10-18
AMH002322,ACFT00483,2021-12-09,A-Check,286188.35,2022-05-03
AMH002323,ACFT00049,2019-09-12,B-Check,410207.05,2020-05-30
AMH002324,ACFT00540,2019-04-18,Unscheduled Repair,94433.09,2020-03-16
AMH002325,ACFT00517,2021-05-30,A-Check,419767.35,2023-01-15
AMH002326,ACFT00150,2018-12-21,A-Check,454093.66,2020-08-06
AMH002327,ACFT00072,2025-11-06,B-Check,27861.91,2026-05-31
AMH002328,ACFT00325,2021-11-27,C-Check,426598.44,2023-09-20
AMH002329,ACFT00348,2018-06-09,B-Check,154646.08,2019-12-09
AMH002330,ACFT00339,2019-03-23,A-Check,408705.08,2019-08-19
AMH002331,ACFT00287,2019-11-28,Unscheduled Repair,416160.97,2021-05-20
AMH002332,ACFT00582,2021-03-23,C-Check,415133.24,2022-01-08
AMH002333,ACFT00182,2019-01-12,B-Check,355987.94,2020-09-03
AMH002334,ACFT00586,2023-05-19,A-Check,23535.84,2024-11-12
AMH002335,ACFT00560,2022-10-16,A-Check,43360.83,2023-04-05
AMH002336,ACFT00083,2022-05-27,A-Check,236208.59,2023-09-16
AMH002337,ACFT00243,2025-09-13,C-Check,490972.73,2026-04-01
AMH002338,ACFT00499,2023-04-28,B-Check,68474.23,2024-03-20
AMH002339,ACFT00091,2024-10-22,D-Check,154705.95,2025-11-26
AMH002340,ACFT00304,2025-09-09,A-Check,103689.06,2026-03-27
AMH002341,ACFT00102,2026-01-06,A-Check,472875.82,2027-11-07
AMH002342,ACFT00279,2020-10-20,C-Check,8872.85,2021-02-28
AMH002343,ACFT00386,2018-09-21,A-Check,427740.63,2019-01-08
AMH002344,ACFT00002,2018-10-28,C-Check,491808.78,2020-10-03
AMH002345,ACFT00302,2020-07-11,B-Check,6727.07,2022-03-14
AMH002346,ACFT00570,2025-06-30,B-Check,21995.15,2025-10-12
AMH002347,ACFT00562,2025-03-05,A-Check,355930.21,2025-11-04
AMH002348,ACFT00600,2023-12-28,C-Check,320592.89,2025-01-08
AMH002349,ACFT00587,2019-10-30,Unscheduled Repair,279425.12,2021-07-08
AMH002350,ACFT00316,2022-09-18,A-Check,377684.59,2023-03-05
AMH002351,ACFT00354,2020-11-19,Unscheduled Repair,142329.0,2022-05-10
AMH002352,ACFT00273,2022-01-31,C-Check,186072.65,2023-03-16
AMH002353,ACFT00281,2023-02-20,C-Check,299835.68,2024-05-14
AMH002354,ACFT00017,2023-01-29,A-Check,404013.05,2024-07-20
AMH002355,ACFT00026,2020-12-17,C-Check,260545.06,2022-02-24
AMH002356,ACFT00452,2018-05-05,Unscheduled Repair,151371.4,2020-02-01
AMH002357,ACFT00546,2024-01-08,B-Check,68989.03,2024-04-23
AMH002358,ACFT00414,2025-04-19,C-Check,493094.47,2026-05-09
AMH002359,ACFT00289,2021-02-28,D-Check,328586.68,2022-01-27
AMH002360,ACFT00551,2022-07-01,B-Check,165350.77,2023-04-03
AMH002361,ACFT00363,2026-03-25,B-Check,366635.1,2027-03-22
AMH002362,ACFT00138,2025-06-06,A-Check,220172.08,2027-02-26
AMH002363,ACFT00365,2021-03-31,B-Check,364274.69,2022-12-08
AMH002364,ACFT00167,2024-09-08,B-Check,462283.65,2024-12-26
AMH002365,ACFT00172,2019-03-30,C-Check,304479.25,2021-02-13
AMH002366,ACFT00210,2025-03-13,D-Check,201034.73,2026-03-30
AMH002367,ACFT00489,2024-03-17,A-Check,90667.69,2025-11-12
AMH002368,ACFT00308,2021-10-11,A-Check,218481.01,2022-09-12
AMH002369,ACFT00461,2025-02-05,Unscheduled Repair,110294.94,2026-09-12
AMH002370,ACFT00133,2023-08-20,A-Check,280978.86,2025-07-13
AMH002371,ACFT00130,2023-03-19,B-Check,146851.25,2025-03-11
AMH002372,ACFT00253,2026-04-16,A-Check,133359.32,2027-03-10
AMH002373,ACFT00030,2023-09-29,C-Check,162195.44,2025-09-13
AMH002374,ACFT00370,2019-06-28,A-Check,221039.38,2020-09-05
AMH002375,ACFT00133,2020-05-11,A-Check,210888.67,2020-12-25
AMH002376,ACFT00510,2025-05-26,A-Check,372121.6,2026-09-07
AMH002377,ACFT00014,2020-12-17,B-Check,89753.93,2022-04-16
AMH002378,ACFT00518,2026-02-16,B-Check,262587.93,2026-08-31
AMH002379,ACFT00140,2023-11-29,A-Check,132583.31,2024-09-07
AMH002380,ACFT00539,2018-01-02,A-Check,93237.75,2019-03-25
AMH002381,ACFT00451,2020-01-20,Unscheduled Repair,16124.77,2020-08-09
AMH002382,ACFT00134,2020-10-25,B-Check,180842.91,2021-10-12
AMH002383,ACFT00424,2021-08-25,B-Check,8304.46,2022-03-09
AMH002384,ACFT00210,2021-12-21,A-Check,412465.18,2022-08-07
AMH002385,ACFT00461,2025-05-21,A-Check,40024.81,2025-11-24
AMH002386,ACFT00422,2020-01-03,Unscheduled Repair,317470.88,2020-11-30
AMH002387,ACFT00392,2023-04-22,Unscheduled Repair,367558.44,2024-02-29
AMH002388,ACFT00164,2021-08-14,A-Check,254759.06,2022-04-05
AMH002389,ACFT00421,2025-08-28,D-Check,335615.18,2027-04-03
AMH002390,ACFT00007,2020-01-17,B-Check,301291.02,2021-07-19
AMH002391,ACFT00268,2020-07-30,A-Check,285474.73,2021-05-29
AMH002392,ACFT00101,2023-07-28,C-Check,381118.65,2025-06-08
AMH002393,ACFT00362,2023-09-18,C-Check,306765.99,2025-07-15
AMH002394,ACFT00001,2020-03-31,B-Check,58308.09,2021-01-15
AMH002395,ACFT00255,2024-10-22,A-Check,396494.09,2025-09-30
AMH002396,ACFT00595,2026-07-07,A-Check,384918.26,2028-04-08
AMH002397,ACFT00188,2022-01-07,A-Check,281280.18,2023-04-18
AMH002398,ACFT00121,2025-10-12,C-Check,272947.4,2026-10-03
AMH002399,ACFT00415,2023-01-10,C-Check,32736.23,2023-10-14
AMH002400,ACFT00135,2024-01-19,B-Check,147154.06,2024-08-16
AMH002401,ACFT00524,2026-07-20,C-Check,213193.7,2027-07-12
AMH002402,ACFT00061,2024-11-22,Unscheduled Repair,104680.61,2025-11-16
AMH002403,ACFT00020,2024-02-14,Unscheduled Repair,124544.09,2025-08-02
AMH002404,ACFT00127,2023-04-03,A-Check,398512.69,2023-11-26
AMH002405,ACFT00481,2021-10-03,A-Check,456202.21,2023-05-24
AMH002406,ACFT00455,2024-06-19,A-Check,496476.79,2025-04-01
AMH002407,ACFT00497,2024-08-10,B-Check,147290.18,2025-11-16
AMH002408,ACFT00012,2018-09-03,Unscheduled Repair,8116.67,2020-03-09
AMH002409,ACFT00414,2021-09-11,Unscheduled Repair,136109.38,2022-01-08
AMH002410,ACFT00155,2024-04-24,B-Check,225925.54,2026-01-21
AMH002411,ACFT00554,2020-12-06,C-Check,477577.67,2022-03-10
AMH002412,ACFT00520,2024-02-03,D-Check,330942.08,2024-05-12
AMH002413,ACFT00318,2019-04-26,B-Check,152889.58,2020-02-05
AMH002414,ACFT00428,2019-07-11,A-Check,113665.7,2020-03-01
AMH002415,ACFT00221,2018-05-06,A-Check,272181.93,2019-12-01
AMH002416,ACFT00014,2019-03-14,B-Check,22514.88,2020-04-28
AMH002417,ACFT00351,2025-05-04,C-Check,376508.24,2026-08-19
AMH002418,ACFT00481,2024-03-12,A-Check,373461.32,2024-06-10
AMH002419,ACFT00340,2025-06-21,B-Check,240046.59,2026-07-10
AMH002420,ACFT00264,2018-12-27,C-Check,70052.92,2019-08-09
AMH002421,ACFT00335,2024-05-31,D-Check,134274.52,2025-04-14
AMH002422,ACFT00537,2021-02-17,Unscheduled Repair,479153.32,2022-11-08
AMH002423,ACFT00559,2022-05-17,A-Check,379032.1,2024-05-02
AMH002424,ACFT00379,2025-04-03,B-Check,53410.52,2026-02-23
AMH002425,ACFT00286,2024-05-16,B-Check,80416.38,2025-07-24
AMH002426,ACFT00237,2023-08-18,A-Check,201260.45,2024-05-19
AMH002427,ACFT00509,2025-04-24,A-Check,172631.35,2027-03-08
AMH002428,ACFT00085,2018-04-08,C-Check,290511.31,2018-12-26
AMH002429,ACFT00542,2018-05-24,B-Check,400279.64,2019-06-29
AMH002430,ACFT00256,2019-02-11,B-Check,323397.95,2021-01-07
AMH002431,ACFT00205,2025-04-27,B-Check,399679.86,2025-12-20
AMH002432,ACFT00043,2020-05-13,A-Check,382565.47,2020-10-19
AMH002433,ACFT00582,2019-11-12,Unscheduled Repair,291540.98,2021-10-01
AMH002434,ACFT00480,2020-11-10,B-Check,491140.67,2022-05-30
AMH002435,ACFT00129,2021-06-17,A-Check,158772.68,2022-11-07
AMH002436,ACFT00250,2020-12-19,B-Check,413970.22,2022-11-18
AMH002437,ACFT00559,2018-12-11,B-Check,132149.59,2019-04-21
AMH002438,ACFT00579,2023-04-02,A-Check,403054.97,2024-08-19
AMH002439,ACFT00001,2024-06-26,B-Check,222443.07,2026-05-02
AMH002440,ACFT00173,2018-05-25,Unscheduled Repair,357917.86,2019-06-27
AMH002441,ACFT00395,2019-09-24,D-Check,368571.61,2021-06-07
AMH002442,ACFT00572,2018-12-20,C-Check,479051.89,2020-07-29
AMH002443,ACFT00015,2019-07-14,A-Check,33913.96,2021-02-17
AMH002444,ACFT00027,2019-07-03,A-Check,373591.2,2019-12-25
AMH002445,ACFT00352,2022-09-27,C-Check,477140.45,2023-09-08
AMH002446,ACFT00231,2024-10-01,B-Check,380836.33,2026-03-19
AMH002447,ACFT00023,2022-05-30,B-Check,305023.55,2023-10-13
AMH002448,ACFT00037,2021-06-13,A-Check,364604.6,2022-03-19
AMH002449,ACFT00013,2019-10-02,B-Check,179749.52,2021-02-22
AMH002450,ACFT00218,2025-06-05,A-Check,245823.31,2026-11-09
AMH002451,ACFT00586,2019-04-23,B-Check,147277.11,2021-02-03
AMH002452,ACFT00166,2025-03-19,Unscheduled Repair,175845.59,2027-02-09
AMH002453,ACFT00321,2019-08-06,Unscheduled Repair,382067.35,2021-07-24
AMH002454,ACFT00395,2022-07-14,Unscheduled Repair,478786.08,2024-04-23
AMH002455,ACFT00523,2024-04-12,C-Check,61010.66,2024-11-10
AMH002456,ACFT00115,2025-07-04,Unscheduled Repair,316393.67,2026-04-19
AMH002457,ACFT00250,2018-10-03,A-Check,115217.77,2020-05-20
AMH002458,ACFT00211,2023-04-07,B-Check,11901.93,2024-01-27
AMH002459,ACFT00205,2021-06-03,C-Check,331453.7,2021-11-23
AMH002460,ACFT00386,2020-04-29,A-Check,12651.17,2022-04-03
AMH002461,ACFT00110,2020-11-22,Unscheduled Repair,296422.51,2021-06-13
AMH002462,ACFT00353,2020-03-30,Unscheduled Repair,39527.37,2021-12-14
AMH002463,ACFT00467,2024-07-04,Unscheduled Repair,387098.6,2025-07-30
AMH002464,ACFT00098,2020-09-14,A-Check,143347.66,2021-10-15
AMH002465,ACFT00124,2025-04-06,A-Check,260462.48,2026-07-30
AMH002466,ACFT00211,2023-09-14,B-Check,69728.2,2025-04-02
AMH002467,ACFT00259,2018-08-13,C-Check,372535.28,2020-03-28
AMH002468,ACFT00113,2021-12-07,A-Check,191065.48,2022-09-11
AMH002469,ACFT00273,2023-01-16,C-Check,368495.53,2023-09-29
AMH002470,ACFT00363,2020-04-08,C-Check,128097.75,2020-09-20
AMH002471,ACFT00485,2020-06-08,A-Check,71977.8,2021-10-18
AMH002472,ACFT00119,2024-12-25,B-Check,199056.21,2025-10-11
AMH002473,ACFT00019,2022-05-18,A-Check,47739.85,2023-05-02
AMH002474,ACFT00098,2021-12-27,B-Check,305292.43,2023-11-30
AMH002475,ACFT00221,2023-02-03,A-Check,49598.27,2023-10-28
AMH002476,ACFT00069,2021-05-24,C-Check,184159.3,2021-11-14
AMH002477,ACFT00543,2024-11-10,A-Check,290082.85,2026-04-13
AMH002478,ACFT00548,2021-03-08,A-Check,25327.76,2022-11-27
AMH002479,ACFT00399,2018-11-08,Unscheduled Repair,183346.34,2019-06-01
AMH002480,ACFT00022,2021-04-10,A-Check,215998.31,2022-02-08
AMH002481,ACFT00297,2022-06-22,D-Check,228294.46,2024-01-16
AMH002482,ACFT00071,2022-08-04,A-Check,320749.61,2024-02-28
AMH002483,ACFT00435,2019-12-28,A-Check,2336.93,2021-06-02
AMH002484,ACFT00089,2023-04-30,Unscheduled Repair,352674.44,2024-07-29
AMH002485,ACFT00015,2021-10-23,A-Check,301644.45,2023-01-31
AMH002486,ACFT00316,2018-03-06,Unscheduled Repair,445006.64,2018-09-19
AMH002487,ACFT00341,2021-04-11,A-Check,426508.73,2022-02-23
AMH002488,ACFT00064,2019-05-27,C-Check,272539.96,2020-03-03
AMH002489,ACFT00075,2022-03-23,A-Check,408829.7,2023-11-12
AMH002490,ACFT00009,2023-06-07,A-Check,274032.37,2025-02-13
AMH002491,ACFT00086,2026-05-02,B-Check,40368.97,2027-04-09
AMH002492,ACFT00263,2020-06-20,C-Check,149791.05,2020-10-31
AMH002493,ACFT00088,2023-01-08,A-Check,227563.24,2023-09-14
AMH002494,ACFT00522,2021-09-25,A-Check,170315.8,2022-03-29
AMH002495,ACFT00155,2024-08-29,Unscheduled Repair,381364.32,2026-07-05
AMH002496,ACFT00128,2022-05-03,A-Check,479799.89,2022-11-16
AMH002497,ACFT00386,2021-05-18,A-Check,242996.63,2023-02-04
AMH002498,ACFT00072,2018-01-17,A-Check,307818.54,2019-02-10
AMH002499,ACFT00103,2025-05-11,C-Check,369189.65,2026-09-21
AMH002500,ACFT00445,2018-04-13,A-Check,11857.05,2019-12-22
AMH002501,ACFT00350,2018-02-13,C-Check,25077.92,2018-06-14
AMH002502,ACFT00569,2021-10-19,A-Check,418054.07,2023-03-04
AMH002503,ACFT00414,2018-12-03,B-Check,431916.74,2020-02-24
AMH002504,ACFT00007,2025-08-06,C-Check,153781.63,2026-06-04
AMH002505,ACFT00325,2018-05-08,A-Check,490559.61,2018-08-16
AMH002506,ACFT00277,2021-09-12,Unscheduled Repair,402971.7,2023-07-02
AMH002507,ACFT00281,2025-10-22,A-Check,155647.37,2027-07-06
AMH002508,ACFT00359,2020-09-24,C-Check,197236.65,2022-08-20
AMH002509,ACFT00384,2021-10-26,Unscheduled Repair,49023.98,2022-06-28
AMH002510,ACFT00428,2022-12-10,D-Check,327802.23,2024-02-08
AMH002511,ACFT00293,2020-07-08,A-Check,123263.48,2021-03-07
AMH002512,ACFT00482,2019-09-11,B-Check,74903.46,2021-09-04
AMH002513,ACFT00409,2023-09-26,A-Check,448516.72,2024-08-06
AMH002514,ACFT00310,2022-08-30,B-Check,429464.59,2024-06-05
AMH002515,ACFT00332,2019-06-02,B-Check,71885.31,2020-12-14
AMH002516,ACFT00311,2025-07-23,A-Check,133163.73,2026-03-11
AMH002517,ACFT00191,2026-04-05,A-Check,110632.99,2027-03-13
AMH002518,ACFT00516,2025-04-02,Unscheduled Repair,166832.97,2026-11-02
AMH002519,ACFT00061,2018-09-16,D-Check,479405.75,2020-08-29
AMH002520,ACFT00156,2018-11-08,B-Check,220589.49,2019-04-19
AMH002521,ACFT00168,2025-03-27,A-Check,423518.75,2027-03-17
AMH002522,ACFT00412,2021-07-21,A-Check,416005.84,2022-10-04
AMH002523,ACFT00080,2021-09-21,Unscheduled Repair,433822.99,2023-08-18
AMH002524,ACFT00555,2020-04-08,C-Check,299566.37,2021-02-04
AMH002525,ACFT00442,2021-06-22,A-Check,239112.87,2023-02-04
AMH002526,ACFT00441,2022-11-18,A-Check,330204.67,2023-02-17
AMH002527,ACFT00016,2021-05-04,C-Check,232408.13,2022-07-06
AMH002528,ACFT00257,2026-03-26,A-Check,225756.29,2027-06-26
AMH002529,ACFT00275,2021-06-21,C-Check,154338.37,2022-09-29
AMH002530,ACFT00112,2023-07-12,C-Check,110514.45,2024-03-04
AMH002531,ACFT00576,2020-04-06,D-Check,239017.27,2021-05-29
AMH002532,ACFT00558,2020-09-07,C-Check,110978.69,2021-02-22
AMH002533,ACFT00462,2020-05-10,B-Check,294622.37,2022-03-27
AMH002534,ACFT00572,2022-09-23,A-Check,158945.11,2023-10-22
AMH002535,ACFT00060,2018-07-05,C-Check,225853.17,2019-11-14
AMH002536,ACFT00052,2023-04-13,A-Check,495682.63,2024-08-31
AMH002537,ACFT00436,2022-05-14,A-Check,25973.98,2023-03-01
AMH002538,ACFT00151,2018-09-12,C-Check,444948.28,2020-07-21
AMH002539,ACFT00212,2022-12-04,A-Check,459785.99,2024-10-30
AMH002540,ACFT00503,2020-01-12,B-Check,174545.33,2021-10-26
AMH002541,ACFT00307,2021-05-18,C-Check,469185.15,2022-02-02
AMH002542,ACFT00501,2024-04-14,B-Check,210248.19,2026-02-16
AMH002543,ACFT00211,2020-04-21,Unscheduled Repair,195475.16,2021-02-26
AMH002544,ACFT00160,2025-02-20,B-Check,186699.96,2025-12-15
AMH002545,ACFT00396,2022-09-15,B-Check,230566.36,2024-02-28
AMH002546,ACFT00089,2020-12-31,C-Check,438206.3,2021-09-18
AMH002547,ACFT00463,2018-04-27,Unscheduled Repair,344866.84,2018-08-23
AMH002548,ACFT00031,2024-04-19,C-Check,235484.41,2025-08-25
AMH002549,ACFT00268,2020-04-22,C-Check,346296.32,2021-03-29
AMH002550,ACFT00190,2021-07-14,C-Check,252386.01,2022-07-08
AMH002551,ACFT00472,2021-08-07,B-Check,201981.21,2021-12-14
AMH002552,ACFT00257,2018-02-14,B-Check,106847.58,2019-01-30
AMH002553,ACFT00323,2020-07-24,B-Check,376891.66,2022-01-03
AMH002554,ACFT00403,2024-07-31,C-Check,426992.57,2026-06-09
AMH002555,ACFT00435,2024-12-17,A-Check,143519.36,2026-06-26
AMH002556,ACFT00238,2022-12-30,A-Check,373174.82,2023-10-30
AMH002557,ACFT00442,2024-04-18,A-Check,39584.54,2025-12-29
AMH002558,ACFT00297,2024-01-05,B-Check,228043.44,2025-12-01
AMH002559,ACFT00522,2024-02-24,C-Check,278572.58,2025-05-13
AMH002560,ACFT00544,2020-03-13,A-Check,349947.51,2021-07-29
AMH002561,ACFT00489,2021-12-07,Unscheduled Repair,76176.35,2022-10-09
AMH002562,ACFT00208,2021-12-28,A-Check,120079.64,2023-06-27
AMH002563,ACFT00251,2026-02-17,Unscheduled Repair,383608.63,2027-09-05
AMH002564,ACFT00267,2020-01-23,A-Check,54958.72,2020-05-27
AMH002565,ACFT00250,2025-06-17,B-Check,16758.59,2027-04-13
AMH002566,ACFT00566,2025-06-12,D-Check,34624.58,2026-05-31
AMH002567,ACFT00491,2018-08-01,B-Check,470200.81,2019-05-26
AMH002568,ACFT00186,2024-09-26,B-Check,355248.9,2026-07-31
AMH002569,ACFT00212,2019-07-25,A-Check,8981.86,2020-07-01
AMH002570,ACFT00341,2021-09-02,A-Check,10277.79,2021-12-16
AMH002571,ACFT00100,2020-01-01,C-Check,242363.0,2021-08-28
AMH002572,ACFT00064,2023-07-09,A-Check,250004.87,2025-02-02
AMH002573,ACFT00488,2022-05-14,B-Check,408443.51,2023-07-20
AMH002574,ACFT00216,2019-10-23,B-Check,221026.1,2021-09-18
AMH002575,ACFT00010,2021-07-07,D-Check,496446.73,2022-02-08
AMH002576,ACFT00307,2026-01-06,B-Check,421762.78,2026-10-03
AMH002577,ACFT00490,2019-09-04,B-Check,454687.21,2021-08-15
AMH002578,ACFT00061,2026-07-01,B-Check,340649.01,2027-04-24
AMH002579,ACFT00377,2021-05-22,A-Check,152752.85,2021-11-20
AMH002580,ACFT00284,2018-05-02,B-Check,347937.71,2019-12-07
AMH002581,ACFT00166,2026-01-11,A-Check,471882.93,2027-08-17
AMH002582,ACFT00557,2021-06-21,C-Check,164044.78,2022-09-24
AMH002583,ACFT00471,2026-06-01,C-Check,497111.63,2027-09-20
AMH002584,ACFT00320,2021-12-01,Unscheduled Repair,388908.09,2023-01-21
AMH002585,ACFT00210,2024-06-29,C-Check,482883.85,2026-04-11
AMH002586,ACFT00210,2021-04-08,B-Check,491503.5,2022-11-18
AMH002587,ACFT00044,2023-08-28,A-Check,480918.0,2025-06-03
AMH002588,ACFT00107,2018-11-06,A-Check,168729.61,2020-04-15
AMH002589,ACFT00064,2023-12-29,C-Check,410288.22,2025-05-04
AMH002590,ACFT00281,2018-01-03,B-Check,481993.84,2019-09-05
AMH002591,ACFT00364,2024-09-11,A-Check,381330.67,2025-07-22
AMH002592,ACFT00410,2021-08-16,B-Check,375362.03,2022-07-30
AMH002593,ACFT00368,2022-03-01,A-Check,408114.99,2024-01-07
AMH002594,ACFT00097,2018-11-24,B-Check,120755.72,2020-06-15
AMH002595,ACFT00274,2025-10-22,A-Check,283713.65,2027-03-11
AMH002596,ACFT00374,2026-01-30,A-Check,185642.77,2026-10-04
AMH002597,ACFT00368,2022-04-26,B-Check,273530.23,2022-08-25
AMH002598,ACFT00151,2020-11-18,D-Check,437687.09,2021-06-04
AMH002599,ACFT00541,2021-02-18,A-Check,471915.19,2022-11-23
AMH002600,ACFT00561,2024-03-26,B-Check,334032.13,2026-02-26
AMH002601,ACFT00052,2019-08-25,A-Check,102822.41,2020-03-22
AMH002602,ACFT00340,2025-01-05,C-Check,487856.52,2025-08-29
AMH002603,ACFT00071,2024-11-07,D-Check,16072.41,2025-09-21
AMH002604,ACFT00147,2024-04-26,A-Check,346904.49,2025-05-29
AMH002605,ACFT00300,2024-06-12,C-Check,246972.21,2026-03-09
AMH002606,ACFT00364,2020-03-29,A-Check,141754.08,2020-12-18
AMH002607,ACFT00600,2022-12-15,B-Check,378465.99,2024-08-11
AMH002608,ACFT00043,2022-03-19,B-Check,373060.68,2022-12-09
AMH002609,ACFT00429,2022-12-05,B-Check,404398.05,2024-06-27
AMH002610,ACFT00417,2026-02-19,A-Check,296887.03,2027-11-14
AMH002611,ACFT00502,2024-07-06,Unscheduled Repair,230707.01,2025-06-15
AMH002612,ACFT00390,2023-03-30,Unscheduled Repair,243693.21,2025-01-03
AMH002613,ACFT00494,2025-08-24,B-Check,342336.27,2026-04-13
AMH002614,ACFT00232,2020-06-22,B-Check,395246.98,2021-04-27
AMH002615,ACFT00194,2023-04-20,B-Check,204774.21,2024-09-20
AMH002616,ACFT00493,2024-07-07,A-Check,424045.69,2025-09-11
AMH002617,ACFT00395,2021-07-17,Unscheduled Repair,220388.86,2021-12-15
AMH002618,ACFT00089,2021-07-24,A-Check,185881.58,2022-02-18
AMH002619,ACFT00030,2021-03-26,B-Check,58588.45,2023-01-13
AMH002620,ACFT00461,2018-11-21,A-Check,169413.04,2019-09-24
AMH002621,ACFT00124,2020-12-19,A-Check,326081.79,2022-07-02
AMH002622,ACFT00584,2019-01-11,B-Check,121944.98,2020-08-30
AMH002623,ACFT00199,2018-12-29,B-Check,499386.59,2019-12-31
AMH002624,ACFT00193,2021-12-29,Unscheduled Repair,305047.89,2022-11-11
AMH002625,ACFT00080,2021-09-04,C-Check,492133.75,2023-05-06
AMH002626,ACFT00025,2022-02-01,A-Check,338441.12,2023-05-07
AMH002627,ACFT00268,2019-07-19,A-Check,279318.67,2020-01-15
AMH002628,ACFT00583,2026-01-18,B-Check,320373.63,2027-08-03
AMH002629,ACFT00297,2025-02-01,C-Check,449656.25,2026-11-20
AMH002630,ACFT00359,2024-03-06,A-Check,194318.16,2025-08-18
AMH002631,ACFT00545,2025-05-12,C-Check,430604.37,2025-11-07
AMH002632,ACFT00158,2020-06-24,D-Check,130012.37,2021-10-14
AMH002633,ACFT00327,2020-01-17,D-Check,472508.2,2021-04-09
AMH002634,ACFT00140,2019-08-21,A-Check,57120.63,2021-06-13
AMH002635,ACFT00586,2023-07-05,Unscheduled Repair,461121.19,2024-01-04
AMH002636,ACFT00521,2020-09-01,D-Check,232122.67,2022-05-14
AMH002637,ACFT00591,2025-06-06,A-Check,32407.86,2027-02-01
AMH002638,ACFT00264,2025-04-22,B-Check,249099.71,2025-07-25
AMH002639,ACFT00358,2025-10-31,A-Check,330880.79,2027-02-02
AMH002640,ACFT00254,2023-06-10,A-Check,186967.03,2025-01-04
AMH002641,ACFT00417,2019-11-03,C-Check,393865.81,2020-02-26
AMH002642,ACFT00261,2018-04-18,C-Check,64708.54,2018-08-08
AMH002643,ACFT00227,2026-02-20,B-Check,204803.57,2026-10-20
AMH002644,ACFT00530,2025-07-27,B-Check,277058.3,2026-05-05
AMH002645,ACFT00523,2018-11-22,A-Check,296651.6,2020-07-30
AMH002646,ACFT00164,2018-10-24,B-Check,273360.76,2019-08-05
AMH002647,ACFT00292,2026-07-19,Unscheduled Repair,469200.37,2027-10-26
AMH002648,ACFT00215,2019-06-28,A-Check,293158.99,2020-09-27
AMH002649,ACFT00342,2022-03-16,B-Check,25432.1,2023-05-28
AMH002650,ACFT00226,2019-04-22,C-Check,447686.09,2019-09-19
AMH002651,ACFT00589,2022-02-16,B-Check,121402.51,2024-01-24
AMH002652,ACFT00549,2018-10-30,A-Check,139174.13,2020-06-28
AMH002653,ACFT00191,2021-07-11,A-Check,16690.96,2021-11-18
AMH002654,ACFT00008,2022-03-07,D-Check,348041.92,2022-08-21
AMH002655,ACFT00002,2022-06-10,A-Check,453637.09,2024-05-19
AMH002656,ACFT00573,2023-03-29,A-Check,55160.04,2023-11-27
AMH002657,ACFT00299,2020-08-31,A-Check,173563.16,2021-10-20
AMH002658,ACFT00167,2021-11-26,A-Check,172965.56,2023-08-10
AMH002659,ACFT00395,2025-10-11,C-Check,481094.33,2026-09-03
AMH002660,ACFT00038,2019-08-06,A-Check,314954.52,2020-05-03
AMH002661,ACFT00385,2018-08-11,A-Check,470252.79,2018-11-26
AMH002662,ACFT00017,2023-09-04,A-Check,425007.79,2024-09-20
AMH002663,ACFT00336,2022-06-17,Unscheduled Repair,422756.51,2023-12-12
AMH002664,ACFT00267,2025-06-06,C-Check,269021.3,2027-05-22
AMH002665,ACFT00461,2024-01-04,B-Check,402945.04,2024-08-04
AMH002666,ACFT00351,2020-05-29,C-Check,451636.23,2020-09-05
AMH002667,ACFT00592,2021-11-30,A-Check,170487.97,2022-07-26
AMH002668,ACFT00525,2025-04-01,A-Check,26665.97,2025-09-25
AMH002669,ACFT00040,2019-07-10,C-Check,453422.6,2021-06-05
AMH002670,ACFT00448,2025-10-22,A-Check,68762.89,2027-08-06
AMH002671,ACFT00408,2019-02-18,A-Check,401183.2,2019-10-19
AMH002672,ACFT00018,2021-12-28,A-Check,372106.37,2023-04-07
AMH002673,ACFT00127,2023-02-25,B-Check,218443.7,2024-04-10
AMH002674,ACFT00165,2025-06-07,A-Check,196842.0,2025-11-22
AMH002675,ACFT00216,2022-04-07,B-Check,407556.57,2023-04-29
AMH002676,ACFT00114,2019-01-12,B-Check,499896.78,2020-04-13
AMH002677,ACFT00463,2025-12-15,A-Check,495251.81,2027-03-01
AMH002678,ACFT00531,2024-08-31,C-Check,26123.59,2026-07-05
AMH002679,ACFT00570,2020-05-22,Unscheduled Repair,91559.84,2020-11-01
AMH002680,ACFT00312,2024-01-15,A-Check,189005.98,2025-02-09
AMH002681,ACFT00500,2026-04-24,B-Check,189696.32,2027-01-12
AMH002682,ACFT00395,2024-10-21,A-Check,363821.41,2026-02-23
AMH002683,ACFT00314,2024-04-24,A-Check,292764.35,2024-09-12
AMH002684,ACFT00052,2025-12-30,C-Check,394380.16,2026-12-11
AMH002685,ACFT00406,2019-12-04,A-Check,179869.89,2021-01-17
AMH002686,ACFT00505,2018-05-13,Unscheduled Repair,99975.22,2019-12-12
AMH002687,ACFT00203,2022-05-23,B-Check,86766.56,2023-08-07
AMH002688,ACFT00331,2026-01-02,D-Check,348222.59,2026-11-15
AMH002689,ACFT00337,2020-06-28,B-Check,84322.03,2022-05-14
AMH002690,ACFT00286,2020-01-29,B-Check,72486.61,2021-05-14
AMH002691,ACFT00021,2021-05-06,C-Check,17759.42,2021-09-16
AMH002692,ACFT00002,2026-05-05,B-Check,451560.57,2026-09-16
AMH002693,ACFT00287,2022-03-31,C-Check,130892.35,2023-02-13
AMH002694,ACFT00447,2021-05-13,C-Check,133220.19,2022-03-28
AMH002695,ACFT00397,2021-04-16,A-Check,425547.07,2023-03-20
AMH002696,ACFT00203,2020-11-04,Unscheduled Repair,35220.45,2021-09-24
AMH002697,ACFT00019,2023-06-23,Unscheduled Repair,166830.35,2024-09-23
AMH002698,ACFT00530,2025-01-16,C-Check,45448.52,2026-11-01
AMH002699,ACFT00143,2026-04-07,A-Check,378362.17,2028-02-16
AMH002700,ACFT00495,2020-10-25,A-Check,165319.67,2021-02-13
AMH002701,ACFT00167,2023-08-16,A-Check,29471.66,2024-04-27
AMH002702,ACFT00539,2024-11-07,Unscheduled Repair,268839.85,2026-06-01
AMH002703,ACFT00447,2019-07-28,A-Check,431445.97,2020-12-11
AMH002704,ACFT00270,2023-04-06,Unscheduled Repair,30181.51,2024-09-27
AMH002705,ACFT00092,2025-10-01,C-Check,405624.52,2027-07-12
AMH002706,ACFT00350,2022-08-21,A-Check,17455.47,2024-07-09
AMH002707,ACFT00429,2026-04-03,B-Check,491599.0,2028-02-18
AMH002708,ACFT00529,2025-01-11,A-Check,484399.86,2025-11-07
AMH002709,ACFT00492,2024-03-04,B-Check,283614.02,2025-02-03
AMH002710,ACFT00402,2019-08-13,A-Check,346527.37,2020-03-09
AMH002711,ACFT00492,2022-06-19,Unscheduled Repair,279544.89,2024-03-23
AMH002712,ACFT00363,2018-07-09,Unscheduled Repair,113698.04,2019-04-02
AMH002713,ACFT00495,2018-04-23,A-Check,494519.73,2018-08-18
AMH002714,ACFT00446,2019-07-12,A-Check,199081.91,2019-11-16
AMH002715,ACFT00367,2018-11-19,A-Check,457443.16,2020-06-26
AMH002716,ACFT00289,2023-06-03,A-Check,30424.29,2024-09-06
AMH002717,ACFT00569,2020-06-23,A-Check,222990.93,2021-12-21
AMH002718,ACFT00135,2026-01-03,Unscheduled Repair,433210.72,2026-09-09
AMH002719,ACFT00551,2020-05-29,A-Check,267496.18,2021-07-17
AMH002720,ACFT00289,2021-07-27,D-Check,323751.22,2022-01-14
AMH002721,ACFT00496,2019-05-03,A-Check,169321.22,2020-12-20
AMH002722,ACFT00580,2021-06-30,A-Check,489593.53,2022-11-11
AMH002723,ACFT00171,2023-09-24,A-Check,449507.92,2025-02-12
AMH002724,ACFT00393,2020-10-16,A-Check,122054.17,2021-11-03
AMH002725,ACFT00308,2024-12-13,A-Check,132278.37,2026-07-21
AMH002726,ACFT00172,2020-11-13,B-Check,97914.47,2021-08-11
AMH002727,ACFT00482,2025-03-22,D-Check,469434.48,2025-08-25
AMH002728,ACFT00590,2023-05-31,C-Check,217361.68,2023-11-07
AMH002729,ACFT00570,2022-06-17,A-Check,205426.26,2024-02-25
AMH002730,ACFT00275,2019-08-30,Unscheduled Repair,469689.1,2021-02-10
AMH002731,ACFT00561,2026-01-15,B-Check,135193.57,2027-11-09
AMH002732,ACFT00120,2023-09-30,C-Check,298500.52,2024-06-06
AMH002733,ACFT00116,2023-03-20,B-Check,121486.33,2023-07-07
AMH002734,ACFT00001,2018-12-04,B-Check,91861.69,2019-05-15
AMH002735,ACFT00491,2019-02-24,B-Check,211720.39,2020-10-25
AMH002736,ACFT00480,2021-10-20,C-Check,485236.18,2022-08-26
AMH002737,ACFT00033,2025-04-19,A-Check,311007.03,2027-01-16
AMH002738,ACFT00569,2018-04-28,A-Check,215147.54,2020-01-11
AMH002739,ACFT00333,2025-07-11,A-Check,304475.15,2026-01-24
AMH002740,ACFT00452,2019-03-07,B-Check,327967.34,2020-03-18
AMH002741,ACFT00232,2025-10-06,B-Check,234129.86,2026-01-24
AMH002742,ACFT00049,2019-12-01,A-Check,189281.81,2021-05-31
AMH002743,ACFT00276,2019-07-03,A-Check,429344.3,2020-12-09
AMH002744,ACFT00547,2024-11-26,A-Check,162961.4,2025-06-21
AMH002745,ACFT00464,2018-04-17,B-Check,102900.05,2019-09-11
AMH002746,ACFT00221,2019-01-15,D-Check,10152.65,2020-12-26
AMH002747,ACFT00258,2023-08-13,A-Check,400601.45,2024-05-11
AMH002748,ACFT00077,2019-05-20,A-Check,24865.72,2020-04-26
AMH002749,ACFT00400,2021-08-07,B-Check,83693.33,2023-07-14
AMH002750,ACFT00190,2019-11-21,B-Check,425576.1,2020-08-10
AMH002751,ACFT00443,2022-01-19,B-Check,369553.91,2023-11-23
AMH002752,ACFT00365,2022-11-10,B-Check,213808.4,2024-10-13
AMH002753,ACFT00057,2018-10-23,C-Check,479030.14,2019-07-25
AMH002754,ACFT00500,2018-01-04,A-Check,236391.55,2018-10-30
AMH002755,ACFT00212,2024-09-29,Unscheduled Repair,12978.79,2025-06-18
AMH002756,ACFT00309,2024-12-14,A-Check,492076.48,2026-05-18
AMH002757,ACFT00205,2019-09-28,A-Check,8805.5,2020-12-27
AMH002758,ACFT00243,2019-09-11,D-Check,141111.56,2020-09-20
AMH002759,ACFT00147,2018-07-29,A-Check,277453.49,2019-01-02
AMH002760,ACFT00190,2023-11-11,A-Check,366588.54,2025-04-17
AMH002761,ACFT00126,2018-07-05,A-Check,425451.93,2020-05-23
AMH002762,ACFT00114,2018-02-01,B-Check,189318.49,2019-01-08
AMH002763,ACFT00243,2018-01-20,A-Check,60455.51,2019-01-03
AMH002764,ACFT00059,2020-08-10,A-Check,276394.4,2022-07-13
AMH002765,ACFT00106,2021-10-18,B-Check,109208.0,2023-04-02
AMH002766,ACFT00098,2018-05-28,A-Check,241552.28,2018-10-02
AMH002767,ACFT00014,2022-01-20,Unscheduled Repair,424424.21,2023-12-26
AMH002768,ACFT00035,2019-11-06,D-Check,393283.19,2020-12-17
AMH002769,ACFT00582,2023-09-19,C-Check,84784.51,2025-05-23
AMH002770,ACFT00230,2024-08-27,C-Check,255611.39,2026-08-25
AMH002771,ACFT00558,2021-06-12,C-Check,15629.73,2022-11-29
AMH002772,ACFT00446,2025-10-29,A-Check,151628.19,2027-10-17
AMH002773,ACFT00367,2019-06-05,A-Check,113803.09,2019-11-15
AMH002774,ACFT00533,2023-09-03,A-Check,249068.97,2025-08-05
AMH002775,ACFT00054,2018-10-04,D-Check,356894.29,2019-01-17
AMH002776,ACFT00413,2025-05-18,D-Check,246694.51,2026-06-21
AMH002777,ACFT00024,2025-03-18,B-Check,474275.38,2026-08-10
AMH002778,ACFT00117,2019-12-24,Unscheduled Repair,74035.0,2021-09-19
AMH002779,ACFT00202,2018-11-02,C-Check,154181.44,2019-02-15
AMH002780,ACFT00240,2023-02-17,B-Check,95890.62,2024-01-22
AMH002781,ACFT00504,2024-03-13,C-Check,170890.93,2025-07-25
AMH002782,ACFT00474,2025-07-01,B-Check,315898.36,2026-08-22
AMH002783,ACFT00024,2022-08-25,A-Check,22265.94,2024-07-17
AMH002784,ACFT00067,2022-01-27,A-Check,130947.44,2024-01-03
AMH002785,ACFT00223,2023-04-13,A-Check,282460.77,2024-01-11
AMH002786,ACFT00332,2024-05-10,C-Check,264561.45,2026-01-06
AMH002787,ACFT00023,2022-04-11,Unscheduled Repair,37106.43,2022-07-12
AMH002788,ACFT00467,2026-03-14,A-Check,304820.18,2026-08-01
AMH002789,ACFT00104,2021-04-15,B-Check,204128.59,2022-02-02
AMH002790,ACFT00016,2019-04-01,A-Check,444924.47,2019-12-04
AMH002791,ACFT00526,2024-02-10,A-Check,462891.03,2025-12-26
AMH002792,ACFT00061,2022-05-13,A-Check,298039.08,2022-10-08
AMH002793,ACFT00500,2018-05-24,A-Check,222171.34,2018-08-24
AMH002794,ACFT00271,2023-05-03,D-Check,110988.19,2025-03-05
AMH002795,ACFT00422,2026-05-27,A-Check,394884.6,2026-10-14
AMH002796,ACFT00470,2021-08-04,Unscheduled Repair,459495.23,2022-09-14
AMH002797,ACFT00129,2024-08-14,A-Check,348667.62,2026-01-28
AMH002798,ACFT00469,2018-06-20,B-Check,411463.87,2019-05-29
AMH002799,ACFT00299,2018-10-17,B-Check,275163.06,2020-06-16
AMH002800,ACFT00075,2020-03-15,A-Check,150084.62,2021-02-28
AMH002801,ACFT00088,2020-06-07,A-Check,75086.25,2021-12-25
AMH002802,ACFT00587,2025-03-20,C-Check,342254.78,2027-02-25
AMH002803,ACFT00574,2021-08-13,D-Check,322302.06,2023-04-17
AMH002804,ACFT00333,2021-07-13,A-Check,37837.12,2022-12-18
AMH002805,ACFT00090,2020-12-19,B-Check,170380.21,2021-07-13
AMH002806,ACFT00323,2022-03-26,C-Check,375874.86,2023-01-26
AMH002807,ACFT00598,2019-12-02,A-Check,46548.49,2020-04-04
AMH002808,ACFT00151,2024-04-01,B-Check,124219.48,2024-12-26
AMH002809,ACFT00394,2024-02-28,C-Check,253413.58,2025-10-16
AMH002810,ACFT00466,2019-09-17,Unscheduled Repair,452226.54,2020-01-15
AMH002811,ACFT00077,2023-04-25,B-Check,314061.97,2024-07-15
AMH002812,ACFT00094,2025-02-17,D-Check,272108.62,2026-02-03
AMH002813,ACFT00087,2023-04-30,A-Check,266184.44,2024-11-29
AMH002814,ACFT00501,2021-05-06,Unscheduled Repair,449303.51,2022-10-30
AMH002815,ACFT00003,2025-05-06,B-Check,281133.11,2025-12-22
AMH002816,ACFT00354,2018-05-26,B-Check,51902.07,2018-12-30
AMH002817,ACFT00186,2020-11-04,C-Check,174870.08,2022-07-12
AMH002818,ACFT00427,2020-07-14,B-Check,274087.55,2021-03-13
AMH002819,ACFT00185,2021-07-03,A-Check,416472.08,2022-04-09
AMH002820,ACFT00483,2021-11-17,D-Check,414140.32,2022-02-19
AMH002821,ACFT00445,2024-02-24,A-Check,413551.35,2024-09-14
AMH002822,ACFT00002,2025-06-10,Unscheduled Repair,350995.93,2026-12-01
AMH002823,ACFT00171,2021-06-08,A-Check,360495.99,2022-01-22
AMH002824,ACFT00169,2022-12-10,A-Check,157548.79,2023-10-25
AMH002825,ACFT00034,2019-01-18,A-Check,219259.9,2019-10-31
AMH002826,ACFT00371,2023-04-18,B-Check,361535.08,2024-07-27
AMH002827,ACFT00471,2023-05-08,Unscheduled Repair,117802.15,2024-09-12
AMH002828,ACFT00509,2021-12-08,C-Check,181611.14,2023-02-19
AMH002829,ACFT00293,2018-01-01,A-Check,117072.01,2018-05-14
AMH002830,ACFT00597,2019-05-21,C-Check,420154.69,2020-10-11
AMH002831,ACFT00321,2021-02-19,B-Check,424000.17,2021-07-21
AMH002832,ACFT00584,2023-07-07,A-Check,87389.65,2023-11-01
AMH002833,ACFT00458,2022-02-20,C-Check,79478.94,2023-06-13
AMH002834,ACFT00179,2020-08-21,A-Check,76109.82,2022-01-20
AMH002835,ACFT00010,2024-03-05,Unscheduled Repair,15350.89,2026-02-12
AMH002836,ACFT00247,2025-11-22,B-Check,203086.28,2027-08-04
AMH002837,ACFT00237,2021-10-05,A-Check,69951.66,2023-09-20
AMH002838,ACFT00204,2024-07-18,D-Check,274009.94,2024-11-02
AMH002839,ACFT00008,2024-06-08,A-Check,458058.45,2025-01-09
AMH002840,ACFT00234,2026-01-12,A-Check,381240.64,2027-03-20
AMH002841,ACFT00199,2025-07-10,A-Check,346356.76,2026-01-24
AMH002842,ACFT00257,2020-03-03,B-Check,348306.09,2021-12-26
AMH002843,ACFT00581,2022-12-08,A-Check,39335.11,2024-02-22
AMH002844,ACFT00145,2020-06-13,A-Check,353926.76,2021-03-15
AMH002845,ACFT00419,2022-12-31,A-Check,190202.45,2024-09-20
AMH002846,ACFT00123,2020-10-31,B-Check,218018.54,2021-03-14
AMH002847,ACFT00058,2024-02-08,B-Check,389496.38,2025-09-01
AMH002848,ACFT00056,2022-06-02,D-Check,352800.5,2023-12-13
AMH002849,ACFT00300,2018-02-03,B-Check,239414.18,2018-05-30
AMH002850,ACFT00065,2020-05-19,A-Check,170281.98,2021-04-02
AMH002851,ACFT00141,2020-12-18,B-Check,79184.45,2021-08-14
AMH002852,ACFT00310,2022-02-22,A-Check,93957.51,2022-09-25
AMH002853,ACFT00368,2026-05-24,A-Check,192007.56,2026-11-20
AMH002854,ACFT00504,2025-04-14,C-Check,438430.29,2026-01-14
AMH002855,ACFT00245,2019-02-06,B-Check,263541.86,2019-11-03
AMH002856,ACFT00494,2018-09-27,C-Check,233056.78,2019-02-06
AMH002857,ACFT00493,2018-06-14,C-Check,256162.31,2019-04-19
AMH002858,ACFT00585,2026-04-03,Unscheduled Repair,379771.36,2028-02-26
AMH002859,ACFT00116,2022-10-10,A-Check,155420.52,2023-05-11
AMH002860,ACFT00343,2023-09-29,A-Check,496938.75,2024-01-11
AMH002861,ACFT00448,2019-12-02,B-Check,231321.89,2021-09-25
AMH002862,ACFT00598,2020-01-24,C-Check,47506.62,2021-12-05
AMH002863,ACFT00488,2018-06-20,A-Check,133296.02,2019-09-06
AMH002864,ACFT00005,2023-04-28,A-Check,407681.32,2023-09-16
AMH002865,ACFT00361,2025-03-31,B-Check,241814.69,2026-07-06
AMH002866,ACFT00491,2020-01-21,C-Check,193999.59,2021-03-12
AMH002867,ACFT00138,2022-09-21,Unscheduled Repair,45280.4,2023-04-17
AMH002868,ACFT00286,2018-01-08,C-Check,316077.44,2019-09-26
AMH002869,ACFT00442,2019-04-24,A-Check,360865.77,2021-02-09
AMH002870,ACFT00447,2022-04-02,D-Check,424428.09,2023-12-16
AMH002871,ACFT00342,2023-02-03,A-Check,431376.91,2023-07-05
AMH002872,ACFT00504,2024-01-19,B-Check,38666.89,2024-10-09
AMH002873,ACFT00369,2025-12-25,A-Check,2551.92,2026-07-03
AMH002874,ACFT00556,2020-01-31,A-Check,416245.0,2021-03-31
AMH002875,ACFT00368,2018-11-24,Unscheduled Repair,77185.62,2019-11-23
AMH002876,ACFT00480,2020-10-23,A-Check,218996.56,2021-05-18
AMH002877,ACFT00388,2020-09-21,A-Check,321547.51,2022-03-25
AMH002878,ACFT00489,2018-04-18,C-Check,163696.89,2019-04-21
AMH002879,ACFT00361,2024-07-21,B-Check,422139.21,2025-09-16
AMH002880,ACFT00056,2025-03-10,A-Check,219434.3,2025-07-13
AMH002881,ACFT00233,2025-02-16,Unscheduled Repair,283735.01,2026-05-02
AMH002882,ACFT00519,2026-04-10,D-Check,225073.29,2026-07-18
AMH002883,ACFT00402,2019-08-03,Unscheduled Repair,52038.17,2020-04-21
AMH002884,ACFT00323,2025-07-31,B-Check,19261.02,2026-03-26
AMH002885,ACFT00148,2025-09-19,A-Check,181942.9,2027-08-11
AMH002886,ACFT00586,2021-06-03,B-Check,57078.39,2022-07-23
AMH002887,ACFT00506,2025-02-16,A-Check,367634.72,2025-10-23
AMH002888,ACFT00598,2021-04-06,B-Check,314698.11,2021-09-08
AMH002889,ACFT00386,2019-08-02,A-Check,109773.26,2020-03-28
AMH002890,ACFT00018,2023-05-28,Unscheduled Repair,445058.78,2024-02-02
AMH002891,ACFT00416,2018-08-29,B-Check,107815.79,2020-04-27
AMH002892,ACFT00235,2026-03-29,A-Check,108605.91,2027-09-30
AMH002893,ACFT00071,2021-11-13,B-Check,11347.08,2022-06-15
AMH002894,ACFT00120,2020-01-05,A-Check,364453.24,2021-06-05
AMH002895,ACFT00236,2020-10-06,C-Check,343218.64,2021-09-14
AMH002896,ACFT00298,2025-11-05,B-Check,471730.9,2026-03-30
AMH002897,ACFT00316,2023-08-18,B-Check,300951.26,2024-05-06
AMH002898,ACFT00587,2023-11-02,C-Check,108686.84,2024-10-17
AMH002899,ACFT00207,2020-04-21,A-Check,25076.7,2021-02-28
AMH002900,ACFT00464,2023-05-08,A-Check,472315.46,2024-03-03
AMH002901,ACFT00526,2025-02-27,A-Check,121364.16,2025-12-30
AMH002902,ACFT00431,2018-09-03,A-Check,12592.92,2020-04-09
AMH002903,ACFT00182,2023-01-23,A-Check,106354.97,2024-07-05
AMH002904,ACFT00228,2019-11-30,C-Check,221246.13,2021-08-02
AMH002905,ACFT00094,2019-06-23,A-Check,128248.01,2020-06-26
AMH002906,ACFT00147,2022-05-26,A-Check,349123.13,2022-11-04
AMH002907,ACFT00092,2018-12-16,A-Check,177744.36,2020-05-30
AMH002908,ACFT00278,2022-03-09,B-Check,464751.66,2023-12-05
AMH002909,ACFT00186,2022-06-28,Unscheduled Repair,110502.05,2023-12-08
AMH002910,ACFT00368,2023-10-28,A-Check,296385.33,2024-03-24
AMH002911,ACFT00579,2022-11-02,C-Check,3264.48,2024-07-11
AMH002912,ACFT00241,2018-03-04,A-Check,87754.14,2018-06-29
AMH002913,ACFT00119,2021-02-14,B-Check,90213.9,2021-11-30
AMH002914,ACFT00344,2026-06-22,B-Check,264577.21,2027-12-14
AMH002915,ACFT00137,2022-12-25,A-Check,439388.29,2024-02-08
AMH002916,ACFT00199,2026-01-15,C-Check,444770.71,2027-05-01
AMH002917,ACFT00459,2019-01-07,B-Check,320291.18,2020-07-03
AMH002918,ACFT00089,2018-12-02,Unscheduled Repair,152081.44,2020-04-19
AMH002919,ACFT00558,2018-10-13,A-Check,29311.44,2019-02-25
AMH002920,ACFT00565,2024-05-05,D-Check,72439.61,2025-07-09
AMH002921,ACFT00590,2022-06-04,C-Check,127853.63,2024-03-12
AMH002922,ACFT00293,2020-08-04,A-Check,319709.1,2021-06-24
AMH002923,ACFT00117,2019-04-30,A-Check,82524.23,2020-08-23
AMH002924,ACFT00557,2018-09-01,B-Check,350615.13,2019-03-30
AMH002925,ACFT00333,2021-10-21,A-Check,239381.48,2023-05-11
AMH002926,ACFT00598,2018-09-09,A-Check,62543.21,2020-08-06
AMH002927,ACFT00166,2019-08-30,A-Check,332542.27,2021-06-01
AMH002928,ACFT00258,2024-09-26,A-Check,357812.08,2026-05-05
AMH002929,ACFT00268,2025-05-09,B-Check,232833.23,2025-08-27
AMH002930,ACFT00526,2025-12-08,B-Check,189542.88,2027-01-09
AMH002931,ACFT00009,2023-10-09,B-Check,401427.94,2025-06-22
AMH002932,ACFT00259,2023-05-20,B-Check,250375.61,2024-08-18
AMH002933,ACFT00433,2023-01-05,B-Check,354868.37,2024-04-08
AMH002934,ACFT00266,2022-02-07,A-Check,440413.63,2023-04-11
AMH002935,ACFT00172,2022-02-25,C-Check,53826.87,2024-01-21
AMH002936,ACFT00272,2023-09-19,Unscheduled Repair,169417.44,2024-12-21
AMH002937,ACFT00207,2018-04-07,A-Check,305229.72,2018-08-29
AMH002938,ACFT00118,2025-11-13,Unscheduled Repair,461527.97,2027-01-16
AMH002939,ACFT00388,2018-08-09,A-Check,106351.01,2018-12-13
AMH002940,ACFT00406,2024-10-13,B-Check,436680.07,2025-05-18
AMH002941,ACFT00348,2022-09-25,A-Check,251773.43,2023-01-02
AMH002942,ACFT00259,2025-05-20,A-Check,414184.98,2027-04-27
AMH002943,ACFT00094,2020-07-21,A-Check,396101.38,2022-05-21
AMH002944,ACFT00014,2018-12-08,C-Check,448601.98,2020-10-06
AMH002945,ACFT00342,2021-06-07,A-Check,116947.36,2022-11-16
AMH002946,ACFT00452,2020-08-16,A-Check,130468.52,2022-03-10
AMH002947,ACFT00252,2020-02-02,A-Check,23668.25,2020-12-22
AMH002948,ACFT00331,2018-09-20,B-Check,380858.18,2019-05-01
AMH002949,ACFT00520,2023-08-19,A-Check,33528.63,2025-05-25
AMH002950,ACFT00444,2025-05-04,C-Check,250562.84,2025-08-15
AMH002951,ACFT00001,2021-07-31,A-Check,454025.08,2022-01-28
AMH002952,ACFT00335,2019-04-29,Unscheduled Repair,339485.32,2020-10-26
AMH002953,ACFT00481,2019-04-12,B-Check,124340.48,2020-02-20
AMH002954,ACFT00157,2023-12-22,C-Check,293309.95,2025-05-23
AMH002955,ACFT00379,2023-06-03,C-Check,157847.27,2025-04-08
AMH002956,ACFT00417,2019-12-29,A-Check,364822.68,2021-03-02
AMH002957,ACFT00116,2019-09-03,A-Check,92475.64,2020-06-08
AMH002958,ACFT00025,2019-04-12,Unscheduled Repair,66580.55,2021-03-14
AMH002959,ACFT00055,2018-05-13,A-Check,47459.11,2019-10-06
AMH002960,ACFT00201,2026-02-18,C-Check,320193.87,2026-08-07
AMH002961,ACFT00382,2023-08-09,B-Check,467259.49,2025-02-28
AMH002962,ACFT00250,2022-08-14,B-Check,461847.3,2022-11-25
AMH002963,ACFT00195,2023-01-13,C-Check,456863.44,2023-07-22
AMH002964,ACFT00225,2024-01-26,A-Check,460854.22,2024-05-29
AMH002965,ACFT00491,2021-08-11,A-Check,239670.31,2023-05-15
AMH002966,ACFT00130,2022-07-11,C-Check,481224.42,2023-08-09
AMH002967,ACFT00423,2026-01-15,A-Check,163229.07,2027-06-09
AMH002968,ACFT00235,2020-05-08,D-Check,447104.72,2021-08-11
AMH002969,ACFT00473,2019-09-02,A-Check,324938.95,2020-05-09
AMH002970,ACFT00228,2023-10-14,C-Check,21697.29,2024-05-03
AMH002971,ACFT00276,2025-07-28,A-Check,335775.48,2027-05-28
AMH002972,ACFT00463,2021-02-11,A-Check,497251.36,2022-08-30
AMH002973,ACFT00499,2019-11-20,D-Check,195148.54,2020-06-18
AMH002974,ACFT00546,2018-05-18,Unscheduled Repair,237180.84,2019-12-26
AMH002975,ACFT00103,2022-04-19,Unscheduled Repair,136264.24,2024-04-06
AMH002976,ACFT00150,2026-06-08,B-Check,449945.8,2028-01-25
AMH002977,ACFT00403,2026-01-08,B-Check,293435.75,2027-01-31
AMH002978,ACFT00441,2022-04-07,A-Check,2044.63,2023-05-25
AMH002979,ACFT00291,2022-01-26,Unscheduled Repair,42548.09,2023-07-29
AMH002980,ACFT00246,2024-08-09,B-Check,465706.0,2025-03-09
AMH002981,ACFT00225,2026-02-17,B-Check,292330.86,2027-05-27
AMH002982,ACFT00110,2021-04-10,A-Check,419587.34,2022-08-05
AMH002983,ACFT00055,2021-04-16,B-Check,87447.63,2022-11-09
AMH002984,ACFT00017,2023-08-12,C-Check,435309.57,2024-06-25
AMH002985,ACFT00578,2020-07-31,Unscheduled Repair,43853.22,2021-06-19
AMH002986,ACFT00482,2022-07-07,A-Check,459555.64,2022-12-13
AMH002987,ACFT00562,2024-06-27,D-Check,431438.37,2025-09-30
AMH002988,ACFT00274,2023-03-15,Unscheduled Repair,311164.09,2024-01-03
AMH002989,ACFT00170,2024-10-17,Unscheduled Repair,372878.56,2025-05-04
AMH002990,ACFT00508,2022-06-16,A-Check,443345.17,2023-03-12
AMH002991,ACFT00074,2023-07-21,A-Check,342186.35,2024-08-25
AMH002992,ACFT00233,2022-08-19,C-Check,232206.78,2023-09-13
AMH002993,ACFT00012,2020-03-14,C-Check,61504.03,2020-07-09
AMH002994,ACFT00008,2018-02-03,B-Check,304045.58,2019-05-27
AMH002995,ACFT00009,2018-05-15,B-Check,291859.83,2019-03-29
AMH002996,ACFT00243,2023-03-09,C-Check,373405.07,2023-08-31
AMH002997,ACFT00083,2023-07-23,A-Check,493730.55,2024-06-30
AMH002998,ACFT00180,2024-10-05,A-Check,322074.09,2025-09-16
AMH002999,ACFT00033,2019-08-23,A-Check,376617.19,2021-01-30
AMH003000,ACFT00396,2025-02-21,A-Check,395695.18,2026-10-18
AMH003001,ACFT00344,2023-12-03,Unscheduled Repair,431271.7,2025-02-23
AMH003002,ACFT00039,2021-06-17,A-Check,363718.15,2022-04-16
AMH003003,ACFT00534,2018-12-07,Unscheduled Repair,460885.15,2020-12-01
AMH003004,ACFT00138,2025-06-27,B-Check,396846.61,2027-02-03
AMH003005,ACFT00350,2023-03-13,A-Check,10032.8,2024-09-26
AMH003006,ACFT00185,2023-08-14,A-Check,302729.07,2024-12-22
AMH003007,ACFT00079,2019-07-10,A-Check,287437.78,2020-08-30
AMH003008,ACFT00383,2021-08-31,B-Check,194186.92,2022-04-24
AMH003009,ACFT00437,2023-04-22,C-Check,378526.59,2024-02-26
AMH003010,ACFT00132,2025-04-08,A-Check,447932.48,2026-08-04
AMH003011,ACFT00261,2022-05-13,A-Check,344134.78,2023-03-09
AMH003012,ACFT00127,2023-08-18,C-Check,446653.87,2023-12-14
AMH003013,ACFT00556,2018-06-10,A-Check,149489.7,2019-08-29
AMH003014,ACFT00421,2025-09-15,B-Check,257451.03,2026-01-29
AMH003015,ACFT00236,2025-05-20,C-Check,385121.84,2025-10-22
AMH003016,ACFT00375,2023-12-09,A-Check,147448.46,2025-04-18
AMH003017,ACFT00549,2023-10-21,A-Check,464563.05,2025-07-14
AMH003018,ACFT00083,2019-02-15,C-Check,372694.8,2019-07-21
AMH003019,ACFT00468,2025-03-05,A-Check,357949.37,2027-02-18
AMH003020,ACFT00516,2018-08-13,B-Check,102263.14,2019-12-15
AMH003021,ACFT00036,2020-10-23,A-Check,474980.18,2021-11-11
AMH003022,ACFT00309,2019-01-11,Unscheduled Repair,431803.67,2019-07-10
AMH003023,ACFT00449,2018-08-21,C-Check,120445.34,2019-12-01
AMH003024,ACFT00396,2025-03-20,A-Check,326197.93,2026-01-17
AMH003025,ACFT00340,2020-08-09,C-Check,433656.08,2022-06-10
AMH003026,ACFT00321,2022-10-15,A-Check,243712.03,2023-03-09
AMH003027,ACFT00136,2024-11-21,Unscheduled Repair,208748.55,2025-03-12
AMH003028,ACFT00296,2021-08-30,B-Check,154049.01,2022-10-11
AMH003029,ACFT00305,2023-04-21,A-Check,23691.03,2024-01-16
AMH003030,ACFT00148,2026-04-16,B-Check,57361.02,2027-12-26
AMH003031,ACFT00574,2022-08-24,A-Check,133059.34,2023-02-25
AMH003032,ACFT00525,2026-02-16,A-Check,229094.65,2026-06-04
AMH003033,ACFT00523,2025-03-15,B-Check,6506.24,2027-01-30
AMH003034,ACFT00074,2024-06-04,A-Check,498217.6,2025-08-05
AMH003035,ACFT00535,2024-09-08,B-Check,177703.63,2026-02-08
AMH003036,ACFT00267,2019-05-18,C-Check,466186.15,2020-07-27
AMH003037,ACFT00595,2021-02-12,B-Check,62591.52,2022-07-07
AMH003038,ACFT00150,2019-11-10,B-Check,230989.76,2020-12-06
AMH003039,ACFT00275,2025-06-20,B-Check,313740.24,2027-05-06
AMH003040,ACFT00137,2023-02-08,Unscheduled Repair,341239.68,2023-08-27
AMH003041,ACFT00430,2024-03-08,C-Check,267442.24,2025-08-31
AMH003042,ACFT00369,2021-02-25,A-Check,362038.06,2022-12-09
AMH003043,ACFT00586,2020-04-06,Unscheduled Repair,26751.48,2021-05-07
AMH003044,ACFT00550,2021-07-31,C-Check,231840.59,2023-01-14
AMH003045,ACFT00565,2021-08-25,A-Check,211067.87,2022-01-25
AMH003046,ACFT00051,2022-03-19,B-Check,77557.72,2023-01-27
AMH003047,ACFT00003,2018-11-25,B-Check,398353.69,2020-10-04
AMH003048,ACFT00040,2021-05-02,A-Check,7378.86,2022-12-15
AMH003049,ACFT00462,2019-10-01,B-Check,498254.03,2021-02-18
AMH003050,ACFT00079,2018-09-04,C-Check,377348.96,2019-02-11
AMH003051,ACFT00184,2018-01-03,A-Check,222475.8,2019-02-01
AMH003052,ACFT00146,2019-05-05,A-Check,26282.18,2020-01-20
AMH003053,ACFT00448,2018-11-01,D-Check,54610.89,2019-07-25
AMH003054,ACFT00410,2018-01-15,C-Check,383034.86,2019-03-05
AMH003055,ACFT00522,2023-04-29,A-Check,296397.21,2023-11-12
AMH003056,ACFT00444,2019-12-31,A-Check,363165.55,2021-07-02
AMH003057,ACFT00083,2022-04-08,B-Check,364712.14,2023-06-26
AMH003058,ACFT00181,2026-03-19,A-Check,227351.69,2027-02-08
AMH003059,ACFT00273,2018-03-31,A-Check,45782.62,2020-01-15
AMH003060,ACFT00271,2024-11-20,C-Check,291614.43,2025-10-02
AMH003061,ACFT00326,2024-10-14,B-Check,114545.27,2025-01-30
AMH003062,ACFT00232,2018-02-07,B-Check,281424.54,2018-11-19
AMH003063,ACFT00082,2020-04-25,A-Check,137645.88,2021-09-09
AMH003064,ACFT00324,2019-12-02,A-Check,433047.97,2020-11-30
AMH003065,ACFT00132,2022-01-27,Unscheduled Repair,325707.55,2023-11-13
AMH003066,ACFT00266,2024-08-18,B-Check,159858.43,2025-03-31
AMH003067,ACFT00490,2025-09-14,B-Check,164530.56,2026-06-24
AMH003068,ACFT00447,2024-07-30,B-Check,108312.08,2025-10-13
AMH003069,ACFT00057,2024-09-09,D-Check,397701.12,2026-03-20
AMH003070,ACFT00424,2026-06-09,B-Check,430381.63,2027-03-19
AMH003071,ACFT00186,2022-08-05,Unscheduled Repair,127162.31,2023-03-17
AMH003072,ACFT00171,2024-01-10,A-Check,385224.95,2024-10-31
AMH003073,ACFT00276,2022-07-23,C-Check,258952.19,2024-01-24
AMH003074,ACFT00450,2019-03-18,A-Check,416433.83,2020-04-06
AMH003075,ACFT00302,2024-11-10,A-Check,7030.12,2025-07-26
AMH003076,ACFT00172,2026-05-13,A-Check,376726.61,2027-04-01
AMH003077,ACFT00164,2020-08-06,B-Check,342183.77,2020-12-31
AMH003078,ACFT00351,2024-05-29,Unscheduled Repair,58042.78,2025-06-14
AMH003079,ACFT00505,2021-12-21,Unscheduled Repair,96314.2,2023-05-20
AMH003080,ACFT00098,2022-10-26,A-Check,152692.84,2024-01-26
AMH003081,ACFT00222,2018-02-11,B-Check,223581.97,2018-09-28
AMH003082,ACFT00048,2020-02-11,C-Check,217986.45,2020-05-18
AMH003083,ACFT00342,2019-05-25,A-Check,462167.31,2020-08-02
AMH003084,ACFT00385,2022-03-03,A-Check,383046.62,2023-01-28
AMH003085,ACFT00232,2019-12-02,A-Check,23896.72,2021-07-01
AMH003086,ACFT00009,2021-10-08,C-Check,491234.62,2023-02-05
AMH003087,ACFT00266,2023-11-07,B-Check,424820.36,2024-05-03
AMH003088,ACFT00106,2021-05-05,A-Check,413702.02,2022-11-06
AMH003089,ACFT00473,2022-01-11,Unscheduled Repair,194009.35,2022-05-09
AMH003090,ACFT00546,2022-06-06,A-Check,288691.96,2023-12-19
AMH003091,ACFT00140,2018-10-10,D-Check,225042.1,2020-05-11
AMH003092,ACFT00579,2025-06-24,Unscheduled Repair,66718.73,2026-01-15
AMH003093,ACFT00270,2026-03-25,B-Check,361699.63,2026-09-04
AMH003094,ACFT00381,2026-07-04,Unscheduled Repair,276098.12,2027-07-18
AMH003095,ACFT00542,2025-07-05,A-Check,34805.76,2026-03-12
AMH003096,ACFT00369,2025-04-13,D-Check,308059.68,2026-08-06
AMH003097,ACFT00470,2026-01-19,A-Check,341757.06,2026-10-01
AMH003098,ACFT00499,2019-02-22,Unscheduled Repair,44669.01,2020-05-18
AMH003099,ACFT00398,2024-04-17,Unscheduled Repair,377496.21,2024-07-17
AMH003100,ACFT00065,2020-06-25,A-Check,290075.68,2021-05-13
AMH003101,ACFT00253,2019-09-08,B-Check,142010.81,2020-09-19
AMH003102,ACFT00379,2024-05-13,C-Check,233191.92,2024-11-27
AMH003103,ACFT00061,2019-01-19,C-Check,124124.86,2019-10-11
AMH003104,ACFT00409,2021-03-09,D-Check,134064.72,2023-01-24
AMH003105,ACFT00125,2018-10-06,A-Check,496556.8,2020-07-11
AMH003106,ACFT00500,2023-08-31,A-Check,462868.27,2024-09-18
AMH003107,ACFT00350,2025-07-18,A-Check,365681.87,2027-03-20
AMH003108,ACFT00207,2018-10-14,Unscheduled Repair,404522.65,2020-05-24
AMH003109,ACFT00245,2023-12-10,A-Check,51028.86,2024-03-31
AMH003110,ACFT00454,2025-11-03,C-Check,89558.92,2026-08-29
AMH003111,ACFT00512,2026-02-01,B-Check,390589.82,2026-10-16
AMH003112,ACFT00052,2026-03-18,A-Check,123946.95,2027-09-25
AMH003113,ACFT00328,2023-07-14,B-Check,285540.59,2024-09-07
AMH003114,ACFT00187,2025-07-25,Unscheduled Repair,336658.65,2025-12-29
AMH003115,ACFT00524,2018-10-26,A-Check,495992.69,2019-03-13
AMH003116,ACFT00353,2025-05-07,Unscheduled Repair,389258.56,2026-08-11
AMH003117,ACFT00076,2023-03-29,A-Check,229635.76,2024-12-01
AMH003118,ACFT00540,2023-02-10,B-Check,208924.81,2023-07-30
AMH003119,ACFT00022,2020-11-21,A-Check,355681.65,2022-01-11
AMH003120,ACFT00231,2019-09-12,D-Check,353716.44,2021-08-15
AMH003121,ACFT00318,2023-04-17,C-Check,12319.22,2023-12-29
AMH003122,ACFT00028,2019-02-26,A-Check,95354.6,2020-04-19
AMH003123,ACFT00513,2024-01-05,D-Check,462755.01,2025-08-13
AMH003124,ACFT00216,2023-03-12,C-Check,440496.77,2024-06-29
AMH003125,ACFT00424,2020-05-29,B-Check,148405.32,2021-11-10
AMH003126,ACFT00214,2018-12-15,A-Check,382833.43,2020-09-24
AMH003127,ACFT00448,2022-12-25,A-Check,245117.88,2024-03-13
AMH003128,ACFT00571,2018-02-01,A-Check,249527.33,2018-05-02
AMH003129,ACFT00371,2024-03-22,A-Check,355411.96,2025-05-25
AMH003130,ACFT00259,2026-04-06,Unscheduled Repair,119491.28,2027-11-29
AMH003131,ACFT00317,2018-01-29,Unscheduled Repair,262721.73,2019-11-24
AMH003132,ACFT00342,2025-05-08,A-Check,460219.63,2026-07-13
AMH003133,ACFT00184,2025-08-13,A-Check,54743.52,2026-03-17
AMH003134,ACFT00347,2024-07-17,B-Check,281490.14,2026-02-06
AMH003135,ACFT00040,2021-08-25,A-Check,183070.18,2022-01-18
AMH003136,ACFT00490,2023-04-04,B-Check,304276.42,2023-07-04
AMH003137,ACFT00010,2021-10-18,C-Check,36481.94,2022-09-17
AMH003138,ACFT00319,2018-05-21,A-Check,33770.8,2019-06-29
AMH003139,ACFT00160,2020-12-12,A-Check,54843.25,2022-03-23
AMH003140,ACFT00167,2018-01-10,Unscheduled Repair,369179.3,2019-10-06
AMH003141,ACFT00197,2023-08-31,Unscheduled Repair,487833.32,2024-04-06
AMH003142,ACFT00211,2018-11-17,A-Check,379949.46,2020-10-17
AMH003143,ACFT00434,2021-06-10,A-Check,224326.6,2021-10-08
AMH003144,ACFT00293,2021-01-27,B-Check,222546.1,2021-09-10
AMH003145,ACFT00325,2021-11-07,Unscheduled Repair,36793.31,2022-02-15
AMH003146,ACFT00391,2022-05-22,D-Check,346931.0,2022-08-28
AMH003147,ACFT00334,2025-09-09,C-Check,321617.46,2027-01-16
AMH003148,ACFT00043,2018-09-29,C-Check,365094.0,2020-07-23
AMH003149,ACFT00115,2021-10-14,C-Check,67296.53,2022-11-16
AMH003150,ACFT00293,2024-03-19,Unscheduled Repair,266177.65,2024-11-20
AMH003151,ACFT00515,2020-10-11,Unscheduled Repair,172987.26,2021-04-05
AMH003152,ACFT00573,2018-10-06,A-Check,410255.14,2019-02-15
AMH003153,ACFT00566,2025-05-28,A-Check,122761.49,2026-07-02
AMH003154,ACFT00320,2023-11-10,C-Check,394870.52,2024-08-20
AMH003155,ACFT00515,2018-01-28,B-Check,146880.87,2018-08-25
AMH003156,ACFT00028,2023-06-28,B-Check,257588.69,2025-04-30
AMH003157,ACFT00203,2023-10-26,A-Check,421507.98,2025-02-02
AMH003158,ACFT00577,2018-05-09,C-Check,259292.12,2018-09-25
AMH003159,ACFT00364,2025-05-07,A-Check,101781.65,2027-04-14
AMH003160,ACFT00560,2018-10-19,C-Check,297512.93,2019-12-08
AMH003161,ACFT00064,2021-01-14,B-Check,487606.61,2022-10-05
AMH003162,ACFT00149,2025-03-19,C-Check,457671.42,2025-11-26
AMH003163,ACFT00549,2019-11-25,A-Check,282409.76,2021-06-09
AMH003164,ACFT00064,2025-10-03,D-Check,277939.29,2027-04-24
AMH003165,ACFT00196,2024-07-29,D-Check,390002.26,2025-05-25
AMH003166,ACFT00312,2019-01-17,Unscheduled Repair,461117.95,2020-04-03
AMH003167,ACFT00443,2022-07-28,A-Check,458075.89,2023-10-04
AMH003168,ACFT00595,2018-05-16,A-Check,124833.85,2019-02-01
AMH003169,ACFT00147,2019-06-10,C-Check,134694.58,2021-01-29
AMH003170,ACFT00439,2023-03-09,B-Check,305292.22,2024-05-31
AMH003171,ACFT00543,2022-12-15,Unscheduled Repair,169821.06,2023-05-19
AMH003172,ACFT00598,2023-01-01,A-Check,248048.81,2024-02-11
AMH003173,ACFT00096,2019-01-13,A-Check,170704.07,2020-03-03
AMH003174,ACFT00246,2024-06-27,A-Check,333306.87,2026-03-22
AMH003175,ACFT00196,2022-10-07,A-Check,437056.3,2024-04-19
AMH003176,ACFT00443,2020-12-29,B-Check,270235.89,2021-04-08
AMH003177,ACFT00520,2021-02-05,A-Check,16418.09,2022-11-27
AMH003178,ACFT00242,2023-01-27,B-Check,116460.7,2023-10-12
AMH003179,ACFT00321,2022-04-28,A-Check,53460.93,2022-09-22
AMH003180,ACFT00230,2019-07-30,Unscheduled Repair,442733.49,2020-09-26
AMH003181,ACFT00437,2024-05-16,D-Check,107960.45,2025-12-22
AMH003182,ACFT00071,2019-05-31,B-Check,473052.99,2020-09-11
AMH003183,ACFT00376,2022-11-18,A-Check,72356.92,2024-10-07
AMH003184,ACFT00395,2026-07-20,A-Check,173349.9,2027-07-18
AMH003185,ACFT00448,2021-01-08,A-Check,86620.11,2021-05-27
AMH003186,ACFT00222,2018-04-03,B-Check,392907.87,2019-07-03
AMH003187,ACFT00574,2020-09-05,B-Check,300946.09,2021-11-07
AMH003188,ACFT00262,2023-12-01,Unscheduled Repair,223260.69,2025-04-11
AMH003189,ACFT00490,2020-10-22,C-Check,157738.61,2021-09-18
AMH003190,ACFT00592,2024-08-25,A-Check,128613.62,2026-01-27
AMH003191,ACFT00023,2020-05-07,A-Check,18580.89,2022-02-27
AMH003192,ACFT00518,2022-07-01,A-Check,231921.8,2023-07-07
AMH003193,ACFT00381,2020-03-02,A-Check,466209.82,2020-11-12
AMH003194,ACFT00462,2026-02-13,A-Check,266842.72,2026-05-27
AMH003195,ACFT00591,2023-06-26,A-Check,383758.3,2024-05-15
AMH003196,ACFT00276,2023-05-29,A-Check,281102.71,2024-04-22
AMH003197,ACFT00288,2026-06-15,Unscheduled Repair,19610.83,2027-03-03
AMH003198,ACFT00318,2025-07-22,Unscheduled Repair,272241.19,2027-02-10
AMH003199,ACFT00022,2018-04-03,C-Check,118310.87,2019-09-05
AMH003200,ACFT00172,2022-06-13,A-Check,357988.47,2022-09-16
AMH003201,ACFT00514,2024-01-29,A-Check,146606.18,2025-07-22
AMH003202,ACFT00037,2018-11-15,A-Check,244465.24,2020-04-23
AMH003203,ACFT00067,2018-12-25,Unscheduled Repair,405430.37,2020-04-13
AMH003204,ACFT00129,2021-02-01,C-Check,443554.27,2021-05-18
AMH003205,ACFT00355,2020-01-11,C-Check,220785.04,2020-06-09
AMH003206,ACFT00574,2024-04-10,A-Check,74410.65,2025-01-27
AMH003207,ACFT00427,2020-11-15,A-Check,23514.29,2022-02-21
AMH003208,ACFT00134,2025-11-03,A-Check,415756.51,2026-05-07
AMH003209,ACFT00106,2019-05-16,C-Check,92006.61,2020-04-21
AMH003210,ACFT00317,2025-04-02,Unscheduled Repair,271875.39,2025-11-17
AMH003211,ACFT00325,2025-08-25,A-Check,390452.94,2026-05-25
AMH003212,ACFT00574,2018-07-25,A-Check,211392.91,2019-10-07
AMH003213,ACFT00210,2022-03-16,A-Check,307871.1,2022-09-07
AMH003214,ACFT00326,2024-08-03,Unscheduled Repair,48674.04,2026-02-20
AMH003215,ACFT00247,2023-12-19,D-Check,65434.44,2024-11-15
AMH003216,ACFT00063,2025-03-31,C-Check,71650.22,2025-11-22
AMH003217,ACFT00309,2021-07-15,A-Check,300771.74,2023-06-30
AMH003218,ACFT00077,2019-03-19,B-Check,360734.98,2019-12-14
AMH003219,ACFT00574,2020-07-20,B-Check,177814.27,2021-12-17
AMH003220,ACFT00099,2024-11-17,B-Check,46170.71,2025-04-05
AMH003221,ACFT00343,2025-12-28,A-Check,7702.63,2027-10-31
AMH003222,ACFT00507,2020-11-29,Unscheduled Repair,31088.75,2021-10-22
AMH003223,ACFT00600,2022-06-02,B-Check,93625.19,2024-01-19
AMH003224,ACFT00454,2018-08-08,A-Check,12402.57,2019-05-29
AMH003225,ACFT00040,2024-02-21,A-Check,351595.06,2026-01-22
AMH003226,ACFT00566,2018-04-14,D-Check,237993.05,2019-05-25
AMH003227,ACFT00488,2018-07-26,A-Check,286543.8,2019-05-25
AMH003228,ACFT00043,2019-10-03,Unscheduled Repair,496639.74,2021-07-04
AMH003229,ACFT00130,2023-08-28,B-Check,346851.68,2025-03-31
AMH003230,ACFT00438,2019-10-26,A-Check,83203.09,2020-11-12
AMH003231,ACFT00165,2019-05-19,D-Check,176485.49,2021-01-26
AMH003232,ACFT00400,2022-11-25,B-Check,55216.11,2023-04-22
AMH003233,ACFT00391,2019-12-08,A-Check,62740.19,2021-08-20
AMH003234,ACFT00013,2023-05-12,B-Check,406688.15,2024-08-11
AMH003235,ACFT00168,2026-07-16,A-Check,28122.73,2027-09-02
AMH003236,ACFT00435,2018-04-05,A-Check,363373.02,2019-06-19
AMH003237,ACFT00201,2021-01-15,B-Check,452145.07,2021-04-20
AMH003238,ACFT00309,2020-09-06,B-Check,483509.51,2021-12-04
AMH003239,ACFT00030,2020-08-03,A-Check,451093.53,2020-12-14
AMH003240,ACFT00407,2026-07-12,B-Check,305897.66,2027-11-12
AMH003241,ACFT00273,2023-01-28,D-Check,155106.13,2023-10-20
AMH003242,ACFT00160,2022-10-26,A-Check,409464.08,2024-09-03
AMH003243,ACFT00114,2022-05-14,Unscheduled Repair,423594.53,2023-12-01
AMH003244,ACFT00011,2019-10-19,A-Check,219870.85,2021-01-21
AMH003245,ACFT00598,2023-04-27,A-Check,188429.13,2025-01-12
AMH003246,ACFT00573,2023-03-20,B-Check,194357.7,2023-10-28
AMH003247,ACFT00226,2019-06-11,B-Check,115819.75,2019-09-21
AMH003248,ACFT00217,2019-10-09,C-Check,71709.93,2021-01-17
AMH003249,ACFT00397,2021-11-15,C-Check,247474.59,2023-05-19
AMH003250,ACFT00267,2023-04-06,A-Check,190334.21,2023-11-06
AMH003251,ACFT00592,2023-07-10,D-Check,92490.58,2023-12-30
AMH003252,ACFT00565,2025-01-08,A-Check,33783.44,2026-09-21
AMH003253,ACFT00360,2021-12-18,A-Check,446257.36,2022-12-16
AMH003254,ACFT00075,2019-02-12,Unscheduled Repair,296930.26,2020-02-28
AMH003255,ACFT00105,2024-06-26,B-Check,76185.8,2024-09-28
AMH003256,ACFT00188,2022-08-19,A-Check,69738.82,2023-09-30
AMH003257,ACFT00036,2025-09-09,C-Check,300306.2,2026-11-08
AMH003258,ACFT00590,2023-06-11,Unscheduled Repair,303341.93,2025-01-30
AMH003259,ACFT00290,2019-12-27,A-Check,205251.1,2020-05-20
AMH003260,ACFT00417,2020-05-27,C-Check,121395.88,2020-12-12
AMH003261,ACFT00040,2025-02-20,B-Check,213068.82,2026-09-22
AMH003262,ACFT00087,2019-05-03,B-Check,99210.21,2020-01-15
AMH003263,ACFT00408,2025-12-06,A-Check,209554.54,2027-10-16
AMH003264,ACFT00592,2022-03-02,D-Check,302764.93,2022-06-18
AMH003265,ACFT00053,2018-08-08,C-Check,334565.28,2019-08-02
AMH003266,ACFT00181,2023-06-04,B-Check,445257.97,2023-10-25
AMH003267,ACFT00088,2018-11-02,A-Check,345800.55,2019-11-12
AMH003268,ACFT00497,2018-10-04,B-Check,75901.99,2020-09-02
AMH003269,ACFT00384,2023-03-05,A-Check,65698.22,2024-12-28
AMH003270,ACFT00060,2023-09-03,A-Check,117879.85,2024-12-20
AMH003271,ACFT00561,2021-01-28,A-Check,39722.09,2021-12-23
AMH003272,ACFT00418,2025-03-14,A-Check,429740.88,2027-01-19
AMH003273,ACFT00227,2025-11-06,C-Check,403253.35,2027-11-01
AMH003274,ACFT00191,2024-03-21,C-Check,265911.45,2025-06-02
AMH003275,ACFT00466,2021-09-18,B-Check,472440.66,2023-02-26
AMH003276,ACFT00363,2023-08-02,A-Check,467914.85,2023-12-10
AMH003277,ACFT00471,2020-04-29,A-Check,297851.63,2021-11-09
AMH003278,ACFT00486,2025-10-05,B-Check,270018.64,2027-01-03
AMH003279,ACFT00355,2022-08-28,Unscheduled Repair,165621.8,2024-03-11
AMH003280,ACFT00503,2022-07-15,B-Check,147172.64,2024-07-08
AMH003281,ACFT00084,2019-01-12,A-Check,304138.13,2019-07-17
AMH003282,ACFT00444,2018-10-25,A-Check,91097.46,2019-03-09
AMH003283,ACFT00444,2018-12-23,B-Check,116563.48,2019-04-24
AMH003284,ACFT00112,2022-01-30,A-Check,161699.43,2022-08-14
AMH003285,ACFT00106,2021-09-16,A-Check,25432.92,2023-08-14
AMH003286,ACFT00459,2022-09-26,A-Check,147033.18,2023-02-19
AMH003287,ACFT00056,2018-05-15,C-Check,470625.2,2019-06-25
AMH003288,ACFT00597,2020-10-19,B-Check,329089.17,2021-02-16
AMH003289,ACFT00057,2020-11-27,D-Check,63265.11,2021-10-23
AMH003290,ACFT00549,2019-03-01,A-Check,325563.17,2020-04-15
AMH003291,ACFT00537,2019-01-10,A-Check,475807.01,2019-08-25
AMH003292,ACFT00031,2026-01-23,A-Check,76279.5,2027-09-19
AMH003293,ACFT00557,2025-11-12,C-Check,212310.7,2026-08-26
AMH003294,ACFT00532,2024-05-27,C-Check,192664.43,2024-09-26
AMH003295,ACFT00466,2020-03-17,C-Check,450327.16,2021-05-23
AMH003296,ACFT00277,2019-06-20,A-Check,222322.07,2021-01-20
AMH003297,ACFT00596,2024-10-07,D-Check,136437.05,2026-09-10
AMH003298,ACFT00097,2018-04-08,C-Check,129113.8,2019-06-15
AMH003299,ACFT00453,2022-09-09,A-Check,102072.12,2023-04-04
AMH003300,ACFT00323,2022-04-06,A-Check,412719.17,2023-09-15
AMH003301,ACFT00119,2020-02-19,C-Check,26286.25,2021-10-20
AMH003302,ACFT00440,2024-07-03,C-Check,317507.22,2026-03-13
AMH003303,ACFT00525,2022-11-25,A-Check,84217.19,2024-10-06
AMH003304,ACFT00501,2021-11-01,B-Check,324702.45,2023-02-28
AMH003305,ACFT00538,2019-09-15,C-Check,57553.67,2020-02-07
AMH003306,ACFT00162,2025-01-14,A-Check,397147.03,2026-09-11
AMH003307,ACFT00361,2022-12-26,B-Check,128546.82,2024-08-01
AMH003308,ACFT00595,2025-04-25,C-Check,175535.12,2026-12-16
AMH003309,ACFT00148,2020-01-11,A-Check,273190.57,2021-07-05
AMH003310,ACFT00556,2023-01-22,A-Check,383115.06,2023-06-07
AMH003311,ACFT00452,2026-05-18,B-Check,232539.88,2028-01-03
AMH003312,ACFT00123,2018-10-17,C-Check,499523.5,2020-05-17
AMH003313,ACFT00537,2019-12-21,A-Check,492674.52,2020-06-01
AMH003314,ACFT00003,2019-12-18,B-Check,384580.71,2021-09-27
AMH003315,ACFT00017,2024-01-07,A-Check,71976.23,2025-10-02
AMH003316,ACFT00049,2018-05-12,B-Check,125674.66,2019-11-08
AMH003317,ACFT00098,2020-11-06,A-Check,54577.53,2022-06-27
AMH003318,ACFT00163,2025-03-22,C-Check,107875.24,2026-06-11
AMH003319,ACFT00421,2023-04-06,C-Check,393573.69,2023-10-04
AMH003320,ACFT00141,2020-05-17,A-Check,447271.62,2022-01-07
AMH003321,ACFT00205,2022-12-20,B-Check,388047.27,2023-03-23
AMH003322,ACFT00210,2022-12-12,A-Check,110759.74,2024-02-25
AMH003323,ACFT00316,2023-09-23,A-Check,223812.19,2024-12-11
AMH003324,ACFT00131,2022-06-15,Unscheduled Repair,218265.13,2023-05-02
AMH003325,ACFT00012,2020-04-12,A-Check,249549.69,2020-12-23
AMH003326,ACFT00371,2021-03-22,C-Check,244005.89,2022-11-28
AMH003327,ACFT00208,2018-01-10,A-Check,489139.82,2019-01-18
AMH003328,ACFT00430,2024-01-29,A-Check,120312.19,2025-11-01
AMH003329,ACFT00178,2020-09-23,C-Check,245768.41,2022-02-27
AMH003330,ACFT00069,2020-04-21,A-Check,487859.68,2021-04-25
AMH003331,ACFT00299,2023-03-18,B-Check,272648.67,2023-08-01
AMH003332,ACFT00513,2022-06-14,A-Check,369732.93,2023-01-22
AMH003333,ACFT00330,2022-06-27,C-Check,301805.03,2023-02-17
AMH003334,ACFT00323,2021-04-28,B-Check,92249.2,2022-04-12
AMH003335,ACFT00599,2020-08-31,A-Check,254729.38,2021-03-29
AMH003336,ACFT00113,2020-10-14,A-Check,189937.76,2021-05-27
AMH003337,ACFT00119,2018-08-04,A-Check,140892.36,2020-05-08
AMH003338,ACFT00281,2025-08-28,C-Check,436743.59,2027-06-14
AMH003339,ACFT00245,2026-04-29,A-Check,303104.01,2027-02-09
AMH003340,ACFT00397,2018-05-29,A-Check,487721.6,2019-08-17
AMH003341,ACFT00376,2018-07-08,A-Check,328678.47,2019-02-23
AMH003342,ACFT00190,2021-10-18,B-Check,281531.68,2023-01-22
AMH003343,ACFT00075,2025-03-31,Unscheduled Repair,399105.32,2026-07-13
AMH003344,ACFT00092,2020-11-12,Unscheduled Repair,466757.26,2022-05-13
AMH003345,ACFT00584,2021-04-02,A-Check,28024.22,2021-11-27
AMH003346,ACFT00108,2023-03-24,A-Check,439772.66,2024-02-25
AMH003347,ACFT00147,2024-05-07,B-Check,304228.59,2025-09-12
AMH003348,ACFT00273,2020-09-20,A-Check,210067.24,2022-02-18
AMH003349,ACFT00163,2024-07-13,A-Check,43855.27,2026-06-07
AMH003350,ACFT00344,2023-10-31,A-Check,201693.76,2025-10-16
AMH003351,ACFT00062,2021-09-17,B-Check,49190.04,2023-09-09
AMH003352,ACFT00035,2024-04-27,A-Check,249531.17,2025-02-27
AMH003353,ACFT00129,2024-01-20,A-Check,306027.21,2025-12-14
AMH003354,ACFT00478,2022-10-29,C-Check,112564.05,2023-10-17
AMH003355,ACFT00507,2020-11-01,C-Check,459379.98,2022-06-04
AMH003356,ACFT00479,2021-05-09,C-Check,156679.44,2023-01-31
AMH003357,ACFT00057,2025-11-18,Unscheduled Repair,231046.69,2027-10-02
AMH003358,ACFT00232,2022-12-11,C-Check,263613.42,2024-02-21
AMH003359,ACFT00538,2022-08-29,C-Check,253139.15,2023-06-02
AMH003360,ACFT00109,2018-11-19,B-Check,149757.84,2019-12-03
AMH003361,ACFT00469,2022-08-28,D-Check,13104.18,2023-06-28
AMH003362,ACFT00140,2026-07-24,C-Check,462040.57,2026-11-27
AMH003363,ACFT00013,2026-02-25,A-Check,146201.58,2027-07-29
AMH003364,ACFT00215,2018-11-15,B-Check,265428.89,2020-09-11
AMH003365,ACFT00379,2026-03-12,B-Check,402191.53,2026-07-18
AMH003366,ACFT00476,2024-11-27,B-Check,362375.86,2025-07-01
AMH003367,ACFT00568,2026-02-13,B-Check,492159.89,2027-08-15
AMH003368,ACFT00044,2022-12-30,C-Check,343491.91,2024-06-05
AMH003369,ACFT00386,2025-02-01,A-Check,300134.08,2027-01-12
AMH003370,ACFT00017,2020-11-24,B-Check,169398.85,2021-08-12
AMH003371,ACFT00148,2018-06-22,B-Check,171856.98,2019-07-11
AMH003372,ACFT00172,2024-03-04,Unscheduled Repair,255611.11,2024-12-09
AMH003373,ACFT00335,2024-08-24,A-Check,256238.9,2025-02-14
AMH003374,ACFT00212,2023-03-20,B-Check,114328.97,2024-05-28
AMH003375,ACFT00111,2024-05-02,B-Check,27361.48,2024-11-06
AMH003376,ACFT00027,2022-06-17,D-Check,280592.52,2023-09-30
AMH003377,ACFT00400,2020-02-20,A-Check,82110.72,2021-06-14
AMH003378,ACFT00553,2020-06-18,C-Check,120487.18,2021-03-02
AMH003379,ACFT00203,2019-04-05,B-Check,4812.79,2019-11-16
AMH003380,ACFT00049,2023-01-10,A-Check,234157.73,2024-09-26
AMH003381,ACFT00068,2021-12-15,A-Check,166575.99,2023-11-17
AMH003382,ACFT00211,2023-09-24,C-Check,140575.68,2024-03-20
AMH003383,ACFT00493,2024-07-03,Unscheduled Repair,108148.46,2025-01-10
AMH003384,ACFT00131,2022-11-05,A-Check,75229.87,2023-06-08
AMH003385,ACFT00303,2021-03-03,B-Check,112076.95,2022-08-28
AMH003386,ACFT00184,2018-10-05,B-Check,9655.18,2020-08-26
AMH003387,ACFT00410,2022-05-05,C-Check,146086.19,2023-09-30
AMH003388,ACFT00591,2021-01-21,A-Check,353254.48,2021-09-29
AMH003389,ACFT00359,2018-11-23,D-Check,338140.33,2020-09-17
AMH003390,ACFT00010,2024-01-07,B-Check,340134.63,2025-04-29
AMH003391,ACFT00041,2021-06-30,A-Check,208789.11,2021-12-19
AMH003392,ACFT00057,2021-11-17,A-Check,321795.16,2023-10-21
AMH003393,ACFT00548,2026-04-20,B-Check,71164.61,2027-05-15
AMH003394,ACFT00212,2019-09-03,B-Check,48188.45,2020-07-23
AMH003395,ACFT00276,2020-10-04,A-Check,374422.43,2021-02-12
AMH003396,ACFT00150,2021-09-14,A-Check,83696.26,2023-08-20
AMH003397,ACFT00407,2023-06-13,A-Check,384186.6,2024-07-15
AMH003398,ACFT00214,2024-07-20,A-Check,367031.73,2025-04-01
AMH003399,ACFT00092,2025-10-27,C-Check,274747.04,2026-05-10
AMH003400,ACFT00435,2023-09-15,B-Check,492460.3,2024-11-22
AMH003401,ACFT00113,2023-05-24,A-Check,497805.82,2024-11-03
AMH003402,ACFT00437,2025-08-04,C-Check,439959.6,2027-03-19
AMH003403,ACFT00081,2022-06-11,A-Check,223741.78,2024-01-31
AMH003404,ACFT00503,2018-04-20,B-Check,247972.86,2019-05-20
AMH003405,ACFT00245,2021-11-15,C-Check,438757.08,2022-02-21
AMH003406,ACFT00076,2026-02-19,C-Check,388883.47,2026-10-31
AMH003407,ACFT00398,2019-03-26,A-Check,451272.76,2019-10-20
AMH003408,ACFT00247,2021-02-24,A-Check,207656.39,2023-01-18
AMH003409,ACFT00034,2022-11-21,D-Check,485787.4,2023-12-17
AMH003410,ACFT00033,2018-06-07,B-Check,70103.63,2019-02-04
AMH003411,ACFT00248,2021-02-18,Unscheduled Repair,492337.62,2022-04-18
AMH003412,ACFT00564,2024-10-25,Unscheduled Repair,339784.74,2025-09-05
AMH003413,ACFT00112,2019-11-03,C-Check,33983.87,2021-03-01
AMH003414,ACFT00563,2018-06-24,A-Check,399442.54,2020-01-15
AMH003415,ACFT00460,2019-03-21,A-Check,327394.13,2020-03-15
AMH003416,ACFT00103,2024-12-19,Unscheduled Repair,440883.53,2026-01-01
AMH003417,ACFT00298,2020-01-01,A-Check,348855.69,2021-11-04
AMH003418,ACFT00044,2025-03-02,A-Check,498823.62,2025-12-05
AMH003419,ACFT00507,2024-03-04,A-Check,5510.49,2025-02-13
AMH003420,ACFT00205,2021-02-01,A-Check,484202.16,2021-09-30
AMH003421,ACFT00475,2026-07-08,B-Check,164784.47,2027-11-04
AMH003422,ACFT00396,2020-06-22,A-Check,157507.99,2022-06-21
AMH003423,ACFT00583,2021-04-09,C-Check,434540.6,2022-10-11
AMH003424,ACFT00099,2020-01-05,Unscheduled Repair,31023.77,2021-06-08
AMH003425,ACFT00424,2020-01-21,B-Check,175659.57,2020-07-15
AMH003426,ACFT00469,2018-07-17,A-Check,26967.33,2020-04-21
AMH003427,ACFT00181,2025-07-02,A-Check,455309.11,2026-10-18
AMH003428,ACFT00315,2020-07-12,A-Check,326588.54,2022-05-04
AMH003429,ACFT00506,2023-02-18,B-Check,291334.84,2023-10-23
AMH003430,ACFT00113,2026-04-05,C-Check,59483.47,2027-04-16
AMH003431,ACFT00160,2018-02-05,A-Check,104835.5,2018-09-15
AMH003432,ACFT00451,2021-08-21,A-Check,42096.55,2022-07-25
AMH003433,ACFT00354,2023-12-18,A-Check,120510.4,2025-07-01
AMH003434,ACFT00351,2018-02-07,A-Check,305184.52,2019-05-08
AMH003435,ACFT00150,2019-07-05,B-Check,298407.65,2019-12-03
AMH003436,ACFT00539,2018-12-19,B-Check,85866.22,2020-08-05
AMH003437,ACFT00276,2018-11-03,D-Check,66168.32,2020-04-10
AMH003438,ACFT00191,2021-08-10,A-Check,327767.08,2023-07-15
AMH003439,ACFT00375,2021-04-06,D-Check,253191.64,2023-02-25
AMH003440,ACFT00244,2023-03-27,C-Check,262571.75,2023-07-07
AMH003441,ACFT00054,2020-01-04,B-Check,423337.37,2021-10-01
AMH003442,ACFT00099,2021-12-09,B-Check,185566.44,2023-03-20
AMH003443,ACFT00439,2024-01-08,A-Check,194174.7,2024-11-21
AMH003444,ACFT00026,2024-09-13,B-Check,157176.17,2025-03-09
AMH003445,ACFT00167,2023-08-13,A-Check,255027.69,2024-07-21
AMH003446,ACFT00547,2022-09-16,C-Check,279602.65,2024-07-18
AMH003447,ACFT00236,2018-12-09,Unscheduled Repair,280953.63,2019-05-28
AMH003448,ACFT00201,2019-05-10,B-Check,78859.4,2021-05-07
AMH003449,ACFT00453,2020-08-04,B-Check,242352.24,2021-03-17
AMH003450,ACFT00450,2020-12-29,B-Check,232808.92,2022-01-20
AMH003451,ACFT00328,2024-11-14,A-Check,386660.53,2025-12-19
AMH003452,ACFT00558,2021-10-24,B-Check,335011.1,2022-05-20
AMH003453,ACFT00267,2019-05-03,C-Check,85323.55,2021-01-24
AMH003454,ACFT00226,2023-06-02,A-Check,319933.09,2024-09-17
AMH003455,ACFT00272,2021-05-13,B-Check,271003.97,2022-02-18
AMH003456,ACFT00404,2024-10-13,C-Check,296483.08,2025-10-13
AMH003457,ACFT00481,2019-05-23,B-Check,487722.44,2019-11-14
AMH003458,ACFT00208,2020-05-19,A-Check,31051.71,2021-08-27
AMH003459,ACFT00464,2023-05-10,A-Check,28458.86,2024-07-12
AMH003460,ACFT00340,2022-07-14,B-Check,52197.11,2023-02-05
AMH003461,ACFT00207,2022-03-28,A-Check,429590.43,2022-12-29
AMH003462,ACFT00071,2020-12-29,C-Check,422579.05,2021-06-07
AMH003463,ACFT00397,2020-05-09,B-Check,445389.66,2020-09-18
AMH003464,ACFT00354,2023-10-27,A-Check,259553.28,2025-02-06
AMH003465,ACFT00441,2020-11-17,B-Check,401869.64,2022-05-18
AMH003466,ACFT00053,2022-01-29,A-Check,221127.61,2022-09-04
AMH003467,ACFT00269,2024-12-07,A-Check,82722.7,2025-06-05
AMH003468,ACFT00557,2020-01-23,D-Check,151355.67,2021-08-06
AMH003469,ACFT00032,2022-05-19,C-Check,302904.07,2022-11-26
AMH003470,ACFT00163,2023-06-01,D-Check,289905.61,2023-09-30
AMH003471,ACFT00004,2025-03-06,D-Check,147269.76,2026-12-07
AMH003472,ACFT00215,2025-11-11,D-Check,105537.12,2027-10-26
AMH003473,ACFT00112,2023-02-20,B-Check,233362.43,2023-06-28
AMH003474,ACFT00075,2023-06-22,A-Check,399188.06,2024-04-21
AMH003475,ACFT00538,2018-07-19,D-Check,332869.5,2019-10-07
AMH003476,ACFT00009,2019-10-24,B-Check,163945.87,2021-06-25
AMH003477,ACFT00551,2024-02-23,A-Check,99896.96,2025-05-11
AMH003478,ACFT00070,2020-02-25,C-Check,267964.19,2020-09-10
AMH003479,ACFT00036,2025-10-31,B-Check,275713.57,2026-01-29
AMH003480,ACFT00190,2020-10-27,C-Check,192406.38,2022-01-23
AMH003481,ACFT00229,2019-02-14,C-Check,285890.29,2019-08-15
AMH003482,ACFT00309,2024-03-06,B-Check,247890.68,2025-09-14
AMH003483,ACFT00013,2024-08-02,B-Check,199618.08,2025-11-14
AMH003484,ACFT00149,2018-01-25,C-Check,401627.49,2018-12-17
AMH003485,ACFT00379,2021-06-19,C-Check,447424.46,2022-07-12
AMH003486,ACFT00164,2019-04-15,Unscheduled Repair,210469.11,2020-10-29
AMH003487,ACFT00461,2023-08-07,B-Check,176406.54,2025-06-17
AMH003488,ACFT00365,2020-06-14,B-Check,354724.54,2020-12-25
AMH003489,ACFT00451,2019-05-20,A-Check,162658.9,2020-08-15
AMH003490,ACFT00079,2025-05-27,C-Check,467621.68,2026-06-03
AMH003491,ACFT00281,2022-11-04,Unscheduled Repair,174215.63,2023-08-22
AMH003492,ACFT00588,2023-10-07,B-Check,336059.53,2025-01-07
AMH003493,ACFT00139,2025-06-18,A-Check,45407.0,2026-04-06
AMH003494,ACFT00597,2024-02-15,A-Check,165189.89,2025-09-19
AMH003495,ACFT00086,2022-05-19,A-Check,74108.83,2023-06-21
AMH003496,ACFT00519,2019-10-30,A-Check,142937.98,2020-10-02
AMH003497,ACFT00064,2021-08-28,B-Check,170268.46,2022-07-10
AMH003498,ACFT00183,2018-02-06,B-Check,409411.88,2019-09-20
AMH003499,ACFT00226,2020-01-01,B-Check,133471.35,2021-08-06
AMH003500,ACFT00175,2019-06-08,A-Check,366311.43,2020-10-27
AMH003501,ACFT00528,2023-12-24,B-Check,439464.17,2025-06-07
AMH003502,ACFT00581,2019-12-21,B-Check,430272.71,2020-08-16
AMH003503,ACFT00009,2025-12-14,C-Check,263820.5,2027-04-18
AMH003504,ACFT00315,2024-10-01,B-Check,465549.77,2026-08-21
AMH003505,ACFT00171,2020-01-22,B-Check,21821.23,2020-04-27
AMH003506,ACFT00097,2023-09-15,A-Check,437778.4,2024-07-27
AMH003507,ACFT00079,2022-10-29,A-Check,462314.27,2024-10-24
AMH003508,ACFT00394,2021-04-16,Unscheduled Repair,102083.24,2021-11-05
AMH003509,ACFT00072,2021-05-01,A-Check,408209.03,2021-12-08
AMH003510,ACFT00307,2024-06-25,C-Check,204058.97,2025-10-22
AMH003511,ACFT00127,2023-04-27,A-Check,92553.8,2023-08-05
AMH003512,ACFT00593,2022-07-08,A-Check,157940.11,2022-12-21
AMH003513,ACFT00388,2025-05-26,Unscheduled Repair,419846.2,2026-03-16
AMH003514,ACFT00495,2025-08-29,B-Check,105404.11,2026-04-14
AMH003515,ACFT00514,2020-07-23,B-Check,293585.59,2021-03-01
AMH003516,ACFT00361,2023-06-01,A-Check,284924.12,2023-11-14
AMH003517,ACFT00440,2018-04-03,B-Check,46321.23,2018-12-09
AMH003518,ACFT00587,2018-03-04,C-Check,313889.82,2020-02-18
AMH003519,ACFT00275,2024-01-01,A-Check,147935.27,2025-09-20
AMH003520,ACFT00261,2024-09-27,A-Check,55217.25,2025-07-05
AMH003521,ACFT00478,2023-07-05,Unscheduled Repair,288564.29,2025-02-19
AMH003522,ACFT00260,2019-01-10,A-Check,312932.28,2020-06-11
AMH003523,ACFT00167,2019-09-20,A-Check,248779.11,2020-11-30
AMH003524,ACFT00141,2019-10-01,A-Check,138280.48,2020-06-13
AMH003525,ACFT00272,2025-03-29,A-Check,282042.31,2026-12-12
AMH003526,ACFT00436,2021-10-25,B-Check,8414.1,2023-06-23
AMH003527,ACFT00516,2018-09-06,B-Check,220709.64,2019-03-20
AMH003528,ACFT00247,2022-08-10,A-Check,447394.93,2023-11-20
AMH003529,ACFT00444,2023-02-22,A-Check,234128.27,2024-09-12
AMH003530,ACFT00099,2018-07-10,C-Check,224375.12,2020-04-22
AMH003531,ACFT00101,2018-07-02,D-Check,319564.37,2019-05-21
AMH003532,ACFT00110,2025-10-24,C-Check,482316.03,2027-04-09
AMH003533,ACFT00363,2019-05-24,A-Check,421223.38,2021-03-08
AMH003534,ACFT00572,2022-04-18,A-Check,420537.99,2022-11-06
AMH003535,ACFT00509,2022-04-04,B-Check,269879.27,2024-01-08
AMH003536,ACFT00150,2020-06-26,C-Check,235971.69,2020-11-27
AMH003537,ACFT00458,2019-01-17,B-Check,348974.44,2020-02-27
AMH003538,ACFT00402,2018-08-03,A-Check,435819.74,2019-12-12
AMH003539,ACFT00463,2019-11-25,C-Check,138167.08,2020-06-30
AMH003540,ACFT00103,2018-04-18,A-Check,166297.72,2019-07-04
AMH003541,ACFT00472,2018-08-13,A-Check,80383.92,2020-03-05
AMH003542,ACFT00400,2019-01-29,B-Check,129055.62,2020-06-04
AMH003543,ACFT00491,2022-07-01,A-Check,233951.3,2024-03-12
AMH003544,ACFT00438,2026-07-27,C-Check,29489.74,2027-03-15
AMH003545,ACFT00413,2023-09-21,C-Check,278127.28,2024-10-25
AMH003546,ACFT00481,2023-11-19,A-Check,413903.6,2025-03-18
AMH003547,ACFT00557,2018-02-10,B-Check,395768.09,2018-12-06
AMH003548,ACFT00554,2022-12-31,C-Check,327429.43,2023-11-17
AMH003549,ACFT00120,2020-08-22,B-Check,290185.32,2021-12-28
AMH003550,ACFT00389,2020-10-24,A-Check,407250.2,2021-02-12
AMH003551,ACFT00257,2023-08-18,D-Check,214999.45,2025-06-03
AMH003552,ACFT00545,2019-03-30,Unscheduled Repair,155144.62,2020-01-01
AMH003553,ACFT00170,2020-05-08,A-Check,336275.8,2021-08-02
AMH003554,ACFT00259,2021-08-15,C-Check,42498.78,2022-07-13
AMH003555,ACFT00268,2018-12-18,C-Check,91992.32,2020-03-17
AMH003556,ACFT00019,2019-04-08,B-Check,454727.81,2019-12-30
AMH003557,ACFT00505,2025-12-29,B-Check,30402.48,2027-05-02
AMH003558,ACFT00094,2021-11-13,A-Check,206770.28,2022-06-25
AMH003559,ACFT00146,2019-08-13,B-Check,461487.02,2020-11-02
AMH003560,ACFT00189,2018-11-14,B-Check,227606.79,2019-07-08
AMH003561,ACFT00052,2020-05-24,A-Check,408855.97,2021-08-31
AMH003562,ACFT00549,2024-06-21,B-Check,32004.78,2025-12-27
AMH003563,ACFT00154,2022-10-28,Unscheduled Repair,108374.95,2024-03-25
AMH003564,ACFT00008,2023-04-09,A-Check,365368.18,2024-10-31
AMH003565,ACFT00598,2022-01-30,Unscheduled Repair,454072.46,2023-02-10
AMH003566,ACFT00512,2019-05-10,A-Check,27967.41,2020-08-19
AMH003567,ACFT00546,2019-08-01,A-Check,32803.19,2021-05-08
AMH003568,ACFT00517,2018-02-03,A-Check,256942.48,2019-12-18
AMH003569,ACFT00378,2018-03-25,A-Check,158786.39,2018-11-29
AMH003570,ACFT00053,2023-06-25,A-Check,369842.49,2024-03-31
AMH003571,ACFT00589,2025-02-17,Unscheduled Repair,483422.24,2027-01-24
AMH003572,ACFT00142,2023-12-10,A-Check,346845.91,2025-07-31
AMH003573,ACFT00446,2025-10-03,C-Check,465822.5,2026-01-19
AMH003574,ACFT00440,2023-05-01,Unscheduled Repair,245193.61,2024-05-26
AMH003575,ACFT00351,2024-10-23,B-Check,242062.07,2026-07-07
AMH003576,ACFT00058,2025-10-02,B-Check,326211.76,2027-03-29
AMH003577,ACFT00142,2022-03-14,B-Check,376303.26,2023-04-08
AMH003578,ACFT00460,2020-10-06,A-Check,244263.39,2021-07-18
AMH003579,ACFT00568,2025-06-21,A-Check,341019.41,2026-07-18
AMH003580,ACFT00512,2021-11-02,A-Check,30928.53,2022-04-08
AMH003581,ACFT00508,2025-01-29,A-Check,303446.14,2025-04-29
AMH003582,ACFT00501,2023-01-02,C-Check,474540.39,2024-05-10
AMH003583,ACFT00100,2019-12-22,C-Check,220952.7,2020-10-03
AMH003584,ACFT00306,2020-09-03,C-Check,486296.38,2022-03-18
AMH003585,ACFT00117,2025-04-17,C-Check,83644.86,2027-01-26
AMH003586,ACFT00578,2025-05-22,A-Check,411169.03,2026-09-17
AMH003587,ACFT00167,2025-07-08,B-Check,390128.53,2026-07-06
AMH003588,ACFT00476,2021-10-06,B-Check,156611.13,2022-03-10
AMH003589,ACFT00032,2022-10-16,B-Check,350743.81,2023-06-01
AMH003590,ACFT00361,2026-05-15,C-Check,242394.42,2027-06-04
AMH003591,ACFT00455,2018-02-23,A-Check,332736.43,2019-09-10
AMH003592,ACFT00575,2026-05-29,C-Check,56918.15,2026-08-29
AMH003593,ACFT00498,2022-08-27,Unscheduled Repair,36626.83,2024-02-20
AMH003594,ACFT00066,2026-03-19,B-Check,139876.37,2028-03-17
AMH003595,ACFT00306,2023-08-20,C-Check,238742.81,2025-01-18
AMH003596,ACFT00560,2018-12-29,A-Check,392845.63,2020-06-27
AMH003597,ACFT00294,2026-06-12,C-Check,463884.92,2027-11-07
AMH003598,ACFT00560,2021-07-22,C-Check,442208.3,2023-01-10
AMH003599,ACFT00468,2023-05-09,C-Check,455495.16,2023-12-19
AMH003600,ACFT00432,2022-05-24,B-Check,444452.71,2023-10-05
AMH003601,ACFT00247,2019-10-15,A-Check,25480.67,2021-05-13
AMH003602,ACFT00484,2019-07-19,B-Check,402796.52,2020-01-16
AMH003603,ACFT00129,2025-10-18,B-Check,19695.4,2027-08-09
AMH003604,ACFT00586,2025-06-02,B-Check,454030.41,2025-10-14
AMH003605,ACFT00302,2024-10-01,B-Check,240318.76,2026-01-23
AMH003606,ACFT00482,2020-07-25,D-Check,77870.62,2021-12-03
AMH003607,ACFT00390,2019-03-07,B-Check,455057.04,2019-07-31
AMH003608,ACFT00165,2023-07-28,C-Check,361368.44,2025-03-18
AMH003609,ACFT00156,2021-05-22,A-Check,499115.77,2023-04-28
AMH003610,ACFT00406,2019-02-20,B-Check,295161.27,2019-06-23
AMH003611,ACFT00067,2022-06-14,C-Check,133700.42,2024-01-26
AMH003612,ACFT00239,2018-07-31,Unscheduled Repair,359802.09,2019-09-01
AMH003613,ACFT00024,2021-06-30,A-Check,4244.21,2021-12-09
AMH003614,ACFT00238,2023-07-21,B-Check,34066.6,2024-07-21
AMH003615,ACFT00303,2022-09-24,A-Check,438305.63,2023-01-20
AMH003616,ACFT00314,2025-03-13,B-Check,326967.87,2026-03-31
AMH003617,ACFT00316,2025-04-23,B-Check,427274.67,2026-03-23
AMH003618,ACFT00140,2023-10-14,C-Check,480677.05,2025-04-28
AMH003619,ACFT00184,2019-10-12,Unscheduled Repair,356090.18,2020-07-27
AMH003620,ACFT00465,2021-10-09,Unscheduled Repair,135956.07,2023-01-20
AMH003621,ACFT00138,2018-07-28,A-Check,270959.54,2020-03-25
AMH003622,ACFT00488,2025-07-06,A-Check,309319.03,2027-05-15
AMH003623,ACFT00235,2021-04-14,Unscheduled Repair,10327.74,2021-09-19
AMH003624,ACFT00313,2020-02-19,D-Check,296675.97,2021-10-08
AMH003625,ACFT00575,2024-02-01,B-Check,181338.9,2026-01-21
AMH003626,ACFT00527,2018-10-21,B-Check,32054.57,2019-03-27
AMH003627,ACFT00136,2023-06-13,C-Check,411135.54,2024-06-30
AMH003628,ACFT00113,2023-11-14,Unscheduled Repair,351488.34,2024-10-25
AMH003629,ACFT00163,2021-08-15,B-Check,238471.9,2022-11-23
AMH003630,ACFT00066,2025-11-27,Unscheduled Repair,475780.68,2026-06-25
AMH003631,ACFT00202,2023-02-12,A-Check,192953.9,2025-02-10
AMH003632,ACFT00134,2023-07-08,A-Check,77269.86,2024-07-24
AMH003633,ACFT00592,2023-07-26,A-Check,431990.52,2024-05-18
AMH003634,ACFT00305,2022-04-10,A-Check,411564.76,2024-03-13
AMH003635,ACFT00129,2020-11-21,C-Check,281465.85,2021-12-27
AMH003636,ACFT00251,2020-02-11,Unscheduled Repair,142996.44,2021-12-05
AMH003637,ACFT00414,2023-03-17,A-Check,280827.11,2024-02-12
AMH003638,ACFT00518,2024-05-28,A-Check,274117.12,2024-11-22
AMH003639,ACFT00292,2022-11-08,B-Check,87600.29,2023-03-13
AMH003640,ACFT00137,2024-03-09,A-Check,388796.99,2025-12-28
AMH003641,ACFT00171,2019-09-16,C-Check,204170.16,2020-08-20
AMH003642,ACFT00574,2021-06-05,C-Check,331004.37,2022-11-07
AMH003643,ACFT00181,2026-04-16,A-Check,413134.72,2026-11-19
AMH003644,ACFT00146,2022-02-12,B-Check,375006.78,2023-01-21
AMH003645,ACFT00168,2023-01-13,A-Check,406703.29,2024-02-06
AMH003646,ACFT00262,2018-07-28,B-Check,51036.42,2019-03-27
AMH003647,ACFT00476,2021-08-04,A-Check,136325.97,2022-10-14
AMH003648,ACFT00279,2026-04-05,B-Check,423843.47,2026-07-19
AMH003649,ACFT00536,2026-07-08,A-Check,382225.06,2027-11-24
AMH003650,ACFT00430,2025-08-24,B-Check,36361.42,2026-12-29
AMH003651,ACFT00501,2026-06-03,B-Check,453660.42,2028-01-10
AMH003652,ACFT00482,2024-09-03,B-Check,428069.61,2025-05-11
AMH003653,ACFT00545,2020-09-18,A-Check,164082.68,2022-04-16
AMH003654,ACFT00184,2018-02-11,B-Check,372476.55,2019-08-30
AMH003655,ACFT00475,2019-01-26,D-Check,194187.65,2020-05-17
AMH003656,ACFT00297,2022-03-31,A-Check,184104.4,2023-06-10
AMH003657,ACFT00306,2022-03-21,C-Check,346616.99,2023-11-13
AMH003658,ACFT00151,2022-07-17,B-Check,203943.81,2024-04-17
AMH003659,ACFT00514,2021-11-23,C-Check,80168.22,2023-04-02
AMH003660,ACFT00504,2018-05-26,C-Check,373548.75,2020-04-16
AMH003661,ACFT00246,2023-09-26,A-Check,403701.29,2025-02-05
AMH003662,ACFT00389,2026-03-10,A-Check,43425.0,2027-09-24
AMH003663,ACFT00545,2023-11-03,A-Check,365864.27,2025-03-22
AMH003664,ACFT00004,2025-01-22,C-Check,477719.01,2025-07-31
AMH003665,ACFT00114,2022-10-19,Unscheduled Repair,375405.74,2024-10-15
AMH003666,ACFT00436,2025-09-11,A-Check,118809.65,2026-01-18
AMH003667,ACFT00388,2026-07-12,B-Check,328392.93,2028-06-13
AMH003668,ACFT00222,2019-04-05,C-Check,476689.89,2020-10-26
AMH003669,ACFT00417,2019-02-07,A-Check,20188.17,2020-03-20
AMH003670,ACFT00003,2021-11-03,C-Check,110200.11,2022-12-10
AMH003671,ACFT00402,2023-08-23,A-Check,302647.9,2025-05-24
AMH003672,ACFT00215,2023-12-03,C-Check,201576.55,2025-01-24
AMH003673,ACFT00453,2019-10-13,Unscheduled Repair,428575.85,2021-04-26
AMH003674,ACFT00340,2024-02-04,C-Check,176789.69,2024-11-12
AMH003675,ACFT00389,2022-06-06,D-Check,157206.64,2023-07-24
AMH003676,ACFT00372,2026-06-13,Unscheduled Repair,206707.05,2026-12-04
AMH003677,ACFT00434,2020-11-28,C-Check,63947.02,2022-01-18
AMH003678,ACFT00271,2020-05-19,C-Check,109151.62,2022-04-29
AMH003679,ACFT00283,2023-10-20,A-Check,256660.32,2024-01-23
AMH003680,ACFT00360,2023-02-13,B-Check,94269.45,2024-02-28
AMH003681,ACFT00598,2020-06-05,B-Check,69736.25,2021-01-07
AMH003682,ACFT00036,2019-10-22,A-Check,246940.3,2020-09-16
AMH003683,ACFT00246,2022-12-26,Unscheduled Repair,462621.24,2024-11-15
AMH003684,ACFT00054,2026-06-25,Unscheduled Repair,29704.81,2027-04-09
AMH003685,ACFT00327,2018-09-04,C-Check,430605.94,2020-08-02
AMH003686,ACFT00564,2021-06-13,B-Check,398497.22,2021-10-09
AMH003687,ACFT00300,2022-10-19,Unscheduled Repair,260247.96,2024-05-05
AMH003688,ACFT00319,2019-04-09,A-Check,236731.84,2019-12-09
AMH003689,ACFT00289,2019-06-28,C-Check,132784.32,2019-10-30
AMH003690,ACFT00161,2026-06-21,C-Check,51214.84,2026-10-09
AMH003691,ACFT00114,2022-02-23,B-Check,196188.88,2022-08-14
AMH003692,ACFT00164,2022-08-29,C-Check,88533.79,2023-08-07
AMH003693,ACFT00531,2026-03-17,A-Check,198317.73,2027-08-31
AMH003694,ACFT00008,2022-03-31,C-Check,154216.4,2022-11-02
AMH003695,ACFT00306,2022-12-22,C-Check,87226.88,2024-03-25
AMH003696,ACFT00275,2019-06-15,A-Check,288440.07,2020-07-19
AMH003697,ACFT00399,2021-01-25,A-Check,243023.47,2022-07-02
AMH003698,ACFT00520,2021-02-03,C-Check,289915.05,2022-10-12
AMH003699,ACFT00224,2018-05-31,C-Check,397716.86,2019-01-24
AMH003700,ACFT00031,2025-03-02,Unscheduled Repair,147482.1,2026-06-03
AMH003701,ACFT00429,2026-04-16,C-Check,192184.24,2027-12-09
AMH003702,ACFT00305,2018-11-16,B-Check,283916.35,2019-09-24
AMH003703,ACFT00194,2021-03-28,C-Check,308591.28,2022-10-02
AMH003704,ACFT00453,2024-02-16,A-Check,189893.16,2024-12-26
AMH003705,ACFT00230,2025-10-13,A-Check,459218.31,2026-06-21
AMH003706,ACFT00261,2026-04-12,A-Check,464262.57,2028-01-15
AMH003707,ACFT00013,2020-09-22,B-Check,23730.89,2021-10-03
AMH003708,ACFT00016,2025-06-13,B-Check,149251.49,2026-05-27
AMH003709,ACFT00589,2022-12-03,B-Check,262103.4,2023-10-15
AMH003710,ACFT00414,2024-05-22,B-Check,263761.8,2025-06-07
AMH003711,ACFT00089,2018-10-07,A-Check,412123.73,2019-07-22
AMH003712,ACFT00187,2026-04-03,C-Check,486834.97,2027-06-29
AMH003713,ACFT00550,2019-12-18,B-Check,45764.6,2020-09-24
AMH003714,ACFT00018,2024-06-30,B-Check,154894.79,2026-05-16
AMH003715,ACFT00004,2023-10-15,C-Check,427822.75,2024-03-09
AMH003716,ACFT00098,2023-10-09,A-Check,382125.55,2025-04-18
AMH003717,ACFT00562,2022-11-07,B-Check,257829.05,2024-07-01
AMH003718,ACFT00044,2019-08-14,Unscheduled Repair,97595.98,2021-03-18
AMH003719,ACFT00531,2018-10-05,A-Check,154771.59,2019-03-05
AMH003720,ACFT00130,2020-01-01,A-Check,488281.58,2020-08-04
AMH003721,ACFT00546,2025-02-27,B-Check,276901.68,2025-07-29
AMH003722,ACFT00145,2023-05-17,B-Check,296266.33,2024-07-05
AMH003723,ACFT00238,2025-07-08,A-Check,99509.32,2027-04-20
AMH003724,ACFT00116,2025-01-10,A-Check,7668.64,2026-12-21
AMH003725,ACFT00273,2019-08-01,A-Check,37418.16,2020-02-27
AMH003726,ACFT00151,2023-07-29,C-Check,156827.89,2025-06-20
AMH003727,ACFT00206,2024-05-24,A-Check,385949.03,2024-08-29
AMH003728,ACFT00045,2018-02-08,C-Check,313439.53,2019-03-22
AMH003729,ACFT00145,2022-08-12,A-Check,243959.7,2022-11-18
AMH003730,ACFT00213,2024-02-06,A-Check,48415.28,2025-12-31
AMH003731,ACFT00298,2025-10-06,C-Check,91405.77,2027-01-19
AMH003732,ACFT00216,2022-04-18,B-Check,418012.81,2023-01-13
AMH003733,ACFT00548,2023-04-10,D-Check,374084.45,2023-09-29
AMH003734,ACFT00001,2023-08-31,C-Check,12909.93,2024-12-06
AMH003735,ACFT00190,2018-12-05,C-Check,331635.69,2020-01-17
AMH003736,ACFT00377,2020-04-25,C-Check,489726.45,2022-02-27
AMH003737,ACFT00592,2023-08-21,B-Check,205138.56,2023-11-24
AMH003738,ACFT00045,2020-11-24,B-Check,253927.66,2022-06-08
AMH003739,ACFT00458,2022-05-13,C-Check,282949.49,2023-11-12
AMH003740,ACFT00261,2019-10-30,A-Check,106244.17,2021-05-06
AMH003741,ACFT00346,2019-04-14,A-Check,176475.63,2020-04-14
AMH003742,ACFT00047,2018-04-29,A-Check,185327.39,2019-05-22
AMH003743,ACFT00049,2024-03-14,A-Check,13484.89,2025-11-18
AMH003744,ACFT00560,2026-02-12,A-Check,465375.25,2026-08-08
AMH003745,ACFT00328,2021-08-09,B-Check,191875.79,2023-02-22
AMH003746,ACFT00429,2022-05-22,B-Check,104689.5,2023-06-23
AMH003747,ACFT00387,2023-08-25,B-Check,352198.63,2025-06-02
AMH003748,ACFT00500,2023-04-08,B-Check,35001.19,2024-01-17
AMH003749,ACFT00187,2023-09-09,A-Check,71166.96,2024-08-04
AMH003750,ACFT00370,2021-11-09,C-Check,480427.37,2022-03-26
AMH003751,ACFT00362,2018-01-21,B-Check,186258.0,2019-01-11
AMH003752,ACFT00145,2020-12-15,C-Check,153059.64,2022-08-26
AMH003753,ACFT00600,2024-11-29,B-Check,357088.28,2025-07-11
AMH003754,ACFT00486,2025-03-04,A-Check,113431.97,2026-06-07
AMH003755,ACFT00368,2021-10-19,B-Check,320326.49,2022-03-24
AMH003756,ACFT00109,2026-07-31,Unscheduled Repair,150105.68,2027-08-11
AMH003757,ACFT00480,2024-04-22,C-Check,403743.97,2025-02-10
AMH003758,ACFT00134,2021-04-07,B-Check,254177.52,2021-12-29
AMH003759,ACFT00269,2024-08-07,C-Check,250723.02,2025-07-21
AMH003760,ACFT00295,2023-03-25,A-Check,172858.77,2024-09-29
AMH003761,ACFT00207,2022-01-03,Unscheduled Repair,270740.17,2023-11-13
AMH003762,ACFT00587,2018-05-06,C-Check,487108.08,2020-01-30
AMH003763,ACFT00183,2023-06-09,A-Check,30182.0,2023-10-24
AMH003764,ACFT00359,2023-02-01,C-Check,467809.08,2023-10-10
AMH003765,ACFT00509,2026-05-21,A-Check,380211.5,2027-01-20
AMH003766,ACFT00169,2018-08-07,A-Check,243863.14,2020-02-28
AMH003767,ACFT00471,2020-04-14,C-Check,117112.42,2020-08-14
AMH003768,ACFT00235,2022-07-03,C-Check,410362.29,2024-04-19
AMH003769,ACFT00559,2021-06-06,A-Check,69091.8,2021-11-24
AMH003770,ACFT00125,2026-01-24,B-Check,464416.99,2026-10-19
AMH003771,ACFT00417,2021-04-12,Unscheduled Repair,209749.19,2023-03-14
AMH003772,ACFT00283,2024-10-26,Unscheduled Repair,439778.81,2025-05-02
AMH003773,ACFT00328,2024-08-02,A-Check,372331.67,2025-09-29
AMH003774,ACFT00477,2023-03-28,A-Check,22120.96,2023-11-26
AMH003775,ACFT00241,2018-11-08,B-Check,80166.82,2019-03-07
AMH003776,ACFT00193,2019-09-20,B-Check,420410.62,2020-11-23
AMH003777,ACFT00400,2018-11-30,A-Check,399611.15,2020-07-18
AMH003778,ACFT00192,2025-06-12,B-Check,316473.47,2027-03-17
AMH003779,ACFT00571,2023-04-10,A-Check,41495.02,2024-03-07
AMH003780,ACFT00465,2019-05-08,B-Check,321855.97,2021-01-12
AMH003781,ACFT00023,2025-06-25,A-Check,323295.95,2027-04-06
AMH003782,ACFT00057,2024-04-11,A-Check,367045.97,2025-08-11
AMH003783,ACFT00576,2018-07-27,B-Check,24653.39,2020-01-12
AMH003784,ACFT00246,2020-10-26,A-Check,46565.33,2021-05-29
AMH003785,ACFT00242,2018-08-28,A-Check,237273.99,2019-10-06
AMH003786,ACFT00467,2025-11-26,A-Check,274487.55,2027-03-16
AMH003787,ACFT00150,2024-01-16,B-Check,320034.24,2025-08-31
AMH003788,ACFT00404,2022-09-19,C-Check,255215.88,2024-05-20
AMH003789,ACFT00479,2024-03-26,C-Check,480619.85,2024-12-16
AMH003790,ACFT00065,2020-08-27,B-Check,185457.75,2022-07-02
AMH003791,ACFT00334,2024-02-27,C-Check,71624.94,2025-04-07
AMH003792,ACFT00595,2023-03-11,B-Check,183067.38,2023-12-09
AMH003793,ACFT00432,2020-07-21,B-Check,146357.17,2021-08-02
AMH003794,ACFT00279,2018-11-28,A-Check,221879.79,2019-09-14
AMH003795,ACFT00559,2018-03-09,Unscheduled Repair,393740.33,2019-02-24
AMH003796,ACFT00408,2023-07-11,C-Check,48954.89,2024-05-17
AMH003797,ACFT00599,2025-06-20,A-Check,108665.69,2025-09-19
AMH003798,ACFT00293,2023-04-23,B-Check,184859.13,2024-04-11
AMH003799,ACFT00300,2020-07-31,B-Check,490222.91,2021-06-26
AMH003800,ACFT00244,2023-12-02,C-Check,243947.34,2024-08-03
AMH003801,ACFT00420,2024-08-25,C-Check,497914.64,2026-07-17
AMH003802,ACFT00542,2025-10-31,B-Check,107072.57,2027-09-01
AMH003803,ACFT00168,2022-11-09,C-Check,382714.52,2024-04-13
AMH003804,ACFT00116,2023-03-30,B-Check,100346.7,2024-04-21
AMH003805,ACFT00289,2020-02-16,B-Check,451298.4,2020-10-23
AMH003806,ACFT00471,2018-12-12,C-Check,462741.85,2020-08-01
AMH003807,ACFT00343,2025-04-11,B-Check,63493.17,2026-01-17
AMH003808,ACFT00359,2022-10-15,Unscheduled Repair,418710.86,2024-06-30
AMH003809,ACFT00191,2022-02-18,Unscheduled Repair,100053.47,2022-11-20
AMH003810,ACFT00135,2023-06-30,A-Check,206314.09,2023-11-16
AMH003811,ACFT00123,2021-11-19,A-Check,271111.44,2022-04-13
AMH003812,ACFT00586,2020-03-06,Unscheduled Repair,295988.62,2020-11-14
AMH003813,ACFT00163,2022-12-23,A-Check,325122.1,2024-08-15
AMH003814,ACFT00439,2024-12-28,Unscheduled Repair,14651.97,2026-02-09
AMH003815,ACFT00411,2025-08-23,A-Check,437259.62,2026-01-04
AMH003816,ACFT00127,2019-10-18,A-Check,86453.73,2021-01-30
AMH003817,ACFT00548,2019-10-24,A-Check,48487.98,2021-10-06
AMH003818,ACFT00422,2018-07-22,A-Check,387889.14,2019-01-09
AMH003819,ACFT00122,2020-10-19,Unscheduled Repair,67817.23,2021-03-26
AMH003820,ACFT00595,2024-10-26,C-Check,20768.31,2025-03-09
AMH003821,ACFT00165,2024-12-15,C-Check,144732.97,2026-07-10
AMH003822,ACFT00474,2020-03-20,C-Check,243840.85,2022-03-18
AMH003823,ACFT00320,2021-06-18,C-Check,81867.17,2022-04-25
AMH003824,ACFT00043,2022-09-22,A-Check,64665.18,2024-02-25
AMH003825,ACFT00337,2021-04-09,A-Check,65453.04,2021-07-08
AMH003826,ACFT00135,2021-11-09,A-Check,403366.76,2022-10-20
AMH003827,ACFT00012,2026-03-22,C-Check,328549.03,2026-06-30
AMH003828,ACFT00008,2020-11-14,A-Check,47253.06,2022-04-09
AMH003829,ACFT00424,2023-12-24,A-Check,387233.47,2025-06-04
AMH003830,ACFT00430,2024-02-06,B-Check,448872.32,2025-04-24
AMH003831,ACFT00575,2020-11-09,A-Check,115975.85,2022-01-26
AMH003832,ACFT00321,2018-07-23,A-Check,498342.87,2018-12-13
AMH003833,ACFT00314,2020-07-29,D-Check,351657.78,2020-11-13
AMH003834,ACFT00274,2019-10-07,B-Check,387450.51,2021-01-02
AMH003835,ACFT00457,2023-10-17,C-Check,153920.86,2024-08-04
AMH003836,ACFT00069,2024-10-26,B-Check,427630.66,2025-07-24
AMH003837,ACFT00093,2019-02-22,A-Check,475405.46,2020-09-10
AMH003838,ACFT00163,2019-06-06,A-Check,138727.16,2019-10-10
AMH003839,ACFT00027,2019-08-14,A-Check,263797.11,2021-06-23
AMH003840,ACFT00077,2021-06-18,A-Check,297760.44,2022-05-08
AMH003841,ACFT00007,2023-07-27,Unscheduled Repair,112100.28,2025-04-01
AMH003842,ACFT00387,2025-04-27,B-Check,51482.31,2026-02-07
AMH003843,ACFT00193,2022-02-17,A-Check,441375.72,2022-08-24
AMH003844,ACFT00355,2025-03-24,A-Check,65878.15,2026-04-08
AMH003845,ACFT00065,2020-10-17,A-Check,112576.06,2021-10-10
AMH003846,ACFT00488,2019-04-07,B-Check,371106.98,2019-10-01
AMH003847,ACFT00458,2022-08-03,C-Check,492361.7,2024-05-01
AMH003848,ACFT00132,2019-12-16,A-Check,90389.52,2020-06-09
AMH003849,ACFT00033,2019-11-15,B-Check,214808.04,2020-06-07
AMH003850,ACFT00280,2022-06-12,Unscheduled Repair,319736.38,2023-09-09
AMH003851,ACFT00176,2021-03-08,B-Check,89309.02,2023-02-03
AMH003852,ACFT00132,2021-01-20,A-Check,446480.2,2022-04-01
AMH003853,ACFT00175,2023-03-27,B-Check,149765.79,2024-09-02
AMH003854,ACFT00280,2026-03-02,B-Check,213340.74,2027-11-01
AMH003855,ACFT00424,2023-07-24,B-Check,55834.94,2024-08-26
AMH003856,ACFT00069,2024-07-15,A-Check,287255.95,2025-08-28
AMH003857,ACFT00032,2021-04-25,A-Check,269957.62,2022-12-03
AMH003858,ACFT00104,2024-05-10,A-Check,264120.21,2024-10-05
AMH003859,ACFT00538,2026-01-15,A-Check,312427.63,2027-09-21
AMH003860,ACFT00060,2025-03-20,B-Check,172155.66,2027-01-16
AMH003861,ACFT00423,2026-01-31,A-Check,269618.53,2027-11-05
AMH003862,ACFT00364,2023-10-17,C-Check,155279.9,2024-06-27
AMH003863,ACFT00522,2018-04-15,B-Check,175722.09,2020-02-05
AMH003864,ACFT00467,2019-03-06,C-Check,112281.03,2021-01-19
AMH003865,ACFT00300,2020-02-05,A-Check,153838.9,2021-06-19
AMH003866,ACFT00583,2024-11-01,B-Check,264040.12,2025-12-22
AMH003867,ACFT00147,2022-06-11,A-Check,499793.48,2024-05-17
AMH003868,ACFT00125,2026-03-11,B-Check,300268.96,2027-03-05
AMH003869,ACFT00503,2018-11-06,C-Check,410383.01,2019-09-19
AMH003870,ACFT00361,2025-05-05,C-Check,387494.88,2026-08-25
AMH003871,ACFT00188,2025-07-20,A-Check,43679.95,2027-01-05
AMH003872,ACFT00105,2020-06-25,A-Check,170742.29,2020-12-04
AMH003873,ACFT00303,2022-11-24,B-Check,338407.21,2024-02-23
AMH003874,ACFT00109,2023-04-06,B-Check,206919.82,2023-10-05
AMH003875,ACFT00093,2020-05-21,Unscheduled Repair,479537.19,2020-09-21
AMH003876,ACFT00205,2026-06-23,C-Check,150827.22,2027-10-18
AMH003877,ACFT00072,2021-11-01,B-Check,473486.45,2022-03-31
AMH003878,ACFT00186,2021-05-15,A-Check,430370.87,2022-02-06
AMH003879,ACFT00479,2023-04-06,A-Check,212694.06,2024-10-28
AMH003880,ACFT00222,2026-06-12,A-Check,419291.61,2027-10-31
AMH003881,ACFT00318,2022-10-22,C-Check,418730.63,2023-11-23
AMH003882,ACFT00369,2025-02-19,C-Check,256278.12,2026-11-08
AMH003883,ACFT00498,2019-06-06,C-Check,6184.0,2020-06-29
AMH003884,ACFT00567,2019-11-15,A-Check,296448.99,2021-07-30
AMH003885,ACFT00362,2019-12-08,A-Check,483655.66,2020-03-27
AMH003886,ACFT00160,2020-10-09,A-Check,168045.03,2022-07-11
AMH003887,ACFT00511,2023-11-27,A-Check,134194.23,2025-11-09
AMH003888,ACFT00002,2018-05-19,Unscheduled Repair,207126.38,2019-09-08
AMH003889,ACFT00573,2019-06-12,A-Check,470795.23,2020-02-14
AMH003890,ACFT00043,2019-08-02,B-Check,494618.67,2020-08-18
AMH003891,ACFT00041,2021-08-28,B-Check,403483.1,2022-07-07
AMH003892,ACFT00355,2018-05-31,C-Check,370883.65,2018-12-09
AMH003893,ACFT00284,2024-08-22,A-Check,393754.37,2025-09-03
AMH003894,ACFT00151,2026-06-11,A-Check,237296.42,2027-07-21
AMH003895,ACFT00156,2025-10-07,B-Check,374311.06,2026-07-17
AMH003896,ACFT00298,2019-04-16,Unscheduled Repair,427805.7,2020-10-14
AMH003897,ACFT00315,2021-05-07,B-Check,125463.02,2021-08-10
AMH003898,ACFT00025,2025-07-11,A-Check,219182.72,2027-05-20
AMH003899,ACFT00512,2018-07-01,C-Check,415762.74,2020-01-30
AMH003900,ACFT00453,2023-04-13,D-Check,365093.31,2024-02-29
AMH003901,ACFT00263,2021-10-10,B-Check,213195.88,2023-06-09
AMH003902,ACFT00287,2022-07-16,C-Check,230353.87,2023-11-18
AMH003903,ACFT00040,2024-12-04,B-Check,176367.16,2025-09-22
AMH003904,ACFT00088,2019-12-05,A-Check,127153.13,2021-06-03
AMH003905,ACFT00231,2020-08-18,B-Check,85005.9,2022-08-14
AMH003906,ACFT00249,2023-08-16,C-Check,206460.48,2024-01-11
AMH003907,ACFT00487,2022-03-13,C-Check,95381.74,2023-06-07
AMH003908,ACFT00347,2021-09-27,B-Check,272632.65,2023-07-23
AMH003909,ACFT00050,2026-02-18,B-Check,156853.66,2027-01-08
AMH003910,ACFT00040,2019-11-23,A-Check,432380.07,2020-06-09
AMH003911,ACFT00157,2024-01-09,A-Check,353019.71,2025-03-05
AMH003912,ACFT00588,2019-06-02,A-Check,376922.74,2020-09-16
AMH003913,ACFT00327,2024-03-25,B-Check,259213.3,2025-11-24
AMH003914,ACFT00420,2022-04-10,C-Check,8270.85,2023-07-25
AMH003915,ACFT00475,2020-01-11,Unscheduled Repair,457079.65,2020-06-21
AMH003916,ACFT00232,2023-11-25,A-Check,379457.23,2024-07-18
AMH003917,ACFT00527,2025-07-03,B-Check,334526.18,2025-10-15
AMH003918,ACFT00199,2022-08-19,A-Check,439494.76,2023-08-29
AMH003919,ACFT00182,2024-12-06,C-Check,390154.43,2026-10-05
AMH003920,ACFT00363,2020-05-28,Unscheduled Repair,490021.82,2020-10-11
AMH003921,ACFT00063,2019-10-28,Unscheduled Repair,41148.0,2021-03-07
AMH003922,ACFT00521,2021-05-21,B-Check,54398.2,2023-01-18
AMH003923,ACFT00530,2020-05-14,A-Check,426306.69,2020-11-13
AMH003924,ACFT00375,2026-02-10,B-Check,192383.6,2027-03-16
AMH003925,ACFT00179,2019-04-04,A-Check,479976.19,2021-01-30
AMH003926,ACFT00210,2020-09-28,C-Check,65990.19,2022-04-28
AMH003927,ACFT00121,2023-12-30,C-Check,168194.72,2024-04-23
AMH003928,ACFT00572,2023-08-24,D-Check,372667.01,2025-03-23
AMH003929,ACFT00243,2024-11-20,A-Check,109958.09,2026-10-26
AMH003930,ACFT00439,2020-07-26,C-Check,125813.8,2022-03-01
AMH003931,ACFT00388,2019-10-30,B-Check,22463.96,2020-10-13
AMH003932,ACFT00230,2018-11-22,A-Check,69697.81,2020-05-27
AMH003933,ACFT00194,2021-05-02,A-Check,455408.42,2022-10-13
AMH003934,ACFT00440,2021-11-07,A-Check,104249.16,2023-06-26
AMH003935,ACFT00103,2018-09-21,C-Check,316935.02,2020-08-05
AMH003936,ACFT00266,2019-07-17,C-Check,466778.76,2020-02-02
AMH003937,ACFT00302,2024-02-28,A-Check,248258.89,2024-11-25
AMH003938,ACFT00235,2026-02-19,B-Check,298132.59,2026-10-05
AMH003939,ACFT00568,2018-09-08,C-Check,104254.52,2020-07-05
AMH003940,ACFT00587,2021-12-22,A-Check,50452.56,2023-05-23
AMH003941,ACFT00408,2022-11-29,B-Check,468109.79,2024-07-11
AMH003942,ACFT00349,2023-01-16,C-Check,249854.72,2023-10-28
AMH003943,ACFT00126,2025-10-27,B-Check,292734.61,2026-11-06
AMH003944,ACFT00326,2021-06-23,A-Check,340120.44,2022-12-12
AMH003945,ACFT00027,2023-04-21,B-Check,169269.72,2024-02-20
AMH003946,ACFT00319,2018-10-04,A-Check,191518.93,2019-04-12
AMH003947,ACFT00161,2022-09-21,B-Check,367345.1,2023-04-28
AMH003948,ACFT00066,2020-11-07,A-Check,61044.75,2021-03-03
AMH003949,ACFT00084,2019-05-26,A-Check,165585.73,2021-03-16
AMH003950,ACFT00459,2021-08-08,B-Check,175532.53,2022-01-09
AMH003951,ACFT00452,2023-03-01,B-Check,90970.2,2023-12-29
AMH003952,ACFT00105,2025-06-18,B-Check,62455.34,2026-07-13
AMH003953,ACFT00550,2024-01-30,C-Check,481609.41,2025-03-03
AMH003954,ACFT00089,2018-12-03,B-Check,343296.07,2019-06-11
AMH003955,ACFT00573,2020-11-24,Unscheduled Repair,493938.29,2021-04-04
AMH003956,ACFT00036,2021-01-24,A-Check,415141.93,2021-05-20
AMH003957,ACFT00071,2018-11-10,B-Check,452093.79,2019-03-09
AMH003958,ACFT00514,2026-07-16,C-Check,36911.37,2027-10-12
AMH003959,ACFT00472,2021-01-31,C-Check,6679.37,2022-05-20
AMH003960,ACFT00029,2018-11-04,A-Check,233249.2,2019-04-02
AMH003961,ACFT00138,2023-11-17,B-Check,122683.94,2024-04-04
AMH003962,ACFT00276,2025-04-30,A-Check,306561.68,2025-11-20
AMH003963,ACFT00448,2018-02-19,B-Check,394501.09,2019-01-23
AMH003964,ACFT00209,2021-08-31,B-Check,49040.29,2022-07-16
AMH003965,ACFT00376,2021-08-08,B-Check,366221.51,2022-11-26
AMH003966,ACFT00077,2021-11-04,A-Check,341364.87,2022-12-03
AMH003967,ACFT00019,2021-01-31,B-Check,252452.34,2022-08-28
AMH003968,ACFT00129,2023-11-02,Unscheduled Repair,324986.01,2025-02-01
AMH003969,ACFT00486,2026-06-19,A-Check,403767.8,2027-01-23
AMH003970,ACFT00382,2025-08-08,C-Check,82924.06,2026-07-08
AMH003971,ACFT00226,2022-04-09,A-Check,326414.06,2023-12-14
AMH003972,ACFT00518,2024-11-07,A-Check,182978.94,2026-04-11
AMH003973,ACFT00460,2019-07-26,B-Check,113515.53,2020-10-11
AMH003974,ACFT00599,2025-10-01,C-Check,278570.33,2027-06-29
AMH003975,ACFT00498,2025-02-11,A-Check,325357.99,2025-10-02
AMH003976,ACFT00051,2023-03-23,D-Check,205842.68,2023-07-10
AMH003977,ACFT00022,2018-10-23,A-Check,455267.15,2020-06-29
AMH003978,ACFT00061,2020-01-11,Unscheduled Repair,294251.95,2020-06-03
AMH003979,ACFT00047,2023-02-12,C-Check,472825.26,2025-01-13
AMH003980,ACFT00239,2018-12-20,B-Check,346652.29,2020-11-02
AMH003981,ACFT00161,2025-05-05,B-Check,314322.31,2026-12-21
AMH003982,ACFT00207,2023-10-10,D-Check,196722.51,2025-08-26
AMH003983,ACFT00328,2026-01-07,B-Check,312832.18,2027-11-13
AMH003984,ACFT00396,2018-08-18,D-Check,105227.73,2020-07-25
AMH003985,ACFT00231,2020-05-08,Unscheduled Repair,452824.9,2020-08-10
AMH003986,ACFT00037,2021-10-11,C-Check,255792.26,2022-04-06
AMH003987,ACFT00246,2021-02-19,C-Check,285294.22,2022-07-05
AMH003988,ACFT00043,2019-03-08,B-Check,91993.49,2019-07-22
AMH003989,ACFT00224,2018-08-28,A-Check,498542.56,2020-01-27
AMH003990,ACFT00424,2022-12-02,B-Check,137730.57,2024-06-28
AMH003991,ACFT00308,2024-06-10,C-Check,289488.97,2024-10-13
AMH003992,ACFT00270,2019-05-07,D-Check,13030.75,2020-03-24
AMH003993,ACFT00452,2020-04-25,A-Check,431580.25,2021-02-07
AMH003994,ACFT00555,2018-10-31,A-Check,155048.64,2020-02-17
AMH003995,ACFT00174,2018-05-15,B-Check,362613.34,2020-04-19
AMH003996,ACFT00315,2018-11-15,C-Check,268959.51,2019-09-20
AMH003997,ACFT00132,2026-06-17,B-Check,165756.39,2027-02-25
AMH003998,ACFT00306,2024-11-27,A-Check,146550.5,2025-12-27
AMH003999,ACFT00294,2023-01-07,B-Check,125400.06,2023-07-07
AMH004000,ACFT00075,2018-03-23,A-Check,51699.35,2019-10-27
AMH004001,ACFT00359,2021-01-12,B-Check,401182.4,2022-05-26
AMH004002,ACFT00411,2025-02-18,C-Check,307587.34,2026-02-01
AMH004003,ACFT00173,2025-11-28,B-Check,377147.11,2027-08-21
AMH004004,ACFT00488,2023-01-02,A-Check,94294.6,2024-03-17
AMH004005,ACFT00474,2026-07-08,C-Check,272429.96,2027-12-01
AMH004006,ACFT00186,2022-01-13,B-Check,174420.29,2024-01-06
AMH004007,ACFT00429,2019-04-11,A-Check,213453.55,2020-11-04
AMH004008,ACFT00132,2020-06-12,C-Check,347267.22,2021-10-22
AMH004009,ACFT00034,2022-01-02,D-Check,64755.66,2022-08-10
AMH004010,ACFT00279,2025-05-16,D-Check,93453.36,2025-09-16
AMH004011,ACFT00314,2018-08-19,A-Check,408107.79,2019-03-07
AMH004012,ACFT00203,2023-07-12,Unscheduled Repair,119837.8,2024-02-02
AMH004013,ACFT00226,2019-12-05,A-Check,49103.46,2021-04-15
AMH004014,ACFT00369,2020-07-23,C-Check,466983.88,2022-05-05
AMH004015,ACFT00535,2024-02-03,D-Check,60690.55,2025-09-12
AMH004016,ACFT00011,2019-02-28,Unscheduled Repair,113118.1,2020-06-28
AMH004017,ACFT00053,2018-09-05,B-Check,88834.68,2019-10-17
AMH004018,ACFT00365,2021-08-17,A-Check,35038.35,2023-03-29
AMH004019,ACFT00360,2018-02-11,C-Check,76680.78,2018-07-07
AMH004020,ACFT00325,2021-01-19,B-Check,473093.86,2023-01-13
AMH004021,ACFT00093,2019-06-08,B-Check,494513.88,2019-09-14
AMH004022,ACFT00462,2021-12-05,C-Check,90657.25,2023-07-19
AMH004023,ACFT00226,2018-02-10,A-Check,120475.09,2018-05-15
AMH004024,ACFT00238,2026-03-13,C-Check,455210.38,2027-02-14
AMH004025,ACFT00371,2021-08-17,C-Check,284076.91,2022-07-30
AMH004026,ACFT00519,2024-12-05,A-Check,142640.85,2026-08-04
AMH004027,ACFT00558,2022-02-04,A-Check,409959.88,2022-11-04
AMH004028,ACFT00201,2024-11-04,A-Check,424428.75,2026-08-30
AMH004029,ACFT00295,2022-09-21,B-Check,46799.46,2024-02-21
AMH004030,ACFT00219,2026-03-24,A-Check,340613.15,2027-05-13
AMH004031,ACFT00515,2019-04-21,A-Check,159720.66,2020-07-03
AMH004032,ACFT00246,2023-10-19,C-Check,484985.09,2025-04-26
AMH004033,ACFT00264,2019-02-24,A-Check,187820.26,2020-10-04
AMH004034,ACFT00595,2024-10-05,C-Check,400837.1,2026-04-27
AMH004035,ACFT00274,2020-06-25,A-Check,130544.43,2022-01-07
AMH004036,ACFT00425,2023-01-07,B-Check,279318.61,2024-03-23
AMH004037,ACFT00172,2021-03-17,D-Check,386804.9,2021-10-17
AMH004038,ACFT00430,2020-03-21,A-Check,338509.27,2021-07-09
AMH004039,ACFT00176,2022-08-09,A-Check,44928.18,2024-04-26
AMH004040,ACFT00186,2022-03-08,A-Check,389823.83,2024-01-22
AMH004041,ACFT00297,2025-10-07,A-Check,146295.74,2027-07-20
AMH004042,ACFT00069,2022-12-20,A-Check,393338.58,2023-06-22
AMH004043,ACFT00360,2022-08-04,B-Check,210075.37,2022-12-02
AMH004044,ACFT00031,2018-07-08,A-Check,355723.38,2019-12-27
AMH004045,ACFT00175,2023-07-13,B-Check,101952.65,2024-10-05
AMH004046,ACFT00589,2018-11-19,B-Check,42635.48,2020-08-08
AMH004047,ACFT00072,2023-02-04,Unscheduled Repair,167648.26,2023-09-10
AMH004048,ACFT00421,2025-08-26,C-Check,135444.0,2027-02-10
AMH004049,ACFT00316,2026-05-15,A-Check,337507.19,2027-07-15
AMH004050,ACFT00541,2020-11-06,B-Check,19122.12,2022-10-31
AMH004051,ACFT00162,2018-09-07,B-Check,485722.69,2019-03-06
AMH004052,ACFT00308,2025-09-20,C-Check,130068.62,2027-07-30
AMH004053,ACFT00537,2020-11-04,Unscheduled Repair,421272.1,2021-10-15
AMH004054,ACFT00457,2018-06-07,B-Check,395464.48,2018-10-01
AMH004055,ACFT00336,2024-10-04,A-Check,194296.46,2025-02-26
AMH004056,ACFT00116,2020-04-21,C-Check,235189.68,2021-03-03
AMH004057,ACFT00187,2018-05-05,Unscheduled Repair,460252.82,2019-01-08
AMH004058,ACFT00137,2021-01-08,B-Check,205259.05,2021-06-02
AMH004059,ACFT00204,2019-04-16,A-Check,144260.42,2020-10-07
AMH004060,ACFT00100,2020-07-07,Unscheduled Repair,271574.7,2021-12-06
AMH004061,ACFT00560,2025-06-12,A-Check,416629.17,2025-12-01
AMH004062,ACFT00510,2023-09-06,A-Check,485495.41,2025-07-30
AMH004063,ACFT00494,2026-02-28,D-Check,318808.61,2027-02-19
AMH004064,ACFT00412,2025-08-15,D-Check,82780.94,2025-11-13
AMH004065,ACFT00159,2023-08-12,Unscheduled Repair,434103.43,2024-05-22
AMH004066,ACFT00041,2026-03-29,B-Check,6905.14,2027-03-01
AMH004067,ACFT00175,2024-01-14,A-Check,3809.2,2024-04-28
AMH004068,ACFT00280,2020-06-05,A-Check,88471.69,2021-05-16
AMH004069,ACFT00578,2021-12-16,A-Check,393764.58,2022-07-14
AMH004070,ACFT00515,2024-01-26,A-Check,273868.63,2025-10-12
AMH004071,ACFT00319,2022-09-22,B-Check,356202.53,2023-04-03
AMH004072,ACFT00363,2018-03-28,Unscheduled Repair,187602.93,2020-02-28
AMH004073,ACFT00159,2021-07-05,B-Check,80274.43,2022-08-10
AMH004074,ACFT00173,2019-03-20,A-Check,175609.35,2019-08-23
AMH004075,ACFT00139,2024-03-02,Unscheduled Repair,153012.14,2025-01-23
AMH004076,ACFT00300,2025-04-16,A-Check,122153.4,2025-10-03
AMH004077,ACFT00584,2024-12-05,Unscheduled Repair,384714.04,2026-10-09
AMH004078,ACFT00258,2018-09-01,B-Check,242533.06,2019-04-03
AMH004079,ACFT00516,2020-05-21,Unscheduled Repair,122451.56,2021-01-31
AMH004080,ACFT00483,2022-06-17,A-Check,84965.88,2022-12-13
AMH004081,ACFT00223,2018-11-04,A-Check,284819.29,2019-12-08
AMH004082,ACFT00234,2019-09-08,B-Check,164363.56,2020-03-19
AMH004083,ACFT00587,2024-01-27,C-Check,358351.11,2025-05-14
AMH004084,ACFT00468,2020-12-01,C-Check,246878.14,2021-06-21
AMH004085,ACFT00590,2024-07-25,A-Check,9613.72,2026-06-03
AMH004086,ACFT00460,2026-05-15,C-Check,15898.77,2027-11-14
AMH004087,ACFT00528,2022-03-09,C-Check,309250.41,2022-11-08
AMH004088,ACFT00247,2021-01-27,A-Check,122116.83,2022-10-10
AMH004089,ACFT00534,2024-12-05,A-Check,454588.18,2026-09-23
AMH004090,ACFT00021,2026-03-19,A-Check,257586.96,2026-06-20
AMH004091,ACFT00117,2019-01-20,B-Check,16100.98,2020-11-30
AMH004092,ACFT00206,2020-08-06,Unscheduled Repair,239580.86,2022-01-24
AMH004093,ACFT00391,2018-07-26,C-Check,395763.72,2018-10-28
AMH004094,ACFT00153,2023-05-23,A-Check,287998.41,2024-05-09
AMH004095,ACFT00094,2019-09-16,B-Check,242944.68,2020-10-29
AMH004096,ACFT00156,2024-06-30,B-Check,185243.47,2026-01-04
AMH004097,ACFT00230,2025-07-19,A-Check,292663.4,2026-04-04
AMH004098,ACFT00517,2018-10-01,B-Check,243894.23,2020-05-06
AMH004099,ACFT00166,2020-02-29,A-Check,107376.06,2022-01-18
AMH004100,ACFT00242,2021-02-22,A-Check,102926.33,2023-01-28
AMH004101,ACFT00232,2024-06-09,B-Check,89181.05,2025-07-17
AMH004102,ACFT00371,2022-03-06,B-Check,268726.83,2022-09-12
AMH004103,ACFT00156,2019-02-17,Unscheduled Repair,359789.07,2020-10-23
AMH004104,ACFT00140,2025-08-28,C-Check,435549.63,2026-11-08
AMH004105,ACFT00338,2025-07-21,A-Check,230404.22,2025-10-20
AMH004106,ACFT00306,2021-01-12,B-Check,105163.65,2022-09-29
AMH004107,ACFT00061,2018-01-02,A-Check,473342.79,2018-06-10
AMH004108,ACFT00296,2021-02-22,A-Check,447766.17,2021-09-03
AMH004109,ACFT00009,2023-07-28,Unscheduled Repair,407962.34,2025-02-15
AMH004110,ACFT00467,2019-11-06,A-Check,304725.13,2020-04-28
AMH004111,ACFT00393,2021-08-08,B-Check,343283.06,2021-12-20
AMH004112,ACFT00242,2023-06-08,C-Check,192845.66,2024-08-14
AMH004113,ACFT00170,2021-08-21,A-Check,405025.45,2021-12-14
AMH004114,ACFT00417,2025-03-27,B-Check,59493.1,2025-10-30
AMH004115,ACFT00218,2026-06-26,B-Check,408231.74,2027-02-24
AMH004116,ACFT00247,2019-02-02,A-Check,468040.76,2020-10-19
AMH004117,ACFT00583,2021-12-07,C-Check,66419.0,2023-09-20
AMH004118,ACFT00577,2025-07-25,A-Check,431199.61,2026-12-29
AMH004119,ACFT00568,2023-07-25,Unscheduled Repair,478723.78,2024-10-08
AMH004120,ACFT00015,2020-11-13,C-Check,226012.0,2021-08-31
AMH004121,ACFT00515,2025-04-20,Unscheduled Repair,69647.28,2027-04-14
AMH004122,ACFT00207,2026-05-25,C-Check,85794.71,2027-09-10
AMH004123,ACFT00053,2024-04-09,A-Check,327344.86,2025-10-23
AMH004124,ACFT00114,2026-07-11,A-Check,294245.13,2027-10-24
AMH004125,ACFT00269,2024-06-08,A-Check,50292.95,2024-12-13
AMH004126,ACFT00328,2019-06-18,A-Check,427625.1,2020-01-31
AMH004127,ACFT00313,2020-08-02,B-Check,277364.14,2022-02-11
AMH004128,ACFT00177,2025-12-16,A-Check,152171.28,2026-09-05
AMH004129,ACFT00023,2021-02-17,B-Check,392898.17,2022-08-31
AMH004130,ACFT00559,2019-07-08,A-Check,297700.33,2019-10-13
AMH004131,ACFT00330,2018-05-27,A-Check,472223.2,2018-10-26
AMH004132,ACFT00456,2021-07-28,B-Check,476100.33,2022-09-15
AMH004133,ACFT00345,2025-05-20,C-Check,234678.88,2026-11-21
AMH004134,ACFT00262,2024-06-10,C-Check,71831.9,2025-03-16
AMH004135,ACFT00071,2020-11-10,A-Check,270522.38,2021-11-04
AMH004136,ACFT00032,2019-08-29,A-Check,216656.21,2021-05-10
AMH004137,ACFT00467,2022-08-09,B-Check,419993.96,2023-01-28
AMH004138,ACFT00089,2022-01-04,C-Check,157240.81,2023-12-27
AMH004139,ACFT00378,2019-06-25,A-Check,449362.47,2021-03-17
AMH004140,ACFT00428,2019-02-09,D-Check,233644.27,2020-03-20
AMH004141,ACFT00017,2018-11-08,C-Check,12501.29,2019-06-15
AMH004142,ACFT00223,2018-12-27,B-Check,276586.4,2020-07-14
AMH004143,ACFT00297,2021-12-27,B-Check,488570.77,2023-03-31
AMH004144,ACFT00315,2024-11-10,D-Check,376463.12,2025-06-21
AMH004145,ACFT00535,2021-05-21,A-Check,432731.09,2021-11-12
AMH004146,ACFT00296,2023-10-12,Unscheduled Repair,104434.1,2024-10-03
AMH004147,ACFT00590,2020-02-29,A-Check,278157.11,2020-09-25
AMH004148,ACFT00017,2023-05-12,Unscheduled Repair,162813.24,2024-02-05
AMH004149,ACFT00342,2021-05-29,B-Check,329697.23,2022-06-10
AMH004150,ACFT00454,2026-01-05,C-Check,10876.38,2026-06-14
AMH004151,ACFT00527,2022-07-27,A-Check,99794.83,2023-01-04
AMH004152,ACFT00246,2018-08-07,B-Check,348829.86,2019-01-17
AMH004153,ACFT00501,2020-02-12,D-Check,198322.58,2020-07-18
AMH004154,ACFT00028,2025-10-23,B-Check,248135.82,2026-04-04
AMH004155,ACFT00409,2024-03-21,A-Check,118820.88,2024-08-02
AMH004156,ACFT00236,2021-05-30,B-Check,97095.65,2022-09-29
AMH004157,ACFT00049,2023-12-31,A-Check,116617.89,2025-05-22
AMH004158,ACFT00076,2026-06-19,Unscheduled Repair,163113.88,2026-09-28
AMH004159,ACFT00562,2020-10-02,A-Check,313237.04,2021-06-20
AMH004160,ACFT00044,2026-06-01,A-Check,241869.09,2026-11-10
AMH004161,ACFT00028,2020-12-10,Unscheduled Repair,87423.63,2021-12-19
AMH004162,ACFT00014,2025-03-25,B-Check,124371.81,2026-08-06
AMH004163,ACFT00050,2021-08-09,C-Check,138485.33,2023-05-02
AMH004164,ACFT00271,2024-02-02,C-Check,339662.54,2025-11-01
AMH004165,ACFT00364,2025-11-27,A-Check,78688.52,2026-09-25
AMH004166,ACFT00455,2024-02-12,B-Check,84963.69,2025-07-25
AMH004167,ACFT00435,2024-06-19,A-Check,132550.85,2025-09-24
AMH004168,ACFT00324,2018-09-13,B-Check,227909.52,2019-03-15
AMH004169,ACFT00138,2018-05-22,Unscheduled Repair,498586.04,2019-10-09
AMH004170,ACFT00086,2025-10-25,A-Check,442089.9,2026-03-03
AMH004171,ACFT00483,2020-10-26,A-Check,162634.54,2022-10-03
AMH004172,ACFT00019,2019-03-01,A-Check,497237.74,2020-04-21
AMH004173,ACFT00484,2026-06-12,B-Check,186159.11,2027-06-22
AMH004174,ACFT00002,2020-07-23,B-Check,439660.14,2021-12-15
AMH004175,ACFT00213,2022-12-07,A-Check,115717.65,2023-08-29
AMH004176,ACFT00159,2024-03-08,B-Check,397825.84,2024-09-20
AMH004177,ACFT00117,2026-05-02,B-Check,255773.36,2026-11-27
AMH004178,ACFT00034,2022-09-03,A-Check,416048.08,2023-07-13
AMH004179,ACFT00014,2025-03-17,A-Check,58972.58,2027-01-18
AMH004180,ACFT00411,2022-07-23,A-Check,174799.12,2024-03-04
AMH004181,ACFT00278,2025-01-15,B-Check,315937.06,2025-08-21
AMH004182,ACFT00209,2022-08-31,A-Check,164379.62,2024-06-02
AMH004183,ACFT00341,2020-10-27,B-Check,192029.75,2021-05-04
AMH004184,ACFT00130,2019-02-14,A-Check,131024.69,2019-12-08
AMH004185,ACFT00551,2019-04-29,B-Check,448942.16,2020-06-12
AMH004186,ACFT00109,2021-07-31,A-Check,444351.87,2022-09-20
AMH004187,ACFT00296,2023-01-02,B-Check,102859.67,2023-05-23
AMH004188,ACFT00266,2026-01-19,A-Check,38814.89,2027-07-31
AMH004189,ACFT00318,2019-03-23,A-Check,26835.94,2019-08-17
AMH004190,ACFT00513,2024-01-24,A-Check,151189.85,2025-08-23
AMH004191,ACFT00228,2020-11-24,B-Check,421411.05,2022-05-04
AMH004192,ACFT00197,2019-01-23,A-Check,440961.41,2020-07-12
AMH004193,ACFT00106,2026-01-25,A-Check,301291.13,2027-07-12
AMH004194,ACFT00525,2026-03-02,B-Check,42617.84,2026-07-25
AMH004195,ACFT00538,2021-03-05,B-Check,370361.93,2023-01-28
AMH004196,ACFT00020,2022-12-25,B-Check,322950.96,2024-11-06
AMH004197,ACFT00086,2023-07-26,A-Check,93829.84,2023-10-28
AMH004198,ACFT00326,2021-10-14,Unscheduled Repair,242456.25,2023-02-21
AMH004199,ACFT00245,2018-01-24,A-Check,206695.63,2019-05-08
AMH004200,ACFT00546,2025-02-06,A-Check,349412.13,2026-10-22
AMH004201,ACFT00174,2023-01-27,B-Check,247927.47,2023-12-15
AMH004202,ACFT00490,2025-09-04,A-Check,330180.6,2026-08-28
AMH004203,ACFT00152,2020-06-14,B-Check,410180.63,2022-06-12
AMH004204,ACFT00172,2018-09-22,A-Check,469973.24,2019-04-16
AMH004205,ACFT00139,2021-07-21,A-Check,444781.24,2022-02-15
AMH004206,ACFT00340,2026-07-21,Unscheduled Repair,450622.03,2027-05-25
AMH004207,ACFT00120,2025-12-30,C-Check,141538.6,2026-11-22
AMH004208,ACFT00290,2019-12-22,A-Check,23365.47,2021-06-21
AMH004209,ACFT00054,2025-04-20,A-Check,335741.85,2026-01-31
AMH004210,ACFT00373,2021-10-16,B-Check,488314.34,2022-02-25
AMH004211,ACFT00090,2025-04-22,B-Check,73660.58,2027-04-05
AMH004212,ACFT00112,2018-08-23,Unscheduled Repair,465241.2,2019-03-03
AMH004213,ACFT00111,2020-01-08,B-Check,358572.39,2021-06-25
AMH004214,ACFT00507,2021-03-27,A-Check,196590.61,2022-05-12
AMH004215,ACFT00184,2024-02-01,A-Check,100815.06,2024-09-28
AMH004216,ACFT00232,2020-12-29,A-Check,288797.03,2022-03-04
AMH004217,ACFT00081,2021-07-07,C-Check,13174.01,2022-04-20
AMH004218,ACFT00406,2019-05-11,B-Check,195634.04,2021-02-24
AMH004219,ACFT00036,2024-06-20,B-Check,440406.18,2025-08-06
AMH004220,ACFT00145,2019-06-24,A-Check,397192.11,2020-07-07
AMH004221,ACFT00166,2024-02-16,B-Check,144679.03,2026-01-04
AMH004222,ACFT00583,2022-09-20,Unscheduled Repair,180736.48,2024-02-21
AMH004223,ACFT00142,2020-08-11,C-Check,420235.08,2020-11-15
AMH004224,ACFT00243,2021-07-20,B-Check,3079.19,2022-09-23
AMH004225,ACFT00479,2024-03-25,A-Check,45053.61,2024-07-07
AMH004226,ACFT00255,2019-12-02,A-Check,167610.06,2021-01-16
AMH004227,ACFT00053,2019-07-30,B-Check,93872.14,2021-04-21
AMH004228,ACFT00481,2022-07-23,A-Check,499778.35,2023-08-06
AMH004229,ACFT00178,2021-09-15,A-Check,112389.44,2022-02-02
AMH004230,ACFT00558,2022-01-01,A-Check,420254.98,2023-09-25
AMH004231,ACFT00150,2022-06-19,C-Check,498038.63,2023-08-04
AMH004232,ACFT00367,2026-06-29,A-Check,417169.87,2027-02-17
AMH004233,ACFT00419,2022-01-14,C-Check,285889.37,2023-02-25
AMH004234,ACFT00583,2021-03-21,C-Check,421071.66,2022-08-02
AMH004235,ACFT00206,2021-10-03,Unscheduled Repair,244729.81,2022-10-24
AMH004236,ACFT00539,2022-11-06,B-Check,109965.26,2023-02-27
AMH004237,ACFT00112,2023-12-26,C-Check,434018.91,2024-11-05
AMH004238,ACFT00386,2019-08-09,C-Check,360343.19,2020-06-12
AMH004239,ACFT00378,2022-08-27,B-Check,404231.86,2024-01-15
AMH004240,ACFT00530,2022-11-04,B-Check,328029.14,2024-02-27
AMH004241,ACFT00077,2021-03-03,Unscheduled Repair,17268.53,2021-06-08
AMH004242,ACFT00020,2025-07-24,Unscheduled Repair,17021.69,2026-05-20
AMH004243,ACFT00110,2022-09-03,C-Check,14164.15,2023-12-15
AMH004244,ACFT00580,2024-08-01,A-Check,173666.16,2024-12-07
AMH004245,ACFT00544,2021-05-05,A-Check,169679.44,2022-05-30
AMH004246,ACFT00486,2022-05-06,Unscheduled Repair,418955.65,2024-02-24
AMH004247,ACFT00282,2021-12-12,A-Check,373716.92,2022-05-28
AMH004248,ACFT00378,2021-09-27,A-Check,126248.23,2022-10-19
AMH004249,ACFT00408,2026-05-29,A-Check,56485.14,2027-09-14
AMH004250,ACFT00061,2021-10-20,B-Check,73838.71,2023-08-04
AMH004251,ACFT00001,2019-07-09,A-Check,82699.84,2021-05-22
AMH004252,ACFT00519,2026-02-03,A-Check,160301.9,2026-06-09
AMH004253,ACFT00466,2024-06-24,A-Check,101537.42,2025-11-15
AMH004254,ACFT00379,2025-06-16,B-Check,211141.45,2026-08-18
AMH004255,ACFT00508,2019-11-01,A-Check,319540.53,2020-05-19
AMH004256,ACFT00287,2025-10-05,Unscheduled Repair,197332.05,2026-09-11
AMH004257,ACFT00283,2024-08-09,Unscheduled Repair,338296.28,2025-01-06
AMH004258,ACFT00453,2023-05-11,B-Check,446156.93,2024-05-01
AMH004259,ACFT00093,2024-01-27,A-Check,390261.11,2025-03-27
AMH004260,ACFT00379,2018-03-19,B-Check,465408.48,2020-02-19
AMH004261,ACFT00186,2023-05-24,C-Check,189344.97,2025-01-09
AMH004262,ACFT00570,2021-03-12,A-Check,89833.73,2022-12-19
AMH004263,ACFT00063,2024-10-07,A-Check,215421.38,2025-09-13
AMH004264,ACFT00279,2022-10-10,C-Check,274156.39,2024-10-05
AMH004265,ACFT00411,2019-09-09,A-Check,489196.05,2020-02-11
AMH004266,ACFT00056,2020-11-15,C-Check,114963.45,2022-02-03
AMH004267,ACFT00095,2020-10-30,A-Check,278206.15,2021-11-09
AMH004268,ACFT00102,2023-04-28,B-Check,333236.91,2023-09-13
AMH004269,ACFT00055,2024-06-29,D-Check,313503.57,2026-02-24
AMH004270,ACFT00288,2022-03-11,A-Check,56178.14,2023-09-25
AMH004271,ACFT00598,2021-08-03,D-Check,289605.3,2022-02-15
AMH004272,ACFT00306,2021-12-25,D-Check,182864.89,2022-06-27
AMH004273,ACFT00236,2019-11-12,A-Check,357792.48,2020-03-05
AMH004274,ACFT00289,2022-09-21,A-Check,400556.94,2023-10-27
AMH004275,ACFT00494,2018-11-06,C-Check,321367.33,2020-07-02
AMH004276,ACFT00347,2019-12-27,A-Check,70835.0,2020-04-26
AMH004277,ACFT00083,2024-05-01,A-Check,103596.52,2024-12-23
AMH004278,ACFT00286,2019-11-15,A-Check,123322.25,2021-06-04
AMH004279,ACFT00034,2022-10-07,A-Check,410649.57,2024-06-04
AMH004280,ACFT00310,2023-10-12,A-Check,230146.1,2024-06-22
AMH004281,ACFT00439,2023-08-23,C-Check,195419.65,2025-08-02
AMH004282,ACFT00001,2025-06-23,A-Check,358454.87,2026-03-08
AMH004283,ACFT00008,2020-08-27,D-Check,47574.13,2021-09-03
AMH004284,ACFT00346,2022-07-24,B-Check,207138.12,2023-06-16
AMH004285,ACFT00196,2024-08-21,A-Check,494926.7,2025-02-06
AMH004286,ACFT00588,2019-08-12,D-Check,420528.78,2021-01-12
AMH004287,ACFT00234,2023-02-01,A-Check,462437.44,2024-11-13
AMH004288,ACFT00244,2019-08-16,C-Check,497836.43,2020-08-16
AMH004289,ACFT00285,2022-01-18,C-Check,498642.41,2023-06-06
AMH004290,ACFT00276,2018-02-10,A-Check,404105.93,2018-07-13
AMH004291,ACFT00189,2024-02-19,B-Check,289911.15,2024-09-27
AMH004292,ACFT00300,2023-10-16,C-Check,34620.3,2024-10-31
AMH004293,ACFT00128,2024-04-26,Unscheduled Repair,488429.54,2026-02-20
AMH004294,ACFT00387,2019-10-15,A-Check,484786.72,2021-03-02
AMH004295,ACFT00542,2018-01-04,A-Check,88908.58,2019-09-03
AMH004296,ACFT00488,2021-04-19,D-Check,479959.35,2022-07-29
AMH004297,ACFT00170,2022-06-11,A-Check,40546.37,2024-05-25
AMH004298,ACFT00405,2023-08-12,B-Check,29112.54,2024-03-30
AMH004299,ACFT00407,2023-05-20,A-Check,18271.64,2024-11-03
AMH004300,ACFT00523,2022-02-28,A-Check,469843.21,2023-12-29
AMH004301,ACFT00529,2026-04-30,D-Check,47888.46,2028-04-05
AMH004302,ACFT00567,2021-06-29,D-Check,251351.65,2022-12-20
AMH004303,ACFT00195,2026-06-25,C-Check,359727.5,2027-10-22
AMH004304,ACFT00065,2024-09-19,Unscheduled Repair,292429.17,2026-04-27
AMH004305,ACFT00095,2019-03-02,C-Check,135976.31,2019-08-28
AMH004306,ACFT00480,2020-07-09,B-Check,464018.54,2021-02-09
AMH004307,ACFT00375,2024-02-22,C-Check,472320.15,2025-03-14
AMH004308,ACFT00151,2022-08-09,B-Check,91737.39,2024-01-28
AMH004309,ACFT00261,2020-05-16,A-Check,116295.12,2022-01-26
AMH004310,ACFT00217,2024-01-31,A-Check,456976.09,2025-08-19
AMH004311,ACFT00366,2019-03-14,A-Check,246732.55,2020-03-23
AMH004312,ACFT00065,2024-09-13,A-Check,482294.17,2025-04-24
AMH004313,ACFT00290,2019-09-06,B-Check,455911.33,2020-12-30
AMH004314,ACFT00405,2021-01-06,D-Check,431931.97,2022-09-07
AMH004315,ACFT00474,2019-02-22,C-Check,293124.98,2020-10-19
AMH004316,ACFT00167,2020-04-26,B-Check,142696.52,2022-03-01
AMH004317,ACFT00421,2019-09-06,C-Check,218149.65,2020-03-02
AMH004318,ACFT00470,2023-03-15,B-Check,10838.33,2023-09-01
AMH004319,ACFT00147,2019-01-03,C-Check,198888.19,2020-08-16
AMH004320,ACFT00139,2020-11-01,C-Check,289875.94,2022-09-22
AMH004321,ACFT00541,2020-03-09,B-Check,215608.47,2020-08-18
AMH004322,ACFT00358,2022-11-03,D-Check,294052.07,2024-10-02
AMH004323,ACFT00571,2019-02-06,A-Check,70629.32,2019-10-21
AMH004324,ACFT00363,2023-05-25,C-Check,224713.49,2023-12-30
AMH004325,ACFT00448,2019-02-10,B-Check,27779.71,2021-01-11
AMH004326,ACFT00600,2020-01-21,A-Check,460275.3,2021-09-28
AMH004327,ACFT00004,2019-04-11,B-Check,272561.96,2021-02-19
AMH004328,ACFT00086,2024-08-27,C-Check,415433.83,2026-02-11
AMH004329,ACFT00400,2025-03-20,A-Check,91416.18,2025-12-03
AMH004330,ACFT00001,2025-08-15,A-Check,24056.05,2026-09-07
AMH004331,ACFT00557,2022-02-01,B-Check,266120.84,2023-02-03
AMH004332,ACFT00090,2020-11-28,A-Check,380557.18,2022-10-01
AMH004333,ACFT00340,2024-03-20,C-Check,275214.95,2026-03-11
AMH004334,ACFT00599,2021-04-28,A-Check,225897.4,2022-07-03
AMH004335,ACFT00253,2026-06-10,A-Check,9001.13,2028-02-26
AMH004336,ACFT00024,2021-02-11,C-Check,30239.77,2022-10-22
AMH004337,ACFT00374,2019-07-20,B-Check,249491.12,2020-09-28
AMH004338,ACFT00345,2020-09-22,Unscheduled Repair,432252.01,2021-10-31
AMH004339,ACFT00515,2023-10-03,A-Check,68665.72,2024-04-12
AMH004340,ACFT00410,2022-04-15,B-Check,180363.98,2024-01-16
AMH004341,ACFT00265,2024-03-14,Unscheduled Repair,264214.56,2026-02-03
AMH004342,ACFT00210,2025-06-28,A-Check,372862.22,2027-03-26
AMH004343,ACFT00258,2019-08-26,A-Check,62425.36,2019-11-29
AMH004344,ACFT00231,2019-11-03,B-Check,165730.88,2020-03-01
AMH004345,ACFT00010,2019-05-06,A-Check,151864.89,2020-10-31
AMH004346,ACFT00594,2018-09-11,C-Check,221756.77,2020-06-09
AMH004347,ACFT00558,2022-02-25,A-Check,332402.3,2023-02-22
AMH004348,ACFT00246,2018-05-31,A-Check,142045.9,2019-11-19
AMH004349,ACFT00050,2018-11-15,B-Check,247451.43,2019-05-27
AMH004350,ACFT00078,2020-04-18,C-Check,152265.53,2021-10-31
AMH004351,ACFT00122,2026-04-23,C-Check,378628.48,2028-03-23
AMH004352,ACFT00521,2023-09-04,A-Check,103829.24,2025-07-29
AMH004353,ACFT00349,2023-12-04,A-Check,268779.2,2025-01-28
AMH004354,ACFT00272,2023-09-23,Unscheduled Repair,398524.59,2024-07-20
AMH004355,ACFT00526,2019-10-23,B-Check,481862.58,2021-06-27
AMH004356,ACFT00207,2025-08-11,A-Check,90057.82,2026-08-19
AMH004357,ACFT00178,2025-04-27,A-Check,328375.58,2026-07-15
AMH004358,ACFT00572,2020-04-25,B-Check,384975.99,2022-02-23
AMH004359,ACFT00223,2023-01-06,D-Check,371597.89,2023-10-15
AMH004360,ACFT00495,2025-04-23,A-Check,305014.97,2027-03-02
AMH004361,ACFT00446,2020-03-27,B-Check,316665.5,2021-10-09
AMH004362,ACFT00167,2019-04-08,B-Check,164650.73,2021-01-26
AMH004363,ACFT00441,2022-05-23,A-Check,320212.04,2023-10-07
AMH004364,ACFT00371,2021-06-14,D-Check,74166.0,2022-01-03
AMH004365,ACFT00112,2023-01-10,B-Check,245934.32,2023-12-20
AMH004366,ACFT00519,2025-12-27,A-Check,358459.31,2027-06-18
AMH004367,ACFT00091,2023-01-17,B-Check,272383.77,2024-09-23
AMH004368,ACFT00154,2022-08-02,A-Check,107045.98,2023-09-28
AMH004369,ACFT00490,2018-01-06,C-Check,388464.04,2018-05-09
AMH004370,ACFT00436,2026-01-13,A-Check,347475.01,2026-09-18
AMH004371,ACFT00558,2024-11-30,A-Check,260187.79,2026-05-10
AMH004372,ACFT00475,2018-10-17,A-Check,255465.48,2019-12-28
AMH004373,ACFT00441,2025-05-11,D-Check,460013.66,2026-05-25
AMH004374,ACFT00510,2024-12-06,A-Check,396689.2,2026-02-04
AMH004375,ACFT00206,2024-11-13,A-Check,299968.09,2025-03-08
AMH004376,ACFT00281,2023-03-24,C-Check,87046.55,2024-08-10
AMH004377,ACFT00387,2025-06-28,C-Check,242725.19,2026-06-18
AMH004378,ACFT00589,2021-04-12,Unscheduled Repair,335154.07,2022-02-09
AMH004379,ACFT00024,2022-07-04,A-Check,133407.06,2024-06-05
AMH004380,ACFT00255,2019-12-27,A-Check,112013.38,2021-04-12
AMH004381,ACFT00545,2019-03-11,B-Check,50012.4,2020-02-28
AMH004382,ACFT00319,2021-05-06,A-Check,391516.21,2022-07-14
AMH004383,ACFT00332,2023-01-10,Unscheduled Repair,472572.96,2024-10-18
AMH004384,ACFT00559,2024-07-26,B-Check,71417.98,2025-11-01
AMH004385,ACFT00364,2018-12-17,A-Check,268086.11,2020-07-27
AMH004386,ACFT00497,2019-06-11,Unscheduled Repair,18901.8,2020-08-31
AMH004387,ACFT00451,2019-12-19,A-Check,369403.04,2020-04-24
AMH004388,ACFT00080,2023-01-10,C-Check,11707.06,2024-09-07
AMH004389,ACFT00040,2025-04-29,D-Check,322375.71,2026-06-23
AMH004390,ACFT00557,2025-03-22,B-Check,442576.9,2025-08-16
AMH004391,ACFT00532,2025-09-10,A-Check,62655.67,2026-11-24
AMH004392,ACFT00048,2025-06-22,Unscheduled Repair,473304.88,2026-02-27
AMH004393,ACFT00101,2020-08-01,B-Check,384344.23,2021-11-13
AMH004394,ACFT00588,2025-04-18,Unscheduled Repair,216925.58,2025-12-08
AMH004395,ACFT00404,2024-07-21,B-Check,93202.09,2024-11-10
AMH004396,ACFT00503,2020-07-01,A-Check,191659.65,2021-06-01
AMH004397,ACFT00108,2023-07-24,B-Check,346324.63,2024-12-29
AMH004398,ACFT00103,2019-02-26,C-Check,231313.15,2019-07-21
AMH004399,ACFT00414,2018-10-28,C-Check,78384.76,2020-01-31
AMH004400,ACFT00459,2022-07-20,A-Check,202449.53,2024-01-01
AMH004401,ACFT00204,2019-06-22,C-Check,209329.85,2021-01-10
AMH004402,ACFT00256,2026-02-22,B-Check,169993.32,2028-01-17
AMH004403,ACFT00095,2019-04-12,C-Check,414714.25,2020-06-25
AMH004404,ACFT00071,2021-05-24,A-Check,173507.28,2022-06-14
AMH004405,ACFT00149,2025-07-19,D-Check,101192.09,2027-03-11
AMH004406,ACFT00497,2025-01-29,B-Check,471241.39,2027-01-23
AMH004407,ACFT00599,2021-05-10,A-Check,399948.85,2023-03-29
AMH004408,ACFT00370,2021-03-28,B-Check,128358.96,2022-10-29
AMH004409,ACFT00086,2018-03-09,C-Check,32819.9,2018-08-19
AMH004410,ACFT00205,2026-02-19,A-Check,257208.11,2027-08-16
AMH004411,ACFT00082,2018-02-18,B-Check,239142.46,2018-10-20
AMH004412,ACFT00267,2023-01-14,A-Check,97613.2,2024-03-18
AMH004413,ACFT00429,2023-07-18,C-Check,393504.16,2024-02-24
AMH004414,ACFT00456,2018-11-19,A-Check,198431.71,2020-05-21
AMH004415,ACFT00356,2024-11-20,B-Check,344273.92,2025-06-19
AMH004416,ACFT00207,2025-01-13,B-Check,6430.94,2026-11-18
AMH004417,ACFT00438,2025-05-17,C-Check,328864.21,2026-03-09
AMH004418,ACFT00382,2023-06-26,B-Check,2438.78,2025-03-26
AMH004419,ACFT00352,2018-08-27,A-Check,358452.09,2019-03-31
AMH004420,ACFT00339,2022-07-27,Unscheduled Repair,237381.69,2024-01-29
AMH004421,ACFT00032,2022-05-23,B-Check,22970.66,2024-01-27
AMH004422,ACFT00197,2022-01-28,D-Check,449542.51,2022-11-13
AMH004423,ACFT00071,2024-04-23,A-Check,50053.61,2024-11-30
AMH004424,ACFT00278,2021-09-16,A-Check,260950.05,2023-08-31
AMH004425,ACFT00280,2021-12-13,B-Check,98270.97,2022-03-25
AMH004426,ACFT00508,2026-04-11,Unscheduled Repair,395206.52,2026-09-21
AMH004427,ACFT00263,2023-03-09,A-Check,194324.76,2023-12-19
AMH004428,ACFT00490,2024-10-19,B-Check,456178.41,2026-08-25
AMH004429,ACFT00268,2018-04-27,A-Check,239739.99,2019-08-02
AMH004430,ACFT00477,2022-09-03,C-Check,296757.8,2024-02-17
AMH004431,ACFT00189,2023-03-16,A-Check,151755.09,2024-07-03
AMH004432,ACFT00179,2020-03-17,B-Check,402926.41,2020-09-17
AMH004433,ACFT00269,2022-01-10,B-Check,389266.04,2022-10-11
AMH004434,ACFT00370,2021-04-07,B-Check,137425.82,2023-01-01
AMH004435,ACFT00537,2020-04-07,A-Check,13236.64,2021-11-08
AMH004436,ACFT00357,2023-09-03,A-Check,354566.9,2024-08-22
AMH004437,ACFT00555,2022-01-04,A-Check,305864.86,2023-04-23
AMH004438,ACFT00319,2022-10-01,Unscheduled Repair,222159.5,2023-04-19
AMH004439,ACFT00002,2024-05-15,C-Check,477090.8,2024-09-14
AMH004440,ACFT00410,2024-09-21,A-Check,18096.04,2025-02-19
AMH004441,ACFT00384,2022-01-03,D-Check,116553.09,2023-05-03
AMH004442,ACFT00034,2020-07-15,B-Check,218480.82,2022-07-12
AMH004443,ACFT00091,2019-10-07,A-Check,334461.25,2021-09-23
AMH004444,ACFT00133,2018-06-23,A-Check,23340.02,2019-02-01
AMH004445,ACFT00063,2019-05-16,A-Check,27775.87,2019-08-29
AMH004446,ACFT00010,2020-03-27,C-Check,139688.69,2020-06-27
AMH004447,ACFT00288,2021-02-28,B-Check,7323.48,2022-04-09
AMH004448,ACFT00335,2018-11-19,A-Check,335119.01,2020-06-29
AMH004449,ACFT00597,2020-04-13,B-Check,457169.47,2021-03-25
AMH004450,ACFT00165,2026-07-01,A-Check,88341.25,2026-12-15
AMH004451,ACFT00263,2023-05-28,Unscheduled Repair,447710.27,2024-10-14
AMH004452,ACFT00227,2024-08-31,A-Check,175114.09,2025-08-28
AMH004453,ACFT00061,2020-12-13,B-Check,246171.43,2021-08-15
AMH004454,ACFT00117,2023-06-02,A-Check,348873.1,2024-04-05
AMH004455,ACFT00552,2018-04-22,B-Check,187403.32,2019-12-09
AMH004456,ACFT00594,2025-04-08,A-Check,438104.86,2026-05-02
AMH004457,ACFT00478,2022-09-12,A-Check,437095.71,2024-06-04
AMH004458,ACFT00040,2019-02-14,B-Check,435068.52,2019-11-14
AMH004459,ACFT00536,2019-05-02,B-Check,65907.87,2021-03-29
AMH004460,ACFT00393,2025-09-28,C-Check,317598.03,2027-02-28
AMH004461,ACFT00414,2022-11-07,B-Check,320233.22,2024-01-27
AMH004462,ACFT00547,2018-09-02,C-Check,12176.08,2019-03-02
AMH004463,ACFT00432,2020-10-06,B-Check,115654.66,2021-11-14
AMH004464,ACFT00237,2024-06-21,B-Check,409442.53,2024-10-29
AMH004465,ACFT00417,2023-02-15,C-Check,358761.03,2023-07-11
AMH004466,ACFT00300,2020-10-04,C-Check,42283.87,2021-03-01
AMH004467,ACFT00403,2025-08-06,A-Check,493513.69,2025-12-23
AMH004468,ACFT00161,2018-07-05,B-Check,79876.97,2019-12-08
AMH004469,ACFT00177,2024-01-12,B-Check,12162.8,2024-08-09
AMH004470,ACFT00166,2024-02-14,C-Check,283081.94,2025-04-25
AMH004471,ACFT00429,2019-05-02,B-Check,7518.94,2020-08-11
AMH004472,ACFT00408,2020-02-05,B-Check,73877.19,2020-12-19
AMH004473,ACFT00550,2018-09-21,A-Check,416495.81,2020-07-01
AMH004474,ACFT00457,2023-11-05,B-Check,438544.17,2025-02-19
AMH004475,ACFT00599,2026-02-10,C-Check,131264.21,2027-07-12
AMH004476,ACFT00346,2018-12-04,B-Check,488586.12,2020-10-18
AMH004477,ACFT00237,2021-05-05,B-Check,381813.99,2022-06-25
AMH004478,ACFT00483,2025-05-04,A-Check,14497.73,2025-12-16
AMH004479,ACFT00304,2019-05-23,B-Check,202672.52,2020-09-02
AMH004480,ACFT00566,2018-08-13,A-Check,201709.85,2019-12-01
AMH004481,ACFT00155,2025-01-03,C-Check,88353.38,2025-10-02
AMH004482,ACFT00437,2019-11-23,A-Check,291668.56,2020-08-11
AMH004483,ACFT00451,2023-02-08,C-Check,455390.11,2023-12-07
AMH004484,ACFT00559,2021-08-21,A-Check,475055.72,2022-07-18
AMH004485,ACFT00234,2023-08-02,A-Check,393007.36,2025-05-18
AMH004486,ACFT00405,2025-07-17,A-Check,324092.19,2026-12-24
AMH004487,ACFT00252,2023-12-13,B-Check,241673.77,2025-07-11
AMH004488,ACFT00367,2024-07-22,A-Check,247629.66,2026-06-01
AMH004489,ACFT00119,2024-12-19,A-Check,390366.52,2026-05-26
AMH004490,ACFT00147,2019-12-01,C-Check,404099.69,2020-10-23
AMH004491,ACFT00086,2023-03-31,C-Check,187890.84,2023-11-04
AMH004492,ACFT00316,2022-08-26,C-Check,99506.84,2023-05-03
AMH004493,ACFT00271,2024-03-01,D-Check,203240.66,2025-10-27
AMH004494,ACFT00214,2018-10-31,Unscheduled Repair,396727.75,2019-08-09
AMH004495,ACFT00382,2026-05-03,C-Check,358529.29,2028-03-06
AMH004496,ACFT00274,2020-04-11,A-Check,333940.06,2021-12-11
AMH004497,ACFT00207,2023-05-31,D-Check,227862.57,2023-10-27
AMH004498,ACFT00502,2022-04-10,C-Check,422806.34,2023-04-15
AMH004499,ACFT00301,2026-03-02,B-Check,403446.21,2027-10-16
AMH004500,ACFT00565,2018-05-24,A-Check,386023.83,2019-10-14
AMH004501,ACFT00034,2025-08-28,A-Check,325427.3,2027-08-26
AMH004502,ACFT00210,2021-05-30,A-Check,246478.59,2021-11-16
AMH004503,ACFT00461,2025-05-07,C-Check,436755.85,2026-08-18
AMH004504,ACFT00572,2024-11-29,A-Check,70195.37,2025-07-22
AMH004505,ACFT00596,2019-09-01,C-Check,82242.2,2021-03-15
AMH004506,ACFT00265,2025-07-07,C-Check,370506.9,2025-12-17
AMH004507,ACFT00366,2025-03-06,Unscheduled Repair,457311.07,2026-04-18
AMH004508,ACFT00073,2022-10-14,D-Check,96946.33,2023-12-25
AMH004509,ACFT00329,2022-10-17,B-Check,209935.03,2024-02-25
AMH004510,ACFT00234,2019-03-04,C-Check,231953.2,2021-02-15
AMH004511,ACFT00523,2023-03-22,C-Check,399985.33,2024-04-13
AMH004512,ACFT00279,2024-03-31,C-Check,284210.75,2024-09-09
AMH004513,ACFT00110,2021-03-28,Unscheduled Repair,132798.9,2021-07-17
AMH004514,ACFT00058,2021-03-25,A-Check,309038.48,2022-02-17
AMH004515,ACFT00295,2020-05-08,A-Check,325005.08,2021-05-31
AMH004516,ACFT00035,2018-04-14,A-Check,216405.66,2019-06-22
AMH004517,ACFT00348,2021-04-22,A-Check,239254.62,2022-09-12
AMH004518,ACFT00390,2026-04-05,A-Check,422263.18,2027-03-26
AMH004519,ACFT00230,2023-09-24,C-Check,264119.51,2024-03-20
AMH004520,ACFT00503,2020-05-22,B-Check,357407.09,2020-12-10
AMH004521,ACFT00600,2019-07-25,B-Check,267808.88,2021-06-18
AMH004522,ACFT00214,2019-03-13,A-Check,372581.01,2019-10-02
AMH004523,ACFT00081,2024-06-16,D-Check,307582.61,2024-11-04
AMH004524,ACFT00378,2021-06-19,C-Check,140198.99,2023-04-30
AMH004525,ACFT00262,2020-02-28,A-Check,278187.22,2021-08-16
AMH004526,ACFT00597,2024-08-31,A-Check,400580.14,2026-01-27
AMH004527,ACFT00551,2023-01-23,A-Check,207260.07,2023-10-25
AMH004528,ACFT00198,2023-11-13,A-Check,180765.01,2024-12-10
AMH004529,ACFT00119,2023-07-13,A-Check,393962.38,2024-06-06
AMH004530,ACFT00470,2022-07-16,A-Check,298037.59,2023-07-04
AMH004531,ACFT00096,2023-09-22,Unscheduled Repair,414905.05,2024-07-13
AMH004532,ACFT00008,2022-10-20,B-Check,267037.64,2023-07-14
AMH004533,ACFT00404,2022-10-22,D-Check,317436.89,2023-07-10
AMH004534,ACFT00068,2024-02-20,C-Check,487271.91,2025-08-19
AMH004535,ACFT00358,2023-05-27,B-Check,134402.53,2024-12-13
AMH004536,ACFT00331,2021-07-01,A-Check,217131.34,2022-12-21
AMH004537,ACFT00367,2019-08-22,A-Check,272390.57,2020-04-01
AMH004538,ACFT00121,2023-02-18,D-Check,80374.42,2024-08-29
AMH004539,ACFT00275,2023-06-23,D-Check,212205.82,2024-02-10
AMH004540,ACFT00459,2023-11-26,B-Check,167855.93,2025-01-19
AMH004541,ACFT00129,2022-06-09,D-Check,32890.05,2022-12-11
AMH004542,ACFT00135,2025-01-05,A-Check,438011.34,2025-07-08
AMH004543,ACFT00094,2023-08-21,C-Check,337248.44,2024-11-09
AMH004544,ACFT00444,2020-04-12,C-Check,300341.0,2021-05-05
AMH004545,ACFT00335,2020-08-07,C-Check,100345.13,2021-09-18
AMH004546,ACFT00402,2024-09-14,A-Check,380646.35,2025-06-01
AMH004547,ACFT00353,2025-07-31,B-Check,361345.7,2026-08-28
AMH004548,ACFT00551,2021-06-28,A-Check,156573.78,2023-02-25
AMH004549,ACFT00572,2021-09-19,B-Check,394407.04,2022-10-06
AMH004550,ACFT00085,2026-03-26,B-Check,133819.55,2026-09-30
AMH004551,ACFT00558,2023-02-02,Unscheduled Repair,362267.21,2024-06-30
AMH004552,ACFT00272,2025-08-29,D-Check,451876.26,2026-12-09
AMH004553,ACFT00268,2020-11-12,A-Check,111101.27,2022-04-16
AMH004554,ACFT00189,2023-11-11,A-Check,60444.49,2025-02-11
AMH004555,ACFT00367,2021-08-29,C-Check,45610.77,2022-02-02
AMH004556,ACFT00027,2021-10-04,A-Check,91354.72,2022-05-25
AMH004557,ACFT00322,2020-02-07,B-Check,434103.27,2020-08-20
AMH004558,ACFT00527,2021-10-16,C-Check,173885.46,2022-11-18
AMH004559,ACFT00061,2019-06-23,A-Check,447592.61,2020-04-04
AMH004560,ACFT00587,2023-02-17,C-Check,75895.65,2023-06-28
AMH004561,ACFT00511,2022-11-03,D-Check,108237.87,2024-09-13
AMH004562,ACFT00425,2021-11-13,Unscheduled Repair,148096.19,2023-04-16
AMH004563,ACFT00314,2023-06-25,C-Check,55878.48,2024-04-16
AMH004564,ACFT00419,2022-09-17,A-Check,335343.08,2023-03-13
AMH004565,ACFT00288,2021-11-06,C-Check,219009.26,2022-08-05
AMH004566,ACFT00502,2019-10-21,A-Check,396348.76,2020-06-21
AMH004567,ACFT00139,2021-09-19,B-Check,30416.04,2022-06-04
AMH004568,ACFT00284,2023-10-02,B-Check,453824.2,2024-08-15
AMH004569,ACFT00143,2023-02-08,A-Check,124921.11,2023-09-05
AMH004570,ACFT00315,2018-03-20,A-Check,225764.79,2019-03-21
AMH004571,ACFT00158,2023-04-07,A-Check,359035.66,2023-12-11
AMH004572,ACFT00097,2021-04-19,B-Check,491862.05,2021-12-25
AMH004573,ACFT00237,2024-08-21,Unscheduled Repair,396180.89,2025-11-06
AMH004574,ACFT00154,2025-08-30,B-Check,383041.68,2026-09-05
AMH004575,ACFT00313,2018-08-03,A-Check,356113.47,2019-12-13
AMH004576,ACFT00394,2026-06-22,C-Check,482152.71,2028-04-21
AMH004577,ACFT00245,2023-08-10,C-Check,259212.58,2024-04-09
AMH004578,ACFT00198,2021-01-13,A-Check,126942.29,2022-04-19
AMH004579,ACFT00059,2024-12-20,B-Check,13703.14,2026-07-20
AMH004580,ACFT00503,2026-01-21,D-Check,385600.96,2027-05-27
AMH004581,ACFT00326,2026-02-03,D-Check,138864.87,2027-12-09
AMH004582,ACFT00294,2019-08-11,A-Check,36586.46,2021-05-11
AMH004583,ACFT00331,2022-10-25,C-Check,3965.42,2023-06-30
AMH004584,ACFT00190,2021-05-23,Unscheduled Repair,271023.09,2022-02-23
AMH004585,ACFT00332,2023-06-23,A-Check,250561.33,2025-04-25
AMH004586,ACFT00307,2024-01-26,B-Check,447342.14,2024-06-26
AMH004587,ACFT00507,2025-07-14,B-Check,438253.48,2027-01-28
AMH004588,ACFT00082,2025-06-26,Unscheduled Repair,379295.58,2025-10-01
AMH004589,ACFT00043,2022-07-04,A-Check,345044.34,2023-06-09
AMH004590,ACFT00385,2018-12-24,A-Check,164655.76,2019-04-27
AMH004591,ACFT00309,2020-09-03,A-Check,328825.6,2022-05-20
AMH004592,ACFT00145,2021-03-20,A-Check,62331.1,2023-02-07
AMH004593,ACFT00313,2026-03-11,B-Check,194940.44,2027-05-03
AMH004594,ACFT00266,2022-09-06,A-Check,470955.45,2023-02-14
AMH004595,ACFT00472,2022-02-24,B-Check,358872.37,2022-07-26
AMH004596,ACFT00352,2018-06-29,B-Check,186997.8,2019-12-26
AMH004597,ACFT00402,2026-02-15,A-Check,171969.58,2027-05-16
AMH004598,ACFT00546,2020-02-07,B-Check,53968.65,2020-09-18
AMH004599,ACFT00523,2021-10-05,A-Check,346303.64,2022-02-07
AMH004600,ACFT00381,2022-09-02,Unscheduled Repair,121422.55,2023-08-01
AMH004601,ACFT00132,2021-04-14,C-Check,434947.13,2022-03-31
AMH004602,ACFT00600,2021-11-19,D-Check,197112.71,2023-02-26
AMH004603,ACFT00232,2025-10-05,C-Check,337731.74,2027-04-23
AMH004604,ACFT00390,2023-02-02,A-Check,465375.81,2023-06-21
AMH004605,ACFT00027,2019-12-30,A-Check,144927.09,2020-10-06
AMH004606,ACFT00184,2024-01-29,B-Check,195615.51,2025-09-14
AMH004607,ACFT00261,2024-02-29,Unscheduled Repair,46608.6,2025-04-15
AMH004608,ACFT00293,2020-10-17,A-Check,334502.82,2021-05-18
AMH004609,ACFT00261,2021-11-09,A-Check,73221.73,2023-04-27
AMH004610,ACFT00132,2026-02-15,B-Check,254026.83,2027-12-01
AMH004611,ACFT00009,2025-05-24,A-Check,449898.1,2026-12-09
AMH004612,ACFT00323,2023-09-06,A-Check,304352.27,2024-07-07
AMH004613,ACFT00284,2018-08-22,D-Check,38987.42,2019-09-20
AMH004614,ACFT00328,2025-07-02,A-Check,322001.27,2027-04-13
AMH004615,ACFT00382,2026-07-18,A-Check,66610.33,2027-09-02
AMH004616,ACFT00157,2021-05-17,B-Check,217704.8,2021-10-19
AMH004617,ACFT00526,2022-09-04,C-Check,48744.92,2023-01-23
AMH004618,ACFT00565,2019-05-05,A-Check,129303.34,2021-04-20
AMH004619,ACFT00186,2025-02-12,B-Check,44667.85,2026-12-12
AMH004620,ACFT00152,2026-02-11,C-Check,106468.32,2027-07-20
AMH004621,ACFT00388,2023-02-02,B-Check,497287.77,2024-09-13
AMH004622,ACFT00117,2018-02-14,C-Check,125029.76,2019-10-03
AMH004623,ACFT00478,2019-10-02,A-Check,399507.61,2020-09-10
AMH004624,ACFT00062,2024-03-05,A-Check,121157.02,2025-08-28
AMH004625,ACFT00427,2023-09-11,A-Check,142058.54,2024-03-18
AMH004626,ACFT00054,2026-04-20,A-Check,80327.58,2026-10-21
AMH004627,ACFT00025,2019-12-02,A-Check,197971.5,2020-09-13
AMH004628,ACFT00044,2025-06-16,A-Check,36743.86,2027-06-03
AMH004629,ACFT00155,2020-09-24,A-Check,157185.42,2021-02-25
AMH004630,ACFT00512,2025-04-05,C-Check,498680.39,2026-12-11
AMH004631,ACFT00595,2025-01-29,C-Check,357187.35,2026-04-10
AMH004632,ACFT00083,2019-01-11,C-Check,262645.98,2020-04-14
AMH004633,ACFT00255,2023-10-26,B-Check,62608.75,2025-03-30
AMH004634,ACFT00257,2023-11-09,A-Check,208475.36,2025-11-06
AMH004635,ACFT00198,2022-05-05,B-Check,157388.6,2022-09-21
AMH004636,ACFT00519,2026-03-12,A-Check,344707.49,2027-11-04
AMH004637,ACFT00241,2025-01-16,Unscheduled Repair,272406.39,2025-08-31
AMH004638,ACFT00217,2024-03-08,B-Check,402816.79,2025-11-03
AMH004639,ACFT00596,2023-06-06,D-Check,140479.38,2024-08-22
AMH004640,ACFT00103,2025-10-18,C-Check,9634.85,2026-04-03
AMH004641,ACFT00252,2019-10-13,C-Check,431193.23,2020-10-12
AMH004642,ACFT00085,2025-01-24,C-Check,452156.69,2026-01-19
AMH004643,ACFT00437,2022-08-08,A-Check,404611.57,2023-10-13
AMH004644,ACFT00215,2022-03-06,Unscheduled Repair,380699.81,2023-03-05
AMH004645,ACFT00055,2021-10-19,A-Check,241710.0,2022-06-09
AMH004646,ACFT00274,2020-11-17,B-Check,124327.43,2022-04-08
AMH004647,ACFT00266,2023-07-26,B-Check,77787.93,2024-06-03
AMH004648,ACFT00572,2020-02-16,A-Check,199965.28,2022-01-19
AMH004649,ACFT00149,2021-04-25,A-Check,211551.63,2022-09-05
AMH004650,ACFT00283,2023-04-23,A-Check,107765.24,2023-08-19
AMH004651,ACFT00527,2020-09-25,C-Check,255815.17,2021-07-02
AMH004652,ACFT00500,2025-05-08,A-Check,443543.09,2026-08-26
AMH004653,ACFT00018,2018-09-03,A-Check,107516.81,2019-06-04
AMH004654,ACFT00517,2022-08-15,A-Check,67688.8,2024-06-27
AMH004655,ACFT00409,2020-10-29,B-Check,199636.66,2021-01-29
AMH004656,ACFT00153,2022-11-14,D-Check,457188.29,2024-01-02
AMH004657,ACFT00358,2024-11-27,B-Check,7003.56,2025-08-27
AMH004658,ACFT00514,2018-03-16,C-Check,158639.4,2019-10-02
AMH004659,ACFT00023,2019-06-26,C-Check,250011.94,2020-03-24
AMH004660,ACFT00498,2024-07-12,A-Check,200548.05,2025-04-03
AMH004661,ACFT00493,2026-01-30,B-Check,433964.67,2026-05-02
AMH004662,ACFT00344,2023-02-03,A-Check,308089.59,2024-07-27
AMH004663,ACFT00371,2019-06-23,A-Check,28009.2,2021-02-21
AMH004664,ACFT00566,2024-12-01,D-Check,497674.08,2026-01-06
AMH004665,ACFT00145,2021-12-30,Unscheduled Repair,62186.62,2022-08-06
AMH004666,ACFT00356,2023-04-27,C-Check,290919.58,2023-10-12
AMH004667,ACFT00506,2023-08-18,A-Check,337104.97,2025-05-26
AMH004668,ACFT00297,2025-04-05,B-Check,288878.45,2025-12-28
AMH004669,ACFT00134,2022-10-14,A-Check,52427.39,2024-01-13
AMH004670,ACFT00356,2026-05-15,B-Check,204147.08,2026-10-27
AMH004671,ACFT00468,2019-04-28,Unscheduled Repair,419582.76,2020-08-27
AMH004672,ACFT00476,2019-07-30,A-Check,468770.02,2019-12-28
AMH004673,ACFT00136,2019-06-16,A-Check,411367.97,2021-03-26
AMH004674,ACFT00249,2021-10-13,C-Check,385209.02,2022-05-14
AMH004675,ACFT00021,2020-09-09,B-Check,183529.72,2021-03-27
AMH004676,ACFT00051,2020-01-19,B-Check,242753.73,2020-05-01
AMH004677,ACFT00515,2024-04-13,B-Check,93258.51,2026-01-20
AMH004678,ACFT00066,2026-02-02,A-Check,297509.95,2026-11-26
AMH004679,ACFT00383,2019-03-13,A-Check,171743.57,2020-12-09
AMH004680,ACFT00431,2024-08-12,C-Check,145838.72,2026-03-10
AMH004681,ACFT00249,2023-02-23,C-Check,46320.47,2025-02-15
AMH004682,ACFT00158,2018-09-22,C-Check,253633.35,2019-09-23
AMH004683,ACFT00323,2025-09-17,A-Check,391824.87,2027-07-22
AMH004684,ACFT00545,2019-12-11,Unscheduled Repair,89892.0,2020-08-28
AMH004685,ACFT00087,2018-08-03,B-Check,52172.63,2020-04-06
AMH004686,ACFT00447,2020-11-04,B-Check,308592.86,2022-10-23
AMH004687,ACFT00164,2018-04-07,A-Check,353331.65,2019-10-19
AMH004688,ACFT00255,2018-08-24,C-Check,462380.19,2018-12-07
AMH004689,ACFT00559,2026-01-27,Unscheduled Repair,305697.01,2026-10-02
AMH004690,ACFT00019,2021-11-28,Unscheduled Repair,55603.06,2022-09-09
AMH004691,ACFT00132,2023-09-18,Unscheduled Repair,496933.27,2025-04-12
AMH004692,ACFT00318,2019-10-19,A-Check,166649.91,2021-03-24
AMH004693,ACFT00403,2022-05-05,C-Check,115270.38,2024-04-12
AMH004694,ACFT00217,2022-10-17,A-Check,145295.39,2023-02-20
AMH004695,ACFT00248,2024-05-28,A-Check,321977.82,2026-02-24
AMH004696,ACFT00180,2020-09-06,B-Check,281647.43,2021-04-29
AMH004697,ACFT00477,2018-02-06,B-Check,187401.9,2019-10-08
AMH004698,ACFT00543,2020-04-03,B-Check,415879.88,2020-10-07
AMH004699,ACFT00370,2025-09-18,Unscheduled Repair,142405.98,2026-08-08
AMH004700,ACFT00429,2022-03-13,A-Check,371731.98,2022-09-01
AMH004701,ACFT00269,2025-08-04,A-Check,390631.69,2026-07-03
AMH004702,ACFT00095,2022-11-30,A-Check,30693.11,2023-03-18
AMH004703,ACFT00378,2026-07-22,A-Check,422832.1,2027-10-31
AMH004704,ACFT00221,2019-02-11,A-Check,427409.29,2020-04-25
AMH004705,ACFT00375,2020-08-14,B-Check,184344.56,2022-03-09
AMH004706,ACFT00279,2021-02-05,Unscheduled Repair,54965.19,2022-12-28
AMH004707,ACFT00037,2023-03-22,Unscheduled Repair,499659.82,2024-12-04
AMH004708,ACFT00430,2022-01-03,B-Check,17982.31,2022-05-03
AMH004709,ACFT00383,2019-02-03,A-Check,499752.96,2019-10-27
AMH004710,ACFT00520,2021-09-19,A-Check,21531.74,2023-02-21
AMH004711,ACFT00431,2018-02-28,B-Check,183946.05,2019-01-06
AMH004712,ACFT00091,2026-05-20,B-Check,444654.23,2027-08-20
AMH004713,ACFT00239,2018-11-17,D-Check,39627.8,2019-09-23
AMH004714,ACFT00547,2020-07-28,A-Check,45222.8,2022-06-16
AMH004715,ACFT00129,2023-04-04,B-Check,283399.01,2024-08-08
AMH004716,ACFT00508,2024-07-23,B-Check,38072.07,2025-09-14
AMH004717,ACFT00222,2023-01-08,A-Check,166378.75,2023-11-12
AMH004718,ACFT00309,2018-11-16,C-Check,382860.34,2019-04-26
AMH004719,ACFT00097,2019-09-10,A-Check,494032.28,2020-03-22
AMH004720,ACFT00180,2025-12-09,A-Check,232846.48,2027-05-29
AMH004721,ACFT00022,2022-11-25,A-Check,287789.31,2023-09-14
AMH004722,ACFT00304,2024-11-10,Unscheduled Repair,404722.5,2026-04-23
AMH004723,ACFT00373,2024-01-19,B-Check,54103.18,2025-07-20
AMH004724,ACFT00127,2019-02-15,C-Check,345985.7,2019-11-28
AMH004725,ACFT00329,2019-11-29,C-Check,158378.78,2020-06-02
AMH004726,ACFT00256,2026-04-02,B-Check,139814.91,2027-01-07
AMH004727,ACFT00458,2023-09-06,A-Check,464631.51,2025-07-17
AMH004728,ACFT00373,2022-07-08,A-Check,67112.57,2023-06-21
AMH004729,ACFT00515,2024-11-09,A-Check,62050.93,2025-04-25
AMH004730,ACFT00481,2019-12-30,C-Check,318638.83,2021-05-09
AMH004731,ACFT00468,2018-11-14,B-Check,389572.12,2020-03-22
AMH004732,ACFT00498,2018-02-09,C-Check,170321.74,2018-10-25
AMH004733,ACFT00554,2024-03-28,B-Check,258275.96,2024-07-06
AMH004734,ACFT00279,2023-06-01,A-Check,101188.3,2024-10-05
AMH004735,ACFT00144,2021-01-05,A-Check,149815.19,2021-05-07
AMH004736,ACFT00006,2021-05-16,A-Check,140594.16,2023-04-25
AMH004737,ACFT00560,2020-07-18,A-Check,266891.71,2021-12-28
AMH004738,ACFT00241,2024-03-04,A-Check,231289.6,2025-05-03
AMH004739,ACFT00559,2019-03-01,C-Check,463824.8,2020-12-13
AMH004740,ACFT00592,2019-12-16,B-Check,413385.53,2021-04-26
AMH004741,ACFT00452,2020-03-14,A-Check,81489.38,2020-07-23
AMH004742,ACFT00599,2023-03-01,B-Check,136297.19,2024-10-27
AMH004743,ACFT00251,2025-12-13,A-Check,180459.87,2026-12-07
AMH004744,ACFT00183,2024-03-24,A-Check,178808.01,2025-05-11
AMH004745,ACFT00319,2025-05-31,D-Check,167379.42,2026-09-26
AMH004746,ACFT00116,2020-07-03,A-Check,251477.33,2021-09-10
AMH004747,ACFT00294,2021-08-17,C-Check,371522.31,2023-03-07
AMH004748,ACFT00095,2020-04-18,C-Check,355625.36,2020-11-23
AMH004749,ACFT00249,2024-02-15,A-Check,461334.1,2024-12-26
AMH004750,ACFT00320,2021-11-29,A-Check,198037.81,2022-05-31
AMH004751,ACFT00098,2026-03-05,B-Check,326916.41,2027-04-01
AMH004752,ACFT00300,2024-02-22,C-Check,109299.14,2025-05-30
AMH004753,ACFT00433,2019-11-08,A-Check,472685.68,2021-08-05
AMH004754,ACFT00295,2023-05-15,Unscheduled Repair,211810.61,2024-09-06
AMH004755,ACFT00084,2026-07-15,A-Check,242420.71,2028-06-13
AMH004756,ACFT00459,2021-02-01,C-Check,383627.92,2022-02-21
AMH004757,ACFT00276,2024-12-08,B-Check,113564.82,2025-10-28
AMH004758,ACFT00476,2023-04-11,C-Check,393624.56,2024-07-30
AMH004759,ACFT00355,2022-04-09,D-Check,352857.92,2023-09-16
AMH004760,ACFT00566,2018-03-14,C-Check,232773.26,2019-11-07
AMH004761,ACFT00426,2022-08-16,A-Check,115268.94,2023-04-14
AMH004762,ACFT00031,2022-02-16,C-Check,460071.46,2023-02-03
AMH004763,ACFT00464,2018-06-11,C-Check,277033.98,2020-04-28
AMH004764,ACFT00432,2022-08-30,A-Check,468294.36,2024-05-06
AMH004765,ACFT00042,2026-05-01,B-Check,444653.97,2027-09-25
AMH004766,ACFT00468,2024-09-18,C-Check,491522.25,2025-04-29
AMH004767,ACFT00533,2026-02-26,A-Check,452551.64,2027-05-05
AMH004768,ACFT00247,2022-05-10,A-Check,285430.81,2023-11-25
AMH004769,ACFT00093,2023-01-30,C-Check,19723.53,2024-10-20
AMH004770,ACFT00326,2026-05-09,A-Check,416106.97,2027-03-18
AMH004771,ACFT00098,2024-10-17,Unscheduled Repair,445442.89,2026-01-07
AMH004772,ACFT00076,2024-04-23,A-Check,125453.74,2024-10-24
AMH004773,ACFT00470,2018-07-01,D-Check,400572.91,2019-12-06
AMH004774,ACFT00558,2020-08-23,B-Check,239316.01,2022-05-02
AMH004775,ACFT00198,2023-01-23,A-Check,360159.94,2024-05-06
AMH004776,ACFT00499,2024-11-09,B-Check,354278.04,2025-05-28
AMH004777,ACFT00536,2018-05-14,A-Check,22817.88,2019-04-28
AMH004778,ACFT00457,2020-10-19,B-Check,135236.19,2022-07-24
AMH004779,ACFT00095,2026-06-03,B-Check,285203.13,2026-09-28
AMH004780,ACFT00198,2020-04-24,A-Check,221403.6,2020-08-26
AMH004781,ACFT00420,2022-03-05,C-Check,492519.98,2023-08-02
AMH004782,ACFT00098,2022-08-24,C-Check,275379.14,2024-03-20
AMH004783,ACFT00360,2026-02-28,A-Check,9999.49,2027-11-13
AMH004784,ACFT00394,2021-12-19,A-Check,180588.54,2022-07-06
AMH004785,ACFT00243,2025-05-03,Unscheduled Repair,65961.57,2027-04-05
AMH004786,ACFT00445,2026-01-23,A-Check,156269.65,2027-03-24
AMH004787,ACFT00434,2025-08-19,B-Check,206157.27,2026-04-06
AMH004788,ACFT00263,2018-04-12,C-Check,230476.48,2019-06-17
AMH004789,ACFT00404,2026-05-01,A-Check,110258.88,2027-10-19
AMH004790,ACFT00016,2024-03-23,B-Check,495931.91,2025-09-09
AMH004791,ACFT00188,2022-05-27,A-Check,251011.94,2024-01-08
AMH004792,ACFT00460,2024-02-25,A-Check,472288.94,2025-06-09
AMH004793,ACFT00009,2018-06-22,B-Check,383972.65,2020-05-11
AMH004794,ACFT00357,2019-01-22,C-Check,473344.11,2020-03-16
AMH004795,ACFT00479,2019-03-11,B-Check,300571.06,2019-06-17
AMH004796,ACFT00598,2018-05-15,A-Check,350209.81,2019-02-12
AMH004797,ACFT00292,2018-09-22,A-Check,29234.05,2020-03-20
AMH004798,ACFT00238,2019-09-16,C-Check,176536.09,2020-11-24
AMH004799,ACFT00392,2018-09-23,B-Check,159349.81,2019-07-18
AMH004800,ACFT00126,2018-11-28,C-Check,431842.73,2020-02-24
AMH004801,ACFT00545,2018-03-30,B-Check,444992.05,2018-07-22
AMH004802,ACFT00212,2019-01-19,A-Check,246077.21,2020-09-22
AMH004803,ACFT00080,2019-12-01,B-Check,427575.96,2020-09-08
AMH004804,ACFT00408,2019-12-27,C-Check,160441.6,2020-04-18
AMH004805,ACFT00180,2024-04-29,C-Check,487118.31,2025-11-26
AMH004806,ACFT00395,2018-06-10,A-Check,318367.62,2020-02-06
AMH004807,ACFT00555,2026-05-02,B-Check,455088.61,2026-09-22
AMH004808,ACFT00091,2024-11-24,C-Check,430796.79,2026-08-16
AMH004809,ACFT00463,2023-02-15,A-Check,29254.04,2023-09-09
AMH004810,ACFT00231,2019-12-14,Unscheduled Repair,213679.26,2021-05-04
AMH004811,ACFT00499,2018-01-13,B-Check,181442.27,2018-04-27
AMH004812,ACFT00451,2022-03-10,B-Check,234692.99,2023-09-26
AMH004813,ACFT00457,2025-05-24,A-Check,45913.81,2025-08-30
AMH004814,ACFT00250,2023-06-05,A-Check,264678.55,2023-11-23
AMH004815,ACFT00219,2018-06-16,A-Check,306415.05,2018-12-03
AMH004816,ACFT00128,2025-02-02,D-Check,116051.37,2025-11-14
AMH004817,ACFT00231,2022-04-15,B-Check,360318.86,2023-02-04
AMH004818,ACFT00539,2018-11-26,B-Check,323195.37,2020-04-18
AMH004819,ACFT00267,2023-09-08,D-Check,332359.52,2024-04-08
AMH004820,ACFT00469,2021-06-11,A-Check,368689.46,2021-10-11
AMH004821,ACFT00177,2023-06-13,A-Check,76674.23,2023-09-11
AMH004822,ACFT00210,2024-07-30,B-Check,243401.22,2025-04-01
AMH004823,ACFT00443,2025-08-10,B-Check,234893.59,2027-04-17
AMH004824,ACFT00210,2026-04-17,A-Check,131855.82,2027-01-13
AMH004825,ACFT00550,2020-07-16,B-Check,259014.7,2021-08-04
AMH004826,ACFT00262,2019-11-22,A-Check,98271.06,2020-03-30
AMH004827,ACFT00517,2020-02-13,B-Check,455298.28,2020-08-17
AMH004828,ACFT00044,2020-04-18,A-Check,312276.25,2022-04-10
AMH004829,ACFT00504,2018-09-30,A-Check,456664.84,2020-05-10
AMH004830,ACFT00280,2025-06-15,D-Check,425238.3,2025-12-21
AMH004831,ACFT00343,2025-01-23,C-Check,351405.74,2025-07-09
AMH004832,ACFT00440,2018-04-03,C-Check,389289.74,2018-08-05
AMH004833,ACFT00280,2019-09-30,B-Check,296455.57,2021-04-06
AMH004834,ACFT00034,2020-01-22,B-Check,193207.95,2020-04-30
AMH004835,ACFT00378,2022-08-03,C-Check,445109.98,2023-05-23
AMH004836,ACFT00530,2020-12-13,A-Check,378130.61,2022-06-15
AMH004837,ACFT00021,2019-06-14,A-Check,297589.85,2019-09-22
AMH004838,ACFT00438,2018-08-18,D-Check,392913.78,2019-11-08
AMH004839,ACFT00479,2024-08-10,B-Check,245217.93,2026-06-24
AMH004840,ACFT00018,2026-06-16,B-Check,131068.94,2027-06-28
AMH004841,ACFT00138,2019-07-25,B-Check,81446.69,2020-07-19
AMH004842,ACFT00474,2022-04-10,D-Check,93301.15,2023-09-18
AMH004843,ACFT00517,2021-11-06,A-Check,490929.12,2023-09-13
AMH004844,ACFT00160,2024-04-01,A-Check,135201.29,2025-06-12
AMH004845,ACFT00144,2023-05-13,A-Check,72292.64,2023-11-14
AMH004846,ACFT00120,2024-07-26,C-Check,411523.51,2025-05-12
AMH004847,ACFT00033,2019-08-13,C-Check,346929.31,2020-12-17
AMH004848,ACFT00056,2022-09-28,B-Check,490959.06,2023-06-09
AMH004849,ACFT00074,2020-05-20,B-Check,299475.38,2021-03-17
AMH004850,ACFT00519,2025-06-26,A-Check,381612.91,2026-04-02
AMH004851,ACFT00244,2018-06-03,A-Check,326655.05,2019-01-04
AMH004852,ACFT00047,2024-12-13,A-Check,220924.33,2025-08-14
AMH004853,ACFT00264,2024-04-05,B-Check,383744.78,2025-10-26
AMH004854,ACFT00486,2023-12-11,B-Check,388651.92,2024-10-15
AMH004855,ACFT00013,2020-05-11,B-Check,11595.31,2021-06-03
AMH004856,ACFT00386,2023-11-29,Unscheduled Repair,118565.26,2025-08-04
AMH004857,ACFT00415,2026-07-23,B-Check,367265.37,2028-04-13
AMH004858,ACFT00167,2019-01-28,A-Check,30842.92,2019-05-09
AMH004859,ACFT00579,2026-07-22,A-Check,401525.87,2028-04-13
AMH004860,ACFT00402,2019-09-19,A-Check,115401.77,2021-02-06
AMH004861,ACFT00571,2026-07-06,B-Check,402717.24,2028-03-14
AMH004862,ACFT00092,2024-03-16,A-Check,244246.58,2024-07-29
AMH004863,ACFT00139,2018-04-08,A-Check,87767.93,2019-06-03
AMH004864,ACFT00415,2022-10-22,B-Check,29059.06,2024-07-22
AMH004865,ACFT00260,2023-10-07,B-Check,375537.42,2025-03-11
AMH004866,ACFT00575,2021-11-27,B-Check,489147.7,2022-07-05
AMH004867,ACFT00518,2018-10-27,A-Check,271278.83,2019-08-24
AMH004868,ACFT00574,2020-08-25,A-Check,305326.95,2022-05-08
AMH004869,ACFT00399,2024-07-17,Unscheduled Repair,52023.97,2025-03-12
AMH004870,ACFT00122,2018-09-27,C-Check,446897.01,2020-09-10
AMH004871,ACFT00197,2020-06-20,B-Check,464285.78,2020-11-15
AMH004872,ACFT00069,2024-04-30,Unscheduled Repair,15353.97,2025-03-11
AMH004873,ACFT00572,2022-05-05,Unscheduled Repair,291511.92,2024-01-28
AMH004874,ACFT00205,2025-01-29,C-Check,463451.72,2026-08-09
AMH004875,ACFT00210,2020-05-21,A-Check,10444.03,2020-12-19
AMH004876,ACFT00463,2025-10-23,C-Check,270055.47,2027-01-31
AMH004877,ACFT00570,2020-06-11,Unscheduled Repair,428361.94,2022-04-05
AMH004878,ACFT00117,2026-07-04,C-Check,204865.65,2027-12-17
AMH004879,ACFT00150,2020-04-20,A-Check,153532.66,2020-12-25
AMH004880,ACFT00401,2022-04-30,C-Check,476267.67,2022-10-29
AMH004881,ACFT00408,2020-08-02,C-Check,97153.6,2022-03-21
AMH004882,ACFT00575,2019-12-23,B-Check,301999.13,2020-05-11
AMH004883,ACFT00587,2018-08-09,A-Check,339075.93,2019-08-05
AMH004884,ACFT00022,2026-02-13,C-Check,242846.97,2027-08-29
AMH004885,ACFT00214,2025-01-15,Unscheduled Repair,463166.74,2026-12-12
AMH004886,ACFT00521,2024-03-19,B-Check,368892.73,2025-07-16
AMH004887,ACFT00211,2021-12-28,A-Check,59204.13,2022-07-23
AMH004888,ACFT00596,2021-08-21,A-Check,48194.94,2023-06-15
AMH004889,ACFT00132,2020-10-08,B-Check,197906.83,2022-07-23
AMH004890,ACFT00325,2024-05-26,Unscheduled Repair,339109.45,2025-01-06
AMH004891,ACFT00208,2024-12-21,C-Check,41259.37,2025-04-17
AMH004892,ACFT00192,2022-07-06,C-Check,469969.68,2024-01-24
AMH004893,ACFT00057,2020-02-13,C-Check,90428.85,2021-07-09
AMH004894,ACFT00477,2025-07-16,A-Check,59548.71,2026-12-24
AMH004895,ACFT00416,2023-10-28,Unscheduled Repair,154516.39,2024-05-15
AMH004896,ACFT00392,2020-10-27,Unscheduled Repair,220963.28,2022-02-03
AMH004897,ACFT00009,2021-08-07,B-Check,453672.91,2023-05-04
AMH004898,ACFT00298,2018-07-06,A-Check,128537.73,2020-05-16
AMH004899,ACFT00117,2021-07-30,A-Check,438361.41,2022-11-02
AMH004900,ACFT00552,2018-07-10,B-Check,161707.47,2020-07-05
AMH004901,ACFT00310,2019-09-24,B-Check,148729.81,2021-05-03
AMH004902,ACFT00482,2025-07-16,B-Check,257610.31,2026-06-25
AMH004903,ACFT00384,2022-03-19,C-Check,369742.34,2023-06-19
AMH004904,ACFT00091,2022-10-11,A-Check,447711.81,2023-02-20
AMH004905,ACFT00304,2018-11-16,B-Check,262542.56,2019-11-21
AMH004906,ACFT00096,2022-03-17,C-Check,387164.37,2022-09-11
AMH004907,ACFT00291,2025-02-20,Unscheduled Repair,356753.44,2026-08-17
AMH004908,ACFT00003,2018-04-24,A-Check,440751.12,2018-10-07
AMH004909,ACFT00463,2022-10-12,A-Check,36851.79,2023-03-04
AMH004910,ACFT00385,2020-09-14,A-Check,62654.37,2021-01-23
AMH004911,ACFT00294,2025-02-25,B-Check,411148.61,2026-11-27
AMH004912,ACFT00524,2026-01-13,A-Check,20418.53,2026-07-07
AMH004913,ACFT00266,2020-10-30,Unscheduled Repair,115166.37,2022-10-10
AMH004914,ACFT00500,2019-02-08,B-Check,128635.86,2020-04-17
AMH004915,ACFT00304,2021-08-15,Unscheduled Repair,65882.06,2021-12-07
AMH004916,ACFT00509,2022-12-01,B-Check,241432.69,2024-09-20
AMH004917,ACFT00420,2025-09-28,B-Check,175363.14,2026-07-12
AMH004918,ACFT00358,2018-01-03,Unscheduled Repair,51677.75,2018-04-22
AMH004919,ACFT00570,2021-01-11,Unscheduled Repair,35568.7,2022-12-09
AMH004920,ACFT00026,2024-06-28,Unscheduled Repair,313895.21,2024-11-17
AMH004921,ACFT00262,2025-11-15,B-Check,483631.2,2027-02-02
AMH004922,ACFT00333,2021-12-06,A-Check,383002.29,2023-02-02
AMH004923,ACFT00053,2025-12-07,C-Check,242895.78,2027-02-06
AMH004924,ACFT00435,2019-02-24,B-Check,402891.1,2020-10-28
AMH004925,ACFT00459,2025-09-03,A-Check,225582.84,2027-08-02
AMH004926,ACFT00559,2019-03-17,A-Check,240582.61,2019-09-21
AMH004927,ACFT00581,2022-10-18,Unscheduled Repair,447003.26,2023-08-17
AMH004928,ACFT00256,2019-08-04,C-Check,245665.73,2020-07-13
AMH004929,ACFT00239,2020-01-22,A-Check,290713.5,2020-08-27
AMH004930,ACFT00459,2024-04-06,B-Check,98028.97,2025-12-08
AMH004931,ACFT00460,2021-05-29,Unscheduled Repair,61502.68,2022-09-12
AMH004932,ACFT00339,2021-05-21,B-Check,296032.84,2022-09-06
AMH004933,ACFT00263,2019-11-20,B-Check,361112.4,2021-02-22
AMH004934,ACFT00283,2020-04-25,C-Check,256898.99,2021-09-14
AMH004935,ACFT00063,2018-06-09,Unscheduled Repair,206368.85,2019-03-02
AMH004936,ACFT00324,2019-03-25,B-Check,159804.73,2019-09-09
AMH004937,ACFT00477,2021-04-10,A-Check,468227.87,2022-03-10
AMH004938,ACFT00099,2020-08-10,C-Check,8994.06,2021-12-16
AMH004939,ACFT00299,2025-07-28,Unscheduled Repair,17838.27,2027-02-15
AMH004940,ACFT00458,2022-06-19,C-Check,222994.57,2023-11-03
AMH004941,ACFT00152,2025-04-21,A-Check,496768.0,2026-09-09
AMH004942,ACFT00067,2019-07-30,Unscheduled Repair,268051.73,2020-03-14
AMH004943,ACFT00387,2021-01-23,A-Check,468549.17,2021-05-24
AMH004944,ACFT00256,2026-03-28,C-Check,297129.91,2027-07-20
AMH004945,ACFT00565,2025-01-26,A-Check,382829.95,2025-05-04
AMH004946,ACFT00506,2018-11-08,A-Check,203616.79,2020-07-30
AMH004947,ACFT00140,2024-05-24,A-Check,334759.52,2025-11-02
AMH004948,ACFT00429,2019-04-25,Unscheduled Repair,113558.46,2019-12-29
AMH004949,ACFT00440,2020-09-29,A-Check,235084.35,2021-08-14
AMH004950,ACFT00314,2021-05-06,D-Check,252371.23,2022-09-26
AMH004951,ACFT00540,2020-03-01,B-Check,432291.83,2021-12-14
AMH004952,ACFT00101,2018-07-07,B-Check,279340.38,2019-07-12
AMH004953,ACFT00067,2025-02-10,B-Check,305325.95,2026-04-10
AMH004954,ACFT00209,2021-09-27,A-Check,119864.34,2022-09-29
AMH004955,ACFT00431,2023-07-22,C-Check,323447.51,2025-04-28
AMH004956,ACFT00028,2018-04-23,B-Check,74337.56,2018-08-24
AMH004957,ACFT00343,2022-02-13,A-Check,329729.43,2022-08-11
AMH004958,ACFT00065,2023-10-24,C-Check,118507.6,2025-09-12
AMH004959,ACFT00446,2023-05-15,C-Check,383112.98,2025-01-26
AMH004960,ACFT00339,2024-09-28,A-Check,492331.07,2025-08-19
AMH004961,ACFT00032,2026-01-12,B-Check,434488.69,2027-03-14
AMH004962,ACFT00171,2025-01-25,A-Check,231982.74,2025-09-11
AMH004963,ACFT00247,2025-06-16,A-Check,42593.06,2025-09-16
AMH004964,ACFT00237,2022-01-15,A-Check,56064.44,2022-10-06
AMH004965,ACFT00050,2022-11-25,A-Check,413760.23,2024-02-21
AMH004966,ACFT00466,2023-04-04,A-Check,86688.98,2024-07-15
AMH004967,ACFT00553,2026-03-16,A-Check,354555.92,2028-02-01
AMH004968,ACFT00459,2025-08-05,A-Check,208383.79,2026-04-21
AMH004969,ACFT00533,2019-09-30,A-Check,202000.24,2020-12-29
AMH004970,ACFT00282,2019-03-18,A-Check,60216.25,2019-11-19
AMH004971,ACFT00525,2023-10-11,A-Check,260410.21,2025-07-29
AMH004972,ACFT00015,2023-05-15,A-Check,45520.85,2025-03-09
AMH004973,ACFT00528,2021-05-06,A-Check,401853.04,2022-10-23
AMH004974,ACFT00091,2018-11-16,D-Check,406196.2,2020-02-21
AMH004975,ACFT00244,2022-09-14,B-Check,373456.98,2023-02-10
AMH004976,ACFT00527,2024-08-20,A-Check,406188.83,2026-07-08
AMH004977,ACFT00236,2022-09-16,A-Check,300609.43,2024-06-13
AMH004978,ACFT00081,2023-10-25,A-Check,395370.09,2025-07-12
AMH004979,ACFT00486,2025-09-22,B-Check,360033.05,2026-11-03
AMH004980,ACFT00038,2023-04-17,C-Check,444405.0,2024-06-23
AMH004981,ACFT00425,2019-10-11,A-Check,322576.47,2020-11-16
AMH004982,ACFT00267,2022-04-14,A-Check,437666.02,2022-11-20
AMH004983,ACFT00288,2023-04-20,A-Check,83631.61,2023-11-16
AMH004984,ACFT00497,2025-08-07,A-Check,149364.54,2026-03-26
AMH004985,ACFT00265,2021-07-11,C-Check,280061.83,2023-06-15
AMH004986,ACFT00600,2019-10-25,D-Check,77866.23,2020-05-21
AMH004987,ACFT00101,2020-04-02,A-Check,491249.95,2020-10-22
AMH004988,ACFT00586,2019-12-06,C-Check,69819.61,2020-09-29
AMH004989,ACFT00228,2020-09-10,B-Check,141345.54,2021-11-21
AMH004990,ACFT00367,2018-07-31,B-Check,112385.99,2019-02-03
AMH004991,ACFT00403,2021-01-12,D-Check,465975.03,2022-08-08
AMH004992,ACFT00185,2025-02-19,B-Check,343501.67,2025-12-28
AMH004993,ACFT00461,2023-12-11,A-Check,407328.15,2025-10-31
AMH004994,ACFT00228,2022-01-12,A-Check,146342.08,2022-06-18
AMH004995,ACFT00526,2026-05-01,D-Check,125934.98,2027-04-04
AMH004996,ACFT00063,2018-01-12,B-Check,186538.89,2019-11-14
AMH004997,ACFT00457,2020-01-02,A-Check,322605.87,2020-04-19
AMH004998,ACFT00575,2024-06-27,C-Check,245013.52,2025-03-30
AMH004999,ACFT00430,2025-03-14,A-Check,291587.03,2025-10-22
AMH005000,ACFT00006,2025-01-28,A-Check,246793.07,2025-10-12
AMH005001,ACFT00249,2025-11-02,B-Check,413637.93,2026-05-08
AMH005002,ACFT00404,2020-05-30,C-Check,266315.21,2021-11-15
AMH005003,ACFT00272,2019-08-05,C-Check,159567.03,2019-11-27
AMH005004,ACFT00283,2019-02-28,B-Check,338901.51,2020-12-04
AMH005005,ACFT00578,2020-05-22,C-Check,47005.86,2021-03-15
AMH005006,ACFT00133,2026-02-23,A-Check,413867.09,2026-09-07
AMH005007,ACFT00341,2022-09-03,A-Check,476871.05,2024-06-08
AMH005008,ACFT00403,2023-10-24,Unscheduled Repair,21149.25,2024-05-28
AMH005009,ACFT00096,2019-12-07,C-Check,335014.76,2021-03-05
AMH005010,ACFT00003,2018-05-30,C-Check,67733.36,2019-10-25
AMH005011,ACFT00052,2020-06-14,A-Check,243170.16,2021-12-19
AMH005012,ACFT00167,2025-08-03,D-Check,493886.73,2025-12-23
AMH005013,ACFT00415,2024-09-04,C-Check,332092.71,2026-07-05
AMH005014,ACFT00193,2024-11-30,D-Check,426772.36,2025-08-17
AMH005015,ACFT00087,2026-07-09,A-Check,428556.25,2026-11-01
AMH005016,ACFT00595,2020-11-14,C-Check,212369.96,2021-12-28
AMH005017,ACFT00011,2020-09-22,A-Check,413828.14,2020-12-22
AMH005018,ACFT00404,2018-04-30,B-Check,13105.8,2019-06-06
AMH005019,ACFT00485,2021-08-02,A-Check,43407.45,2023-03-09
AMH005020,ACFT00397,2018-04-16,B-Check,454119.91,2019-10-04
AMH005021,ACFT00429,2018-07-16,B-Check,213309.22,2019-11-07
AMH005022,ACFT00053,2018-09-10,A-Check,374839.84,2020-04-28
AMH005023,ACFT00344,2023-02-16,A-Check,132255.11,2023-06-13
AMH005024,ACFT00111,2018-10-12,A-Check,51462.08,2020-04-03
AMH005025,ACFT00334,2022-07-10,A-Check,377374.45,2023-01-19
AMH005026,ACFT00410,2022-07-08,C-Check,278399.77,2024-02-25
AMH005027,ACFT00266,2019-07-14,A-Check,346884.89,2020-08-22
AMH005028,ACFT00383,2022-01-16,Unscheduled Repair,137197.37,2023-09-24
AMH005029,ACFT00261,2022-09-14,A-Check,147227.39,2023-07-12
AMH005030,ACFT00599,2026-06-28,B-Check,336868.99,2027-07-06
AMH005031,ACFT00426,2020-08-29,B-Check,344191.78,2021-06-12
AMH005032,ACFT00190,2024-06-29,A-Check,360497.19,2025-09-24
AMH005033,ACFT00582,2024-10-29,A-Check,303949.99,2026-08-17
AMH005034,ACFT00474,2022-07-10,D-Check,356506.66,2024-03-02
AMH005035,ACFT00518,2020-05-18,A-Check,46944.47,2022-01-01
AMH005036,ACFT00438,2025-11-13,A-Check,193875.83,2026-05-02
AMH005037,ACFT00470,2026-07-22,Unscheduled Repair,149459.24,2028-06-29
AMH005038,ACFT00597,2023-12-02,A-Check,161847.2,2024-07-01
AMH005039,ACFT00121,2025-10-18,C-Check,48170.61,2026-01-25
AMH005040,ACFT00175,2020-10-14,A-Check,297154.47,2021-09-22
AMH005041,ACFT00485,2021-05-15,B-Check,208263.31,2022-03-01
AMH005042,ACFT00002,2025-09-13,B-Check,189973.39,2025-12-26
AMH005043,ACFT00319,2019-12-31,A-Check,238005.68,2020-06-11
AMH005044,ACFT00288,2022-03-19,A-Check,380682.66,2022-07-10
AMH005045,ACFT00124,2025-08-28,C-Check,40342.0,2027-01-14
AMH005046,ACFT00384,2018-12-16,B-Check,50640.46,2020-04-26
AMH005047,ACFT00597,2021-10-02,Unscheduled Repair,130241.07,2022-04-29
AMH005048,ACFT00130,2024-07-25,A-Check,46001.54,2025-08-01
AMH005049,ACFT00434,2026-01-07,B-Check,147949.02,2027-10-04
AMH005050,ACFT00069,2022-12-15,B-Check,44235.63,2024-05-30
AMH005051,ACFT00590,2020-11-30,Unscheduled Repair,434522.71,2022-10-30
AMH005052,ACFT00536,2023-01-15,C-Check,378221.55,2023-05-02
AMH005053,ACFT00411,2020-10-03,A-Check,443823.66,2021-10-20
AMH005054,ACFT00564,2023-08-27,A-Check,203579.57,2025-02-15
AMH005055,ACFT00385,2025-04-18,B-Check,73142.14,2025-11-10
AMH005056,ACFT00089,2023-05-31,A-Check,83727.82,2024-06-15
AMH005057,ACFT00220,2024-05-30,C-Check,480498.5,2025-03-19
AMH005058,ACFT00292,2024-09-17,B-Check,218992.2,2025-05-22
AMH005059,ACFT00483,2019-06-12,B-Check,364881.25,2019-09-17
AMH005060,ACFT00559,2021-06-24,A-Check,249646.4,2022-12-28
AMH005061,ACFT00236,2025-07-04,B-Check,22638.08,2026-10-10
AMH005062,ACFT00344,2022-07-31,A-Check,135620.05,2024-01-28
AMH005063,ACFT00587,2020-11-25,D-Check,352864.98,2022-01-17
AMH005064,ACFT00109,2019-02-27,C-Check,460558.0,2020-02-27
AMH005065,ACFT00156,2020-08-10,B-Check,33973.01,2022-07-24
AMH005066,ACFT00228,2025-12-02,B-Check,331110.16,2027-04-19
AMH005067,ACFT00493,2026-01-18,Unscheduled Repair,490876.23,2027-12-10
AMH005068,ACFT00560,2022-05-31,A-Check,112099.64,2023-08-01
AMH005069,ACFT00427,2025-03-08,A-Check,162574.77,2025-12-17
AMH005070,ACFT00013,2026-04-10,C-Check,131743.43,2026-08-22
AMH005071,ACFT00400,2020-12-25,C-Check,173580.3,2022-01-06
AMH005072,ACFT00538,2025-01-02,Unscheduled Repair,308222.2,2026-06-04
AMH005073,ACFT00535,2020-11-05,B-Check,445446.73,2022-05-30
AMH005074,ACFT00001,2018-05-31,C-Check,148916.86,2019-11-09
AMH005075,ACFT00051,2019-03-06,B-Check,480750.41,2021-01-03
AMH005076,ACFT00096,2025-07-30,A-Check,205222.02,2026-06-17
AMH005077,ACFT00474,2025-05-04,Unscheduled Repair,311344.71,2026-05-11
AMH005078,ACFT00550,2021-08-29,B-Check,119950.56,2022-06-04
AMH005079,ACFT00374,2022-01-09,B-Check,139198.24,2023-06-17
AMH005080,ACFT00061,2019-04-19,C-Check,255856.46,2019-09-29
AMH005081,ACFT00347,2023-04-07,A-Check,253570.12,2023-11-19
AMH005082,ACFT00424,2021-05-20,C-Check,425634.59,2022-06-05
AMH005083,ACFT00308,2020-09-12,C-Check,215748.64,2021-10-05
AMH005084,ACFT00214,2021-03-08,B-Check,61416.57,2022-08-31
AMH005085,ACFT00595,2018-03-08,C-Check,204878.75,2019-10-09
AMH005086,ACFT00481,2020-04-19,C-Check,290834.02,2021-06-04
AMH005087,ACFT00265,2020-02-18,D-Check,223084.44,2021-10-14
AMH005088,ACFT00127,2018-04-03,C-Check,260761.72,2019-03-04
AMH005089,ACFT00588,2018-04-23,C-Check,371851.58,2019-10-16
AMH005090,ACFT00393,2025-04-22,A-Check,326346.5,2026-07-22
AMH005091,ACFT00388,2018-03-12,A-Check,196623.49,2019-03-20
AMH005092,ACFT00026,2023-05-03,A-Check,173398.81,2024-04-27
AMH005093,ACFT00027,2026-02-23,C-Check,194815.84,2026-10-05
AMH005094,ACFT00111,2019-12-02,Unscheduled Repair,155400.85,2021-01-14
AMH005095,ACFT00185,2022-05-06,A-Check,396246.52,2024-04-10
AMH005096,ACFT00328,2026-05-08,C-Check,54428.63,2027-06-12
AMH005097,ACFT00438,2018-01-31,A-Check,451637.55,2018-11-17
AMH005098,ACFT00087,2022-07-01,A-Check,100531.37,2023-09-07
AMH005099,ACFT00573,2019-10-10,A-Check,411316.04,2020-09-30
AMH005100,ACFT00454,2021-05-10,A-Check,427498.59,2022-11-25
AMH005101,ACFT00446,2024-01-16,A-Check,106639.52,2025-05-05
AMH005102,ACFT00488,2026-01-18,C-Check,195931.15,2027-08-05
AMH005103,ACFT00484,2023-11-10,B-Check,430284.67,2025-03-26
AMH005104,ACFT00406,2025-04-03,A-Check,307213.19,2027-03-23
AMH005105,ACFT00032,2020-04-02,A-Check,148128.42,2020-12-28
AMH005106,ACFT00355,2018-10-22,A-Check,70827.47,2019-03-25
AMH005107,ACFT00144,2018-05-27,A-Check,111652.79,2019-12-07
AMH005108,ACFT00594,2022-09-10,D-Check,212963.1,2023-11-23
AMH005109,ACFT00170,2021-10-10,C-Check,310691.53,2023-08-21
AMH005110,ACFT00236,2020-05-23,A-Check,105548.82,2021-04-15
AMH005111,ACFT00099,2018-07-21,A-Check,33747.41,2020-01-31
AMH005112,ACFT00063,2023-01-26,A-Check,462990.22,2023-11-04
AMH005113,ACFT00030,2022-12-22,A-Check,155376.7,2023-11-04
AMH005114,ACFT00563,2023-04-27,C-Check,326789.94,2024-10-27
AMH005115,ACFT00129,2022-07-24,B-Check,314698.8,2022-12-31
AMH005116,ACFT00180,2019-01-20,A-Check,88780.81,2020-01-28
AMH005117,ACFT00564,2019-04-14,A-Check,487854.13,2020-01-26
AMH005118,ACFT00147,2018-05-20,B-Check,194391.05,2019-10-12
AMH005119,ACFT00048,2019-04-10,C-Check,224356.89,2020-11-25
AMH005120,ACFT00003,2019-03-24,B-Check,330286.97,2021-03-05
AMH005121,ACFT00544,2020-05-09,A-Check,394729.66,2021-01-01
AMH005122,ACFT00576,2022-08-11,A-Check,213057.32,2023-07-08
AMH005123,ACFT00377,2025-11-19,C-Check,494643.92,2027-05-03
AMH005124,ACFT00222,2021-10-07,C-Check,60013.54,2023-03-27
AMH005125,ACFT00414,2022-07-24,B-Check,458378.04,2024-01-25
AMH005126,ACFT00023,2020-01-13,A-Check,141628.92,2021-10-29
AMH005127,ACFT00081,2018-06-20,C-Check,402310.94,2019-01-20
AMH005128,ACFT00020,2024-03-21,B-Check,50532.11,2024-06-20
AMH005129,ACFT00055,2018-10-25,A-Check,233019.79,2020-09-20
AMH005130,ACFT00198,2024-09-28,B-Check,129558.59,2025-03-08
AMH005131,ACFT00544,2018-09-07,C-Check,296410.15,2020-02-20
AMH005132,ACFT00575,2023-08-25,B-Check,496777.32,2025-08-21
AMH005133,ACFT00299,2023-03-30,A-Check,70760.84,2023-11-30
AMH005134,ACFT00445,2018-10-15,A-Check,77901.11,2020-04-24
AMH005135,ACFT00237,2023-10-17,A-Check,484684.6,2025-03-11
AMH005136,ACFT00184,2025-08-31,B-Check,330385.0,2027-08-15
AMH005137,ACFT00487,2024-06-11,B-Check,178771.54,2026-05-09
AMH005138,ACFT00290,2025-03-15,C-Check,76459.48,2025-11-05
AMH005139,ACFT00263,2023-02-10,A-Check,172419.82,2024-07-01
AMH005140,ACFT00241,2020-12-16,A-Check,222413.06,2022-07-31
AMH005141,ACFT00578,2023-03-14,C-Check,243210.23,2023-10-14
AMH005142,ACFT00566,2026-02-02,A-Check,48232.72,2027-01-24
AMH005143,ACFT00390,2022-04-11,B-Check,373606.52,2023-01-05
AMH005144,ACFT00418,2024-01-26,A-Check,114567.18,2025-12-24
AMH005145,ACFT00591,2024-07-12,B-Check,171523.04,2024-12-05
AMH005146,ACFT00300,2020-05-23,A-Check,386652.22,2021-04-04
AMH005147,ACFT00575,2019-08-22,D-Check,152414.35,2020-04-13
AMH005148,ACFT00473,2022-10-10,B-Check,284545.75,2023-03-09
AMH005149,ACFT00103,2023-05-08,A-Check,57855.06,2025-02-15
AMH005150,ACFT00441,2026-07-03,A-Check,325349.85,2027-11-28
AMH005151,ACFT00373,2023-02-18,A-Check,132625.56,2024-05-25
AMH005152,ACFT00228,2021-02-24,B-Check,329825.21,2023-02-02
AMH005153,ACFT00452,2018-06-25,Unscheduled Repair,180541.17,2019-05-15
AMH005154,ACFT00329,2021-05-30,D-Check,108391.65,2021-10-18
AMH005155,ACFT00349,2018-03-18,C-Check,337163.27,2019-11-15
AMH005156,ACFT00576,2021-01-04,B-Check,231424.05,2021-10-05
AMH005157,ACFT00275,2018-06-14,C-Check,493672.93,2019-12-31
AMH005158,ACFT00592,2024-07-29,C-Check,336934.98,2024-12-17
AMH005159,ACFT00008,2021-12-12,D-Check,197882.56,2023-01-01
AMH005160,ACFT00009,2025-11-05,A-Check,319996.56,2026-05-12
AMH005161,ACFT00028,2023-09-01,C-Check,443458.97,2024-06-11
AMH005162,ACFT00457,2021-12-16,D-Check,352399.34,2022-09-10
AMH005163,ACFT00241,2024-08-06,A-Check,115658.2,2025-12-17
AMH005164,ACFT00325,2024-04-23,B-Check,8301.23,2026-04-08
AMH005165,ACFT00260,2025-01-27,C-Check,454645.97,2026-01-15
AMH005166,ACFT00270,2020-05-22,B-Check,243929.72,2020-12-03
AMH005167,ACFT00066,2022-09-21,A-Check,27445.1,2024-07-02
AMH005168,ACFT00577,2020-02-20,C-Check,341032.98,2021-07-16
AMH005169,ACFT00521,2021-07-28,D-Check,168703.2,2023-05-01
AMH005170,ACFT00315,2022-04-20,C-Check,477479.8,2023-04-05
AMH005171,ACFT00101,2023-01-10,A-Check,238422.92,2023-04-20
AMH005172,ACFT00061,2021-10-25,A-Check,71645.11,2022-04-17
AMH005173,ACFT00017,2022-08-04,A-Check,401698.64,2024-01-15
AMH005174,ACFT00422,2022-05-21,Unscheduled Repair,82973.45,2022-10-27
AMH005175,ACFT00364,2023-07-27,C-Check,24184.12,2024-01-17
AMH005176,ACFT00491,2021-01-04,A-Check,162955.57,2022-01-24
AMH005177,ACFT00433,2023-08-19,B-Check,397735.92,2025-06-13
AMH005178,ACFT00298,2018-03-02,A-Check,161803.53,2019-12-30
AMH005179,ACFT00454,2019-05-20,B-Check,22371.91,2020-11-21
AMH005180,ACFT00154,2025-05-16,A-Check,14351.17,2026-09-26
AMH005181,ACFT00353,2025-04-12,B-Check,26554.56,2025-09-18
AMH005182,ACFT00117,2026-01-10,C-Check,465601.21,2027-11-08
AMH005183,ACFT00451,2025-01-19,A-Check,316248.89,2026-07-19
AMH005184,ACFT00314,2021-11-13,B-Check,160800.87,2022-06-07
AMH005185,ACFT00276,2021-11-27,D-Check,473626.96,2022-03-04
AMH005186,ACFT00360,2023-03-24,A-Check,7746.41,2024-01-07
AMH005187,ACFT00011,2020-10-10,Unscheduled Repair,337136.04,2021-04-09
AMH005188,ACFT00417,2025-08-28,C-Check,85814.01,2027-01-02
AMH005189,ACFT00274,2024-06-23,A-Check,281755.06,2025-08-12
AMH005190,ACFT00330,2026-02-12,D-Check,239207.47,2027-06-21
AMH005191,ACFT00219,2023-07-16,B-Check,7765.9,2025-02-09
AMH005192,ACFT00120,2018-07-10,B-Check,161769.6,2019-05-22
AMH005193,ACFT00549,2024-03-26,B-Check,291210.43,2025-09-06
AMH005194,ACFT00592,2025-09-02,A-Check,150386.73,2026-02-03
AMH005195,ACFT00580,2018-01-05,A-Check,369897.58,2018-08-31
AMH005196,ACFT00236,2019-02-11,A-Check,42370.07,2020-04-03
AMH005197,ACFT00405,2022-04-15,D-Check,386992.43,2022-08-25
AMH005198,ACFT00386,2018-01-25,D-Check,106935.44,2019-08-17
AMH005199,ACFT00587,2024-11-24,A-Check,390490.27,2025-04-23
AMH005200,ACFT00230,2018-10-17,D-Check,464184.15,2020-03-26
AMH005201,ACFT00594,2020-04-29,B-Check,115320.83,2021-03-25
AMH005202,ACFT00144,2022-07-03,C-Check,160949.62,2023-09-21
AMH005203,ACFT00308,2022-05-15,A-Check,417990.89,2023-09-07
AMH005204,ACFT00362,2024-06-05,Unscheduled Repair,453959.4,2026-02-14
AMH005205,ACFT00033,2026-02-26,B-Check,314077.3,2027-03-16
AMH005206,ACFT00555,2025-09-28,D-Check,191934.03,2027-08-18
AMH005207,ACFT00122,2019-02-10,B-Check,211298.04,2020-11-19
AMH005208,ACFT00554,2023-03-07,B-Check,94390.36,2024-11-16
AMH005209,ACFT00553,2026-03-06,B-Check,497906.31,2026-09-30
AMH005210,ACFT00462,2025-01-19,B-Check,189172.95,2026-12-17
AMH005211,ACFT00029,2020-02-27,A-Check,124124.72,2021-04-28
AMH005212,ACFT00363,2022-09-01,C-Check,165032.95,2023-05-16
AMH005213,ACFT00314,2018-11-11,C-Check,449379.54,2020-02-08
AMH005214,ACFT00549,2022-09-15,B-Check,389877.44,2024-02-26
AMH005215,ACFT00113,2024-06-14,B-Check,398454.79,2026-03-30
AMH005216,ACFT00062,2024-11-08,B-Check,95116.5,2025-05-02
AMH005217,ACFT00093,2018-04-05,B-Check,493259.23,2019-08-08
AMH005218,ACFT00393,2023-03-15,A-Check,208887.28,2024-07-23
AMH005219,ACFT00529,2018-07-25,C-Check,112396.29,2019-10-11
AMH005220,ACFT00600,2022-01-18,A-Check,474162.36,2023-04-17
AMH005221,ACFT00225,2023-04-14,A-Check,390653.25,2025-01-08
AMH005222,ACFT00243,2022-05-30,C-Check,68198.48,2024-01-31
AMH005223,ACFT00163,2022-05-14,B-Check,33859.18,2023-03-20
AMH005224,ACFT00286,2019-03-12,C-Check,370325.9,2020-06-24
AMH005225,ACFT00072,2025-06-23,A-Check,402275.25,2025-10-22
AMH005226,ACFT00526,2022-07-26,A-Check,431863.35,2023-05-24
AMH005227,ACFT00063,2018-03-14,A-Check,164672.42,2018-08-07
AMH005228,ACFT00417,2024-06-27,C-Check,408178.11,2025-02-16
AMH005229,ACFT00361,2021-01-13,B-Check,327563.84,2022-07-10
AMH005230,ACFT00465,2024-01-12,B-Check,444951.52,2025-07-11
AMH005231,ACFT00445,2020-05-17,C-Check,93704.06,2021-08-28
AMH005232,ACFT00575,2022-11-28,A-Check,316255.09,2023-05-29
AMH005233,ACFT00099,2020-10-02,C-Check,206046.24,2021-11-30
AMH005234,ACFT00465,2018-11-25,B-Check,273698.23,2019-12-02
AMH005235,ACFT00149,2024-07-31,C-Check,126617.31,2025-09-02
AMH005236,ACFT00107,2022-10-27,A-Check,252246.5,2024-08-25
AMH005237,ACFT00459,2022-11-06,B-Check,487087.77,2024-03-10
AMH005238,ACFT00544,2022-10-20,B-Check,374620.56,2024-07-07
AMH005239,ACFT00380,2025-09-05,A-Check,261012.84,2026-02-15
AMH005240,ACFT00359,2026-05-19,A-Check,16759.83,2027-03-24
AMH005241,ACFT00316,2025-10-07,Unscheduled Repair,170230.24,2026-03-21
AMH005242,ACFT00279,2021-04-16,A-Check,413856.16,2021-07-20
AMH005243,ACFT00214,2025-08-01,A-Check,54935.42,2026-11-21
AMH005244,ACFT00114,2022-10-09,A-Check,212878.3,2024-07-01
AMH005245,ACFT00069,2020-01-04,A-Check,319021.65,2020-05-12
AMH005246,ACFT00008,2023-12-14,A-Check,73458.16,2024-05-13
AMH005247,ACFT00114,2022-08-02,A-Check,92413.57,2023-01-08
AMH005248,ACFT00402,2019-01-13,A-Check,341581.44,2020-10-15
AMH005249,ACFT00331,2018-09-11,A-Check,454542.49,2019-08-29
AMH005250,ACFT00400,2019-08-11,A-Check,452678.82,2021-07-02
AMH005251,ACFT00246,2022-03-01,A-Check,145253.56,2023-02-08
AMH005252,ACFT00223,2024-10-22,B-Check,262166.5,2026-02-04
AMH005253,ACFT00460,2018-10-23,A-Check,42790.84,2019-04-26
AMH005254,ACFT00344,2020-04-28,A-Check,130106.95,2022-04-22
AMH005255,ACFT00083,2025-06-28,C-Check,412815.84,2026-09-04
AMH005256,ACFT00051,2020-09-30,C-Check,157867.55,2021-04-29
AMH005257,ACFT00313,2020-09-08,C-Check,222687.9,2021-07-09
AMH005258,ACFT00150,2022-07-16,A-Check,333324.28,2023-04-09
AMH005259,ACFT00259,2022-03-27,C-Check,489805.6,2023-12-31
AMH005260,ACFT00472,2024-08-27,A-Check,310864.21,2026-03-21
AMH005261,ACFT00192,2019-02-23,C-Check,195888.83,2020-05-02
AMH005262,ACFT00302,2024-12-07,A-Check,365354.59,2026-04-16
AMH005263,ACFT00378,2021-11-29,A-Check,278259.78,2023-04-21
AMH005264,ACFT00504,2019-10-28,A-Check,190369.1,2021-05-09
AMH005265,ACFT00433,2021-02-11,C-Check,248454.54,2022-04-19
AMH005266,ACFT00514,2021-12-04,A-Check,55117.68,2022-11-06
AMH005267,ACFT00038,2020-09-11,A-Check,82048.28,2021-10-01
AMH005268,ACFT00154,2019-05-04,B-Check,471146.27,2020-08-08
AMH005269,ACFT00054,2022-07-01,D-Check,292799.8,2023-06-06
AMH005270,ACFT00588,2020-03-03,C-Check,264425.0,2020-12-17
AMH005271,ACFT00384,2018-06-04,A-Check,296839.61,2020-04-06
AMH005272,ACFT00018,2019-10-21,A-Check,307858.79,2020-08-13
AMH005273,ACFT00071,2023-03-15,Unscheduled Repair,462146.55,2025-02-16
AMH005274,ACFT00408,2023-03-19,B-Check,19074.31,2024-09-07
AMH005275,ACFT00444,2020-06-11,A-Check,427436.77,2021-04-08
AMH005276,ACFT00266,2020-08-08,C-Check,116833.78,2021-03-23
AMH005277,ACFT00370,2025-09-15,B-Check,52805.07,2026-11-16
AMH005278,ACFT00554,2018-01-19,A-Check,134881.63,2019-11-15
AMH005279,ACFT00021,2024-02-25,A-Check,373738.16,2025-12-09
AMH005280,ACFT00336,2026-07-22,C-Check,123415.83,2027-02-27
AMH005281,ACFT00112,2021-03-22,C-Check,333947.83,2022-02-05
AMH005282,ACFT00212,2021-08-27,A-Check,90562.34,2022-11-10
AMH005283,ACFT00177,2025-06-18,B-Check,77123.18,2025-10-21
AMH005284,ACFT00548,2025-07-30,A-Check,10962.67,2026-09-25
AMH005285,ACFT00200,2018-08-15,A-Check,182187.34,2019-07-20
AMH005286,ACFT00253,2020-07-25,A-Check,101053.92,2022-07-21
AMH005287,ACFT00158,2024-02-13,C-Check,130035.71,2024-09-28
AMH005288,ACFT00103,2020-06-07,B-Check,346333.2,2021-11-26
AMH005289,ACFT00200,2018-06-14,D-Check,60631.14,2019-10-10
AMH005290,ACFT00232,2018-11-28,A-Check,186960.77,2019-11-27
AMH005291,ACFT00424,2023-09-01,Unscheduled Repair,241060.88,2024-11-20
AMH005292,ACFT00423,2023-06-14,A-Check,296974.74,2025-02-01
AMH005293,ACFT00600,2024-06-06,C-Check,9871.62,2025-03-03
AMH005294,ACFT00130,2019-01-04,A-Check,107488.02,2020-10-16
AMH005295,ACFT00579,2018-11-10,A-Check,277151.25,2019-07-02
AMH005296,ACFT00591,2024-10-13,A-Check,384991.01,2025-03-14
AMH005297,ACFT00261,2023-06-21,A-Check,263991.92,2024-05-06
AMH005298,ACFT00323,2020-11-21,A-Check,257218.99,2021-07-30
AMH005299,ACFT00164,2022-03-15,B-Check,42505.34,2022-11-04
AMH005300,ACFT00409,2020-01-03,D-Check,343033.14,2021-10-11
AMH005301,ACFT00230,2019-07-18,C-Check,169936.95,2019-11-13
AMH005302,ACFT00130,2022-06-26,A-Check,155875.69,2023-03-10
AMH005303,ACFT00025,2022-06-03,C-Check,415737.33,2023-01-25
AMH005304,ACFT00043,2022-03-29,Unscheduled Repair,234506.4,2023-09-17
AMH005305,ACFT00207,2020-06-07,B-Check,121158.71,2021-07-03
AMH005306,ACFT00198,2024-01-15,A-Check,172110.45,2025-09-24
AMH005307,ACFT00166,2021-01-07,A-Check,450535.8,2021-11-05
AMH005308,ACFT00356,2023-08-03,A-Check,435898.29,2024-01-27
AMH005309,ACFT00548,2019-04-09,C-Check,266633.88,2020-05-14
AMH005310,ACFT00311,2024-10-27,A-Check,187766.97,2025-03-27
AMH005311,ACFT00015,2024-11-22,Unscheduled Repair,375959.28,2025-06-29
AMH005312,ACFT00292,2023-03-20,C-Check,55900.27,2024-08-19
AMH005313,ACFT00563,2022-12-03,A-Check,398231.08,2023-04-20
AMH005314,ACFT00187,2020-08-12,A-Check,134000.63,2022-05-24
AMH005315,ACFT00448,2025-01-20,B-Check,4198.59,2026-11-25
AMH005316,ACFT00596,2019-05-23,A-Check,469925.37,2020-06-21
AMH005317,ACFT00153,2023-10-19,A-Check,395928.02,2024-03-16
AMH005318,ACFT00055,2018-01-10,C-Check,240888.51,2019-05-26
AMH005319,ACFT00026,2024-07-22,A-Check,25397.64,2025-03-20
AMH005320,ACFT00389,2020-06-29,A-Check,259610.24,2021-03-26
AMH005321,ACFT00250,2024-09-25,C-Check,153731.62,2024-12-28
AMH005322,ACFT00542,2019-08-13,A-Check,297120.06,2020-06-17
AMH005323,ACFT00587,2021-11-17,B-Check,251210.04,2023-03-16
AMH005324,ACFT00047,2025-06-18,A-Check,374473.32,2026-07-02
AMH005325,ACFT00028,2021-03-12,A-Check,92849.85,2022-06-20
AMH005326,ACFT00116,2018-08-31,A-Check,54323.11,2020-02-10
AMH005327,ACFT00510,2020-02-26,B-Check,497119.77,2021-05-16
AMH005328,ACFT00514,2025-09-08,Unscheduled Repair,211294.0,2027-03-14
AMH005329,ACFT00134,2026-06-19,B-Check,146258.54,2026-12-29
AMH005330,ACFT00035,2025-07-11,A-Check,404689.65,2027-02-15
AMH005331,ACFT00337,2020-04-17,B-Check,220008.83,2020-12-16
AMH005332,ACFT00580,2025-04-30,Unscheduled Repair,123537.52,2026-03-23
AMH005333,ACFT00313,2018-08-23,B-Check,209263.41,2019-08-05
AMH005334,ACFT00220,2022-08-17,B-Check,141931.9,2024-02-05
AMH005335,ACFT00294,2021-01-20,C-Check,200998.49,2021-05-03
AMH005336,ACFT00038,2026-07-23,C-Check,436722.96,2028-06-22
AMH005337,ACFT00278,2019-05-20,A-Check,128380.69,2020-10-18
AMH005338,ACFT00579,2024-11-28,D-Check,43142.81,2026-02-10
AMH005339,ACFT00292,2024-10-31,C-Check,122151.47,2026-07-01
AMH005340,ACFT00458,2023-11-08,A-Check,6984.42,2025-07-02
AMH005341,ACFT00305,2019-01-20,C-Check,48785.85,2020-08-06
AMH005342,ACFT00534,2020-01-03,C-Check,308243.18,2021-05-31
AMH005343,ACFT00179,2025-12-21,C-Check,310397.87,2026-10-28
AMH005344,ACFT00200,2018-11-25,A-Check,385736.52,2020-03-13
AMH005345,ACFT00008,2019-05-06,A-Check,233943.76,2019-08-15
AMH005346,ACFT00422,2025-01-31,B-Check,34668.55,2026-10-21
AMH005347,ACFT00295,2020-05-28,A-Check,201295.14,2022-05-22
AMH005348,ACFT00131,2023-04-30,B-Check,20980.48,2023-09-19
AMH005349,ACFT00599,2021-07-22,D-Check,73371.07,2022-08-11
AMH005350,ACFT00472,2019-09-25,C-Check,462063.35,2020-04-17
AMH005351,ACFT00520,2018-05-15,Unscheduled Repair,480017.91,2020-04-28
AMH005352,ACFT00369,2021-04-25,A-Check,475832.89,2022-05-25
AMH005353,ACFT00284,2021-07-27,C-Check,457953.22,2022-06-18
AMH005354,ACFT00470,2022-09-18,A-Check,183874.33,2023-07-10
AMH005355,ACFT00533,2024-01-26,A-Check,162120.49,2025-06-22
AMH005356,ACFT00350,2025-06-27,C-Check,413432.49,2026-05-17
AMH005357,ACFT00535,2022-11-06,B-Check,12659.83,2024-01-19
AMH005358,ACFT00528,2025-07-11,C-Check,20564.43,2026-02-02
AMH005359,ACFT00052,2025-03-15,D-Check,160164.89,2026-02-19
AMH005360,ACFT00297,2023-05-22,Unscheduled Repair,470050.03,2023-12-05
AMH005361,ACFT00173,2024-05-27,C-Check,422411.07,2025-03-30
AMH005362,ACFT00296,2020-01-27,B-Check,284984.05,2022-01-25
AMH005363,ACFT00327,2021-04-06,D-Check,193191.61,2021-09-11
AMH005364,ACFT00528,2018-06-22,B-Check,458790.34,2019-08-13
AMH005365,ACFT00485,2024-05-28,C-Check,339492.45,2025-10-07
AMH005366,ACFT00123,2020-02-03,A-Check,484037.8,2020-09-17
AMH005367,ACFT00169,2020-05-15,A-Check,192967.48,2020-11-19
AMH005368,ACFT00434,2021-12-25,A-Check,348808.26,2023-07-29
AMH005369,ACFT00107,2018-06-27,C-Check,279518.3,2019-10-14
AMH005370,ACFT00244,2018-01-19,A-Check,116840.98,2019-10-13
AMH005371,ACFT00041,2018-04-14,A-Check,470391.8,2018-08-07
AMH005372,ACFT00384,2018-01-30,A-Check,398715.88,2018-07-18
AMH005373,ACFT00492,2021-04-29,B-Check,281180.34,2021-08-13
AMH005374,ACFT00494,2020-12-01,B-Check,88430.93,2021-04-08
AMH005375,ACFT00560,2019-06-05,A-Check,241083.06,2019-12-27
AMH005376,ACFT00487,2025-11-05,A-Check,252530.7,2027-06-18
AMH005377,ACFT00045,2026-04-14,B-Check,310517.54,2027-03-22
AMH005378,ACFT00195,2023-02-21,Unscheduled Repair,374215.49,2024-01-10
AMH005379,ACFT00171,2020-04-03,C-Check,303689.03,2020-08-24
AMH005380,ACFT00338,2021-06-27,A-Check,321627.65,2022-11-10
AMH005381,ACFT00441,2020-04-15,B-Check,327069.13,2020-08-02
AMH005382,ACFT00556,2025-05-28,C-Check,84659.42,2025-12-11
AMH005383,ACFT00348,2024-04-28,B-Check,134916.12,2025-10-23
AMH005384,ACFT00398,2018-01-03,A-Check,237857.24,2018-06-22
AMH005385,ACFT00541,2026-05-04,B-Check,185128.88,2027-04-23
AMH005386,ACFT00183,2025-05-19,A-Check,38925.48,2027-02-13
AMH005387,ACFT00297,2021-05-22,B-Check,172676.08,2021-09-28
AMH005388,ACFT00251,2024-11-21,C-Check,489832.01,2025-08-10
AMH005389,ACFT00600,2020-08-07,A-Check,337280.05,2022-02-20
AMH005390,ACFT00432,2020-06-17,A-Check,187837.4,2021-08-19
AMH005391,ACFT00472,2022-06-14,Unscheduled Repair,123880.08,2024-03-31
AMH005392,ACFT00137,2021-03-12,A-Check,75673.49,2021-09-09
AMH005393,ACFT00159,2018-02-09,A-Check,114168.47,2019-03-06
AMH005394,ACFT00117,2024-05-12,C-Check,122930.96,2024-09-18
AMH005395,ACFT00234,2021-01-28,B-Check,392129.66,2023-01-12
AMH005396,ACFT00428,2024-06-01,A-Check,88807.7,2025-03-31
AMH005397,ACFT00126,2021-09-18,A-Check,9503.76,2023-06-27
AMH005398,ACFT00246,2021-06-25,B-Check,386786.87,2023-06-21
AMH005399,ACFT00545,2021-10-30,Unscheduled Repair,80433.55,2023-10-15
AMH005400,ACFT00186,2022-11-26,C-Check,249043.76,2023-12-11
AMH005401,ACFT00040,2024-07-17,B-Check,10760.86,2025-05-05
AMH005402,ACFT00492,2018-12-19,D-Check,461103.71,2020-07-12
AMH005403,ACFT00542,2019-10-02,C-Check,70064.4,2020-08-12
AMH005404,ACFT00300,2024-08-31,A-Check,387421.74,2026-02-26
AMH005405,ACFT00581,2020-02-19,B-Check,160759.85,2021-04-30
AMH005406,ACFT00207,2022-03-20,D-Check,110401.9,2023-01-28
AMH005407,ACFT00399,2020-12-21,A-Check,123892.46,2021-06-30
AMH005408,ACFT00438,2019-10-02,B-Check,274946.81,2020-02-19
AMH005409,ACFT00328,2020-01-28,B-Check,446104.93,2021-08-31
AMH005410,ACFT00551,2024-04-03,A-Check,484981.72,2026-03-31
AMH005411,ACFT00052,2021-03-22,B-Check,372270.28,2021-09-19
AMH005412,ACFT00078,2026-02-01,A-Check,115382.21,2026-11-15
AMH005413,ACFT00220,2024-04-08,B-Check,118817.29,2026-03-16
AMH005414,ACFT00383,2026-02-12,B-Check,364051.15,2026-07-24
AMH005415,ACFT00253,2021-12-18,C-Check,414153.16,2022-04-25
AMH005416,ACFT00406,2021-05-25,C-Check,82557.07,2022-06-29
AMH005417,ACFT00480,2020-09-12,A-Check,448084.61,2022-02-02
AMH005418,ACFT00218,2022-05-24,C-Check,36237.7,2023-02-01
AMH005419,ACFT00538,2018-09-26,B-Check,290479.56,2019-02-24
AMH005420,ACFT00013,2021-03-18,B-Check,251628.57,2021-07-22
AMH005421,ACFT00492,2020-12-18,C-Check,362320.66,2022-07-14
AMH005422,ACFT00234,2025-08-26,C-Check,484175.35,2026-08-10
AMH005423,ACFT00345,2026-05-23,A-Check,162685.32,2027-03-28
AMH005424,ACFT00151,2026-04-17,B-Check,332396.71,2027-02-18
AMH005425,ACFT00547,2019-06-22,A-Check,175950.35,2021-05-08
AMH005426,ACFT00368,2019-07-26,C-Check,66483.57,2020-12-17
AMH005427,ACFT00160,2021-02-07,B-Check,56139.54,2022-05-23
AMH005428,ACFT00328,2021-11-22,A-Check,144009.54,2023-04-26
AMH005429,ACFT00282,2021-12-20,B-Check,270778.2,2022-07-16
AMH005430,ACFT00320,2019-07-01,B-Check,63977.73,2020-04-25
AMH005431,ACFT00510,2024-06-26,C-Check,190822.74,2025-05-19
AMH005432,ACFT00193,2022-03-26,C-Check,79615.43,2023-01-16
AMH005433,ACFT00555,2025-02-08,C-Check,350792.05,2025-09-30
AMH005434,ACFT00371,2021-09-30,A-Check,199026.17,2022-03-15
AMH005435,ACFT00030,2022-06-13,A-Check,36156.99,2023-09-29
AMH005436,ACFT00350,2018-12-30,A-Check,185931.11,2019-11-30
AMH005437,ACFT00334,2022-04-22,Unscheduled Repair,178462.85,2023-12-02
AMH005438,ACFT00086,2020-07-20,A-Check,67859.5,2021-07-19
AMH005439,ACFT00537,2025-10-24,C-Check,455327.99,2026-10-03
AMH005440,ACFT00291,2023-08-08,A-Check,237504.75,2025-01-13
AMH005441,ACFT00380,2018-08-17,B-Check,226349.36,2019-06-01
AMH005442,ACFT00533,2021-12-26,A-Check,220623.45,2022-12-27
AMH005443,ACFT00470,2019-05-13,D-Check,50288.97,2020-04-29
AMH005444,ACFT00191,2020-09-12,A-Check,126134.95,2022-02-03
AMH005445,ACFT00350,2020-01-17,B-Check,68037.41,2021-06-16
AMH005446,ACFT00263,2019-01-19,A-Check,470865.91,2020-09-23
AMH005447,ACFT00409,2022-05-20,A-Check,130203.31,2024-01-28
AMH005448,ACFT00158,2023-07-08,C-Check,243556.13,2024-10-31
AMH005449,ACFT00205,2019-05-12,Unscheduled Repair,47730.88,2020-11-18
AMH005450,ACFT00088,2020-02-13,B-Check,59846.45,2021-07-02
AMH005451,ACFT00244,2025-09-24,C-Check,427107.97,2027-05-12
AMH005452,ACFT00228,2018-06-18,A-Check,66772.76,2019-04-03
AMH005453,ACFT00484,2023-03-17,A-Check,379882.88,2024-07-12
AMH005454,ACFT00112,2021-10-24,A-Check,312728.45,2022-07-11
AMH005455,ACFT00567,2018-03-22,C-Check,429184.58,2019-09-07
AMH005456,ACFT00146,2023-08-27,C-Check,392100.4,2024-12-05
AMH005457,ACFT00455,2025-03-04,B-Check,296765.68,2026-01-27
AMH005458,ACFT00069,2022-08-11,B-Check,132739.15,2024-06-06
AMH005459,ACFT00506,2021-08-08,C-Check,485799.74,2022-04-16
AMH005460,ACFT00289,2024-11-16,A-Check,351426.03,2025-06-22
AMH005461,ACFT00456,2020-11-17,C-Check,146109.12,2021-05-31
AMH005462,ACFT00248,2025-04-05,A-Check,434284.64,2026-07-10
AMH005463,ACFT00149,2025-11-01,Unscheduled Repair,208957.32,2027-03-26
AMH005464,ACFT00545,2023-06-15,Unscheduled Repair,16552.37,2023-12-01
AMH005465,ACFT00455,2021-11-17,A-Check,262488.77,2022-12-02
AMH005466,ACFT00053,2024-01-31,C-Check,129868.38,2024-10-27
AMH005467,ACFT00362,2020-06-21,A-Check,191759.62,2022-03-31
AMH005468,ACFT00364,2026-03-08,D-Check,380681.01,2027-03-28
AMH005469,ACFT00312,2024-10-14,A-Check,170535.72,2025-12-08
AMH005470,ACFT00427,2019-06-07,A-Check,481308.11,2020-03-04
AMH005471,ACFT00013,2020-11-18,A-Check,328135.76,2022-01-19
AMH005472,ACFT00061,2019-09-15,A-Check,411099.22,2021-02-08
AMH005473,ACFT00162,2025-06-05,C-Check,237110.19,2026-11-13
AMH005474,ACFT00150,2024-09-09,A-Check,329643.85,2025-02-11
AMH005475,ACFT00370,2019-07-04,C-Check,471123.47,2020-03-15
AMH005476,ACFT00112,2024-03-16,A-Check,491108.8,2024-08-22
AMH005477,ACFT00160,2018-01-23,C-Check,52709.12,2019-04-05
AMH005478,ACFT00012,2020-09-01,C-Check,412424.2,2021-09-02
AMH005479,ACFT00392,2023-05-15,D-Check,69263.38,2024-07-22
AMH005480,ACFT00108,2023-03-21,C-Check,127444.63,2024-04-20
AMH005481,ACFT00064,2021-11-17,A-Check,36341.33,2023-04-15
AMH005482,ACFT00476,2020-09-21,A-Check,179068.97,2021-03-11
AMH005483,ACFT00424,2026-04-25,B-Check,138694.66,2027-01-14
AMH005484,ACFT00154,2024-06-01,A-Check,33595.53,2024-11-27
AMH005485,ACFT00269,2025-08-05,C-Check,118018.59,2026-07-07
AMH005486,ACFT00091,2020-03-19,C-Check,444924.39,2020-06-17
AMH005487,ACFT00248,2019-05-06,B-Check,297248.04,2019-08-21
AMH005488,ACFT00032,2020-09-02,C-Check,460612.96,2022-06-05
AMH005489,ACFT00259,2026-01-26,A-Check,433451.57,2026-05-15
AMH005490,ACFT00154,2019-06-22,A-Check,445088.72,2020-02-11
AMH005491,ACFT00444,2025-12-14,A-Check,170090.06,2026-10-12
AMH005492,ACFT00404,2019-04-22,A-Check,420656.82,2020-02-04
AMH005493,ACFT00346,2019-03-10,C-Check,441422.85,2020-01-27
AMH005494,ACFT00409,2019-09-04,Unscheduled Repair,98624.45,2021-08-28
AMH005495,ACFT00293,2019-09-07,B-Check,436198.67,2021-06-18
AMH005496,ACFT00471,2022-11-01,C-Check,301085.64,2024-06-12
AMH005497,ACFT00034,2018-01-05,Unscheduled Repair,443052.63,2019-01-25
AMH005498,ACFT00396,2022-07-02,A-Check,132920.05,2024-06-16
AMH005499,ACFT00082,2024-08-27,A-Check,194344.32,2026-07-27
AMH005500,ACFT00225,2026-01-16,A-Check,36663.84,2026-12-09
AMH005501,ACFT00070,2021-05-31,B-Check,284722.83,2022-06-22
AMH005502,ACFT00120,2019-06-25,A-Check,422827.18,2019-10-10
AMH005503,ACFT00522,2025-03-04,C-Check,100890.25,2027-02-26
AMH005504,ACFT00478,2023-12-03,B-Check,354507.6,2025-09-05
AMH005505,ACFT00455,2021-07-25,C-Check,163692.92,2022-08-12
AMH005506,ACFT00137,2022-11-03,C-Check,198165.69,2024-05-23
AMH005507,ACFT00306,2019-04-15,C-Check,432813.07,2021-03-05
AMH005508,ACFT00443,2021-12-19,A-Check,295303.9,2023-11-13
AMH005509,ACFT00389,2023-11-13,A-Check,231046.76,2025-07-18
AMH005510,ACFT00540,2019-12-02,Unscheduled Repair,450506.63,2020-10-08
AMH005511,ACFT00107,2021-09-12,Unscheduled Repair,270639.12,2022-09-07
AMH005512,ACFT00122,2022-06-02,B-Check,259293.7,2023-01-14
AMH005513,ACFT00161,2021-09-01,B-Check,241221.84,2023-08-30
AMH005514,ACFT00153,2018-11-15,A-Check,176483.34,2020-11-02
AMH005515,ACFT00456,2024-05-31,C-Check,388721.76,2025-07-30
AMH005516,ACFT00194,2018-07-07,D-Check,301770.43,2019-03-22
AMH005517,ACFT00538,2020-10-04,B-Check,370696.08,2022-07-04
AMH005518,ACFT00190,2024-07-10,A-Check,293111.95,2026-06-10
AMH005519,ACFT00129,2018-02-17,C-Check,60972.97,2018-12-18
AMH005520,ACFT00291,2019-02-26,A-Check,463047.54,2021-01-27
AMH005521,ACFT00479,2023-12-04,A-Check,64086.7,2024-11-15
AMH005522,ACFT00172,2025-07-22,A-Check,368735.15,2025-12-29
AMH005523,ACFT00365,2023-12-20,A-Check,320429.83,2024-12-27
AMH005524,ACFT00570,2023-01-29,B-Check,10341.05,2024-04-12
AMH005525,ACFT00274,2023-07-26,A-Check,341831.02,2025-07-13
AMH005526,ACFT00406,2023-07-21,A-Check,148805.56,2024-12-05
AMH005527,ACFT00344,2020-11-08,Unscheduled Repair,211217.46,2022-08-16
AMH005528,ACFT00076,2018-07-29,C-Check,279818.15,2018-12-12
AMH005529,ACFT00251,2025-03-11,B-Check,17206.89,2026-10-31
AMH005530,ACFT00107,2022-12-02,D-Check,475984.12,2024-02-21
AMH005531,ACFT00531,2019-01-17,A-Check,100426.73,2020-08-18
AMH005532,ACFT00333,2018-08-11,A-Check,43120.28,2019-09-16
AMH005533,ACFT00191,2020-09-20,A-Check,432319.41,2022-09-14
AMH005534,ACFT00069,2024-01-04,Unscheduled Repair,127301.15,2025-04-26
AMH005535,ACFT00238,2026-02-15,A-Check,201909.21,2027-12-10
AMH005536,ACFT00413,2023-10-29,A-Check,198142.49,2024-07-30
AMH005537,ACFT00082,2018-11-12,C-Check,66294.5,2019-04-08
AMH005538,ACFT00163,2026-05-08,A-Check,209311.39,2027-09-29
AMH005539,ACFT00494,2024-09-07,C-Check,322965.27,2025-11-09
AMH005540,ACFT00157,2025-10-08,C-Check,471131.24,2027-05-16
AMH005541,ACFT00579,2019-06-04,B-Check,190329.9,2020-12-30
AMH005542,ACFT00477,2021-04-19,B-Check,370160.4,2022-12-22
AMH005543,ACFT00188,2019-12-17,B-Check,452282.34,2020-08-03
AMH005544,ACFT00525,2023-05-01,A-Check,493002.08,2025-03-11
AMH005545,ACFT00272,2021-12-25,A-Check,388170.53,2023-06-19
AMH005546,ACFT00422,2025-04-10,A-Check,348159.22,2026-03-14
AMH005547,ACFT00580,2022-06-17,D-Check,194486.41,2023-10-08
AMH005548,ACFT00246,2024-01-04,D-Check,447985.23,2025-09-15
AMH005549,ACFT00261,2021-11-08,B-Check,332770.5,2022-08-26
AMH005550,ACFT00194,2021-03-08,A-Check,84172.56,2022-02-12
AMH005551,ACFT00140,2018-06-22,Unscheduled Repair,377448.18,2019-03-07
AMH005552,ACFT00073,2024-05-22,D-Check,305713.76,2025-11-04
AMH005553,ACFT00316,2022-12-06,A-Check,39267.67,2024-11-03
AMH005554,ACFT00197,2025-06-19,A-Check,380075.18,2027-03-29
AMH005555,ACFT00083,2026-01-13,A-Check,27276.69,2027-08-24
AMH005556,ACFT00407,2024-11-22,A-Check,55320.96,2026-06-28
AMH005557,ACFT00036,2020-12-03,C-Check,88635.94,2021-06-12
AMH005558,ACFT00424,2018-09-28,C-Check,280718.37,2020-03-17
AMH005559,ACFT00511,2023-07-22,C-Check,219786.61,2024-11-05
AMH005560,ACFT00280,2022-12-08,A-Check,86410.09,2024-05-25
AMH005561,ACFT00159,2024-08-12,B-Check,74810.73,2025-04-08
AMH005562,ACFT00221,2018-07-04,D-Check,373396.0,2019-12-31
AMH005563,ACFT00408,2020-04-16,C-Check,117363.06,2021-01-26
AMH005564,ACFT00377,2024-03-09,A-Check,162296.33,2025-09-07
AMH005565,ACFT00361,2024-11-07,A-Check,79081.6,2025-02-07
AMH005566,ACFT00288,2023-05-05,B-Check,476163.19,2024-05-13
AMH005567,ACFT00252,2020-11-12,C-Check,191564.22,2022-06-25
AMH005568,ACFT00052,2023-03-17,B-Check,183364.91,2023-11-04
AMH005569,ACFT00336,2019-09-21,A-Check,12732.34,2021-03-20
AMH005570,ACFT00591,2025-04-03,A-Check,26226.63,2025-08-25
AMH005571,ACFT00564,2024-09-19,Unscheduled Repair,171950.79,2026-08-08
AMH005572,ACFT00580,2024-03-13,Unscheduled Repair,31065.3,2025-03-28
AMH005573,ACFT00473,2018-03-25,C-Check,307702.7,2019-06-22
AMH005574,ACFT00090,2022-05-31,A-Check,404083.71,2023-08-28
AMH005575,ACFT00234,2020-11-21,A-Check,136897.96,2021-03-23
AMH005576,ACFT00425,2025-12-30,A-Check,100832.6,2026-04-01
AMH005577,ACFT00495,2026-03-26,B-Check,461341.6,2027-10-10
AMH005578,ACFT00072,2023-07-11,A-Check,162471.17,2025-05-15
AMH005579,ACFT00013,2026-03-15,A-Check,3765.02,2027-10-22
AMH005580,ACFT00581,2023-09-06,A-Check,465675.68,2024-04-03
AMH005581,ACFT00417,2024-12-05,A-Check,278860.83,2025-09-25
AMH005582,ACFT00405,2018-11-16,A-Check,399785.67,2020-09-28
AMH005583,ACFT00361,2023-06-08,A-Check,199923.1,2024-04-05
AMH005584,ACFT00456,2024-06-01,B-Check,97726.93,2025-07-16
AMH005585,ACFT00351,2018-10-31,B-Check,232825.31,2020-09-20
AMH005586,ACFT00377,2019-01-08,A-Check,349462.27,2019-08-27
AMH005587,ACFT00268,2020-12-22,A-Check,206865.22,2022-09-19
AMH005588,ACFT00034,2026-06-16,C-Check,441187.18,2027-08-13
AMH005589,ACFT00205,2026-05-21,A-Check,182678.36,2027-09-16
AMH005590,ACFT00022,2022-09-02,A-Check,332245.49,2024-02-09
AMH005591,ACFT00023,2026-03-05,B-Check,107766.78,2026-12-28
AMH005592,ACFT00397,2020-10-29,A-Check,476626.1,2022-05-08
AMH005593,ACFT00322,2019-02-16,A-Check,228424.7,2019-10-18
AMH005594,ACFT00512,2019-05-27,A-Check,96045.13,2021-02-04
AMH005595,ACFT00590,2024-08-24,A-Check,196681.16,2025-01-23
AMH005596,ACFT00362,2019-02-13,A-Check,73289.89,2019-07-19
AMH005597,ACFT00189,2019-05-16,B-Check,395238.04,2020-10-20
AMH005598,ACFT00377,2019-10-31,C-Check,123072.67,2020-11-01
AMH005599,ACFT00409,2022-05-22,A-Check,463379.0,2023-05-03
AMH005600,ACFT00099,2019-11-02,A-Check,437811.94,2021-05-25
AMH005601,ACFT00092,2021-05-18,B-Check,364641.2,2022-09-04
AMH005602,ACFT00528,2024-05-11,A-Check,196830.34,2025-03-03
AMH005603,ACFT00227,2019-02-27,A-Check,468516.4,2019-08-19
AMH005604,ACFT00345,2020-05-08,A-Check,124659.36,2021-03-04
AMH005605,ACFT00410,2026-03-19,C-Check,494579.3,2027-02-28
AMH005606,ACFT00411,2021-12-16,C-Check,289085.4,2023-03-18
AMH005607,ACFT00053,2025-12-26,B-Check,142995.51,2026-09-16
AMH005608,ACFT00133,2026-01-27,A-Check,190517.31,2027-06-22
AMH005609,ACFT00503,2022-05-13,A-Check,452857.81,2023-01-29
AMH005610,ACFT00575,2022-01-21,B-Check,375957.21,2022-06-18
AMH005611,ACFT00599,2019-07-26,A-Check,133095.39,2021-01-12
AMH005612,ACFT00019,2025-04-26,C-Check,49821.21,2026-03-19
AMH005613,ACFT00502,2025-12-07,B-Check,193303.28,2027-02-10
AMH005614,ACFT00170,2024-01-02,B-Check,66289.67,2025-12-15
AMH005615,ACFT00200,2022-11-07,D-Check,216480.36,2023-06-20
AMH005616,ACFT00374,2026-02-04,A-Check,309344.52,2026-06-10
AMH005617,ACFT00008,2021-06-01,A-Check,358286.24,2022-11-02
AMH005618,ACFT00519,2020-04-23,A-Check,445255.58,2021-09-24
AMH005619,ACFT00234,2020-05-15,A-Check,335817.28,2022-02-04
AMH005620,ACFT00576,2018-06-28,A-Check,333188.49,2019-07-15
AMH005621,ACFT00079,2021-11-22,Unscheduled Repair,61457.15,2022-03-29
AMH005622,ACFT00027,2023-03-01,B-Check,376983.75,2024-12-17
AMH005623,ACFT00184,2023-03-17,C-Check,317583.54,2024-04-21
AMH005624,ACFT00072,2024-10-08,A-Check,161450.63,2025-04-21
AMH005625,ACFT00232,2024-08-04,B-Check,151270.31,2024-12-25
AMH005626,ACFT00023,2025-12-16,B-Check,87793.8,2026-04-17
AMH005627,ACFT00457,2021-06-16,D-Check,496989.14,2022-11-17
AMH005628,ACFT00225,2022-01-18,C-Check,310119.14,2023-11-27
AMH005629,ACFT00491,2025-04-12,A-Check,217942.21,2026-07-04
AMH005630,ACFT00264,2021-10-18,B-Check,41946.53,2022-09-03
AMH005631,ACFT00243,2019-01-01,B-Check,87683.11,2019-05-30
AMH005632,ACFT00123,2025-08-16,Unscheduled Repair,360105.75,2026-04-24
AMH005633,ACFT00231,2018-04-17,A-Check,436736.06,2019-12-16
AMH005634,ACFT00595,2021-02-09,A-Check,5816.45,2021-10-08
AMH005635,ACFT00062,2026-03-22,C-Check,298996.92,2026-12-28
AMH005636,ACFT00185,2018-01-21,Unscheduled Repair,300820.8,2018-07-22
AMH005637,ACFT00006,2018-07-23,A-Check,223565.07,2020-05-07
AMH005638,ACFT00335,2022-04-24,C-Check,449484.08,2022-08-13
AMH005639,ACFT00491,2019-12-25,A-Check,198140.82,2020-11-24
AMH005640,ACFT00117,2025-10-02,B-Check,230023.27,2026-08-17
AMH005641,ACFT00190,2025-02-21,Unscheduled Repair,26304.81,2026-07-21
AMH005642,ACFT00170,2018-06-13,Unscheduled Repair,56194.76,2020-03-17
AMH005643,ACFT00195,2022-06-24,Unscheduled Repair,19092.39,2023-12-17
AMH005644,ACFT00130,2025-07-22,B-Check,414243.41,2027-06-09
AMH005645,ACFT00108,2018-05-15,A-Check,107482.09,2019-03-04
AMH005646,ACFT00578,2020-06-20,B-Check,57207.72,2021-11-06
AMH005647,ACFT00196,2019-09-30,Unscheduled Repair,108714.94,2020-08-15
AMH005648,ACFT00186,2018-04-17,C-Check,382924.48,2018-09-13
AMH005649,ACFT00389,2022-06-23,A-Check,154415.26,2024-01-12
AMH005650,ACFT00017,2024-06-14,B-Check,312384.87,2025-06-13
AMH005651,ACFT00210,2023-05-29,Unscheduled Repair,392004.22,2023-11-03
AMH005652,ACFT00126,2019-05-03,C-Check,123415.85,2019-11-07
AMH005653,ACFT00261,2024-04-04,C-Check,122312.03,2024-11-15
AMH005654,ACFT00599,2023-07-05,Unscheduled Repair,301151.27,2023-10-21
AMH005655,ACFT00071,2026-07-17,A-Check,276533.82,2028-06-01
AMH005656,ACFT00403,2018-12-25,C-Check,305807.13,2019-12-14
AMH005657,ACFT00559,2023-09-02,A-Check,496115.26,2025-08-18
AMH005658,ACFT00293,2023-02-14,A-Check,205763.14,2023-08-11
AMH005659,ACFT00247,2018-06-20,A-Check,449848.0,2019-04-17
AMH005660,ACFT00432,2023-08-18,A-Check,65249.95,2025-08-01
AMH005661,ACFT00035,2024-01-04,A-Check,196252.59,2024-07-30
AMH005662,ACFT00298,2023-07-21,B-Check,58771.8,2024-01-04
AMH005663,ACFT00397,2018-04-20,A-Check,210715.55,2020-01-31
AMH005664,ACFT00018,2025-10-24,B-Check,400478.56,2027-09-26
AMH005665,ACFT00517,2023-03-12,A-Check,256122.73,2025-03-01
AMH005666,ACFT00564,2025-06-02,B-Check,90016.24,2026-05-14
AMH005667,ACFT00128,2026-01-21,B-Check,436559.44,2027-11-28
AMH005668,ACFT00593,2025-12-23,B-Check,68541.35,2026-06-11
AMH005669,ACFT00370,2025-06-19,A-Check,426894.83,2027-01-23
AMH005670,ACFT00219,2023-03-08,Unscheduled Repair,200567.95,2023-07-02
AMH005671,ACFT00001,2018-06-09,B-Check,440920.34,2019-03-02
AMH005672,ACFT00084,2024-03-09,C-Check,340465.23,2025-03-31
AMH005673,ACFT00389,2023-09-06,B-Check,135741.39,2024-08-26
AMH005674,ACFT00552,2020-09-16,A-Check,412557.61,2021-08-23
AMH005675,ACFT00168,2021-01-20,C-Check,31083.37,2022-03-20
AMH005676,ACFT00530,2022-02-06,A-Check,100316.55,2023-11-21
AMH005677,ACFT00318,2021-03-02,D-Check,348597.67,2022-08-12
AMH005678,ACFT00553,2026-07-18,B-Check,292079.38,2027-06-13
AMH005679,ACFT00588,2022-06-05,B-Check,462259.7,2023-05-08
AMH005680,ACFT00512,2020-10-10,B-Check,175152.41,2022-04-04
AMH005681,ACFT00514,2019-05-14,B-Check,385819.25,2019-10-09
AMH005682,ACFT00434,2018-04-07,Unscheduled Repair,280533.44,2018-10-24
AMH005683,ACFT00102,2018-11-05,C-Check,309731.83,2019-02-27
AMH005684,ACFT00172,2020-03-30,A-Check,353924.42,2022-01-10
AMH005685,ACFT00495,2025-12-31,D-Check,224891.78,2027-03-01
AMH005686,ACFT00290,2019-09-17,B-Check,445497.23,2020-08-28
AMH005687,ACFT00361,2021-07-12,A-Check,429198.88,2021-10-10
AMH005688,ACFT00465,2018-10-17,B-Check,143634.0,2020-04-04
AMH005689,ACFT00437,2019-03-14,C-Check,285522.13,2019-11-23
AMH005690,ACFT00318,2026-05-30,B-Check,224204.36,2027-01-11
AMH005691,ACFT00029,2021-11-30,C-Check,408342.33,2022-12-21
AMH005692,ACFT00416,2019-01-02,A-Check,227959.35,2020-11-16
AMH005693,ACFT00332,2022-02-13,Unscheduled Repair,297840.61,2022-08-24
AMH005694,ACFT00368,2025-02-09,C-Check,318991.23,2026-02-04
AMH005695,ACFT00217,2024-03-08,A-Check,329476.51,2025-11-10
AMH005696,ACFT00185,2018-04-21,A-Check,416402.0,2019-06-15
AMH005697,ACFT00467,2023-11-17,B-Check,179527.48,2024-07-22
AMH005698,ACFT00053,2024-02-23,B-Check,32591.11,2025-05-24
AMH005699,ACFT00568,2022-01-31,A-Check,174615.22,2023-03-02
AMH005700,ACFT00367,2022-02-07,A-Check,367683.03,2023-04-15
AMH005701,ACFT00565,2024-05-29,C-Check,430024.9,2026-02-17
AMH005702,ACFT00335,2025-06-23,A-Check,50699.22,2026-08-06
AMH005703,ACFT00412,2026-03-22,B-Check,463075.46,2027-07-10
AMH005704,ACFT00056,2025-09-12,B-Check,14738.86,2027-06-18
AMH005705,ACFT00342,2025-08-22,D-Check,407811.86,2026-11-15
AMH005706,ACFT00145,2023-10-23,A-Check,256784.86,2024-09-07
AMH005707,ACFT00360,2018-12-03,C-Check,217695.16,2020-04-19
AMH005708,ACFT00207,2022-12-27,Unscheduled Repair,348456.46,2023-12-23
AMH005709,ACFT00351,2024-07-19,B-Check,123318.1,2024-11-11
AMH005710,ACFT00483,2019-03-23,A-Check,357474.61,2019-09-16
AMH005711,ACFT00573,2024-04-05,C-Check,356373.04,2024-07-09
AMH005712,ACFT00598,2024-09-09,A-Check,491024.76,2025-12-04
AMH005713,ACFT00250,2021-12-22,C-Check,187834.37,2023-04-29
AMH005714,ACFT00394,2026-06-04,B-Check,325793.72,2028-02-14
AMH005715,ACFT00412,2020-04-08,C-Check,209951.86,2021-09-21
AMH005716,ACFT00363,2023-04-09,Unscheduled Repair,320942.63,2024-03-08
AMH005717,ACFT00392,2022-03-07,A-Check,450738.43,2023-12-19
AMH005718,ACFT00578,2021-07-11,B-Check,435203.08,2022-02-14
AMH005719,ACFT00520,2018-01-29,B-Check,468378.98,2018-10-13
AMH005720,ACFT00449,2024-05-02,B-Check,345507.96,2025-03-07
AMH005721,ACFT00498,2022-08-17,C-Check,478963.16,2024-01-08
AMH005722,ACFT00174,2024-07-26,C-Check,478437.6,2025-01-24
AMH005723,ACFT00330,2019-10-28,A-Check,221512.89,2021-06-26
AMH005724,ACFT00547,2022-12-14,C-Check,346489.1,2024-02-21
AMH005725,ACFT00020,2020-02-12,B-Check,318340.9,2021-10-24
AMH005726,ACFT00267,2021-07-30,B-Check,415098.04,2022-12-25
AMH005727,ACFT00531,2024-01-18,A-Check,318631.62,2024-10-04
AMH005728,ACFT00218,2023-04-19,A-Check,129838.7,2024-03-04
AMH005729,ACFT00529,2023-07-23,C-Check,133408.5,2024-09-09
AMH005730,ACFT00506,2023-08-31,C-Check,214231.56,2024-10-28
AMH005731,ACFT00504,2019-04-23,Unscheduled Repair,179529.11,2019-12-11
AMH005732,ACFT00416,2021-10-05,A-Check,331007.67,2022-08-29
AMH005733,ACFT00136,2023-11-14,A-Check,194004.22,2024-10-08
AMH005734,ACFT00472,2024-02-20,C-Check,19341.84,2025-10-08
AMH005735,ACFT00556,2020-07-24,B-Check,374239.1,2021-02-10
AMH005736,ACFT00346,2025-01-14,B-Check,117128.27,2025-07-08
AMH005737,ACFT00433,2024-03-10,B-Check,132665.82,2024-08-21
AMH005738,ACFT00307,2018-08-30,Unscheduled Repair,170368.14,2020-07-14
AMH005739,ACFT00154,2018-05-05,A-Check,213286.99,2019-03-13
AMH005740,ACFT00006,2018-10-11,B-Check,404604.44,2019-07-27
AMH005741,ACFT00268,2019-04-16,C-Check,421938.13,2020-03-14
AMH005742,ACFT00371,2022-12-10,B-Check,152714.81,2023-07-31
AMH005743,ACFT00264,2018-08-31,C-Check,145876.99,2019-02-28
AMH005744,ACFT00149,2023-01-25,A-Check,49341.69,2024-01-14
AMH005745,ACFT00427,2021-03-03,B-Check,348773.6,2022-07-15
AMH005746,ACFT00323,2024-02-10,B-Check,355652.65,2025-03-17
AMH005747,ACFT00158,2020-05-27,A-Check,339895.06,2021-10-12
AMH005748,ACFT00504,2022-10-10,A-Check,108782.36,2023-06-18
AMH005749,ACFT00150,2022-06-11,B-Check,216537.78,2024-04-08
AMH005750,ACFT00570,2022-07-22,Unscheduled Repair,54210.49,2023-11-08
AMH005751,ACFT00060,2023-01-01,Unscheduled Repair,422701.11,2024-04-17
AMH005752,ACFT00072,2025-09-10,A-Check,141818.81,2027-04-05
AMH005753,ACFT00109,2021-02-15,B-Check,471763.94,2022-06-12
AMH005754,ACFT00353,2024-12-25,B-Check,124837.98,2025-06-20
AMH005755,ACFT00552,2024-08-11,B-Check,377306.19,2026-01-18
AMH005756,ACFT00097,2021-01-12,C-Check,375329.43,2022-02-06
AMH005757,ACFT00350,2018-05-26,C-Check,124250.33,2020-05-18
AMH005758,ACFT00556,2020-09-24,A-Check,238487.55,2021-04-21
AMH005759,ACFT00355,2025-10-20,B-Check,275128.31,2026-02-04
AMH005760,ACFT00228,2020-11-14,A-Check,128976.52,2022-01-27
AMH005761,ACFT00514,2025-06-13,Unscheduled Repair,232152.55,2027-05-07
AMH005762,ACFT00062,2023-09-07,B-Check,241715.06,2024-04-13
AMH005763,ACFT00239,2020-08-28,A-Check,356942.18,2021-07-12
AMH005764,ACFT00137,2018-01-23,C-Check,57816.11,2019-04-19
AMH005765,ACFT00155,2019-08-19,C-Check,393494.69,2020-06-03
AMH005766,ACFT00500,2026-07-05,A-Check,302707.23,2027-07-06
AMH005767,ACFT00532,2023-05-05,C-Check,204036.19,2023-12-17
AMH005768,ACFT00242,2018-04-16,C-Check,451371.03,2020-04-03
AMH005769,ACFT00316,2024-08-02,B-Check,190400.27,2024-12-22
AMH005770,ACFT00227,2018-06-28,C-Check,472788.24,2019-05-13
AMH005771,ACFT00153,2024-04-10,C-Check,212157.25,2024-08-03
AMH005772,ACFT00600,2024-10-16,A-Check,341340.16,2026-08-10
AMH005773,ACFT00504,2024-03-13,B-Check,471755.61,2025-04-04
AMH005774,ACFT00417,2023-09-02,A-Check,425776.97,2025-04-14
AMH005775,ACFT00289,2019-06-26,C-Check,69979.04,2020-01-13
AMH005776,ACFT00025,2025-08-30,A-Check,444266.62,2025-12-31
AMH005777,ACFT00156,2021-01-10,A-Check,295450.39,2021-04-16
AMH005778,ACFT00282,2023-08-10,A-Check,365223.01,2025-06-02
AMH005779,ACFT00450,2020-06-05,A-Check,94165.27,2020-11-14
AMH005780,ACFT00053,2024-07-21,A-Check,40731.91,2025-02-26
AMH005781,ACFT00450,2025-07-21,B-Check,312133.76,2027-04-01
AMH005782,ACFT00217,2025-05-18,Unscheduled Repair,266505.54,2027-03-06
AMH005783,ACFT00074,2024-04-03,A-Check,87979.09,2025-08-27
AMH005784,ACFT00547,2025-04-23,A-Check,12969.97,2026-12-06
AMH005785,ACFT00193,2018-02-18,A-Check,253678.71,2018-07-01
AMH005786,ACFT00072,2023-01-10,A-Check,205314.17,2023-11-24
AMH005787,ACFT00131,2021-01-24,D-Check,99826.72,2021-08-17
AMH005788,ACFT00320,2018-02-28,B-Check,312278.66,2020-02-17
AMH005789,ACFT00285,2018-12-06,Unscheduled Repair,40216.24,2020-10-06
AMH005790,ACFT00138,2023-04-08,B-Check,363301.68,2023-12-27
AMH005791,ACFT00416,2018-07-19,A-Check,392673.65,2019-05-30
AMH005792,ACFT00551,2020-04-04,A-Check,437258.96,2020-12-15
AMH005793,ACFT00550,2018-07-03,B-Check,50665.18,2019-04-23
AMH005794,ACFT00467,2022-10-27,Unscheduled Repair,175322.67,2024-08-02
AMH005795,ACFT00344,2019-06-26,B-Check,96441.67,2020-06-14
AMH005796,ACFT00454,2024-04-23,A-Check,427308.28,2024-10-09
AMH005797,ACFT00024,2022-02-14,D-Check,161995.82,2023-08-19
AMH005798,ACFT00066,2019-03-10,Unscheduled Repair,173648.76,2020-07-21
AMH005799,ACFT00329,2022-09-17,B-Check,82476.14,2023-06-15
AMH005800,ACFT00056,2024-08-29,B-Check,12321.17,2025-09-14
AMH005801,ACFT00159,2024-06-09,A-Check,457047.39,2025-01-11
AMH005802,ACFT00318,2023-12-05,A-Check,259066.34,2025-10-22
AMH005803,ACFT00569,2019-04-13,A-Check,391075.12,2020-08-16
AMH005804,ACFT00091,2022-03-05,Unscheduled Repair,135925.97,2022-12-04
AMH005805,ACFT00116,2022-10-16,Unscheduled Repair,168068.08,2024-04-26
AMH005806,ACFT00489,2020-04-13,D-Check,144754.86,2020-07-23
AMH005807,ACFT00509,2018-03-06,B-Check,323481.97,2019-08-07
AMH005808,ACFT00518,2022-06-10,B-Check,466756.2,2024-05-16
AMH005809,ACFT00285,2022-03-02,A-Check,222046.73,2022-09-22
AMH005810,ACFT00353,2024-06-06,B-Check,108369.08,2026-04-04
AMH005811,ACFT00219,2023-05-11,A-Check,190625.37,2025-02-06
AMH005812,ACFT00397,2026-04-20,A-Check,449961.52,2027-10-18
AMH005813,ACFT00590,2020-08-01,A-Check,191590.74,2021-05-26
AMH005814,ACFT00441,2020-07-05,B-Check,35004.19,2021-07-22
AMH005815,ACFT00427,2020-04-25,A-Check,11826.22,2021-01-05
AMH005816,ACFT00154,2023-01-30,C-Check,492906.55,2023-06-01
AMH005817,ACFT00535,2024-01-21,C-Check,164242.96,2025-12-15
AMH005818,ACFT00144,2021-11-01,A-Check,319484.14,2023-04-11
AMH005819,ACFT00514,2022-03-28,Unscheduled Repair,336656.23,2023-11-27
AMH005820,ACFT00575,2025-07-23,C-Check,107376.06,2026-05-08
AMH005821,ACFT00177,2022-09-11,A-Check,262248.46,2024-02-26
AMH005822,ACFT00166,2022-04-05,A-Check,272857.42,2023-10-01
AMH005823,ACFT00158,2020-01-15,B-Check,125265.67,2021-09-29
AMH005824,ACFT00483,2026-06-29,C-Check,32209.91,2028-02-11
AMH005825,ACFT00526,2025-02-23,B-Check,332065.56,2027-01-19
AMH005826,ACFT00133,2020-05-10,D-Check,480781.61,2020-11-15
AMH005827,ACFT00570,2020-01-30,A-Check,132032.84,2020-06-21
AMH005828,ACFT00473,2019-02-13,D-Check,29332.66,2020-04-05
AMH005829,ACFT00425,2020-12-27,B-Check,212177.4,2021-09-27
AMH005830,ACFT00186,2021-06-04,A-Check,365089.66,2021-10-10
AMH005831,ACFT00415,2018-07-30,B-Check,358173.33,2019-12-17
AMH005832,ACFT00457,2022-06-30,B-Check,185199.62,2023-11-05
AMH005833,ACFT00068,2021-12-08,A-Check,83078.76,2022-07-24
AMH005834,ACFT00423,2026-07-12,D-Check,132403.26,2028-05-19
AMH005835,ACFT00260,2020-09-22,A-Check,61516.87,2021-02-20
AMH005836,ACFT00142,2018-10-13,C-Check,231815.2,2019-12-06
AMH005837,ACFT00445,2025-11-02,A-Check,133040.02,2027-07-09
AMH005838,ACFT00129,2023-08-07,A-Check,491432.89,2025-07-07
AMH005839,ACFT00503,2019-02-18,Unscheduled Repair,170619.94,2020-09-15
AMH005840,ACFT00469,2020-07-14,A-Check,247369.14,2021-09-03
AMH005841,ACFT00385,2023-08-15,C-Check,224984.14,2025-03-04
AMH005842,ACFT00142,2020-02-02,D-Check,239944.44,2021-07-08
AMH005843,ACFT00135,2025-09-25,Unscheduled Repair,242331.25,2026-10-17
AMH005844,ACFT00379,2022-10-26,A-Check,191760.71,2024-10-21
AMH005845,ACFT00554,2022-02-17,Unscheduled Repair,44602.42,2023-03-29
AMH005846,ACFT00282,2022-04-22,A-Check,219808.52,2023-07-29
AMH005847,ACFT00491,2022-07-28,A-Check,105009.76,2023-03-12
AMH005848,ACFT00072,2025-02-04,B-Check,151647.85,2026-03-13
AMH005849,ACFT00049,2020-06-11,A-Check,149689.27,2021-05-16
AMH005850,ACFT00541,2024-07-30,B-Check,459720.38,2026-06-03
AMH005851,ACFT00574,2023-11-26,B-Check,168790.81,2025-10-19
AMH005852,ACFT00174,2018-03-06,Unscheduled Repair,131775.9,2018-12-26
AMH005853,ACFT00402,2019-04-15,Unscheduled Repair,341635.29,2020-05-22
AMH005854,ACFT00382,2019-08-16,A-Check,44081.14,2020-02-28
AMH005855,ACFT00075,2023-11-21,Unscheduled Repair,221853.24,2025-09-12
AMH005856,ACFT00422,2025-03-31,B-Check,453009.51,2026-12-27
AMH005857,ACFT00274,2025-05-09,A-Check,53849.97,2027-01-16
AMH005858,ACFT00599,2018-10-16,A-Check,215030.92,2019-04-18
AMH005859,ACFT00540,2024-03-18,B-Check,86635.97,2026-02-27
AMH005860,ACFT00096,2024-01-23,D-Check,153326.95,2025-05-25
AMH005861,ACFT00172,2019-07-23,A-Check,56030.25,2020-04-25
AMH005862,ACFT00377,2020-09-28,A-Check,389565.07,2021-01-12
AMH005863,ACFT00082,2019-12-25,A-Check,92803.23,2020-10-01
AMH005864,ACFT00231,2019-09-22,Unscheduled Repair,172591.1,2021-06-28
AMH005865,ACFT00041,2022-04-25,B-Check,228017.23,2024-03-12
AMH005866,ACFT00337,2019-12-16,C-Check,349865.31,2020-04-15
AMH005867,ACFT00428,2020-07-31,A-Check,97992.53,2022-01-20
AMH005868,ACFT00497,2020-06-22,B-Check,140373.43,2022-06-15
AMH005869,ACFT00231,2019-01-28,D-Check,71200.5,2020-07-11
AMH005870,ACFT00488,2023-09-21,C-Check,461165.12,2024-10-01
AMH005871,ACFT00378,2020-09-14,A-Check,123517.57,2021-07-08
AMH005872,ACFT00048,2023-08-11,D-Check,49175.18,2024-12-30
AMH005873,ACFT00519,2018-08-04,B-Check,13782.21,2019-08-11
AMH005874,ACFT00077,2025-03-05,A-Check,312027.57,2026-09-03
AMH005875,ACFT00265,2021-04-26,B-Check,333166.21,2022-02-21
AMH005876,ACFT00406,2018-05-12,B-Check,289658.39,2019-05-19
AMH005877,ACFT00307,2025-07-11,C-Check,470290.18,2027-05-19
AMH005878,ACFT00416,2024-09-22,Unscheduled Repair,188291.71,2025-06-05
AMH005879,ACFT00579,2024-05-03,B-Check,399254.16,2026-03-19
AMH005880,ACFT00281,2020-04-27,B-Check,357394.44,2022-04-21
AMH005881,ACFT00257,2023-08-31,C-Check,160802.42,2025-08-14
AMH005882,ACFT00083,2022-06-05,A-Check,235603.12,2023-06-01
AMH005883,ACFT00566,2024-06-30,A-Check,121028.84,2026-02-20
AMH005884,ACFT00577,2018-06-28,Unscheduled Repair,310525.55,2019-05-16
AMH005885,ACFT00149,2024-07-08,C-Check,168846.65,2024-11-29
AMH005886,ACFT00045,2025-08-17,A-Check,284125.15,2025-11-25
AMH005887,ACFT00495,2024-09-17,A-Check,400512.56,2026-06-14
AMH005888,ACFT00366,2021-04-17,A-Check,56742.07,2022-01-02
AMH005889,ACFT00035,2019-11-29,A-Check,438812.04,2021-08-09
AMH005890,ACFT00389,2020-03-31,A-Check,136171.35,2020-12-23
AMH005891,ACFT00020,2020-07-26,C-Check,19472.38,2021-04-25
AMH005892,ACFT00116,2021-07-07,A-Check,228748.72,2022-04-13
AMH005893,ACFT00094,2019-03-22,Unscheduled Repair,174008.76,2020-11-28
AMH005894,ACFT00558,2022-07-06,B-Check,72145.98,2024-03-17
AMH005895,ACFT00140,2021-02-21,A-Check,453759.58,2022-01-29
AMH005896,ACFT00197,2022-10-16,B-Check,291336.38,2023-11-03
AMH005897,ACFT00041,2019-02-08,A-Check,499797.6,2020-07-15
AMH005898,ACFT00232,2019-05-25,A-Check,27334.18,2020-10-03
AMH005899,ACFT00269,2020-03-22,B-Check,266349.89,2022-01-22
AMH005900,ACFT00104,2021-09-27,A-Check,24842.92,2022-06-12
AMH005901,ACFT00394,2024-05-03,Unscheduled Repair,321157.66,2025-10-21
AMH005902,ACFT00361,2023-06-16,B-Check,16442.5,2024-04-25
AMH005903,ACFT00258,2018-01-14,B-Check,419258.62,2018-06-29
AMH005904,ACFT00067,2026-07-24,A-Check,497070.36,2027-04-24
AMH005905,ACFT00230,2023-06-30,Unscheduled Repair,186919.87,2023-12-19
AMH005906,ACFT00004,2025-02-02,A-Check,192355.98,2027-01-27
AMH005907,ACFT00481,2018-04-10,Unscheduled Repair,470737.64,2018-09-07
AMH005908,ACFT00007,2019-11-16,A-Check,237289.38,2020-10-04
AMH005909,ACFT00197,2020-03-05,B-Check,465047.47,2021-01-27
AMH005910,ACFT00183,2023-05-04,B-Check,207857.49,2024-04-15
AMH005911,ACFT00324,2022-07-06,C-Check,441664.99,2023-12-16
AMH005912,ACFT00106,2022-03-17,A-Check,37174.27,2023-02-15
AMH005913,ACFT00252,2024-12-01,B-Check,318813.62,2026-11-09
AMH005914,ACFT00578,2026-02-18,A-Check,52626.7,2027-06-26
AMH005915,ACFT00040,2023-01-09,D-Check,236529.83,2023-07-07
AMH005916,ACFT00159,2025-05-09,B-Check,56978.85,2027-04-21
AMH005917,ACFT00517,2020-11-28,A-Check,398131.12,2022-10-29
AMH005918,ACFT00186,2022-02-10,C-Check,359390.31,2022-07-22
AMH005919,ACFT00205,2023-02-06,B-Check,333304.94,2023-10-06
AMH005920,ACFT00187,2023-11-22,B-Check,419286.63,2025-02-09
AMH005921,ACFT00058,2021-08-23,B-Check,422846.52,2022-07-27
AMH005922,ACFT00325,2025-03-11,Unscheduled Repair,367189.43,2025-06-11
AMH005923,ACFT00096,2022-08-27,D-Check,373003.86,2024-03-16
AMH005924,ACFT00346,2023-05-06,Unscheduled Repair,114370.89,2024-01-07
AMH005925,ACFT00323,2026-02-14,A-Check,169804.26,2026-10-29
AMH005926,ACFT00550,2024-02-04,B-Check,146257.86,2025-01-22
AMH005927,ACFT00159,2019-09-09,B-Check,66781.54,2020-12-09
AMH005928,ACFT00053,2018-02-06,A-Check,99624.67,2019-03-02
AMH005929,ACFT00307,2026-04-19,A-Check,61708.27,2027-10-04
AMH005930,ACFT00251,2021-02-16,A-Check,287403.1,2022-01-26
AMH005931,ACFT00484,2022-01-17,Unscheduled Repair,278010.58,2023-04-04
AMH005932,ACFT00227,2018-12-10,A-Check,496647.3,2020-05-22
AMH005933,ACFT00070,2023-02-14,B-Check,118420.85,2023-07-03
AMH005934,ACFT00010,2023-01-11,A-Check,214955.73,2023-11-29
AMH005935,ACFT00389,2024-10-14,C-Check,178068.24,2025-02-16
AMH005936,ACFT00093,2019-02-07,B-Check,488061.06,2020-07-25
AMH005937,ACFT00093,2024-02-25,C-Check,375746.11,2024-11-06
AMH005938,ACFT00587,2024-12-29,B-Check,293197.34,2025-08-28
AMH005939,ACFT00252,2019-12-04,B-Check,298070.34,2021-11-21
AMH005940,ACFT00220,2022-01-21,D-Check,111315.53,2022-08-25
AMH005941,ACFT00142,2018-03-20,A-Check,209719.71,2018-09-09
AMH005942,ACFT00335,2026-03-25,B-Check,282549.95,2026-11-04
AMH005943,ACFT00217,2019-11-02,B-Check,246816.86,2021-02-09
AMH005944,ACFT00144,2022-09-01,B-Check,490163.98,2024-04-15
AMH005945,ACFT00285,2018-04-20,B-Check,159450.01,2018-12-21
AMH005946,ACFT00558,2022-10-02,Unscheduled Repair,222832.2,2024-06-06
AMH005947,ACFT00421,2018-04-13,A-Check,395138.08,2019-01-08
AMH005948,ACFT00410,2024-01-28,Unscheduled Repair,124761.88,2024-10-13
AMH005949,ACFT00195,2020-02-07,A-Check,320402.9,2021-12-07
AMH005950,ACFT00275,2022-09-07,B-Check,473822.73,2023-04-10
AMH005951,ACFT00568,2022-02-20,B-Check,207626.17,2023-05-13
AMH005952,ACFT00174,2020-08-20,C-Check,460518.14,2022-05-15
AMH005953,ACFT00156,2020-07-29,A-Check,432237.38,2021-01-21
AMH005954,ACFT00475,2020-05-22,Unscheduled Repair,435549.9,2021-08-27
AMH005955,ACFT00502,2020-06-05,A-Check,248959.29,2021-08-31
AMH005956,ACFT00287,2018-05-02,A-Check,443128.28,2019-03-25
AMH005957,ACFT00390,2021-04-01,A-Check,430647.16,2022-12-22
AMH005958,ACFT00439,2023-01-24,A-Check,215306.71,2024-07-07
AMH005959,ACFT00202,2019-03-22,A-Check,378425.33,2019-09-15
AMH005960,ACFT00097,2021-08-17,A-Check,466550.34,2022-08-21
AMH005961,ACFT00056,2019-06-23,B-Check,498682.53,2020-08-14
AMH005962,ACFT00017,2019-09-18,A-Check,217049.14,2020-03-02
AMH005963,ACFT00292,2025-03-09,A-Check,461260.81,2026-02-10
AMH005964,ACFT00390,2020-07-29,B-Check,230892.45,2021-03-19
AMH005965,ACFT00530,2021-06-07,B-Check,20213.44,2021-11-11
AMH005966,ACFT00068,2019-04-26,A-Check,177829.92,2020-01-29
AMH005967,ACFT00408,2018-01-13,C-Check,228487.64,2018-09-26
AMH005968,ACFT00242,2024-03-16,A-Check,81481.12,2024-11-06
AMH005969,ACFT00273,2019-06-24,B-Check,202271.2,2021-01-26
AMH005970,ACFT00574,2022-08-03,A-Check,132527.0,2023-04-25
AMH005971,ACFT00307,2024-08-30,A-Check,88231.96,2026-06-11
AMH005972,ACFT00443,2025-06-21,B-Check,295869.29,2025-11-12
AMH005973,ACFT00289,2024-07-15,C-Check,161371.77,2024-12-09
AMH005974,ACFT00087,2020-08-28,B-Check,413125.46,2021-06-04
AMH005975,ACFT00478,2022-12-25,A-Check,302062.07,2024-04-19
AMH005976,ACFT00183,2021-07-21,C-Check,136877.43,2023-05-15
AMH005977,ACFT00191,2019-08-26,A-Check,417226.07,2021-05-07
AMH005978,ACFT00515,2022-02-27,C-Check,81844.99,2023-02-11
AMH005979,ACFT00494,2024-01-20,B-Check,87046.49,2024-05-27
AMH005980,ACFT00110,2019-02-23,B-Check,204924.22,2019-08-12
AMH005981,ACFT00519,2022-01-19,Unscheduled Repair,273642.02,2022-10-16
AMH005982,ACFT00214,2026-03-02,C-Check,12412.37,2026-11-12
AMH005983,ACFT00368,2021-05-06,C-Check,75276.88,2021-12-23
AMH005984,ACFT00598,2022-07-17,B-Check,12249.35,2022-12-09
AMH005985,ACFT00151,2019-02-07,A-Check,260395.57,2020-03-18
AMH005986,ACFT00359,2022-04-17,A-Check,59115.59,2022-08-18
AMH005987,ACFT00030,2024-09-27,A-Check,365982.55,2025-12-02
AMH005988,ACFT00100,2020-04-12,C-Check,352196.26,2021-01-07
AMH005989,ACFT00385,2019-08-18,Unscheduled Repair,127149.86,2021-02-03
AMH005990,ACFT00104,2020-05-03,C-Check,351985.13,2021-02-19
AMH005991,ACFT00242,2022-02-13,A-Check,172246.68,2024-01-18
AMH005992,ACFT00206,2019-05-29,A-Check,74324.69,2020-03-11
AMH005993,ACFT00235,2018-01-14,A-Check,174912.95,2018-12-25
AMH005994,ACFT00005,2024-07-14,B-Check,470441.36,2025-04-30
AMH005995,ACFT00322,2023-03-05,B-Check,369026.27,2024-04-05
AMH005996,ACFT00296,2026-07-07,B-Check,323083.76,2027-01-27
AMH005997,ACFT00172,2025-06-05,D-Check,72792.5,2025-12-12
AMH005998,ACFT00483,2018-03-22,Unscheduled Repair,418265.0,2019-07-19
AMH005999,ACFT00204,2021-05-18,A-Check,475159.56,2022-05-19
AMH006000,ACFT00586,2019-04-07,C-Check,172111.34,2020-07-11
AMH006001,ACFT00538,2021-05-11,C-Check,161453.18,2023-04-04
AMH006002,ACFT00509,2022-04-26,D-Check,315690.73,2023-03-20
AMH006003,ACFT00003,2021-05-10,B-Check,184736.64,2021-11-08
AMH006004,ACFT00350,2023-06-09,A-Check,79916.55,2024-09-13
AMH006005,ACFT00175,2022-03-24,B-Check,252265.31,2022-08-05
AMH006006,ACFT00143,2024-11-14,B-Check,97519.15,2026-06-11
AMH006007,ACFT00345,2022-07-27,B-Check,264108.32,2024-01-28
AMH006008,ACFT00283,2022-11-21,C-Check,65731.16,2023-11-02
AMH006009,ACFT00546,2023-09-19,B-Check,5575.59,2025-01-12
AMH006010,ACFT00375,2020-02-18,A-Check,108398.07,2021-05-16
AMH006011,ACFT00478,2024-08-20,Unscheduled Repair,154645.08,2026-07-28
AMH006012,ACFT00468,2018-12-26,A-Check,33480.05,2019-05-01
AMH006013,ACFT00073,2018-02-06,A-Check,65154.96,2019-06-10
AMH006014,ACFT00042,2026-03-15,B-Check,156822.46,2027-02-07
AMH006015,ACFT00295,2023-08-24,A-Check,270130.5,2025-06-19
AMH006016,ACFT00530,2023-12-31,B-Check,191832.23,2024-06-08
AMH006017,ACFT00311,2026-05-05,B-Check,160050.53,2027-02-27
AMH006018,ACFT00383,2020-09-13,A-Check,157330.0,2022-06-15
AMH006019,ACFT00290,2019-02-26,A-Check,347286.76,2020-11-16
AMH006020,ACFT00262,2023-03-24,Unscheduled Repair,298074.92,2023-12-04
AMH006021,ACFT00311,2022-10-05,C-Check,403788.61,2024-03-30
AMH006022,ACFT00169,2023-04-13,Unscheduled Repair,225910.06,2024-06-07
AMH006023,ACFT00448,2024-07-06,A-Check,303746.8,2024-12-11
AMH006024,ACFT00239,2025-04-10,A-Check,317079.65,2027-02-24
AMH006025,ACFT00498,2019-07-30,Unscheduled Repair,197734.17,2019-12-20
AMH006026,ACFT00162,2025-05-21,B-Check,220107.0,2026-11-15
AMH006027,ACFT00523,2021-04-08,A-Check,152370.09,2022-06-05
AMH006028,ACFT00229,2024-06-04,B-Check,112194.19,2024-10-01
AMH006029,ACFT00321,2022-05-04,C-Check,148470.85,2022-11-11
AMH006030,ACFT00230,2021-05-12,A-Check,128410.72,2023-03-07
AMH006031,ACFT00337,2024-03-02,C-Check,296378.12,2024-06-06
AMH006032,ACFT00191,2022-09-11,A-Check,71939.96,2023-10-06
AMH006033,ACFT00555,2025-03-07,A-Check,134264.64,2026-12-24
AMH006034,ACFT00456,2024-11-28,A-Check,11781.24,2025-09-04
AMH006035,ACFT00061,2022-05-15,A-Check,205946.37,2023-03-13
AMH006036,ACFT00260,2019-06-05,A-Check,230643.85,2020-03-10
AMH006037,ACFT00184,2025-12-28,A-Check,319293.83,2027-04-05
AMH006038,ACFT00082,2019-05-18,Unscheduled Repair,77393.17,2019-08-22
AMH006039,ACFT00315,2021-05-02,A-Check,3234.09,2021-11-16
AMH006040,ACFT00473,2021-12-21,Unscheduled Repair,245076.66,2022-07-09
AMH006041,ACFT00290,2021-04-22,A-Check,270211.63,2022-02-19
AMH006042,ACFT00164,2021-05-04,A-Check,346943.81,2023-02-20
AMH006043,ACFT00483,2026-03-15,B-Check,33314.24,2027-11-14
AMH006044,ACFT00537,2018-01-25,B-Check,99532.72,2018-06-09
AMH006045,ACFT00563,2020-03-23,B-Check,418015.44,2022-01-30
AMH006046,ACFT00443,2020-04-22,Unscheduled Repair,175122.07,2021-01-03
AMH006047,ACFT00343,2020-02-16,A-Check,5260.51,2021-05-30
AMH006048,ACFT00589,2018-11-18,C-Check,148275.74,2020-07-02
AMH006049,ACFT00033,2023-08-18,A-Check,340332.48,2024-02-25
AMH006050,ACFT00274,2018-05-31,B-Check,153053.45,2018-11-20
AMH006051,ACFT00196,2019-07-06,A-Check,104636.46,2020-08-27
AMH006052,ACFT00526,2019-09-06,A-Check,182507.75,2020-12-09
AMH006053,ACFT00107,2018-04-20,A-Check,349524.06,2019-03-25
AMH006054,ACFT00600,2024-09-05,B-Check,370319.49,2025-09-17
AMH006055,ACFT00214,2023-06-24,Unscheduled Repair,412675.24,2023-12-26
AMH006056,ACFT00527,2025-03-21,C-Check,117496.43,2027-01-12
AMH006057,ACFT00092,2020-03-25,A-Check,77517.61,2021-07-28
AMH006058,ACFT00380,2026-06-28,A-Check,387620.64,2026-10-29
AMH006059,ACFT00281,2024-10-04,C-Check,142625.94,2026-09-06
AMH006060,ACFT00082,2022-07-18,B-Check,283778.9,2023-05-20
AMH006061,ACFT00541,2021-05-08,Unscheduled Repair,458496.5,2023-04-19
AMH006062,ACFT00371,2025-08-05,C-Check,235236.51,2027-02-27
AMH006063,ACFT00558,2020-06-07,Unscheduled Repair,175846.65,2022-03-03
AMH006064,ACFT00090,2022-03-26,A-Check,311119.27,2022-11-03
AMH006065,ACFT00305,2022-05-15,B-Check,354100.06,2023-04-15
AMH006066,ACFT00376,2023-03-04,C-Check,348923.18,2024-04-18
AMH006067,ACFT00353,2022-11-23,C-Check,316928.72,2023-11-08
AMH006068,ACFT00105,2022-04-24,B-Check,143504.19,2024-03-30
AMH006069,ACFT00039,2023-01-10,A-Check,207952.37,2024-03-18
AMH006070,ACFT00011,2025-08-10,A-Check,385607.6,2027-03-19
AMH006071,ACFT00317,2023-04-23,C-Check,326562.53,2023-11-08
AMH006072,ACFT00408,2021-10-02,Unscheduled Repair,397699.92,2023-09-03
AMH006073,ACFT00400,2018-05-01,C-Check,145213.11,2018-09-01
AMH006074,ACFT00428,2025-08-25,Unscheduled Repair,145694.32,2026-09-03
AMH006075,ACFT00325,2018-10-14,C-Check,258361.32,2019-06-28
AMH006076,ACFT00595,2020-11-06,A-Check,358202.14,2021-03-21
AMH006077,ACFT00574,2020-03-21,A-Check,83886.68,2021-11-28
AMH006078,ACFT00312,2021-01-13,B-Check,343475.67,2022-11-09
AMH006079,ACFT00355,2020-12-29,C-Check,52185.86,2021-12-29
AMH006080,ACFT00249,2023-01-13,C-Check,396212.73,2023-04-13
AMH006081,ACFT00449,2025-10-07,B-Check,150999.82,2026-02-11
AMH006082,ACFT00315,2018-05-13,A-Check,464521.04,2019-10-03
AMH006083,ACFT00328,2019-04-01,A-Check,487396.59,2020-12-13
AMH006084,ACFT00211,2018-01-09,C-Check,429826.74,2019-03-20
AMH006085,ACFT00561,2022-03-15,A-Check,2695.54,2023-05-31
AMH006086,ACFT00499,2024-10-26,A-Check,34412.34,2025-09-06
AMH006087,ACFT00227,2025-11-14,B-Check,60879.65,2026-12-30
AMH006088,ACFT00341,2025-08-16,C-Check,182075.07,2026-12-20
AMH006089,ACFT00596,2026-07-29,D-Check,390402.8,2028-04-24
AMH006090,ACFT00537,2024-06-01,A-Check,256432.39,2025-07-06
AMH006091,ACFT00411,2025-05-19,A-Check,365810.43,2026-08-24
AMH006092,ACFT00385,2020-02-01,C-Check,220579.45,2021-03-29
AMH006093,ACFT00382,2024-09-25,Unscheduled Repair,345357.14,2025-11-01
AMH006094,ACFT00414,2018-09-27,Unscheduled Repair,269727.85,2020-03-05
AMH006095,ACFT00461,2023-08-31,A-Check,373192.65,2024-05-26
AMH006096,ACFT00222,2019-01-20,C-Check,316721.23,2020-03-26
AMH006097,ACFT00362,2025-10-15,A-Check,465082.35,2027-01-10
AMH006098,ACFT00492,2026-07-20,C-Check,141140.09,2028-05-02
AMH006099,ACFT00381,2018-02-19,C-Check,173375.67,2019-10-31
AMH006100,ACFT00366,2024-11-12,A-Check,252384.04,2025-12-29
AMH006101,ACFT00257,2020-10-25,A-Check,431629.7,2022-07-10
AMH006102,ACFT00494,2021-10-05,B-Check,232345.5,2023-03-29
AMH006103,ACFT00583,2023-04-14,A-Check,74478.89,2024-04-27
AMH006104,ACFT00500,2023-12-19,A-Check,228857.51,2025-01-08
AMH006105,ACFT00288,2026-05-19,A-Check,85953.81,2026-09-22
AMH006106,ACFT00543,2019-11-27,A-Check,453401.62,2021-02-17
AMH006107,ACFT00219,2022-11-06,A-Check,185815.79,2023-04-15
AMH006108,ACFT00246,2021-03-21,D-Check,247138.55,2022-05-30
AMH006109,ACFT00400,2018-02-01,A-Check,402755.67,2018-05-22
AMH006110,ACFT00185,2019-11-28,A-Check,27783.39,2021-03-26
AMH006111,ACFT00114,2021-07-29,Unscheduled Repair,9698.8,2023-07-07
AMH006112,ACFT00002,2018-01-20,B-Check,498810.72,2018-12-09
AMH006113,ACFT00373,2019-01-17,A-Check,144688.08,2020-04-27
AMH006114,ACFT00385,2018-08-15,Unscheduled Repair,178106.19,2020-05-29
AMH006115,ACFT00567,2025-07-19,C-Check,97115.33,2026-09-26
AMH006116,ACFT00319,2022-10-22,B-Check,372824.45,2023-09-09
AMH006117,ACFT00354,2019-03-15,C-Check,295972.61,2020-09-07
AMH006118,ACFT00379,2023-12-13,A-Check,358947.72,2025-04-28
AMH006119,ACFT00338,2019-08-18,A-Check,23834.31,2021-04-07
AMH006120,ACFT00126,2025-04-20,A-Check,107816.97,2026-11-28
AMH006121,ACFT00144,2025-06-10,A-Check,12117.08,2026-10-09
AMH006122,ACFT00158,2025-07-30,C-Check,485242.12,2025-12-02
AMH006123,ACFT00366,2021-05-23,A-Check,148689.08,2023-03-04
AMH006124,ACFT00069,2022-06-08,A-Check,239172.62,2023-11-21
AMH006125,ACFT00489,2024-08-28,C-Check,273282.43,2026-06-25
AMH006126,ACFT00020,2021-11-13,A-Check,388902.81,2022-05-12
AMH006127,ACFT00259,2023-03-15,B-Check,302909.44,2024-11-28
AMH006128,ACFT00171,2026-03-19,B-Check,235308.63,2027-07-20
AMH006129,ACFT00104,2019-03-01,Unscheduled Repair,143418.4,2019-08-17
AMH006130,ACFT00127,2020-05-16,B-Check,451318.27,2021-04-09
AMH006131,ACFT00489,2025-07-09,Unscheduled Repair,211168.2,2026-11-11
AMH006132,ACFT00274,2018-03-08,B-Check,385011.07,2019-06-24
AMH006133,ACFT00120,2025-01-06,B-Check,24030.05,2026-01-24
AMH006134,ACFT00186,2022-09-18,B-Check,491397.41,2023-10-20
AMH006135,ACFT00413,2025-02-13,C-Check,248028.49,2026-11-17
AMH006136,ACFT00110,2020-08-13,Unscheduled Repair,72241.52,2022-08-08
AMH006137,ACFT00195,2019-01-14,C-Check,18140.22,2019-08-17
AMH006138,ACFT00179,2021-06-07,A-Check,499137.3,2022-10-07
AMH006139,ACFT00210,2019-10-20,B-Check,55898.69,2020-05-01
AMH006140,ACFT00547,2018-10-13,B-Check,216205.99,2020-03-04
AMH006141,ACFT00484,2020-06-21,A-Check,318454.39,2020-10-19
AMH006142,ACFT00355,2024-06-01,B-Check,338739.31,2026-05-09
AMH006143,ACFT00582,2018-08-14,B-Check,62445.97,2019-02-23
AMH006144,ACFT00043,2025-05-15,C-Check,192012.2,2026-06-08
AMH006145,ACFT00008,2024-09-28,C-Check,228161.9,2025-12-24
AMH006146,ACFT00067,2019-06-17,B-Check,105654.16,2020-01-12
AMH006147,ACFT00436,2020-04-02,D-Check,203923.93,2020-07-30
AMH006148,ACFT00145,2021-07-31,B-Check,172441.24,2022-12-24
AMH006149,ACFT00030,2023-12-28,A-Check,481813.63,2024-11-13
AMH006150,ACFT00271,2018-01-20,D-Check,421671.42,2019-10-03
AMH006151,ACFT00471,2021-03-26,B-Check,99511.15,2021-12-07
AMH006152,ACFT00070,2022-11-03,B-Check,233635.1,2023-12-08
AMH006153,ACFT00140,2021-01-08,B-Check,217015.48,2021-05-11
AMH006154,ACFT00443,2022-08-25,A-Check,52661.58,2023-01-22
AMH006155,ACFT00074,2025-09-01,A-Check,131800.61,2026-03-28
AMH006156,ACFT00061,2021-07-17,Unscheduled Repair,439492.77,2022-02-23
AMH006157,ACFT00356,2018-03-06,B-Check,127920.87,2019-10-14
AMH006158,ACFT00359,2026-01-16,C-Check,377004.55,2026-05-13
AMH006159,ACFT00384,2026-05-26,A-Check,226076.71,2027-06-16
AMH006160,ACFT00116,2021-10-08,C-Check,277175.82,2023-05-12
AMH006161,ACFT00074,2022-08-15,A-Check,66524.69,2023-07-27
AMH006162,ACFT00511,2022-07-30,B-Check,445225.34,2024-02-12
AMH006163,ACFT00563,2020-05-02,B-Check,114665.52,2021-02-27
AMH006164,ACFT00377,2026-03-17,B-Check,291933.46,2027-12-07
AMH006165,ACFT00306,2021-09-05,A-Check,381130.38,2023-01-11
AMH006166,ACFT00272,2021-01-19,A-Check,117496.13,2021-08-20
AMH006167,ACFT00043,2021-04-23,C-Check,145532.9,2022-03-03
AMH006168,ACFT00319,2022-08-13,C-Check,251143.38,2023-05-29
AMH006169,ACFT00222,2023-12-25,D-Check,339815.59,2025-05-20
AMH006170,ACFT00311,2019-12-04,A-Check,24610.68,2020-05-08
AMH006171,ACFT00115,2025-09-24,A-Check,50459.02,2026-03-07
AMH006172,ACFT00049,2019-05-15,D-Check,333088.33,2020-05-25
AMH006173,ACFT00461,2026-04-21,D-Check,156608.36,2027-11-10
AMH006174,ACFT00106,2021-11-21,D-Check,157916.49,2023-02-18
AMH006175,ACFT00342,2018-01-12,A-Check,455197.27,2018-05-02
AMH006176,ACFT00446,2026-02-12,A-Check,174266.12,2027-03-02
AMH006177,ACFT00116,2019-01-14,A-Check,43295.19,2019-10-01
AMH006178,ACFT00209,2019-06-04,Unscheduled Repair,236114.7,2020-07-19
AMH006179,ACFT00268,2021-06-03,A-Check,486779.59,2021-10-02
AMH006180,ACFT00131,2024-10-19,Unscheduled Repair,84508.3,2026-01-23
AMH006181,ACFT00549,2022-12-26,C-Check,92287.6,2024-05-30
AMH006182,ACFT00121,2018-11-04,C-Check,197687.64,2019-11-21
AMH006183,ACFT00239,2021-04-27,B-Check,180177.85,2021-12-18
AMH006184,ACFT00176,2024-11-09,A-Check,234734.75,2025-03-17
AMH006185,ACFT00218,2025-06-14,A-Check,248081.54,2026-01-23
AMH006186,ACFT00468,2022-09-15,A-Check,491491.66,2023-03-10
AMH006187,ACFT00511,2025-07-12,B-Check,25954.85,2027-04-03
AMH006188,ACFT00240,2023-01-13,C-Check,35766.97,2024-11-01
AMH006189,ACFT00325,2025-10-02,A-Check,351980.99,2027-07-28
AMH006190,ACFT00121,2018-05-17,Unscheduled Repair,388425.81,2019-03-25
AMH006191,ACFT00353,2024-09-21,Unscheduled Repair,39852.63,2025-02-19
AMH006192,ACFT00324,2025-01-05,A-Check,287154.58,2025-06-13
AMH006193,ACFT00035,2018-10-01,C-Check,468954.99,2020-07-16
AMH006194,ACFT00248,2021-04-18,C-Check,102530.72,2022-03-18
AMH006195,ACFT00153,2023-08-30,B-Check,307645.94,2025-04-08
AMH006196,ACFT00596,2026-06-08,D-Check,241377.15,2027-07-20
AMH006197,ACFT00226,2025-08-14,B-Check,127380.7,2026-07-08
AMH006198,ACFT00206,2020-01-02,A-Check,255891.72,2020-10-08
AMH006199,ACFT00146,2020-05-07,B-Check,104614.52,2021-05-03
AMH006200,ACFT00503,2024-05-01,A-Check,177073.12,2025-04-27
AMH006201,ACFT00356,2022-06-08,C-Check,264631.37,2023-12-25
AMH006202,ACFT00239,2022-12-21,A-Check,385388.36,2023-06-20
AMH006203,ACFT00036,2018-12-20,D-Check,330119.4,2020-04-20
AMH006204,ACFT00345,2026-07-01,B-Check,405528.83,2026-11-17
AMH006205,ACFT00447,2021-08-17,A-Check,73683.1,2022-11-03
AMH006206,ACFT00494,2023-01-26,A-Check,499794.03,2024-10-07
AMH006207,ACFT00229,2023-09-03,B-Check,288037.48,2025-06-13
AMH006208,ACFT00203,2022-09-16,A-Check,359570.71,2024-05-01
AMH006209,ACFT00246,2024-02-17,A-Check,160553.17,2025-02-08
AMH006210,ACFT00086,2018-05-02,A-Check,415390.63,2019-08-31
AMH006211,ACFT00349,2023-02-03,B-Check,260234.48,2023-12-25
AMH006212,ACFT00010,2023-05-30,A-Check,79590.31,2024-08-13
AMH006213,ACFT00494,2024-03-12,B-Check,231078.31,2025-06-04
AMH006214,ACFT00017,2018-08-27,B-Check,282042.64,2019-04-17
AMH006215,ACFT00526,2024-05-21,C-Check,412917.44,2024-12-10
AMH006216,ACFT00108,2024-11-27,A-Check,42172.44,2025-10-14
AMH006217,ACFT00099,2021-03-19,A-Check,229040.74,2021-10-26
AMH006218,ACFT00059,2023-02-25,A-Check,367940.82,2024-08-13
AMH006219,ACFT00289,2021-04-17,A-Check,253891.9,2022-03-08
AMH006220,ACFT00496,2018-06-22,B-Check,96435.51,2020-05-01
AMH006221,ACFT00225,2022-11-21,A-Check,158169.77,2024-02-25
AMH006222,ACFT00122,2026-02-20,A-Check,146468.12,2026-09-01
AMH006223,ACFT00423,2021-10-22,C-Check,3387.05,2023-09-17
AMH006224,ACFT00213,2019-05-11,B-Check,14660.93,2020-04-29
AMH006225,ACFT00381,2020-01-09,A-Check,221984.09,2021-11-06
AMH006226,ACFT00485,2021-03-18,A-Check,189472.4,2023-03-02
AMH006227,ACFT00393,2024-01-19,B-Check,373982.92,2025-05-27
AMH006228,ACFT00466,2026-05-19,C-Check,118885.61,2028-02-22
AMH006229,ACFT00317,2024-06-27,C-Check,330638.69,2025-04-22
AMH006230,ACFT00006,2019-03-25,A-Check,385640.42,2020-01-20
AMH006231,ACFT00241,2025-10-07,A-Check,56048.91,2026-06-21
AMH006232,ACFT00572,2019-07-23,Unscheduled Repair,447166.4,2020-06-18
AMH006233,ACFT00518,2022-09-19,A-Check,197686.12,2023-08-30
AMH006234,ACFT00235,2022-08-03,B-Check,385852.47,2023-03-06
AMH006235,ACFT00320,2025-03-25,A-Check,81293.88,2026-03-23
AMH006236,ACFT00327,2024-10-22,A-Check,123533.45,2025-07-12
AMH006237,ACFT00203,2026-01-23,A-Check,75882.17,2027-04-03
AMH006238,ACFT00407,2024-10-31,C-Check,81414.4,2025-02-27
AMH006239,ACFT00211,2018-01-03,Unscheduled Repair,468052.53,2019-09-07
AMH006240,ACFT00130,2023-10-19,C-Check,132709.54,2024-09-02
AMH006241,ACFT00180,2025-07-23,A-Check,406765.73,2026-05-11
AMH006242,ACFT00481,2019-06-11,A-Check,476322.61,2020-09-01
AMH006243,ACFT00419,2019-01-25,A-Check,460450.55,2019-05-06
AMH006244,ACFT00025,2021-08-17,A-Check,364741.65,2022-11-10
AMH006245,ACFT00052,2023-12-08,B-Check,194072.65,2025-10-26
AMH006246,ACFT00046,2021-07-25,A-Check,402849.81,2023-04-09
AMH006247,ACFT00584,2019-10-03,Unscheduled Repair,486881.64,2021-09-12
AMH006248,ACFT00347,2025-04-13,B-Check,46093.01,2025-08-09
AMH006249,ACFT00019,2024-04-17,B-Check,229988.1,2025-02-19
AMH006250,ACFT00186,2018-11-26,A-Check,347405.74,2019-09-01
AMH006251,ACFT00556,2021-12-07,B-Check,481081.22,2023-06-25
AMH006252,ACFT00040,2020-01-19,A-Check,431897.96,2021-10-12
AMH006253,ACFT00023,2024-07-09,B-Check,176529.73,2025-05-02
AMH006254,ACFT00224,2021-07-22,A-Check,78689.4,2022-12-16
AMH006255,ACFT00109,2022-05-06,C-Check,386757.21,2023-03-07
AMH006256,ACFT00527,2023-01-22,A-Check,409397.19,2024-07-04
AMH006257,ACFT00113,2022-01-10,A-Check,95415.99,2023-07-18
AMH006258,ACFT00440,2023-08-24,C-Check,130583.74,2025-03-05
AMH006259,ACFT00095,2025-07-08,A-Check,431028.03,2027-02-22
AMH006260,ACFT00061,2024-04-05,B-Check,196866.31,2024-12-22
AMH006261,ACFT00150,2018-04-25,C-Check,382388.69,2018-11-06
AMH006262,ACFT00539,2021-03-22,A-Check,55659.94,2023-01-04
AMH006263,ACFT00220,2020-12-21,A-Check,479693.77,2022-01-30
AMH006264,ACFT00554,2020-12-10,A-Check,94680.52,2022-06-17
AMH006265,ACFT00383,2020-01-16,B-Check,333373.37,2021-01-01
AMH006266,ACFT00424,2021-01-08,C-Check,404894.9,2023-01-02
AMH006267,ACFT00077,2019-12-03,B-Check,45417.3,2021-05-26
AMH006268,ACFT00288,2023-12-12,A-Check,77819.29,2024-10-29
AMH006269,ACFT00305,2021-07-14,D-Check,421554.72,2023-04-02
AMH006270,ACFT00104,2021-02-22,A-Check,24832.42,2021-12-24
AMH006271,ACFT00033,2025-08-16,Unscheduled Repair,87865.61,2027-04-18
AMH006272,ACFT00107,2018-02-18,A-Check,418529.6,2020-02-14
AMH006273,ACFT00296,2024-05-23,Unscheduled Repair,125187.94,2024-08-23
AMH006274,ACFT00382,2025-02-10,B-Check,368423.16,2025-05-25
AMH006275,ACFT00371,2021-11-03,B-Check,128160.59,2023-01-22
AMH006276,ACFT00309,2018-02-24,A-Check,471820.95,2019-02-06
AMH006277,ACFT00414,2022-11-29,A-Check,438492.57,2023-12-07
AMH006278,ACFT00526,2020-08-27,D-Check,204817.69,2021-02-13
AMH006279,ACFT00190,2021-04-11,B-Check,133580.86,2023-01-15
AMH006280,ACFT00025,2023-11-16,B-Check,261976.69,2025-09-05
AMH006281,ACFT00122,2020-12-16,A-Check,84585.06,2022-07-29
AMH006282,ACFT00142,2022-12-31,B-Check,61213.17,2023-04-01
AMH006283,ACFT00156,2025-02-23,D-Check,290345.9,2026-12-08
AMH006284,ACFT00503,2023-11-21,Unscheduled Repair,179439.32,2024-04-19
AMH006285,ACFT00150,2022-03-10,A-Check,313209.59,2023-11-10
AMH006286,ACFT00505,2019-01-01,B-Check,238098.82,2019-09-10
AMH006287,ACFT00064,2025-03-13,B-Check,317881.54,2026-06-27
AMH006288,ACFT00413,2025-11-22,C-Check,450875.97,2027-08-26
AMH006289,ACFT00576,2018-06-12,A-Check,151127.18,2018-10-26
AMH006290,ACFT00460,2023-12-06,C-Check,71480.54,2025-06-28
AMH006291,ACFT00539,2023-03-06,A-Check,386190.62,2024-03-05
AMH006292,ACFT00436,2025-04-16,A-Check,362257.91,2026-07-28
AMH006293,ACFT00442,2025-05-02,C-Check,108107.92,2025-12-20
AMH006294,ACFT00124,2026-03-02,B-Check,206459.93,2027-12-28
AMH006295,ACFT00050,2023-02-23,A-Check,257858.62,2024-03-22
AMH006296,ACFT00554,2024-02-20,Unscheduled Repair,46785.85,2025-04-11
AMH006297,ACFT00505,2024-06-21,A-Check,36948.59,2025-01-28
AMH006298,ACFT00291,2018-03-17,C-Check,448250.22,2019-05-11
AMH006299,ACFT00584,2020-10-31,A-Check,250541.98,2022-06-22
AMH006300,ACFT00344,2018-07-23,A-Check,41651.53,2019-04-12
AMH006301,ACFT00117,2025-06-05,A-Check,231047.3,2025-09-23
AMH006302,ACFT00521,2018-05-15,C-Check,283661.68,2020-01-22
AMH006303,ACFT00574,2025-09-30,B-Check,319446.98,2026-05-31
AMH006304,ACFT00312,2025-05-01,A-Check,243697.88,2026-12-10
AMH006305,ACFT00120,2024-07-09,Unscheduled Repair,104966.3,2026-05-27
AMH006306,ACFT00423,2021-01-11,C-Check,222449.77,2021-10-22
AMH006307,ACFT00171,2020-10-19,Unscheduled Repair,462272.25,2022-07-24
AMH006308,ACFT00585,2018-04-14,B-Check,487424.66,2019-07-26
AMH006309,ACFT00179,2022-08-23,B-Check,411410.92,2024-07-08
AMH006310,ACFT00218,2022-01-13,B-Check,430388.11,2023-07-21
AMH006311,ACFT00570,2025-07-01,D-Check,106895.15,2026-04-30
AMH006312,ACFT00371,2022-12-08,B-Check,123252.21,2024-11-28
AMH006313,ACFT00536,2020-10-13,A-Check,236577.13,2022-06-17
AMH006314,ACFT00155,2023-04-21,B-Check,69993.2,2024-04-29
AMH006315,ACFT00378,2020-01-04,A-Check,322597.42,2021-08-22
AMH006316,ACFT00364,2020-03-28,C-Check,106450.97,2021-03-27
AMH006317,ACFT00255,2025-03-13,C-Check,275728.97,2025-10-05
AMH006318,ACFT00545,2019-02-01,C-Check,150014.61,2019-06-06
AMH006319,ACFT00051,2018-11-10,A-Check,414967.99,2019-06-17
AMH006320,ACFT00103,2020-12-11,A-Check,343724.03,2021-07-31
AMH006321,ACFT00195,2025-06-18,A-Check,373663.7,2027-01-17
AMH006322,ACFT00190,2020-06-18,B-Check,482816.88,2021-10-28
AMH006323,ACFT00218,2018-07-25,B-Check,479863.57,2019-02-20
AMH006324,ACFT00123,2025-08-17,A-Check,238696.16,2026-07-11
AMH006325,ACFT00033,2021-06-23,B-Check,325477.11,2022-03-01
AMH006326,ACFT00094,2018-08-11,B-Check,90544.0,2019-06-10
AMH006327,ACFT00296,2024-02-21,Unscheduled Repair,168611.8,2025-11-23
AMH006328,ACFT00064,2019-05-08,B-Check,164926.66,2019-10-13
AMH006329,ACFT00412,2024-01-20,B-Check,362541.59,2024-10-07
AMH006330,ACFT00468,2023-03-09,A-Check,454729.26,2024-05-05
AMH006331,ACFT00573,2026-06-05,C-Check,472239.31,2027-10-13
AMH006332,ACFT00196,2019-04-18,A-Check,285418.36,2019-10-26
AMH006333,ACFT00587,2025-12-03,D-Check,127120.09,2027-09-28
AMH006334,ACFT00414,2021-10-24,A-Check,237485.51,2022-07-20
AMH006335,ACFT00511,2024-11-05,Unscheduled Repair,101121.62,2025-10-15
AMH006336,ACFT00016,2021-05-28,Unscheduled Repair,25955.8,2021-10-06
AMH006337,ACFT00174,2018-10-12,C-Check,497135.21,2020-05-21
AMH006338,ACFT00463,2022-09-14,A-Check,161767.38,2024-08-25
AMH006339,ACFT00510,2020-11-26,Unscheduled Repair,176075.75,2021-11-18
AMH006340,ACFT00333,2022-03-22,B-Check,287734.93,2024-03-08
AMH006341,ACFT00241,2026-03-03,A-Check,481849.45,2027-09-24
AMH006342,ACFT00585,2018-04-05,A-Check,471654.29,2020-01-05
AMH006343,ACFT00061,2021-02-03,B-Check,271757.69,2022-03-22
AMH006344,ACFT00148,2025-05-28,A-Check,379063.98,2026-05-20
AMH006345,ACFT00022,2020-10-06,Unscheduled Repair,441554.15,2021-03-15
AMH006346,ACFT00166,2023-01-31,B-Check,371969.91,2023-05-05
AMH006347,ACFT00496,2024-12-25,A-Check,238952.17,2026-06-06
AMH006348,ACFT00176,2026-07-14,B-Check,27693.78,2027-04-30
AMH006349,ACFT00352,2022-05-17,C-Check,296521.71,2023-02-26
AMH006350,ACFT00065,2018-06-29,B-Check,38083.75,2020-02-20
AMH006351,ACFT00141,2023-07-26,A-Check,430544.88,2024-09-26
AMH006352,ACFT00111,2018-08-23,A-Check,389549.03,2019-09-18
AMH006353,ACFT00561,2019-10-09,D-Check,187050.42,2021-02-17
AMH006354,ACFT00017,2025-03-28,A-Check,249840.77,2026-05-07
AMH006355,ACFT00311,2022-09-14,B-Check,309915.22,2023-11-19
AMH006356,ACFT00183,2020-07-24,Unscheduled Repair,457340.68,2022-03-25
AMH006357,ACFT00451,2019-11-06,A-Check,122394.4,2020-10-01
AMH006358,ACFT00433,2023-07-13,B-Check,84219.98,2023-12-28
AMH006359,ACFT00223,2018-03-27,A-Check,361346.41,2019-03-19
AMH006360,ACFT00280,2024-07-25,A-Check,426449.89,2025-02-23
AMH006361,ACFT00131,2025-02-18,B-Check,12288.53,2026-08-24
AMH006362,ACFT00451,2022-10-20,Unscheduled Repair,497825.42,2023-07-03
AMH006363,ACFT00401,2018-01-03,B-Check,14132.09,2019-04-29
AMH006364,ACFT00455,2021-06-28,C-Check,133372.54,2022-03-26
AMH006365,ACFT00152,2022-11-01,C-Check,277896.76,2023-02-14
AMH006366,ACFT00495,2018-08-21,A-Check,264701.68,2020-02-22
AMH006367,ACFT00413,2018-01-26,A-Check,213944.24,2019-01-23
AMH006368,ACFT00381,2018-06-08,A-Check,203348.23,2020-05-19
AMH006369,ACFT00070,2021-11-02,C-Check,32403.38,2023-05-17
AMH006370,ACFT00066,2020-11-21,B-Check,377780.3,2022-11-14
AMH006371,ACFT00568,2021-06-15,B-Check,70791.55,2021-12-27
AMH006372,ACFT00353,2019-07-14,A-Check,237879.66,2020-10-11
AMH006373,ACFT00270,2022-11-11,B-Check,72515.31,2024-06-02
AMH006374,ACFT00550,2023-07-02,A-Check,375267.93,2024-11-19
AMH006375,ACFT00402,2023-02-24,A-Check,443787.24,2025-01-04
AMH006376,ACFT00582,2025-09-12,Unscheduled Repair,465664.3,2027-06-21
AMH006377,ACFT00309,2022-02-06,B-Check,433368.26,2023-11-27
AMH006378,ACFT00516,2023-10-21,A-Check,465976.82,2024-06-02
AMH006379,ACFT00241,2020-10-20,A-Check,469825.74,2022-05-17
AMH006380,ACFT00182,2025-10-09,A-Check,467999.53,2027-07-04
AMH006381,ACFT00215,2023-09-19,B-Check,400527.71,2024-11-28
AMH006382,ACFT00154,2021-06-10,B-Check,25350.98,2022-01-16
AMH006383,ACFT00387,2021-01-29,A-Check,26746.17,2023-01-14
AMH006384,ACFT00379,2019-08-14,Unscheduled Repair,445082.47,2020-04-02
AMH006385,ACFT00501,2019-02-08,B-Check,348393.4,2019-11-29
AMH006386,ACFT00097,2021-06-11,A-Check,197752.84,2022-04-24
AMH006387,ACFT00011,2022-08-09,C-Check,73937.2,2023-10-01
AMH006388,ACFT00436,2018-09-13,Unscheduled Repair,298532.08,2020-08-03
AMH006389,ACFT00297,2020-12-18,A-Check,184567.0,2022-03-23
AMH006390,ACFT00326,2018-10-15,C-Check,98534.97,2019-12-18
AMH006391,ACFT00486,2026-06-02,A-Check,71014.81,2026-09-01
AMH006392,ACFT00042,2018-03-24,A-Check,230153.79,2018-11-30
AMH006393,ACFT00341,2019-09-18,B-Check,326638.6,2020-09-06
AMH006394,ACFT00454,2025-12-23,D-Check,482073.29,2027-10-11
AMH006395,ACFT00599,2023-03-28,A-Check,214437.58,2025-02-20
AMH006396,ACFT00084,2019-11-02,Unscheduled Repair,168975.12,2021-06-07
AMH006397,ACFT00500,2022-10-03,A-Check,462297.77,2023-09-13
AMH006398,ACFT00457,2020-12-21,B-Check,257182.36,2021-11-13
AMH006399,ACFT00231,2020-03-16,A-Check,387408.46,2020-10-07
AMH006400,ACFT00444,2021-02-07,A-Check,2819.71,2022-02-16
AMH006401,ACFT00330,2023-03-19,A-Check,218530.93,2024-07-18
AMH006402,ACFT00026,2022-02-23,B-Check,172012.59,2022-11-18
AMH006403,ACFT00228,2019-07-07,D-Check,394842.51,2020-04-05
AMH006404,ACFT00375,2024-08-09,D-Check,334446.62,2025-08-28
AMH006405,ACFT00210,2021-05-21,A-Check,215081.02,2022-08-14
AMH006406,ACFT00024,2018-09-29,C-Check,436375.14,2020-03-01
AMH006407,ACFT00483,2023-09-10,A-Check,361501.81,2024-08-12
AMH006408,ACFT00352,2019-05-18,B-Check,477330.65,2020-06-18
AMH006409,ACFT00363,2023-10-03,D-Check,310261.76,2024-09-17
AMH006410,ACFT00102,2026-01-25,C-Check,250073.74,2026-10-06
AMH006411,ACFT00041,2018-11-24,Unscheduled Repair,244486.6,2019-12-09
AMH006412,ACFT00028,2021-09-21,D-Check,254831.38,2023-01-10
AMH006413,ACFT00303,2020-01-19,A-Check,470087.63,2021-03-24
AMH006414,ACFT00424,2023-02-03,B-Check,401458.8,2023-09-21
AMH006415,ACFT00065,2025-03-08,B-Check,222436.84,2025-06-26
AMH006416,ACFT00588,2024-05-25,C-Check,141724.14,2025-08-29
AMH006417,ACFT00151,2020-06-07,A-Check,288205.26,2021-05-19
AMH006418,ACFT00276,2018-07-22,A-Check,159948.11,2019-10-03
AMH006419,ACFT00324,2018-07-28,D-Check,442178.72,2018-11-20
AMH006420,ACFT00383,2026-06-12,C-Check,476278.87,2028-02-25
AMH006421,ACFT00150,2024-05-22,C-Check,328831.53,2024-12-03
AMH006422,ACFT00458,2023-09-08,Unscheduled Repair,380501.77,2024-04-17
AMH006423,ACFT00446,2024-12-06,B-Check,296052.64,2026-02-20
AMH006424,ACFT00480,2020-08-08,C-Check,487310.74,2021-04-16
AMH006425,ACFT00202,2019-02-16,A-Check,310442.32,2020-09-28
AMH006426,ACFT00457,2022-12-05,B-Check,299723.39,2024-02-08
AMH006427,ACFT00230,2019-11-11,C-Check,280589.43,2020-09-04
AMH006428,ACFT00295,2019-09-16,A-Check,67689.59,2020-11-18
AMH006429,ACFT00257,2020-01-07,A-Check,322639.67,2021-07-21
AMH006430,ACFT00540,2021-12-13,A-Check,324978.54,2022-07-05
AMH006431,ACFT00018,2021-07-30,B-Check,327177.15,2022-10-02
AMH006432,ACFT00400,2023-03-19,Unscheduled Repair,415359.13,2023-07-04
AMH006433,ACFT00134,2024-02-23,A-Check,111879.49,2024-12-29
AMH006434,ACFT00446,2022-10-20,D-Check,263087.58,2023-07-16
AMH006435,ACFT00009,2019-11-05,A-Check,358091.88,2020-04-22
AMH006436,ACFT00006,2022-12-01,B-Check,60365.91,2024-05-17
AMH006437,ACFT00258,2018-12-06,A-Check,234471.32,2020-11-28
AMH006438,ACFT00038,2022-11-14,A-Check,55467.1,2023-03-06
AMH006439,ACFT00401,2020-10-06,A-Check,477764.15,2022-05-02
AMH006440,ACFT00530,2023-09-02,B-Check,129225.45,2024-04-01
AMH006441,ACFT00504,2020-09-20,Unscheduled Repair,73170.84,2021-04-04
AMH006442,ACFT00471,2025-10-30,A-Check,241293.74,2027-04-08
AMH006443,ACFT00122,2024-08-19,C-Check,101000.71,2026-06-15
AMH006444,ACFT00571,2020-12-15,A-Check,125961.39,2022-09-02
AMH006445,ACFT00327,2021-03-22,C-Check,230062.83,2022-05-17
AMH006446,ACFT00037,2023-11-28,C-Check,461901.21,2025-03-10
AMH006447,ACFT00172,2025-03-13,B-Check,226321.69,2025-12-12
AMH006448,ACFT00003,2020-08-20,C-Check,169652.22,2021-02-18
AMH006449,ACFT00289,2026-06-21,A-Check,485451.26,2026-10-28
AMH006450,ACFT00566,2021-04-23,A-Check,446110.92,2021-09-07
AMH006451,ACFT00509,2022-08-05,D-Check,212057.54,2023-05-16
AMH006452,ACFT00026,2018-12-24,C-Check,330456.16,2019-12-04
AMH006453,ACFT00317,2022-05-21,D-Check,409464.45,2023-02-19
AMH006454,ACFT00266,2022-01-30,B-Check,416668.35,2022-05-04
AMH006455,ACFT00456,2024-06-09,Unscheduled Repair,208077.03,2025-08-21
AMH006456,ACFT00241,2019-10-17,A-Check,220971.03,2020-02-22
AMH006457,ACFT00358,2019-04-29,B-Check,137513.36,2021-03-05
AMH006458,ACFT00114,2023-09-15,C-Check,386285.83,2024-07-02
AMH006459,ACFT00101,2025-07-12,C-Check,86082.14,2025-12-01
AMH006460,ACFT00161,2026-05-16,A-Check,472954.78,2027-03-18
AMH006461,ACFT00142,2019-08-18,A-Check,324660.36,2020-10-31
AMH006462,ACFT00060,2020-05-03,C-Check,289982.55,2020-12-04
AMH006463,ACFT00416,2026-05-09,A-Check,425524.36,2026-10-11
AMH006464,ACFT00581,2022-03-01,C-Check,447529.79,2023-12-30
AMH006465,ACFT00052,2022-01-19,A-Check,459659.73,2022-05-13
AMH006466,ACFT00100,2025-04-30,A-Check,116823.82,2026-10-28
AMH006467,ACFT00193,2019-03-15,B-Check,183985.88,2019-11-01
AMH006468,ACFT00192,2019-09-07,A-Check,408780.01,2020-07-07
AMH006469,ACFT00409,2021-01-30,A-Check,105270.75,2022-12-14
AMH006470,ACFT00038,2022-03-16,C-Check,95578.39,2023-02-02
AMH006471,ACFT00034,2021-02-26,C-Check,420080.19,2022-02-26
AMH006472,ACFT00555,2022-09-21,C-Check,46609.39,2023-10-02
AMH006473,ACFT00191,2019-09-28,B-Check,187948.58,2020-01-09
AMH006474,ACFT00305,2026-02-16,C-Check,338297.77,2027-01-19
AMH006475,ACFT00585,2018-11-20,B-Check,207611.95,2020-10-08
AMH006476,ACFT00054,2021-02-08,B-Check,96714.2,2022-11-01
AMH006477,ACFT00361,2020-03-11,B-Check,442316.42,2021-01-11
AMH006478,ACFT00448,2025-07-02,C-Check,45731.02,2026-02-12
AMH006479,ACFT00550,2019-08-15,B-Check,12659.74,2020-06-20
AMH006480,ACFT00586,2026-04-27,A-Check,466056.14,2027-04-02
AMH006481,ACFT00234,2023-08-13,A-Check,118356.33,2025-06-04
AMH006482,ACFT00314,2022-04-03,B-Check,464528.32,2023-11-09
AMH006483,ACFT00077,2025-06-23,B-Check,429161.24,2025-10-28
AMH006484,ACFT00168,2020-06-09,C-Check,102557.35,2021-01-07
AMH006485,ACFT00036,2019-06-12,A-Check,177849.76,2020-02-08
AMH006486,ACFT00217,2018-08-08,A-Check,236868.66,2019-07-27
AMH006487,ACFT00513,2026-02-18,A-Check,195344.0,2026-10-18
AMH006488,ACFT00523,2019-11-26,A-Check,19216.9,2021-05-18
AMH006489,ACFT00138,2024-06-19,C-Check,24771.98,2024-12-10
AMH006490,ACFT00062,2025-02-15,A-Check,369097.16,2025-12-13
AMH006491,ACFT00181,2023-03-29,B-Check,169740.91,2024-04-19
AMH006492,ACFT00019,2020-09-29,Unscheduled Repair,283988.6,2021-03-19
AMH006493,ACFT00242,2019-09-03,B-Check,394448.11,2021-04-04
AMH006494,ACFT00532,2025-04-14,B-Check,495550.31,2025-12-10
AMH006495,ACFT00474,2022-06-26,A-Check,182828.18,2023-10-27
AMH006496,ACFT00071,2025-12-09,B-Check,22712.46,2027-05-01
AMH006497,ACFT00163,2021-07-26,C-Check,202656.86,2022-07-30
AMH006498,ACFT00115,2022-01-17,A-Check,464111.96,2023-06-18
AMH006499,ACFT00288,2019-02-18,A-Check,414740.0,2020-12-19
AMH006500,ACFT00226,2021-12-25,B-Check,96426.24,2022-07-02
AMH006501,ACFT00027,2026-07-21,A-Check,466066.49,2027-09-01
AMH006502,ACFT00135,2020-08-10,B-Check,72597.51,2022-07-22
AMH006503,ACFT00406,2020-01-06,B-Check,270219.23,2020-05-06
AMH006504,ACFT00242,2022-09-21,Unscheduled Repair,171702.93,2023-11-01
AMH006505,ACFT00014,2019-11-13,C-Check,438970.34,2021-06-07
AMH006506,ACFT00282,2023-08-14,B-Check,252986.7,2024-11-08
AMH006507,ACFT00286,2023-02-25,Unscheduled Repair,313573.17,2024-07-15
AMH006508,ACFT00049,2025-07-09,C-Check,132630.81,2025-12-18
AMH006509,ACFT00273,2024-04-27,C-Check,252056.24,2024-11-20
AMH006510,ACFT00024,2021-11-04,C-Check,154754.84,2023-03-12
AMH006511,ACFT00159,2019-06-20,B-Check,357520.08,2021-03-26
AMH006512,ACFT00113,2024-12-16,B-Check,88432.12,2026-12-06
AMH006513,ACFT00008,2023-03-03,C-Check,169805.77,2023-06-22
AMH006514,ACFT00542,2026-04-03,C-Check,201770.16,2026-11-19
AMH006515,ACFT00466,2023-04-11,A-Check,200282.42,2025-01-17
AMH006516,ACFT00242,2023-05-29,C-Check,450314.85,2024-06-26
AMH006517,ACFT00504,2024-07-15,A-Check,245073.72,2025-08-02
AMH006518,ACFT00523,2025-07-28,B-Check,83333.69,2025-12-28
AMH006519,ACFT00600,2024-01-09,B-Check,454267.54,2024-05-23
AMH006520,ACFT00010,2018-06-02,A-Check,173874.61,2019-08-23
AMH006521,ACFT00067,2026-07-11,A-Check,73279.08,2026-11-14
AMH006522,ACFT00409,2023-01-01,A-Check,324820.45,2024-02-28
AMH006523,ACFT00157,2019-12-18,C-Check,66693.2,2021-08-10
AMH006524,ACFT00053,2018-01-07,B-Check,138728.42,2019-02-26
AMH006525,ACFT00025,2026-07-19,B-Check,485138.44,2028-02-24
AMH006526,ACFT00003,2022-01-11,B-Check,25477.95,2022-10-04
AMH006527,ACFT00470,2022-08-07,Unscheduled Repair,78008.95,2023-11-26
AMH006528,ACFT00387,2026-02-03,Unscheduled Repair,196081.54,2026-07-31
AMH006529,ACFT00568,2025-11-07,C-Check,264793.28,2026-03-09
AMH006530,ACFT00335,2022-07-31,C-Check,178253.11,2023-10-15
AMH006531,ACFT00289,2025-08-05,C-Check,10064.01,2026-12-10
AMH006532,ACFT00237,2019-06-22,B-Check,365919.97,2019-10-31
AMH006533,ACFT00049,2025-02-16,B-Check,321287.8,2026-09-29
AMH006534,ACFT00207,2025-02-18,A-Check,57974.0,2026-06-28
AMH006535,ACFT00039,2020-01-15,A-Check,249221.19,2021-04-13
AMH006536,ACFT00282,2023-04-24,C-Check,180431.61,2024-01-22
AMH006537,ACFT00374,2020-05-05,A-Check,460791.4,2020-09-29
AMH006538,ACFT00338,2020-12-22,A-Check,451911.72,2021-08-26
AMH006539,ACFT00197,2019-08-09,C-Check,187084.33,2020-01-21
AMH006540,ACFT00293,2023-07-27,A-Check,465671.4,2024-04-01
AMH006541,ACFT00424,2023-04-03,A-Check,186853.57,2024-01-06
AMH006542,ACFT00134,2018-01-09,B-Check,120491.83,2019-07-30
AMH006543,ACFT00104,2024-10-21,B-Check,218576.82,2025-04-21
AMH006544,ACFT00447,2023-07-29,A-Check,458845.76,2024-05-24
AMH006545,ACFT00594,2020-02-05,A-Check,212376.4,2020-12-18
AMH006546,ACFT00184,2022-04-12,A-Check,491183.37,2023-02-19
AMH006547,ACFT00020,2022-07-20,B-Check,241851.86,2022-11-14
AMH006548,ACFT00494,2024-12-05,Unscheduled Repair,475019.45,2026-05-14
AMH006549,ACFT00211,2018-01-26,Unscheduled Repair,75387.27,2019-11-28
AMH006550,ACFT00084,2024-07-16,Unscheduled Repair,408882.25,2025-05-25
AMH006551,ACFT00480,2019-12-29,A-Check,295224.14,2020-07-01
AMH006552,ACFT00541,2019-01-03,D-Check,446815.53,2019-10-01
AMH006553,ACFT00233,2021-03-26,C-Check,86101.63,2022-10-27
AMH006554,ACFT00518,2022-10-13,A-Check,152868.84,2023-03-11
AMH006555,ACFT00318,2021-03-25,B-Check,247340.78,2022-12-31
AMH006556,ACFT00370,2018-10-01,B-Check,392111.86,2019-07-14
AMH006557,ACFT00254,2020-08-06,Unscheduled Repair,475481.83,2021-01-31
AMH006558,ACFT00186,2024-11-21,A-Check,462813.79,2026-11-16
AMH006559,ACFT00570,2020-04-21,A-Check,443973.0,2021-11-11
AMH006560,ACFT00598,2019-11-10,A-Check,250426.2,2020-09-15
AMH006561,ACFT00369,2022-05-28,B-Check,182946.2,2023-04-17
AMH006562,ACFT00130,2020-12-29,A-Check,214759.09,2021-12-20
AMH006563,ACFT00520,2021-03-03,C-Check,261845.7,2022-02-06
AMH006564,ACFT00075,2020-01-19,A-Check,137929.31,2020-07-19
AMH006565,ACFT00155,2025-05-11,Unscheduled Repair,116195.53,2026-06-08
AMH006566,ACFT00443,2022-01-04,A-Check,181573.61,2022-04-13
AMH006567,ACFT00446,2026-06-14,B-Check,148479.97,2026-11-08
AMH006568,ACFT00491,2020-05-29,B-Check,70135.05,2021-11-09
AMH006569,ACFT00304,2020-04-08,B-Check,68442.44,2021-08-30
AMH006570,ACFT00181,2022-09-08,C-Check,252391.18,2022-12-21
AMH006571,ACFT00559,2018-06-26,B-Check,463959.28,2019-06-10
AMH006572,ACFT00012,2022-01-21,A-Check,103762.12,2023-12-26
AMH006573,ACFT00153,2024-04-16,A-Check,43715.0,2026-01-12
AMH006574,ACFT00540,2022-12-27,C-Check,236338.38,2023-07-22
AMH006575,ACFT00216,2022-08-09,D-Check,220180.88,2023-12-10
AMH006576,ACFT00112,2021-08-05,C-Check,172860.89,2022-05-28
AMH006577,ACFT00402,2024-08-12,B-Check,28325.84,2025-07-13
AMH006578,ACFT00403,2025-01-26,B-Check,234963.76,2025-10-06
AMH006579,ACFT00487,2023-07-09,A-Check,200917.54,2024-08-17
AMH006580,ACFT00525,2024-05-30,C-Check,18579.73,2025-06-22
AMH006581,ACFT00175,2019-09-02,A-Check,207226.07,2020-03-16
AMH006582,ACFT00312,2020-08-14,D-Check,303368.84,2021-12-16
AMH006583,ACFT00160,2026-01-02,B-Check,204668.19,2026-10-04
AMH006584,ACFT00134,2021-03-06,A-Check,445708.68,2021-08-27
AMH006585,ACFT00015,2018-05-17,B-Check,250045.82,2019-06-30
AMH006586,ACFT00241,2019-10-29,B-Check,134098.88,2021-02-25
AMH006587,ACFT00235,2026-04-10,A-Check,320175.34,2026-08-12
AMH006588,ACFT00315,2023-09-17,B-Check,46154.16,2024-12-01
AMH006589,ACFT00134,2021-11-23,C-Check,236203.65,2022-03-21
AMH006590,ACFT00346,2019-12-05,A-Check,380349.06,2020-10-09
AMH006591,ACFT00554,2025-07-24,Unscheduled Repair,165141.27,2026-09-13
AMH006592,ACFT00224,2018-10-16,B-Check,101304.13,2020-07-16
AMH006593,ACFT00545,2023-12-17,B-Check,328020.26,2025-09-19
AMH006594,ACFT00263,2021-04-30,A-Check,151120.06,2022-08-23
AMH006595,ACFT00303,2019-09-19,Unscheduled Repair,465942.46,2021-03-06
AMH006596,ACFT00511,2018-01-10,A-Check,314610.52,2018-08-26
AMH006597,ACFT00502,2024-11-12,Unscheduled Repair,466298.5,2025-04-04
AMH006598,ACFT00551,2021-03-25,B-Check,365834.21,2021-07-23
AMH006599,ACFT00062,2022-11-25,B-Check,83335.13,2024-06-24
AMH006600,ACFT00137,2025-02-12,Unscheduled Repair,351950.05,2025-11-11
AMH006601,ACFT00342,2021-06-29,A-Check,392898.91,2022-07-10
AMH006602,ACFT00575,2023-01-05,B-Check,414156.74,2024-12-25
AMH006603,ACFT00522,2020-05-29,C-Check,368742.55,2021-12-17
AMH006604,ACFT00452,2018-11-14,A-Check,197082.38,2019-11-09
AMH006605,ACFT00536,2018-01-31,B-Check,91583.1,2019-08-06
AMH006606,ACFT00052,2026-01-01,C-Check,197700.76,2027-05-14
AMH006607,ACFT00077,2021-12-26,B-Check,231043.85,2022-10-02
AMH006608,ACFT00113,2024-12-15,A-Check,364260.18,2026-01-27
AMH006609,ACFT00157,2022-06-24,B-Check,240081.63,2024-03-10
AMH006610,ACFT00573,2026-02-16,B-Check,6822.17,2027-01-05
AMH006611,ACFT00319,2019-02-09,A-Check,15552.96,2020-11-29
AMH006612,ACFT00312,2026-06-24,A-Check,443385.05,2027-06-30
AMH006613,ACFT00591,2026-07-25,A-Check,404125.38,2027-12-09
AMH006614,ACFT00005,2022-01-02,B-Check,239439.94,2022-09-30
AMH006615,ACFT00279,2019-07-19,A-Check,340316.32,2020-02-12
AMH006616,ACFT00080,2019-06-24,A-Check,82649.78,2019-10-03
AMH006617,ACFT00370,2020-08-27,A-Check,29652.1,2021-10-06
AMH006618,ACFT00014,2025-07-17,C-Check,20570.7,2027-04-28
AMH006619,ACFT00172,2021-07-13,C-Check,132257.21,2023-03-20
AMH006620,ACFT00300,2019-07-17,A-Check,453698.44,2020-05-10
AMH006621,ACFT00503,2025-04-27,B-Check,11908.64,2026-07-25
AMH006622,ACFT00558,2020-05-08,D-Check,110001.65,2021-08-05
AMH006623,ACFT00199,2018-08-28,B-Check,361722.37,2020-05-24
AMH006624,ACFT00440,2019-10-28,A-Check,316562.09,2020-02-20
AMH006625,ACFT00365,2019-07-13,D-Check,406539.64,2020-02-06
AMH006626,ACFT00550,2019-05-29,B-Check,33195.02,2020-07-10
AMH006627,ACFT00240,2024-08-09,B-Check,109895.04,2025-05-09
AMH006628,ACFT00149,2026-03-22,B-Check,79522.47,2028-02-06
AMH006629,ACFT00421,2020-09-18,A-Check,158499.51,2021-05-25
AMH006630,ACFT00579,2020-12-31,C-Check,363157.62,2021-04-05
AMH006631,ACFT00306,2021-09-24,A-Check,20321.39,2022-10-23
AMH006632,ACFT00377,2026-07-28,A-Check,465411.38,2027-01-11
AMH006633,ACFT00347,2021-11-19,A-Check,407976.22,2022-06-03
AMH006634,ACFT00282,2024-06-12,B-Check,403604.43,2025-09-19
AMH006635,ACFT00192,2018-03-06,B-Check,340533.33,2020-01-16
AMH006636,ACFT00233,2020-06-13,A-Check,317119.63,2022-04-01
AMH006637,ACFT00456,2025-10-24,C-Check,68300.45,2027-03-11
AMH006638,ACFT00398,2024-05-19,C-Check,222266.42,2024-10-14
AMH006639,ACFT00266,2025-09-23,D-Check,439501.51,2026-09-21
AMH006640,ACFT00288,2019-01-29,A-Check,80996.11,2019-12-22
AMH006641,ACFT00598,2018-05-20,A-Check,268302.3,2019-11-09
AMH006642,ACFT00040,2024-01-05,C-Check,162441.68,2025-07-20
AMH006643,ACFT00253,2018-01-07,Unscheduled Repair,317366.3,2018-05-09
AMH006644,ACFT00504,2020-05-06,A-Check,352793.91,2021-10-09
AMH006645,ACFT00126,2024-03-14,C-Check,495494.74,2025-04-03
AMH006646,ACFT00006,2018-07-11,C-Check,164151.79,2019-01-05
AMH006647,ACFT00034,2019-02-10,C-Check,287721.57,2019-07-24
AMH006648,ACFT00002,2022-09-02,A-Check,140194.91,2023-10-30
AMH006649,ACFT00116,2026-07-11,B-Check,470915.17,2027-09-20
AMH006650,ACFT00443,2019-05-18,C-Check,73123.26,2020-04-21
AMH006651,ACFT00203,2024-09-09,A-Check,78431.38,2025-05-15
AMH006652,ACFT00446,2018-12-31,B-Check,225686.1,2020-11-06
AMH006653,ACFT00465,2025-10-25,B-Check,236806.81,2027-06-29
AMH006654,ACFT00257,2025-01-29,B-Check,234386.31,2026-08-21
AMH006655,ACFT00037,2019-03-07,D-Check,78747.14,2019-11-06
AMH006656,ACFT00536,2022-12-03,Unscheduled Repair,405555.67,2024-02-10
AMH006657,ACFT00456,2022-11-20,C-Check,404003.56,2023-06-15
AMH006658,ACFT00163,2020-05-01,Unscheduled Repair,365764.1,2021-01-06
AMH006659,ACFT00274,2022-10-26,C-Check,94178.46,2024-01-15
AMH006660,ACFT00309,2018-04-12,A-Check,196983.93,2019-10-10
AMH006661,ACFT00073,2023-05-10,A-Check,264598.93,2024-05-15
AMH006662,ACFT00106,2023-01-05,A-Check,425495.75,2024-04-13
AMH006663,ACFT00511,2026-07-02,A-Check,495337.08,2028-04-05
AMH006664,ACFT00182,2018-07-25,B-Check,138585.71,2020-07-14
AMH006665,ACFT00161,2019-12-06,B-Check,216778.76,2020-10-13
AMH006666,ACFT00559,2024-01-15,C-Check,160597.11,2025-08-29
AMH006667,ACFT00013,2021-07-30,B-Check,88367.51,2021-12-24
AMH006668,ACFT00057,2021-10-17,B-Check,188195.45,2022-10-15
AMH006669,ACFT00222,2024-11-02,A-Check,217333.58,2025-03-25
AMH006670,ACFT00031,2020-06-07,C-Check,358630.02,2020-12-13
AMH006671,ACFT00220,2024-05-23,B-Check,402766.95,2025-03-28
AMH006672,ACFT00396,2021-10-07,B-Check,316143.41,2023-03-09
AMH006673,ACFT00431,2022-05-09,C-Check,427864.16,2022-12-03
AMH006674,ACFT00235,2025-12-19,Unscheduled Repair,498649.57,2027-01-16
AMH006675,ACFT00212,2026-05-22,C-Check,248168.33,2028-03-26
AMH006676,ACFT00152,2024-03-01,C-Check,185917.18,2025-04-11
AMH006677,ACFT00594,2018-09-04,B-Check,220966.69,2019-07-24
AMH006678,ACFT00022,2021-06-11,A-Check,184312.75,2021-12-18
AMH006679,ACFT00186,2018-11-16,B-Check,300743.06,2020-07-18
AMH006680,ACFT00506,2023-05-19,B-Check,193106.22,2025-01-12
AMH006681,ACFT00295,2021-01-10,B-Check,385875.97,2021-10-27
AMH006682,ACFT00238,2022-09-28,A-Check,315456.19,2023-07-24
AMH006683,ACFT00017,2019-03-01,B-Check,275901.23,2020-05-31
AMH006684,ACFT00391,2018-05-24,Unscheduled Repair,432639.73,2019-08-05
AMH006685,ACFT00077,2024-05-15,A-Check,4155.54,2026-01-02
AMH006686,ACFT00381,2024-03-06,Unscheduled Repair,68608.8,2025-02-16
AMH006687,ACFT00408,2021-06-15,C-Check,138407.39,2022-07-05
AMH006688,ACFT00002,2022-06-12,B-Check,110412.35,2023-04-29
AMH006689,ACFT00042,2023-11-23,C-Check,294545.91,2024-05-14
AMH006690,ACFT00486,2024-04-28,C-Check,58073.36,2025-09-19
AMH006691,ACFT00446,2024-09-08,A-Check,41580.54,2026-02-21
AMH006692,ACFT00118,2021-04-08,Unscheduled Repair,108977.0,2023-03-21
AMH006693,ACFT00323,2021-05-07,C-Check,321392.15,2022-04-04
AMH006694,ACFT00409,2025-08-18,B-Check,229031.79,2026-11-19
AMH006695,ACFT00192,2024-06-13,A-Check,171782.73,2026-03-26
AMH006696,ACFT00558,2021-10-28,C-Check,388067.27,2022-11-26
AMH006697,ACFT00057,2025-12-09,C-Check,479374.49,2027-06-21
AMH006698,ACFT00076,2019-03-19,A-Check,103147.39,2021-02-07
AMH006699,ACFT00396,2022-04-29,D-Check,228745.95,2024-03-03
AMH006700,ACFT00155,2018-03-11,A-Check,285650.72,2019-10-02
AMH006701,ACFT00121,2025-10-16,B-Check,242268.61,2026-05-05
AMH006702,ACFT00539,2019-03-21,Unscheduled Repair,297870.81,2020-07-02
AMH006703,ACFT00475,2021-01-04,B-Check,476072.0,2022-02-05
AMH006704,ACFT00203,2023-08-06,D-Check,195844.67,2024-02-04
AMH006705,ACFT00190,2022-06-20,A-Check,275696.97,2024-05-02
AMH006706,ACFT00335,2022-12-27,C-Check,302128.37,2023-12-24
AMH006707,ACFT00287,2022-09-09,A-Check,265414.72,2024-08-10
AMH006708,ACFT00096,2025-09-23,C-Check,396104.42,2027-02-06
AMH006709,ACFT00139,2026-04-26,A-Check,371621.69,2026-10-12
AMH006710,ACFT00280,2021-11-05,B-Check,317540.44,2023-07-04
AMH006711,ACFT00165,2020-07-04,Unscheduled Repair,269192.83,2021-01-13
AMH006712,ACFT00205,2025-11-07,C-Check,337594.37,2027-01-19
AMH006713,ACFT00069,2024-01-08,A-Check,260195.6,2024-06-05
AMH006714,ACFT00150,2022-02-25,B-Check,10959.26,2022-11-01
AMH006715,ACFT00413,2021-12-12,D-Check,302521.37,2022-10-24
AMH006716,ACFT00435,2025-06-24,A-Check,172135.05,2025-10-29
AMH006717,ACFT00567,2026-02-20,B-Check,325856.51,2026-10-13
AMH006718,ACFT00129,2025-07-01,A-Check,416654.95,2026-09-08
AMH006719,ACFT00371,2019-10-04,A-Check,293867.5,2021-05-05
AMH006720,ACFT00190,2020-04-10,Unscheduled Repair,438136.83,2022-02-08
AMH006721,ACFT00151,2018-01-21,A-Check,417628.1,2019-05-03
AMH006722,ACFT00026,2021-09-28,C-Check,66471.63,2022-11-02
AMH006723,ACFT00440,2023-04-03,B-Check,339376.11,2023-07-06
AMH006724,ACFT00138,2018-03-28,C-Check,342425.77,2020-02-04
AMH006725,ACFT00248,2025-10-11,Unscheduled Repair,73492.42,2027-09-09
AMH006726,ACFT00247,2019-04-25,D-Check,364640.8,2020-03-17
AMH006727,ACFT00146,2019-06-29,A-Check,35563.23,2020-07-02
AMH006728,ACFT00044,2024-03-01,Unscheduled Repair,51451.6,2024-08-01
AMH006729,ACFT00081,2023-12-28,A-Check,155357.3,2024-06-17
AMH006730,ACFT00230,2022-09-08,A-Check,44258.9,2023-07-08
AMH006731,ACFT00429,2023-01-21,B-Check,380087.51,2023-07-07
AMH006732,ACFT00356,2020-05-26,A-Check,373623.7,2021-06-11
AMH006733,ACFT00302,2018-07-29,A-Check,2967.32,2020-01-11
AMH006734,ACFT00357,2020-09-15,C-Check,234516.4,2021-10-06
AMH006735,ACFT00392,2024-01-31,D-Check,311891.22,2024-11-16
AMH006736,ACFT00448,2023-11-27,A-Check,206006.22,2025-09-24
AMH006737,ACFT00158,2018-10-02,C-Check,207246.88,2019-06-05
AMH006738,ACFT00041,2020-11-19,C-Check,382223.09,2021-10-15
AMH006739,ACFT00046,2021-08-08,B-Check,268066.08,2022-10-10
AMH006740,ACFT00502,2021-06-01,B-Check,202494.25,2022-01-29
AMH006741,ACFT00043,2022-09-04,Unscheduled Repair,209594.41,2024-05-05
AMH006742,ACFT00293,2026-07-25,C-Check,356180.62,2027-02-18
AMH006743,ACFT00560,2019-08-08,B-Check,345422.32,2020-06-13
AMH006744,ACFT00409,2022-03-19,A-Check,352657.85,2023-09-20
AMH006745,ACFT00330,2018-06-01,A-Check,370627.53,2018-12-16
AMH006746,ACFT00168,2022-03-04,A-Check,378559.33,2023-07-01
AMH006747,ACFT00351,2018-04-29,B-Check,119565.8,2019-03-20
AMH006748,ACFT00568,2022-01-09,A-Check,5850.55,2022-04-30
AMH006749,ACFT00122,2018-09-25,A-Check,284840.71,2019-06-29
AMH006750,ACFT00531,2026-01-02,Unscheduled Repair,255948.42,2026-07-03
AMH006751,ACFT00233,2025-01-28,B-Check,441762.54,2025-10-14
AMH006752,ACFT00303,2024-11-14,B-Check,495786.98,2026-01-21
AMH006753,ACFT00327,2019-02-15,A-Check,364603.02,2020-04-20
AMH006754,ACFT00302,2022-01-16,B-Check,352592.89,2023-03-14
AMH006755,ACFT00148,2018-03-16,C-Check,81438.5,2019-09-05
AMH006756,ACFT00048,2018-11-18,A-Check,99572.31,2019-04-15
AMH006757,ACFT00419,2024-06-10,D-Check,216069.96,2025-12-09
AMH006758,ACFT00064,2026-03-25,B-Check,177980.57,2026-12-28
AMH006759,ACFT00416,2022-08-23,B-Check,329582.22,2024-06-30
AMH006760,ACFT00299,2022-05-05,C-Check,344872.45,2024-01-28
AMH006761,ACFT00187,2023-02-05,C-Check,142712.54,2024-08-02
AMH006762,ACFT00512,2019-01-11,A-Check,443392.35,2019-10-14
AMH006763,ACFT00440,2018-01-21,C-Check,427147.11,2019-06-07
AMH006764,ACFT00455,2019-11-22,C-Check,330766.64,2020-03-03
AMH006765,ACFT00454,2025-05-17,Unscheduled Repair,431174.04,2027-04-08
AMH006766,ACFT00257,2022-09-21,D-Check,218396.39,2024-02-03
AMH006767,ACFT00044,2018-02-19,A-Check,201248.95,2019-11-05
AMH006768,ACFT00124,2023-03-09,A-Check,142382.09,2024-04-12
AMH006769,ACFT00541,2022-05-16,B-Check,178783.23,2023-04-06
AMH006770,ACFT00005,2024-01-28,A-Check,46549.43,2024-06-22
AMH006771,ACFT00252,2019-06-18,D-Check,323250.14,2020-10-01
AMH006772,ACFT00275,2025-11-21,B-Check,407255.44,2026-10-11
AMH006773,ACFT00328,2026-02-13,A-Check,62762.8,2027-03-08
AMH006774,ACFT00218,2023-09-03,Unscheduled Repair,436206.23,2025-07-04
AMH006775,ACFT00178,2021-11-28,B-Check,373383.94,2022-12-17
AMH006776,ACFT00214,2020-05-15,Unscheduled Repair,214445.43,2021-06-09
AMH006777,ACFT00454,2020-05-23,C-Check,458295.52,2022-02-03
AMH006778,ACFT00134,2023-08-25,Unscheduled Repair,418314.46,2024-08-13
AMH006779,ACFT00487,2021-01-03,A-Check,257472.64,2021-05-24
AMH006780,ACFT00395,2021-06-14,A-Check,313603.69,2022-11-27
AMH006781,ACFT00350,2019-01-29,B-Check,100259.54,2020-08-15
AMH006782,ACFT00052,2026-07-17,A-Check,424721.13,2026-12-22
AMH006783,ACFT00508,2019-04-28,D-Check,392605.12,2020-06-07
AMH006784,ACFT00228,2023-08-06,A-Check,21612.03,2023-11-24
AMH006785,ACFT00325,2020-07-11,B-Check,358280.89,2021-11-26
AMH006786,ACFT00039,2021-12-28,Unscheduled Repair,396972.87,2023-05-05
AMH006787,ACFT00377,2020-07-02,A-Check,315981.17,2021-10-14
AMH006788,ACFT00008,2018-09-09,A-Check,429450.89,2020-01-25
AMH006789,ACFT00007,2023-05-19,C-Check,203599.19,2023-09-22
AMH006790,ACFT00569,2025-02-02,Unscheduled Repair,357119.06,2026-08-29
AMH006791,ACFT00164,2025-04-28,B-Check,384533.86,2026-05-07
AMH006792,ACFT00443,2018-04-30,A-Check,97676.14,2020-02-09
AMH006793,ACFT00374,2021-07-08,A-Check,296346.01,2021-10-09
AMH006794,ACFT00205,2026-06-10,B-Check,89568.98,2028-01-29
AMH006795,ACFT00148,2019-10-11,A-Check,497328.81,2020-07-31
AMH006796,ACFT00429,2024-08-09,A-Check,42025.55,2026-08-01
AMH006797,ACFT00198,2023-02-15,C-Check,220892.96,2024-06-12
AMH006798,ACFT00386,2021-11-17,A-Check,324336.24,2022-04-12
AMH006799,ACFT00409,2022-09-28,C-Check,221871.5,2023-10-01
AMH006800,ACFT00300,2018-04-18,A-Check,23485.45,2019-03-01
AMH006801,ACFT00543,2018-01-22,A-Check,144461.02,2020-01-15
AMH006802,ACFT00175,2025-09-04,A-Check,443180.45,2027-05-18
AMH006803,ACFT00581,2020-08-26,C-Check,294854.12,2021-06-25
AMH006804,ACFT00230,2022-12-20,C-Check,352719.15,2024-09-03
AMH006805,ACFT00090,2020-03-28,A-Check,38452.52,2022-01-28
AMH006806,ACFT00526,2026-02-06,B-Check,344586.76,2027-09-13
AMH006807,ACFT00508,2022-06-17,B-Check,28078.56,2022-11-18
AMH006808,ACFT00255,2018-12-19,Unscheduled Repair,231858.75,2020-12-03
AMH006809,ACFT00169,2022-10-05,C-Check,156054.62,2023-11-14
AMH006810,ACFT00198,2020-01-09,B-Check,233815.44,2020-05-27
AMH006811,ACFT00536,2021-07-13,A-Check,11253.03,2022-03-14
AMH006812,ACFT00408,2021-09-20,B-Check,362220.79,2022-12-05
AMH006813,ACFT00187,2018-10-30,A-Check,59458.39,2020-08-05
AMH006814,ACFT00534,2026-07-22,B-Check,240862.99,2027-01-30
AMH006815,ACFT00186,2020-01-07,C-Check,28478.09,2021-07-26
AMH006816,ACFT00179,2020-11-10,Unscheduled Repair,234640.34,2021-05-03
AMH006817,ACFT00117,2026-01-19,C-Check,97489.5,2026-09-20
AMH006818,ACFT00053,2022-12-28,B-Check,366431.43,2024-02-03
AMH006819,ACFT00197,2023-09-04,B-Check,146178.94,2025-08-01
AMH006820,ACFT00271,2018-04-23,A-Check,305906.76,2020-01-26
AMH006821,ACFT00153,2019-09-23,Unscheduled Repair,236038.62,2021-02-07
AMH006822,ACFT00128,2018-08-14,A-Check,22655.5,2020-01-02
AMH006823,ACFT00127,2025-10-01,A-Check,11497.5,2026-12-28
AMH006824,ACFT00050,2025-12-29,Unscheduled Repair,195677.45,2026-06-12
AMH006825,ACFT00187,2020-03-29,C-Check,198902.09,2020-07-09
AMH006826,ACFT00505,2024-03-01,A-Check,185369.27,2025-08-12
AMH006827,ACFT00482,2020-07-12,A-Check,136032.02,2021-08-30
AMH006828,ACFT00141,2026-06-19,A-Check,165463.52,2027-04-10
AMH006829,ACFT00097,2024-09-01,D-Check,496309.52,2025-08-21
AMH006830,ACFT00280,2020-12-12,B-Check,9019.28,2021-11-30
AMH006831,ACFT00305,2025-06-17,B-Check,40683.37,2026-07-19
AMH006832,ACFT00298,2025-06-07,B-Check,381804.42,2026-11-11
AMH006833,ACFT00145,2018-06-18,A-Check,127336.79,2019-10-10
AMH006834,ACFT00067,2022-10-11,A-Check,384266.59,2023-02-05
AMH006835,ACFT00100,2019-12-31,Unscheduled Repair,368677.96,2021-11-12
AMH006836,ACFT00108,2022-10-01,A-Check,341232.61,2023-05-26
AMH006837,ACFT00222,2021-09-25,A-Check,242499.95,2023-02-10
AMH006838,ACFT00417,2026-06-29,D-Check,206941.78,2026-12-16
AMH006839,ACFT00409,2025-10-15,A-Check,121285.4,2026-06-06
AMH006840,ACFT00354,2020-10-03,C-Check,101730.31,2022-01-19
AMH006841,ACFT00458,2021-05-03,B-Check,162594.69,2021-09-06
AMH006842,ACFT00108,2019-09-06,B-Check,409814.98,2020-08-24
AMH006843,ACFT00058,2020-12-27,Unscheduled Repair,193629.29,2022-09-02
AMH006844,ACFT00179,2021-02-04,A-Check,262192.23,2021-08-27
AMH006845,ACFT00444,2022-02-22,Unscheduled Repair,442061.95,2023-05-14
AMH006846,ACFT00068,2020-05-17,B-Check,168019.86,2021-05-08
AMH006847,ACFT00535,2020-07-02,C-Check,306117.92,2022-04-29
AMH006848,ACFT00308,2023-01-02,D-Check,424833.65,2023-04-16
AMH006849,ACFT00210,2018-08-31,Unscheduled Repair,258320.07,2019-12-29
AMH006850,ACFT00430,2019-05-31,B-Check,499097.04,2020-03-22
AMH006851,ACFT00447,2020-01-22,B-Check,138426.48,2021-03-16
AMH006852,ACFT00322,2019-06-10,A-Check,53760.92,2020-01-18
AMH006853,ACFT00513,2018-03-09,A-Check,452353.8,2019-02-27
AMH006854,ACFT00163,2022-10-30,C-Check,196193.99,2024-10-22
AMH006855,ACFT00576,2024-04-22,Unscheduled Repair,361439.35,2026-02-26
AMH006856,ACFT00471,2019-01-18,C-Check,469547.14,2020-12-12
AMH006857,ACFT00468,2023-10-17,Unscheduled Repair,356324.1,2025-07-30
AMH006858,ACFT00119,2025-05-23,A-Check,339540.61,2026-07-02
AMH006859,ACFT00199,2018-12-23,B-Check,85060.41,2019-06-01
AMH006860,ACFT00023,2018-05-23,B-Check,179113.65,2020-03-21
AMH006861,ACFT00337,2021-03-11,C-Check,109127.11,2021-10-26
AMH006862,ACFT00420,2025-05-27,D-Check,484176.8,2026-06-09
AMH006863,ACFT00346,2026-07-27,B-Check,410669.78,2027-04-13
AMH006864,ACFT00566,2026-07-02,A-Check,52480.96,2026-10-02
AMH006865,ACFT00581,2021-04-30,C-Check,103998.78,2021-12-27
AMH006866,ACFT00317,2024-10-25,A-Check,117501.29,2025-10-16
AMH006867,ACFT00588,2026-05-24,B-Check,424001.84,2028-04-07
AMH006868,ACFT00189,2025-03-11,B-Check,140834.22,2027-01-21
AMH006869,ACFT00276,2025-11-20,A-Check,450011.66,2026-07-24
AMH006870,ACFT00516,2019-04-23,A-Check,224723.44,2020-08-27
AMH006871,ACFT00210,2018-10-11,C-Check,364017.5,2020-05-13
AMH006872,ACFT00093,2019-08-29,C-Check,393741.42,2019-12-09
AMH006873,ACFT00286,2018-01-18,C-Check,126213.05,2019-07-20
AMH006874,ACFT00320,2021-12-27,C-Check,86156.96,2022-07-18
AMH006875,ACFT00132,2019-09-20,C-Check,77414.84,2020-08-24
AMH006876,ACFT00223,2026-02-03,B-Check,386552.21,2027-07-08
AMH006877,ACFT00528,2023-01-23,A-Check,346217.7,2024-05-24
AMH006878,ACFT00160,2020-07-26,B-Check,300602.01,2020-11-28
AMH006879,ACFT00145,2020-11-21,B-Check,400470.99,2021-12-10
AMH006880,ACFT00313,2021-10-17,C-Check,52808.64,2023-04-02
AMH006881,ACFT00566,2019-10-08,B-Check,434574.71,2021-05-11
AMH006882,ACFT00307,2026-01-08,B-Check,342779.71,2026-12-17
AMH006883,ACFT00152,2020-10-13,C-Check,101588.56,2021-02-10
AMH006884,ACFT00508,2023-09-15,B-Check,165532.53,2024-02-25
AMH006885,ACFT00081,2020-03-15,A-Check,50450.61,2022-02-18
AMH006886,ACFT00180,2020-10-31,C-Check,168902.28,2021-06-13
AMH006887,ACFT00545,2025-03-11,Unscheduled Repair,163155.59,2026-04-14
AMH006888,ACFT00143,2023-10-26,C-Check,178240.76,2024-09-23
AMH006889,ACFT00118,2023-10-03,A-Check,486552.35,2024-02-04
AMH006890,ACFT00454,2024-07-24,A-Check,40587.26,2026-03-12
AMH006891,ACFT00021,2022-12-18,B-Check,281944.28,2023-07-08
AMH006892,ACFT00591,2019-12-08,A-Check,189059.36,2020-07-23
AMH006893,ACFT00508,2021-02-19,B-Check,79392.63,2021-12-21
AMH006894,ACFT00007,2020-08-06,B-Check,342131.47,2022-07-20
AMH006895,ACFT00294,2024-02-06,C-Check,390659.74,2025-01-07
AMH006896,ACFT00157,2024-10-06,D-Check,393492.71,2025-07-03
AMH006897,ACFT00041,2018-01-27,A-Check,13845.02,2018-08-10
AMH006898,ACFT00323,2019-03-12,B-Check,426141.67,2020-04-04
AMH006899,ACFT00408,2018-01-20,A-Check,466612.41,2019-09-08
AMH006900,ACFT00134,2024-03-15,B-Check,93794.78,2025-01-16
AMH006901,ACFT00141,2022-03-16,B-Check,479057.05,2023-06-01
AMH006902,ACFT00066,2018-12-21,B-Check,409160.85,2020-05-01
AMH006903,ACFT00481,2022-10-31,A-Check,98719.95,2023-10-19
AMH006904,ACFT00440,2019-01-02,A-Check,125726.31,2020-01-04
AMH006905,ACFT00369,2022-07-07,A-Check,7428.22,2022-11-17
AMH006906,ACFT00561,2020-03-01,Unscheduled Repair,452471.2,2020-06-15
AMH006907,ACFT00327,2025-02-10,A-Check,282935.34,2026-08-03
AMH006908,ACFT00041,2020-09-06,A-Check,158301.1,2021-06-20
AMH006909,ACFT00348,2018-08-06,A-Check,132091.5,2020-01-21
AMH006910,ACFT00310,2023-10-14,B-Check,285951.59,2025-02-04
AMH006911,ACFT00323,2026-07-19,A-Check,188342.18,2027-04-05
AMH006912,ACFT00424,2026-02-13,A-Check,387564.87,2027-01-12
AMH006913,ACFT00302,2026-06-12,B-Check,363647.18,2028-05-19
AMH006914,ACFT00289,2021-09-25,A-Check,476119.04,2023-01-03
AMH006915,ACFT00286,2019-12-23,A-Check,390114.36,2020-06-10
AMH006916,ACFT00527,2023-11-28,B-Check,31734.52,2025-06-04
AMH006917,ACFT00087,2019-08-06,C-Check,45799.78,2019-12-05
AMH006918,ACFT00491,2023-03-15,A-Check,166626.89,2024-03-07
AMH006919,ACFT00069,2022-07-05,C-Check,461719.15,2023-12-15
AMH006920,ACFT00013,2022-02-07,B-Check,20526.27,2022-10-04
AMH006921,ACFT00003,2024-06-17,A-Check,313558.32,2025-09-21
AMH006922,ACFT00092,2023-07-14,B-Check,239695.83,2023-10-23
AMH006923,ACFT00376,2023-07-08,A-Check,8837.8,2024-05-14
AMH006924,ACFT00474,2022-03-18,A-Check,241296.58,2023-03-29
AMH006925,ACFT00410,2022-02-22,A-Check,16870.38,2023-12-27
AMH006926,ACFT00415,2025-06-18,A-Check,105544.16,2026-09-07
AMH006927,ACFT00284,2019-06-09,C-Check,265493.46,2020-01-03
AMH006928,ACFT00119,2021-11-25,B-Check,412657.44,2023-08-19
AMH006929,ACFT00209,2025-05-01,Unscheduled Repair,447154.94,2026-12-17
AMH006930,ACFT00102,2024-12-12,C-Check,82637.12,2026-03-25
AMH006931,ACFT00188,2020-05-06,B-Check,318746.28,2022-01-10
AMH006932,ACFT00541,2026-02-18,A-Check,141884.26,2027-08-22
AMH006933,ACFT00316,2020-02-08,A-Check,406139.54,2021-04-05
AMH006934,ACFT00465,2018-04-14,C-Check,248361.07,2019-04-03
AMH006935,ACFT00287,2022-03-13,A-Check,406012.03,2023-01-15
AMH006936,ACFT00264,2019-01-14,D-Check,296345.52,2019-10-23
AMH006937,ACFT00473,2022-09-21,C-Check,153874.59,2024-07-27
AMH006938,ACFT00272,2022-06-05,A-Check,92636.19,2023-04-11
AMH006939,ACFT00347,2021-07-13,B-Check,427978.48,2022-08-09
AMH006940,ACFT00174,2025-09-27,A-Check,432068.49,2026-04-14
AMH006941,ACFT00520,2024-05-28,A-Check,200246.48,2025-02-05
AMH006942,ACFT00426,2020-02-29,B-Check,43376.17,2021-01-04
AMH006943,ACFT00292,2019-05-27,C-Check,394892.39,2020-01-16
AMH006944,ACFT00435,2024-10-06,A-Check,81714.2,2026-09-07
AMH006945,ACFT00084,2018-07-07,A-Check,272394.23,2020-05-22
AMH006946,ACFT00336,2019-08-10,B-Check,181620.17,2020-03-22
AMH006947,ACFT00471,2025-03-30,C-Check,9782.2,2025-11-13
AMH006948,ACFT00203,2019-01-14,C-Check,128194.31,2020-03-05
AMH006949,ACFT00049,2018-03-23,B-Check,140261.17,2018-11-18
AMH006950,ACFT00165,2018-01-22,B-Check,488464.79,2019-11-08
AMH006951,ACFT00161,2020-12-22,A-Check,69525.36,2021-07-15
AMH006952,ACFT00227,2018-11-26,A-Check,406273.82,2020-02-24
AMH006953,ACFT00128,2019-07-19,B-Check,173297.1,2020-09-19
AMH006954,ACFT00498,2021-09-27,D-Check,450686.29,2022-11-01
AMH006955,ACFT00442,2022-05-21,C-Check,243523.21,2022-09-08
AMH006956,ACFT00117,2026-08-02,A-Check,193208.52,2027-01-08
AMH006957,ACFT00035,2026-05-18,Unscheduled Repair,497915.5,2027-08-20
AMH006958,ACFT00570,2019-04-06,A-Check,230315.4,2020-10-05
AMH006959,ACFT00442,2026-06-09,B-Check,59843.61,2026-12-16
AMH006960,ACFT00403,2018-02-06,A-Check,492933.66,2018-07-23
AMH006961,ACFT00230,2023-05-11,A-Check,367097.48,2024-03-24
AMH006962,ACFT00236,2024-05-13,B-Check,478228.75,2024-10-14
AMH006963,ACFT00120,2024-10-12,B-Check,72841.67,2026-05-19
AMH006964,ACFT00548,2023-05-18,A-Check,358134.65,2023-11-10
AMH006965,ACFT00374,2020-11-24,A-Check,190987.26,2021-07-11
AMH006966,ACFT00486,2018-12-11,B-Check,327872.75,2020-03-13
AMH006967,ACFT00514,2021-01-24,Unscheduled Repair,316921.03,2021-10-30
AMH006968,ACFT00292,2022-04-23,A-Check,360836.62,2022-11-29
AMH006969,ACFT00061,2020-09-26,A-Check,480160.14,2021-09-01
AMH006970,ACFT00582,2019-04-04,A-Check,427386.81,2019-09-05
AMH006971,ACFT00559,2022-08-11,A-Check,11045.36,2022-11-25
AMH006972,ACFT00106,2018-10-07,D-Check,293271.78,2020-07-13
AMH006973,ACFT00222,2025-10-07,B-Check,49342.14,2027-04-26
AMH006974,ACFT00579,2023-10-31,Unscheduled Repair,181665.06,2024-01-30
AMH006975,ACFT00475,2018-03-07,A-Check,319046.86,2019-06-23
AMH006976,ACFT00550,2026-04-07,A-Check,155435.14,2027-03-07
AMH006977,ACFT00122,2022-09-05,C-Check,401644.47,2023-03-24
AMH006978,ACFT00033,2022-02-10,A-Check,184130.14,2022-10-27
AMH006979,ACFT00600,2019-03-23,A-Check,336657.52,2021-03-05
AMH006980,ACFT00038,2025-10-11,B-Check,420113.86,2026-03-11
AMH006981,ACFT00228,2025-06-21,B-Check,300619.93,2026-11-15
AMH006982,ACFT00231,2018-07-16,B-Check,77675.65,2019-06-03
AMH006983,ACFT00444,2025-01-13,B-Check,342885.33,2026-11-29
AMH006984,ACFT00579,2021-05-29,A-Check,174661.35,2022-05-03
AMH006985,ACFT00574,2025-09-28,B-Check,419840.66,2026-04-12
AMH006986,ACFT00133,2022-06-06,A-Check,185626.42,2023-10-16
AMH006987,ACFT00262,2025-07-08,B-Check,449323.15,2026-02-17
AMH006988,ACFT00018,2018-12-20,A-Check,429247.49,2020-05-13
AMH006989,ACFT00291,2025-05-12,Unscheduled Repair,18874.02,2026-05-28
AMH006990,ACFT00588,2024-02-06,D-Check,338657.99,2026-01-30
AMH006991,ACFT00263,2023-04-28,A-Check,168898.85,2023-08-01
AMH006992,ACFT00281,2019-12-07,Unscheduled Repair,100192.4,2021-08-03
AMH006993,ACFT00383,2024-09-02,C-Check,490355.66,2026-08-29
AMH006994,ACFT00458,2019-05-19,A-Check,167796.73,2020-10-21
AMH006995,ACFT00209,2021-06-05,C-Check,248155.22,2023-04-18
AMH006996,ACFT00569,2025-07-06,B-Check,86820.12,2026-02-28
AMH006997,ACFT00220,2024-03-26,A-Check,172606.2,2024-08-12
AMH006998,ACFT00555,2020-11-24,B-Check,50238.44,2022-11-11
AMH006999,ACFT00075,2023-11-16,B-Check,480139.03,2024-11-09
AMH007000,ACFT00169,2020-10-11,A-Check,283775.55,2022-09-02
AMH007001,ACFT00544,2022-02-04,A-Check,130618.24,2023-11-16
AMH007002,ACFT00536,2021-10-25,B-Check,268225.95,2023-05-12
AMH007003,ACFT00360,2024-09-02,B-Check,160723.69,2026-08-17
AMH007004,ACFT00368,2021-02-12,B-Check,373662.59,2022-03-20
AMH007005,ACFT00406,2019-05-09,A-Check,68945.52,2019-10-14
AMH007006,ACFT00083,2019-12-06,B-Check,304789.49,2020-04-11
AMH007007,ACFT00518,2025-05-21,A-Check,418099.18,2026-09-20
AMH007008,ACFT00072,2019-09-29,Unscheduled Repair,147798.67,2020-05-22
AMH007009,ACFT00560,2022-03-06,A-Check,76906.69,2023-08-24
AMH007010,ACFT00358,2025-10-14,A-Check,185314.57,2026-12-21
AMH007011,ACFT00181,2019-10-09,B-Check,26460.69,2021-01-21
AMH007012,ACFT00294,2024-10-23,A-Check,189453.13,2025-06-01
AMH007013,ACFT00128,2019-09-12,A-Check,355310.31,2021-01-29
AMH007014,ACFT00526,2025-08-03,A-Check,437620.56,2026-07-01
AMH007015,ACFT00056,2021-12-02,A-Check,224301.77,2022-12-11
AMH007016,ACFT00414,2019-11-13,B-Check,233486.92,2021-06-05
AMH007017,ACFT00011,2018-08-22,B-Check,429739.78,2019-03-31
AMH007018,ACFT00211,2026-02-24,Unscheduled Repair,123539.0,2026-07-11
AMH007019,ACFT00360,2023-11-10,C-Check,402035.72,2025-01-20
AMH007020,ACFT00031,2024-11-08,A-Check,443266.81,2025-06-26
AMH007021,ACFT00546,2019-11-19,A-Check,9701.25,2020-10-17
AMH007022,ACFT00262,2024-12-26,A-Check,420064.88,2026-11-28
AMH007023,ACFT00516,2019-11-21,Unscheduled Repair,402136.56,2020-08-08
AMH007024,ACFT00135,2024-11-24,C-Check,13297.15,2026-01-07
AMH007025,ACFT00573,2025-02-18,A-Check,498210.19,2026-07-24
AMH007026,ACFT00126,2021-08-14,B-Check,223895.14,2022-09-06
AMH007027,ACFT00453,2020-11-18,Unscheduled Repair,19375.77,2021-11-13
AMH007028,ACFT00193,2022-09-08,A-Check,451971.22,2023-07-22
AMH007029,ACFT00125,2021-11-29,A-Check,11045.6,2023-04-08
AMH007030,ACFT00554,2023-07-11,B-Check,367879.66,2025-04-04
AMH007031,ACFT00188,2018-08-12,C-Check,287560.13,2020-05-15
AMH007032,ACFT00224,2025-10-02,B-Check,2456.52,2026-03-19
AMH007033,ACFT00550,2020-09-13,A-Check,320060.67,2021-01-23
AMH007034,ACFT00033,2026-03-31,B-Check,172805.23,2027-09-30
AMH007035,ACFT00036,2026-06-01,D-Check,469224.65,2027-05-29
AMH007036,ACFT00022,2025-04-09,C-Check,67616.38,2027-02-02
AMH007037,ACFT00423,2023-04-28,C-Check,247770.3,2024-10-11
AMH007038,ACFT00092,2018-03-28,A-Check,461801.44,2019-11-08
AMH007039,ACFT00144,2023-11-15,C-Check,166537.4,2024-04-17
AMH007040,ACFT00293,2018-01-07,Unscheduled Repair,167293.32,2018-10-14
AMH007041,ACFT00104,2023-09-03,C-Check,307680.08,2024-08-29
AMH007042,ACFT00352,2021-10-14,A-Check,316085.1,2023-04-16
AMH007043,ACFT00451,2020-03-05,B-Check,106345.04,2022-01-22
AMH007044,ACFT00202,2025-09-06,C-Check,431867.11,2026-05-14
AMH007045,ACFT00547,2021-01-16,A-Check,192237.6,2022-08-14
AMH007046,ACFT00091,2019-02-04,A-Check,341580.46,2019-05-27
AMH007047,ACFT00025,2021-09-02,B-Check,289240.85,2023-08-28
AMH007048,ACFT00102,2021-03-06,A-Check,210371.79,2022-08-28
AMH007049,ACFT00049,2025-08-12,Unscheduled Repair,165326.72,2027-01-15
AMH007050,ACFT00478,2020-11-11,A-Check,85917.41,2022-04-12
AMH007051,ACFT00334,2018-07-02,A-Check,416599.68,2019-06-12
AMH007052,ACFT00110,2022-01-17,A-Check,97131.83,2022-08-07
AMH007053,ACFT00198,2021-07-16,A-Check,341725.21,2023-04-26
AMH007054,ACFT00241,2024-02-29,B-Check,318235.0,2024-11-29
AMH007055,ACFT00127,2023-05-24,A-Check,341898.09,2025-04-14
AMH007056,ACFT00017,2021-11-03,A-Check,473557.75,2023-10-05
AMH007057,ACFT00232,2026-07-28,A-Check,151717.28,2027-05-24
AMH007058,ACFT00313,2021-06-10,Unscheduled Repair,268330.76,2022-04-26
AMH007059,ACFT00423,2025-10-29,C-Check,279847.35,2027-05-09
AMH007060,ACFT00332,2018-07-13,A-Check,281671.83,2020-01-30
AMH007061,ACFT00143,2019-08-05,Unscheduled Repair,368456.67,2020-04-08
AMH007062,ACFT00253,2026-06-05,A-Check,142860.82,2028-02-28
AMH007063,ACFT00367,2018-03-02,C-Check,155386.85,2018-07-28
AMH007064,ACFT00341,2021-07-22,Unscheduled Repair,115425.71,2022-02-02
AMH007065,ACFT00198,2024-10-15,B-Check,215051.86,2026-07-22
AMH007066,ACFT00148,2023-10-28,A-Check,227040.88,2024-04-09
AMH007067,ACFT00408,2019-09-23,Unscheduled Repair,400787.26,2020-02-01
AMH007068,ACFT00387,2018-10-16,A-Check,198222.65,2019-10-30
AMH007069,ACFT00595,2024-01-09,B-Check,315294.41,2025-05-21
AMH007070,ACFT00272,2025-06-11,A-Check,288834.48,2025-09-17
AMH007071,ACFT00441,2021-05-29,B-Check,106957.85,2022-02-15
AMH007072,ACFT00435,2022-01-06,C-Check,198559.57,2022-10-01
AMH007073,ACFT00430,2024-05-25,A-Check,208423.57,2025-12-02
AMH007074,ACFT00555,2023-04-14,B-Check,8853.04,2025-03-07
AMH007075,ACFT00062,2022-04-03,A-Check,121750.67,2023-06-18
AMH007076,ACFT00263,2020-09-13,Unscheduled Repair,112899.0,2021-03-25
AMH007077,ACFT00465,2021-03-28,C-Check,393595.93,2022-11-29
AMH007078,ACFT00355,2020-04-20,A-Check,324230.89,2021-01-21
AMH007079,ACFT00015,2021-10-11,A-Check,194250.47,2022-06-12
AMH007080,ACFT00499,2023-11-17,C-Check,102661.36,2024-11-24
AMH007081,ACFT00348,2021-03-22,C-Check,12344.37,2022-02-27
AMH007082,ACFT00096,2022-06-09,A-Check,294497.12,2022-11-21
AMH007083,ACFT00252,2021-05-25,A-Check,88771.1,2022-09-14
AMH007084,ACFT00138,2022-05-01,D-Check,14212.45,2024-04-20
AMH007085,ACFT00348,2026-02-20,A-Check,185184.98,2027-03-28
AMH007086,ACFT00319,2018-03-04,B-Check,402081.63,2018-10-15
AMH007087,ACFT00365,2026-07-17,A-Check,72205.09,2027-01-17
AMH007088,ACFT00253,2025-02-14,A-Check,300782.89,2026-09-17
AMH007089,ACFT00431,2020-01-22,C-Check,431666.22,2020-06-04
AMH007090,ACFT00413,2021-12-04,A-Check,205888.62,2023-11-02
AMH007091,ACFT00408,2023-06-21,B-Check,141423.77,2024-11-28
AMH007092,ACFT00223,2025-06-27,A-Check,388219.2,2026-04-02
AMH007093,ACFT00346,2024-07-21,A-Check,212280.47,2026-06-30
AMH007094,ACFT00332,2026-03-09,A-Check,21739.25,2026-08-01
AMH007095,ACFT00262,2019-10-04,A-Check,134492.63,2020-12-03
AMH007096,ACFT00379,2021-12-22,B-Check,456598.13,2022-05-05
AMH007097,ACFT00216,2021-09-20,A-Check,433400.99,2023-07-04
AMH007098,ACFT00261,2021-07-16,Unscheduled Repair,439164.16,2021-10-23
AMH007099,ACFT00287,2020-03-30,A-Check,191946.11,2021-06-16
AMH007100,ACFT00274,2022-11-10,Unscheduled Repair,401026.22,2024-04-18
AMH007101,ACFT00580,2025-07-13,C-Check,472619.14,2026-10-25
AMH007102,ACFT00091,2020-08-28,B-Check,28760.27,2021-10-14
AMH007103,ACFT00516,2021-08-17,Unscheduled Repair,392837.98,2022-03-23
AMH007104,ACFT00229,2025-03-25,B-Check,10178.62,2026-10-18
AMH007105,ACFT00074,2025-10-15,A-Check,37239.36,2026-04-12
AMH007106,ACFT00567,2019-12-02,B-Check,430718.12,2021-09-17
AMH007107,ACFT00460,2021-11-13,C-Check,52315.07,2023-07-05
AMH007108,ACFT00315,2025-07-27,B-Check,221584.19,2026-08-03
AMH007109,ACFT00140,2021-12-26,C-Check,280981.1,2022-04-19
AMH007110,ACFT00492,2023-09-02,B-Check,48558.03,2024-11-15
AMH007111,ACFT00424,2020-08-14,C-Check,450780.28,2021-10-11
AMH007112,ACFT00230,2021-09-25,A-Check,92733.21,2023-08-18
AMH007113,ACFT00279,2026-06-11,A-Check,349212.82,2026-10-21
AMH007114,ACFT00363,2026-06-28,B-Check,73248.1,2027-11-13
AMH007115,ACFT00032,2021-08-13,A-Check,272808.59,2022-02-05
AMH007116,ACFT00285,2019-01-06,C-Check,313711.87,2020-01-22
AMH007117,ACFT00366,2018-06-21,A-Check,206388.75,2020-05-21
AMH007118,ACFT00217,2025-10-25,C-Check,115102.64,2026-04-22
AMH007119,ACFT00191,2020-04-03,B-Check,113921.8,2020-08-18
AMH007120,ACFT00261,2019-07-02,Unscheduled Repair,199555.82,2020-10-05
AMH007121,ACFT00407,2020-05-08,C-Check,335407.11,2021-02-16
AMH007122,ACFT00002,2024-01-02,C-Check,154236.15,2024-11-26
AMH007123,ACFT00428,2026-01-28,B-Check,15122.84,2026-12-23
AMH007124,ACFT00441,2018-11-27,C-Check,85007.87,2019-04-01
AMH007125,ACFT00576,2018-09-30,A-Check,375303.13,2019-04-11
AMH007126,ACFT00045,2020-06-19,A-Check,173523.3,2020-10-08
AMH007127,ACFT00536,2022-01-12,A-Check,11082.48,2023-10-24
AMH007128,ACFT00012,2024-04-04,B-Check,335073.9,2025-07-04
AMH007129,ACFT00414,2018-12-25,C-Check,118170.53,2020-11-13
AMH007130,ACFT00494,2024-10-12,Unscheduled Repair,192127.8,2026-03-03
AMH007131,ACFT00108,2026-02-18,A-Check,418777.39,2026-11-20
AMH007132,ACFT00357,2020-06-19,D-Check,438847.01,2022-03-16
AMH007133,ACFT00051,2026-03-18,A-Check,359632.69,2026-10-15
AMH007134,ACFT00298,2020-01-26,A-Check,180571.88,2020-09-18
AMH007135,ACFT00105,2018-09-02,A-Check,120242.55,2019-09-30
AMH007136,ACFT00261,2024-11-19,Unscheduled Repair,135165.43,2026-08-01
AMH007137,ACFT00376,2023-04-10,A-Check,108690.58,2023-11-03
AMH007138,ACFT00354,2022-10-23,C-Check,104320.54,2024-02-16
AMH007139,ACFT00080,2026-03-04,B-Check,453708.04,2027-06-16
AMH007140,ACFT00159,2018-02-08,A-Check,169892.77,2019-06-29
AMH007141,ACFT00083,2025-05-19,B-Check,489265.02,2026-02-12
AMH007142,ACFT00078,2022-02-04,A-Check,414117.05,2022-06-26
AMH007143,ACFT00499,2023-12-21,C-Check,223958.07,2024-06-08
AMH007144,ACFT00594,2024-06-29,B-Check,167442.53,2025-10-06
AMH007145,ACFT00370,2021-02-24,A-Check,124239.94,2021-11-07
AMH007146,ACFT00267,2022-05-26,B-Check,155360.11,2024-05-18
AMH007147,ACFT00472,2026-07-11,C-Check,174091.75,2027-10-30
AMH007148,ACFT00580,2022-10-19,A-Check,168230.92,2024-05-11
AMH007149,ACFT00456,2018-09-18,B-Check,389144.22,2019-10-19
AMH007150,ACFT00046,2025-10-19,C-Check,22550.08,2026-03-14
AMH007151,ACFT00582,2022-06-04,A-Check,492938.0,2022-12-09
AMH007152,ACFT00440,2024-02-29,B-Check,330745.23,2025-11-09
AMH007153,ACFT00006,2025-03-31,A-Check,429757.64,2027-01-13
AMH007154,ACFT00585,2025-10-20,A-Check,114412.79,2026-10-19
AMH007155,ACFT00237,2022-01-08,C-Check,169750.21,2023-04-20
AMH007156,ACFT00553,2021-06-14,A-Check,468514.06,2022-04-22
AMH007157,ACFT00547,2021-01-11,C-Check,37212.68,2021-12-12
AMH007158,ACFT00221,2020-08-03,B-Check,375495.65,2022-07-24
AMH007159,ACFT00165,2018-11-08,B-Check,335787.07,2020-04-10
AMH007160,ACFT00058,2018-08-14,C-Check,23372.18,2018-12-27
AMH007161,ACFT00287,2026-03-08,A-Check,47548.21,2027-10-03
AMH007162,ACFT00513,2020-03-12,Unscheduled Repair,269282.38,2020-09-22
AMH007163,ACFT00349,2022-05-15,B-Check,214042.68,2023-06-23
AMH007164,ACFT00002,2018-06-20,A-Check,83790.56,2019-03-11
AMH007165,ACFT00594,2023-09-23,A-Check,412600.65,2024-11-03
AMH007166,ACFT00532,2025-09-02,C-Check,250885.01,2027-07-27
AMH007167,ACFT00094,2024-04-03,B-Check,102940.28,2025-09-21
AMH007168,ACFT00137,2026-06-14,A-Check,252128.76,2028-03-23
AMH007169,ACFT00012,2018-12-29,A-Check,215472.3,2020-01-28
AMH007170,ACFT00220,2025-03-18,B-Check,27017.06,2025-10-18
AMH007171,ACFT00232,2020-06-04,C-Check,330132.09,2020-10-06
AMH007172,ACFT00179,2024-05-07,C-Check,177856.7,2025-08-08
AMH007173,ACFT00361,2025-03-21,B-Check,362068.36,2025-06-21
AMH007174,ACFT00008,2018-08-07,A-Check,248835.72,2019-03-16
AMH007175,ACFT00236,2021-05-16,B-Check,395954.19,2023-04-14
AMH007176,ACFT00163,2019-01-15,C-Check,258258.27,2020-01-25
AMH007177,ACFT00347,2026-04-13,D-Check,490700.76,2027-05-29
AMH007178,ACFT00201,2024-05-14,Unscheduled Repair,55099.18,2026-01-19
AMH007179,ACFT00065,2024-06-14,B-Check,25180.66,2025-07-25
AMH007180,ACFT00176,2021-08-27,C-Check,438966.36,2022-05-05
AMH007181,ACFT00350,2018-07-19,A-Check,189384.41,2020-07-16
AMH007182,ACFT00166,2021-10-13,B-Check,113305.63,2022-06-28
AMH007183,ACFT00130,2019-09-28,A-Check,104624.21,2020-12-29
AMH007184,ACFT00540,2020-04-02,B-Check,94483.29,2020-08-31
AMH007185,ACFT00101,2018-12-12,A-Check,25824.32,2020-09-10
AMH007186,ACFT00337,2021-08-19,D-Check,376888.49,2022-12-29
AMH007187,ACFT00121,2018-06-22,A-Check,81854.7,2020-05-20
AMH007188,ACFT00379,2023-12-07,A-Check,107194.31,2025-03-15
AMH007189,ACFT00492,2022-02-24,C-Check,481286.42,2024-02-14
AMH007190,ACFT00474,2022-03-25,C-Check,185000.51,2023-08-30
AMH007191,ACFT00104,2024-07-13,A-Check,390079.67,2025-02-08
AMH007192,ACFT00512,2024-08-04,A-Check,385349.95,2026-05-13
AMH007193,ACFT00333,2025-10-31,B-Check,84075.09,2027-03-13
AMH007194,ACFT00288,2019-08-09,A-Check,362179.8,2021-04-14
AMH007195,ACFT00341,2024-02-21,B-Check,235437.35,2025-01-18
AMH007196,ACFT00589,2022-12-25,Unscheduled Repair,168574.43,2023-10-23
AMH007197,ACFT00398,2021-01-04,C-Check,29751.41,2022-05-12
AMH007198,ACFT00295,2023-02-14,C-Check,477267.31,2023-09-07
AMH007199,ACFT00265,2025-08-20,B-Check,219279.36,2027-08-14
AMH007200,ACFT00226,2023-03-20,C-Check,184575.02,2024-10-14
AMH007201,ACFT00101,2023-11-15,B-Check,171884.2,2024-10-15
AMH007202,ACFT00382,2019-10-10,B-Check,279664.49,2020-11-21
AMH007203,ACFT00318,2022-12-07,B-Check,440943.92,2024-11-03
AMH007204,ACFT00054,2025-01-17,Unscheduled Repair,18279.8,2026-09-07
AMH007205,ACFT00310,2025-08-08,D-Check,337341.04,2026-01-31
AMH007206,ACFT00190,2023-09-13,A-Check,481323.51,2024-11-15
AMH007207,ACFT00299,2019-11-17,A-Check,9196.79,2020-06-26
AMH007208,ACFT00535,2022-01-17,C-Check,408331.9,2022-11-28
AMH007209,ACFT00500,2025-12-04,A-Check,182169.66,2027-02-04
AMH007210,ACFT00319,2026-02-25,D-Check,273683.71,2027-07-09
AMH007211,ACFT00335,2022-01-18,A-Check,464649.52,2023-08-22
AMH007212,ACFT00281,2026-07-04,A-Check,72256.17,2027-01-07
AMH007213,ACFT00166,2018-04-10,Unscheduled Repair,116526.91,2018-12-06
AMH007214,ACFT00136,2022-04-21,A-Check,436139.13,2022-12-13
AMH007215,ACFT00199,2018-11-15,A-Check,427942.35,2019-02-19
AMH007216,ACFT00193,2020-11-18,D-Check,402061.83,2022-05-18
AMH007217,ACFT00312,2022-03-22,Unscheduled Repair,202846.57,2023-05-02
AMH007218,ACFT00081,2020-08-31,B-Check,333094.67,2022-03-24
AMH007219,ACFT00245,2025-06-20,A-Check,291499.0,2026-03-28
AMH007220,ACFT00050,2021-02-27,A-Check,153169.97,2022-12-03
AMH007221,ACFT00060,2021-09-14,A-Check,257617.45,2022-05-06
AMH007222,ACFT00107,2021-06-10,D-Check,386541.01,2021-11-22
AMH007223,ACFT00150,2024-10-16,A-Check,428850.3,2025-08-15
AMH007224,ACFT00299,2023-06-02,A-Check,440056.16,2023-10-01
AMH007225,ACFT00038,2021-05-06,C-Check,310396.55,2022-01-21
AMH007226,ACFT00408,2024-10-10,B-Check,268084.48,2025-10-25
AMH007227,ACFT00118,2025-10-03,B-Check,121297.51,2027-03-11
AMH007228,ACFT00089,2020-07-30,A-Check,100721.68,2021-10-11
AMH007229,ACFT00587,2023-10-07,C-Check,159076.81,2024-07-23
AMH007230,ACFT00024,2024-12-17,C-Check,459102.14,2026-10-09
AMH007231,ACFT00579,2023-08-06,B-Check,358313.25,2025-02-07
AMH007232,ACFT00120,2025-07-01,C-Check,381479.34,2026-07-09
AMH007233,ACFT00115,2022-04-28,Unscheduled Repair,488177.08,2024-03-17
AMH007234,ACFT00577,2019-05-07,Unscheduled Repair,351583.78,2020-02-27
AMH007235,ACFT00498,2019-01-02,A-Check,366647.16,2020-06-23
AMH007236,ACFT00559,2024-06-14,B-Check,224733.44,2026-03-22
AMH007237,ACFT00457,2024-01-15,A-Check,392796.59,2024-10-07
AMH007238,ACFT00245,2023-07-20,Unscheduled Repair,249753.63,2024-03-27
AMH007239,ACFT00592,2018-06-18,A-Check,146081.6,2018-10-20
AMH007240,ACFT00067,2023-11-19,C-Check,312962.84,2025-05-19
AMH007241,ACFT00344,2021-07-12,A-Check,8553.63,2023-04-08
AMH007242,ACFT00046,2021-08-28,A-Check,345931.88,2023-03-02
AMH007243,ACFT00001,2018-06-07,A-Check,86751.73,2019-08-19
AMH007244,ACFT00495,2025-01-02,A-Check,23239.93,2026-06-05
AMH007245,ACFT00385,2020-05-17,A-Check,294632.29,2021-05-27
AMH007246,ACFT00140,2024-03-28,B-Check,3557.17,2025-06-04
AMH007247,ACFT00127,2025-06-02,C-Check,190462.45,2026-08-01
AMH007248,ACFT00042,2022-03-30,Unscheduled Repair,80020.34,2022-09-11
AMH007249,ACFT00421,2019-04-21,B-Check,392534.93,2020-11-21
AMH007250,ACFT00584,2021-12-25,A-Check,8347.91,2023-03-14
AMH007251,ACFT00448,2025-12-03,B-Check,496861.65,2027-04-10
AMH007252,ACFT00595,2026-04-17,C-Check,241266.48,2027-02-10
AMH007253,ACFT00195,2023-12-20,A-Check,147444.34,2025-07-04
AMH007254,ACFT00510,2024-06-06,B-Check,426716.77,2025-11-30
AMH007255,ACFT00384,2019-07-23,B-Check,477072.58,2019-11-23
AMH007256,ACFT00568,2021-03-15,Unscheduled Repair,247834.57,2022-03-15
AMH007257,ACFT00096,2023-05-27,C-Check,247419.44,2024-04-23
AMH007258,ACFT00362,2020-09-23,Unscheduled Repair,499963.65,2021-10-16
AMH007259,ACFT00334,2018-06-26,A-Check,230629.77,2019-11-24
AMH007260,ACFT00355,2019-02-18,B-Check,482134.95,2020-08-10
AMH007261,ACFT00309,2018-06-23,A-Check,149513.45,2018-12-08
AMH007262,ACFT00349,2024-06-29,B-Check,499725.95,2026-03-24
AMH007263,ACFT00171,2026-01-18,A-Check,267105.19,2026-06-21
AMH007264,ACFT00294,2019-06-18,A-Check,158789.17,2021-06-02
AMH007265,ACFT00384,2021-12-15,C-Check,399013.52,2022-08-03
AMH007266,ACFT00404,2026-01-13,A-Check,351482.44,2027-04-23
AMH007267,ACFT00588,2025-04-08,A-Check,496629.14,2025-12-11
AMH007268,ACFT00235,2018-10-31,D-Check,56111.55,2019-02-14
AMH007269,ACFT00396,2021-11-13,B-Check,277099.08,2022-05-27
AMH007270,ACFT00388,2018-01-13,C-Check,157327.12,2019-12-27
AMH007271,ACFT00263,2024-08-16,C-Check,398314.48,2025-09-21
AMH007272,ACFT00158,2023-08-22,Unscheduled Repair,166290.44,2025-04-26
AMH007273,ACFT00286,2023-07-07,A-Check,356169.61,2024-10-04
AMH007274,ACFT00434,2018-01-29,A-Check,238575.07,2019-06-03
AMH007275,ACFT00050,2025-11-21,C-Check,84099.56,2027-05-23
AMH007276,ACFT00437,2024-03-03,D-Check,285760.78,2025-01-21
AMH007277,ACFT00437,2024-03-03,B-Check,89125.35,2025-09-30
AMH007278,ACFT00344,2018-03-26,A-Check,497967.73,2020-01-30
AMH007279,ACFT00169,2024-01-20,A-Check,260540.56,2024-11-05
AMH007280,ACFT00297,2026-07-25,B-Check,129780.84,2027-11-07
AMH007281,ACFT00387,2022-03-25,A-Check,62606.85,2023-11-08
AMH007282,ACFT00188,2024-07-23,C-Check,314106.83,2026-04-19
AMH007283,ACFT00346,2021-01-02,C-Check,245145.7,2021-04-23
AMH007284,ACFT00526,2019-04-08,B-Check,61236.31,2019-10-06
AMH007285,ACFT00262,2025-02-28,Unscheduled Repair,352359.64,2026-01-05
AMH007286,ACFT00087,2019-08-31,A-Check,432517.34,2020-05-08
AMH007287,ACFT00181,2026-03-11,D-Check,253486.43,2027-07-03
AMH007288,ACFT00196,2025-03-26,C-Check,203502.93,2026-04-23
AMH007289,ACFT00395,2018-08-22,C-Check,158333.03,2020-06-02
AMH007290,ACFT00111,2021-05-06,B-Check,478626.14,2022-08-27
AMH007291,ACFT00100,2020-06-08,Unscheduled Repair,81790.63,2021-04-22
AMH007292,ACFT00385,2021-04-17,A-Check,194240.14,2021-11-06
AMH007293,ACFT00150,2026-06-04,A-Check,53621.26,2026-09-03
AMH007294,ACFT00298,2018-01-27,A-Check,95599.83,2019-10-05
AMH007295,ACFT00461,2025-04-09,C-Check,115093.08,2026-01-29
AMH007296,ACFT00140,2019-07-06,A-Check,223773.79,2019-11-13
AMH007297,ACFT00376,2023-03-31,C-Check,270633.02,2023-12-24
AMH007298,ACFT00547,2025-01-25,B-Check,11940.37,2026-01-18
AMH007299,ACFT00556,2023-09-25,A-Check,382509.0,2024-08-29
AMH007300,ACFT00545,2023-11-11,A-Check,190373.33,2025-01-02
AMH007301,ACFT00178,2024-05-15,Unscheduled Repair,27700.68,2026-02-08
AMH007302,ACFT00059,2018-10-12,A-Check,89595.82,2019-08-04
AMH007303,ACFT00287,2019-04-05,C-Check,479239.25,2020-12-30
AMH007304,ACFT00145,2025-11-14,Unscheduled Repair,169656.16,2027-07-27
AMH007305,ACFT00280,2024-04-12,Unscheduled Repair,497438.49,2025-09-28
AMH007306,ACFT00046,2020-02-08,A-Check,284024.63,2021-05-10
AMH007307,ACFT00304,2018-01-19,C-Check,302640.91,2019-12-01
AMH007308,ACFT00509,2023-06-16,A-Check,479260.65,2025-02-13
AMH007309,ACFT00372,2019-04-03,Unscheduled Repair,147207.17,2019-10-15
AMH007310,ACFT00406,2020-10-10,B-Check,154702.75,2021-03-29
AMH007311,ACFT00198,2022-10-11,C-Check,452497.08,2023-05-25
AMH007312,ACFT00065,2021-02-06,A-Check,329547.18,2021-07-04
AMH007313,ACFT00422,2021-05-16,A-Check,40212.54,2022-04-06
AMH007314,ACFT00474,2019-06-06,C-Check,215845.51,2021-02-16
AMH007315,ACFT00321,2018-06-25,Unscheduled Repair,467116.71,2020-04-27
AMH007316,ACFT00538,2020-01-29,C-Check,28424.92,2021-04-09
AMH007317,ACFT00579,2025-02-23,B-Check,109112.1,2025-09-17
AMH007318,ACFT00140,2025-01-29,D-Check,371732.63,2026-10-08
AMH007319,ACFT00096,2025-02-11,A-Check,498334.19,2026-02-09
AMH007320,ACFT00052,2018-11-05,A-Check,106901.99,2019-07-21
AMH007321,ACFT00428,2021-03-07,Unscheduled Repair,402371.24,2021-09-19
AMH007322,ACFT00142,2019-09-19,A-Check,137948.47,2020-08-09
AMH007323,ACFT00220,2023-12-31,B-Check,22401.6,2025-09-30
AMH007324,ACFT00507,2022-10-08,A-Check,66368.58,2024-04-10
AMH007325,ACFT00237,2024-04-05,D-Check,198095.8,2025-06-28
AMH007326,ACFT00360,2023-03-06,B-Check,440085.64,2024-04-17
AMH007327,ACFT00566,2018-07-27,A-Check,356682.25,2020-02-11
AMH007328,ACFT00314,2019-01-19,B-Check,238625.29,2020-05-16
AMH007329,ACFT00286,2019-05-03,A-Check,73822.94,2020-11-14
AMH007330,ACFT00104,2019-10-09,C-Check,90067.0,2020-11-04
AMH007331,ACFT00148,2020-04-02,C-Check,114235.0,2020-07-25
AMH007332,ACFT00271,2025-03-10,A-Check,497480.39,2026-03-18
AMH007333,ACFT00268,2021-02-08,B-Check,120394.53,2021-06-12
AMH007334,ACFT00195,2026-07-18,D-Check,296424.58,2027-07-06
AMH007335,ACFT00517,2019-08-18,A-Check,67073.41,2021-05-14
AMH007336,ACFT00027,2021-10-07,A-Check,28473.78,2022-05-17
AMH007337,ACFT00344,2018-07-17,A-Check,389386.78,2020-06-07
AMH007338,ACFT00206,2020-08-04,A-Check,463883.77,2022-03-03
AMH007339,ACFT00596,2019-08-28,Unscheduled Repair,56645.49,2020-12-17
AMH007340,ACFT00435,2026-04-03,D-Check,113110.21,2026-10-13
AMH007341,ACFT00186,2021-12-01,A-Check,230102.92,2023-08-08
AMH007342,ACFT00584,2020-07-31,A-Check,450677.23,2020-12-01
AMH007343,ACFT00204,2023-08-24,A-Check,115789.04,2025-04-21
AMH007344,ACFT00299,2024-01-31,A-Check,83689.99,2025-11-16
AMH007345,ACFT00490,2024-10-24,Unscheduled Repair,141449.52,2025-07-08
AMH007346,ACFT00427,2025-08-17,B-Check,431727.03,2026-10-16
AMH007347,ACFT00335,2026-07-17,D-Check,301080.27,2027-06-17
AMH007348,ACFT00548,2018-09-05,A-Check,476294.18,2019-12-22
AMH007349,ACFT00161,2021-11-05,B-Check,102344.84,2023-06-04
AMH007350,ACFT00450,2026-07-25,A-Check,292224.29,2027-03-20
AMH007351,ACFT00059,2024-07-28,A-Check,332743.26,2025-01-01
AMH007352,ACFT00035,2025-10-13,C-Check,439835.13,2027-01-08
AMH007353,ACFT00113,2023-05-05,A-Check,173875.46,2023-12-05
AMH007354,ACFT00454,2024-11-13,A-Check,51181.59,2026-06-06
AMH007355,ACFT00512,2019-10-21,Unscheduled Repair,195864.93,2021-05-04
AMH007356,ACFT00433,2023-04-23,A-Check,292157.88,2024-01-11
AMH007357,ACFT00510,2022-02-13,C-Check,70273.4,2022-08-09
AMH007358,ACFT00141,2021-08-24,B-Check,115291.59,2022-01-07
AMH007359,ACFT00330,2023-09-10,A-Check,402321.1,2025-05-05
AMH007360,ACFT00203,2024-04-04,C-Check,326515.05,2025-08-05
AMH007361,ACFT00567,2026-02-10,D-Check,391118.17,2026-10-07
AMH007362,ACFT00297,2021-07-21,Unscheduled Repair,57132.75,2022-09-22
AMH007363,ACFT00111,2018-06-14,A-Check,385494.7,2020-03-05
AMH007364,ACFT00398,2020-05-28,B-Check,181812.64,2020-10-03
AMH007365,ACFT00551,2022-05-22,Unscheduled Repair,74289.33,2023-01-28
AMH007366,ACFT00488,2022-09-19,Unscheduled Repair,145222.59,2023-06-06
AMH007367,ACFT00471,2018-01-29,A-Check,84935.83,2018-07-17
AMH007368,ACFT00196,2019-07-04,A-Check,472390.9,2020-06-01
AMH007369,ACFT00528,2024-07-21,A-Check,60508.92,2026-05-17
AMH007370,ACFT00524,2022-06-30,D-Check,133504.28,2024-04-29
AMH007371,ACFT00335,2020-04-23,C-Check,191939.42,2020-07-24
AMH007372,ACFT00351,2024-06-09,Unscheduled Repair,107985.8,2025-03-11
AMH007373,ACFT00268,2022-01-29,C-Check,256059.05,2023-12-22
AMH007374,ACFT00202,2018-12-01,B-Check,237337.85,2019-03-27
AMH007375,ACFT00543,2025-12-29,B-Check,105595.91,2026-12-26
AMH007376,ACFT00040,2020-07-04,A-Check,231708.45,2020-11-21
AMH007377,ACFT00407,2022-09-15,B-Check,111865.74,2023-06-16
AMH007378,ACFT00232,2023-04-07,A-Check,386129.18,2023-09-18
AMH007379,ACFT00118,2022-05-05,A-Check,381370.5,2022-11-18
AMH007380,ACFT00135,2024-08-02,A-Check,94296.21,2025-05-28
AMH007381,ACFT00411,2023-11-07,Unscheduled Repair,482976.04,2025-11-03
AMH007382,ACFT00135,2025-08-28,A-Check,290356.89,2027-06-02
AMH007383,ACFT00317,2020-10-27,A-Check,61372.99,2022-01-15
AMH007384,ACFT00583,2019-02-02,A-Check,205805.81,2020-01-23
AMH007385,ACFT00210,2019-05-09,A-Check,84039.6,2021-01-05
AMH007386,ACFT00363,2021-03-19,A-Check,161261.02,2022-02-06
AMH007387,ACFT00421,2023-10-21,B-Check,148404.97,2025-01-11
AMH007388,ACFT00113,2022-06-27,D-Check,183084.55,2023-06-01
AMH007389,ACFT00532,2018-11-19,A-Check,117885.3,2020-05-24
AMH007390,ACFT00399,2023-02-20,C-Check,34141.68,2025-01-02
AMH007391,ACFT00046,2023-11-14,A-Check,40024.48,2024-08-29
AMH007392,ACFT00276,2022-01-17,C-Check,216920.48,2022-07-09
AMH007393,ACFT00338,2021-05-03,A-Check,206161.61,2022-04-11
AMH007394,ACFT00447,2021-02-15,Unscheduled Repair,6862.08,2021-08-01
AMH007395,ACFT00349,2024-02-27,D-Check,423973.43,2025-08-30
AMH007396,ACFT00064,2026-04-14,B-Check,242725.63,2027-06-01
AMH007397,ACFT00538,2021-12-21,B-Check,328121.36,2023-06-19
AMH007398,ACFT00382,2026-07-15,A-Check,8847.19,2028-02-15
AMH007399,ACFT00466,2025-06-15,A-Check,444171.83,2026-10-06
AMH007400,ACFT00079,2022-05-01,A-Check,154010.05,2023-07-12
AMH007401,ACFT00462,2021-03-13,Unscheduled Repair,257304.16,2022-04-09
AMH007402,ACFT00163,2023-09-05,D-Check,444454.1,2024-03-12
AMH007403,ACFT00054,2021-08-08,B-Check,444441.13,2022-05-06
AMH007404,ACFT00582,2022-09-23,A-Check,36645.28,2023-09-04
AMH007405,ACFT00548,2025-11-28,A-Check,338806.22,2026-03-06
AMH007406,ACFT00557,2022-01-25,C-Check,114605.62,2023-04-11
AMH007407,ACFT00446,2020-03-21,C-Check,292710.51,2021-04-20
AMH007408,ACFT00453,2024-07-16,B-Check,408001.17,2025-11-14
AMH007409,ACFT00508,2023-07-10,A-Check,183507.31,2024-12-15
AMH007410,ACFT00322,2020-03-28,D-Check,476661.95,2020-06-27
AMH007411,ACFT00534,2026-04-27,A-Check,126836.4,2027-08-13
AMH007412,ACFT00405,2021-03-04,Unscheduled Repair,430465.06,2021-11-10
AMH007413,ACFT00596,2021-02-27,B-Check,314507.47,2021-12-11
AMH007414,ACFT00272,2022-11-27,Unscheduled Repair,427869.62,2024-04-12
AMH007415,ACFT00286,2018-08-09,A-Check,11347.32,2019-10-05
AMH007416,ACFT00017,2025-08-23,A-Check,366133.85,2026-06-27
AMH007417,ACFT00218,2022-11-09,Unscheduled Repair,123749.88,2024-02-09
AMH007418,ACFT00493,2024-04-27,Unscheduled Repair,340166.2,2025-03-15
AMH007419,ACFT00417,2023-01-16,Unscheduled Repair,82546.93,2024-04-06
AMH007420,ACFT00479,2022-01-18,A-Check,190489.41,2024-01-11
AMH007421,ACFT00368,2021-05-05,B-Check,492914.42,2021-12-12
AMH007422,ACFT00043,2025-06-25,A-Check,212868.6,2025-12-01
AMH007423,ACFT00341,2024-12-16,Unscheduled Repair,33744.81,2026-11-14
AMH007424,ACFT00570,2023-07-03,B-Check,222253.8,2025-05-06
AMH007425,ACFT00398,2018-03-08,A-Check,196996.28,2019-12-02
AMH007426,ACFT00223,2019-10-01,A-Check,228844.6,2020-03-26
AMH007427,ACFT00091,2019-09-06,B-Check,385721.79,2020-07-29
AMH007428,ACFT00266,2026-06-01,A-Check,274194.6,2027-09-16
AMH007429,ACFT00199,2023-01-16,A-Check,218862.43,2023-07-05
AMH007430,ACFT00556,2026-05-10,C-Check,61105.66,2028-05-06
AMH007431,ACFT00340,2018-02-14,A-Check,112445.89,2019-08-02
AMH007432,ACFT00549,2022-08-13,A-Check,363558.65,2023-04-24
AMH007433,ACFT00597,2022-09-18,A-Check,187379.89,2023-07-04
AMH007434,ACFT00167,2024-04-17,B-Check,48001.11,2026-01-03
AMH007435,ACFT00522,2020-12-23,A-Check,377162.35,2022-12-18
AMH007436,ACFT00207,2022-06-30,B-Check,106111.72,2024-03-06
AMH007437,ACFT00592,2018-02-22,A-Check,138121.71,2020-01-16
AMH007438,ACFT00145,2023-01-14,A-Check,496860.68,2024-06-12
AMH007439,ACFT00279,2025-11-27,A-Check,99641.64,2026-11-28
AMH007440,ACFT00110,2021-07-21,A-Check,250469.15,2023-06-06
AMH007441,ACFT00153,2018-06-27,A-Check,175195.66,2018-11-10
AMH007442,ACFT00033,2024-08-11,A-Check,378289.51,2025-10-16
AMH007443,ACFT00181,2024-05-31,D-Check,186360.14,2026-02-07
AMH007444,ACFT00326,2020-05-02,Unscheduled Repair,241469.91,2022-04-16
AMH007445,ACFT00230,2025-06-24,A-Check,436192.28,2026-04-15
AMH007446,ACFT00352,2020-04-05,Unscheduled Repair,337882.43,2020-10-07
AMH007447,ACFT00277,2024-05-23,Unscheduled Repair,346883.8,2025-10-07
AMH007448,ACFT00094,2022-11-23,A-Check,201852.7,2023-09-02
AMH007449,ACFT00140,2021-11-10,B-Check,27925.64,2022-05-21
AMH007450,ACFT00532,2019-05-27,D-Check,408036.13,2020-01-03
AMH007451,ACFT00037,2018-07-02,A-Check,31256.12,2018-11-15
AMH007452,ACFT00454,2018-06-10,C-Check,200204.67,2019-01-10
AMH007453,ACFT00465,2022-07-27,A-Check,491491.69,2023-06-13
AMH007454,ACFT00303,2025-02-14,A-Check,224745.56,2026-03-13
AMH007455,ACFT00592,2020-10-24,A-Check,288770.65,2022-09-14
AMH007456,ACFT00363,2018-03-02,B-Check,426830.4,2019-12-22
AMH007457,ACFT00226,2023-07-21,A-Check,161947.69,2025-06-09
AMH007458,ACFT00268,2018-04-15,A-Check,277746.35,2019-11-05
AMH007459,ACFT00446,2022-11-15,B-Check,270726.56,2024-04-06
AMH007460,ACFT00060,2024-09-06,A-Check,429177.89,2025-10-30
AMH007461,ACFT00486,2018-11-25,A-Check,26531.87,2020-05-31
AMH007462,ACFT00303,2021-10-06,Unscheduled Repair,385170.59,2022-05-08
AMH007463,ACFT00380,2022-06-08,Unscheduled Repair,211678.32,2023-08-17
AMH007464,ACFT00062,2024-04-02,A-Check,254144.28,2024-11-06
AMH007465,ACFT00121,2020-04-05,A-Check,148804.0,2020-12-29
AMH007466,ACFT00331,2025-11-14,C-Check,91718.53,2026-06-27
AMH007467,ACFT00042,2023-10-30,B-Check,289219.17,2024-04-06
AMH007468,ACFT00456,2025-10-22,A-Check,470141.51,2026-02-11
AMH007469,ACFT00150,2018-10-19,C-Check,40436.74,2020-08-14
AMH007470,ACFT00107,2018-07-18,C-Check,478475.81,2020-01-28
AMH007471,ACFT00261,2023-03-03,C-Check,398315.84,2024-09-19
AMH007472,ACFT00213,2018-08-23,B-Check,318780.16,2019-12-12
AMH007473,ACFT00496,2020-02-12,B-Check,321232.28,2021-03-25
AMH007474,ACFT00098,2022-10-17,C-Check,11230.05,2024-05-26
AMH007475,ACFT00314,2025-02-01,A-Check,28532.16,2026-06-25
AMH007476,ACFT00477,2020-03-29,C-Check,253297.02,2021-09-30
AMH007477,ACFT00004,2023-04-10,D-Check,446642.15,2024-05-01
AMH007478,ACFT00541,2018-02-09,B-Check,422584.22,2019-04-29
AMH007479,ACFT00316,2026-01-28,A-Check,334437.17,2027-09-17
AMH007480,ACFT00072,2019-09-19,A-Check,399693.17,2020-06-02
AMH007481,ACFT00276,2025-01-18,B-Check,308150.95,2026-05-28
AMH007482,ACFT00197,2024-11-05,C-Check,112833.74,2025-11-25
AMH007483,ACFT00084,2022-07-18,A-Check,195515.15,2023-12-03
AMH007484,ACFT00216,2020-09-26,A-Check,71059.72,2021-12-21
AMH007485,ACFT00285,2018-01-31,C-Check,97895.98,2019-09-19
AMH007486,ACFT00022,2020-06-09,A-Check,8626.09,2021-09-06
AMH007487,ACFT00542,2021-04-14,B-Check,202460.16,2021-12-24
AMH007488,ACFT00294,2025-06-24,B-Check,228288.45,2026-11-17
AMH007489,ACFT00512,2023-10-31,B-Check,219635.5,2025-01-15
AMH007490,ACFT00592,2022-03-08,C-Check,307716.81,2023-12-16
AMH007491,ACFT00086,2022-03-08,A-Check,406753.28,2024-02-26
AMH007492,ACFT00278,2023-05-31,A-Check,354058.55,2025-02-01
AMH007493,ACFT00323,2025-06-24,A-Check,425942.66,2026-03-14
AMH007494,ACFT00353,2025-06-06,D-Check,247642.01,2026-09-12
AMH007495,ACFT00414,2025-07-19,B-Check,424942.13,2026-06-14
AMH007496,ACFT00247,2019-08-01,C-Check,270099.83,2020-01-21
AMH007497,ACFT00464,2021-12-19,A-Check,497601.72,2022-11-23
AMH007498,ACFT00116,2020-01-10,A-Check,79686.06,2021-11-07
AMH007499,ACFT00553,2019-02-24,B-Check,126290.38,2021-01-20
AMH007500,ACFT00372,2026-04-21,A-Check,189255.47,2026-09-03
AMH007501,ACFT00515,2018-05-14,B-Check,299739.86,2020-03-13
AMH007502,ACFT00578,2024-06-06,A-Check,360283.3,2026-04-16
AMH007503,ACFT00240,2026-01-02,Unscheduled Repair,34832.74,2027-12-22
AMH007504,ACFT00586,2022-12-13,B-Check,155359.02,2024-01-14
AMH007505,ACFT00244,2019-07-09,A-Check,469812.15,2021-01-20
AMH007506,ACFT00344,2020-10-03,B-Check,461632.98,2022-03-25
AMH007507,ACFT00066,2019-06-27,A-Check,477988.54,2019-10-27
AMH007508,ACFT00420,2025-02-15,C-Check,418007.44,2025-06-21
AMH007509,ACFT00134,2023-10-31,A-Check,474740.44,2025-09-28
AMH007510,ACFT00168,2023-08-18,B-Check,71737.52,2024-12-17
AMH007511,ACFT00536,2024-07-27,C-Check,422414.3,2025-11-25
AMH007512,ACFT00139,2024-08-30,A-Check,489383.28,2025-07-09
AMH007513,ACFT00208,2022-09-30,B-Check,317141.05,2024-07-31
AMH007514,ACFT00342,2021-04-04,A-Check,325887.6,2021-12-22
AMH007515,ACFT00428,2025-03-14,A-Check,347371.13,2025-11-02
AMH007516,ACFT00095,2025-07-30,C-Check,76931.26,2027-02-25
AMH007517,ACFT00093,2025-11-26,A-Check,60697.36,2026-06-09
AMH007518,ACFT00018,2022-08-07,B-Check,356585.12,2024-02-17
AMH007519,ACFT00006,2024-01-01,B-Check,135056.28,2025-02-18
AMH007520,ACFT00316,2023-01-05,B-Check,485897.83,2024-01-03
AMH007521,ACFT00185,2019-10-14,C-Check,277676.59,2021-08-20
AMH007522,ACFT00191,2022-04-07,Unscheduled Repair,443068.48,2022-08-24
AMH007523,ACFT00119,2020-04-20,Unscheduled Repair,418625.09,2022-01-29
AMH007524,ACFT00552,2019-06-01,B-Check,450215.34,2020-10-14
AMH007525,ACFT00002,2024-05-27,C-Check,52100.34,2025-10-28
AMH007526,ACFT00445,2018-04-17,A-Check,415087.26,2019-04-06
AMH007527,ACFT00228,2020-04-17,C-Check,324166.98,2021-09-11
AMH007528,ACFT00542,2022-09-03,D-Check,174556.28,2024-02-27
AMH007529,ACFT00432,2024-04-01,A-Check,109823.77,2025-07-07
AMH007530,ACFT00464,2025-09-02,B-Check,317199.37,2026-09-20
AMH007531,ACFT00184,2020-11-03,Unscheduled Repair,152755.81,2022-10-09
AMH007532,ACFT00361,2019-04-08,D-Check,261078.37,2019-09-07
AMH007533,ACFT00201,2023-04-16,A-Check,290690.38,2023-11-10
AMH007534,ACFT00574,2024-05-11,Unscheduled Repair,72565.95,2025-08-19
AMH007535,ACFT00292,2021-11-17,B-Check,324143.75,2022-10-05
AMH007536,ACFT00480,2024-08-11,A-Check,458542.84,2026-07-08
AMH007537,ACFT00474,2026-01-21,C-Check,146482.85,2027-10-17
AMH007538,ACFT00445,2025-04-27,A-Check,231067.75,2026-05-02
AMH007539,ACFT00462,2025-01-15,A-Check,155649.98,2026-07-19
AMH007540,ACFT00288,2018-07-22,Unscheduled Repair,40538.92,2020-02-05
AMH007541,ACFT00251,2024-11-16,A-Check,67993.59,2026-03-03
AMH007542,ACFT00268,2020-10-14,Unscheduled Repair,110547.06,2021-07-17
AMH007543,ACFT00467,2025-03-30,A-Check,246793.42,2026-03-18
AMH007544,ACFT00302,2025-01-05,B-Check,59567.78,2026-11-08
AMH007545,ACFT00254,2019-11-01,A-Check,103258.07,2021-09-22
AMH007546,ACFT00171,2023-02-07,A-Check,303413.79,2024-11-17
AMH007547,ACFT00060,2024-06-26,C-Check,308389.59,2025-01-20
AMH007548,ACFT00081,2020-04-23,C-Check,159177.62,2020-12-09
AMH007549,ACFT00494,2019-11-13,A-Check,359152.28,2021-01-01
AMH007550,ACFT00455,2022-08-09,B-Check,54034.04,2023-07-21
AMH007551,ACFT00106,2019-12-31,A-Check,499640.32,2021-10-30
AMH007552,ACFT00178,2024-12-23,B-Check,221259.7,2026-03-15
AMH007553,ACFT00481,2021-02-07,A-Check,263832.59,2021-05-20
AMH007554,ACFT00480,2019-09-19,A-Check,215186.57,2021-07-08
AMH007555,ACFT00331,2021-05-21,C-Check,166559.5,2022-02-20
AMH007556,ACFT00014,2025-04-19,C-Check,131458.02,2025-12-22
AMH007557,ACFT00085,2023-05-17,Unscheduled Repair,336354.58,2024-04-28
AMH007558,ACFT00266,2026-02-24,B-Check,14282.13,2026-08-30
AMH007559,ACFT00074,2023-06-10,A-Check,128598.96,2024-08-13
AMH007560,ACFT00008,2026-07-16,C-Check,14929.41,2027-04-06
AMH007561,ACFT00440,2025-01-23,C-Check,258495.28,2026-06-07
AMH007562,ACFT00119,2018-10-22,A-Check,90229.23,2019-04-29
AMH007563,ACFT00147,2023-12-05,Unscheduled Repair,351497.85,2025-07-24
AMH007564,ACFT00156,2026-03-22,B-Check,152045.25,2026-11-29
AMH007565,ACFT00146,2018-05-27,C-Check,403428.93,2020-05-13
AMH007566,ACFT00465,2023-06-29,B-Check,232845.6,2025-06-20
AMH007567,ACFT00163,2018-03-06,A-Check,243934.26,2018-12-10
AMH007568,ACFT00140,2026-04-02,D-Check,161825.34,2027-03-19
AMH007569,ACFT00088,2019-04-09,C-Check,194132.99,2020-12-08
AMH007570,ACFT00541,2025-05-12,C-Check,374706.11,2026-05-17
AMH007571,ACFT00530,2026-03-29,C-Check,276193.48,2026-10-19
AMH007572,ACFT00296,2022-07-09,A-Check,423543.48,2023-12-22
AMH007573,ACFT00292,2026-01-30,A-Check,358344.3,2027-08-31
AMH007574,ACFT00363,2023-11-05,C-Check,348549.71,2025-04-28
AMH007575,ACFT00201,2025-02-23,B-Check,72235.26,2025-12-17
AMH007576,ACFT00566,2022-03-06,C-Check,254029.07,2024-01-03
AMH007577,ACFT00575,2020-11-20,B-Check,110630.63,2022-03-22
AMH007578,ACFT00530,2018-10-15,B-Check,348632.31,2020-10-08
AMH007579,ACFT00176,2023-11-06,D-Check,417958.01,2025-10-16
AMH007580,ACFT00295,2019-08-10,C-Check,431559.03,2020-07-13
AMH007581,ACFT00264,2026-03-24,B-Check,342497.88,2027-08-17
AMH007582,ACFT00128,2019-07-29,C-Check,334120.32,2020-01-14
AMH007583,ACFT00332,2023-02-14,A-Check,252523.81,2024-10-11
AMH007584,ACFT00110,2022-08-30,C-Check,317018.16,2023-01-16
AMH007585,ACFT00157,2025-05-03,C-Check,229248.91,2026-04-24
AMH007586,ACFT00296,2025-11-29,C-Check,293932.13,2027-06-19
AMH007587,ACFT00419,2026-04-08,A-Check,457342.5,2027-11-11
AMH007588,ACFT00458,2023-09-05,C-Check,451083.42,2025-01-04
AMH007589,ACFT00553,2024-05-11,B-Check,45298.43,2024-12-12
AMH007590,ACFT00565,2023-09-23,A-Check,352700.35,2025-07-20
AMH007591,ACFT00425,2023-10-02,A-Check,341468.92,2025-05-18
AMH007592,ACFT00065,2026-04-11,C-Check,271775.81,2027-10-04
AMH007593,ACFT00470,2023-04-10,C-Check,372923.19,2023-12-10
AMH007594,ACFT00206,2024-12-19,A-Check,52271.74,2026-07-11
AMH007595,ACFT00053,2022-09-24,Unscheduled Repair,107424.07,2024-03-13
AMH007596,ACFT00136,2020-08-29,B-Check,78373.87,2022-08-14
AMH007597,ACFT00059,2026-05-27,B-Check,230524.02,2027-03-14
AMH007598,ACFT00584,2019-06-09,Unscheduled Repair,67942.2,2020-10-28
AMH007599,ACFT00040,2026-06-02,Unscheduled Repair,496125.44,2028-02-25
AMH007600,ACFT00289,2020-04-24,B-Check,204686.16,2021-11-30
AMH007601,ACFT00437,2021-01-17,C-Check,426986.44,2022-11-28
AMH007602,ACFT00101,2024-11-08,Unscheduled Repair,477172.71,2025-11-13
AMH007603,ACFT00462,2026-05-23,A-Check,410103.02,2027-11-16
AMH007604,ACFT00367,2020-02-17,Unscheduled Repair,69186.93,2021-01-24
AMH007605,ACFT00090,2018-06-22,D-Check,456984.78,2018-11-11
AMH007606,ACFT00373,2024-08-05,Unscheduled Repair,254611.36,2025-08-12
AMH007607,ACFT00183,2018-05-12,B-Check,362521.82,2019-01-10
AMH007608,ACFT00246,2020-12-03,B-Check,272939.04,2021-07-20
AMH007609,ACFT00132,2024-11-27,B-Check,266996.77,2025-06-05
AMH007610,ACFT00007,2022-08-07,Unscheduled Repair,52909.3,2023-05-19
AMH007611,ACFT00149,2021-10-03,A-Check,372705.46,2023-06-18
AMH007612,ACFT00085,2022-06-13,A-Check,312891.44,2024-01-09
AMH007613,ACFT00055,2018-09-09,A-Check,318148.95,2020-07-11
AMH007614,ACFT00500,2021-06-30,A-Check,125170.87,2023-02-10
AMH007615,ACFT00463,2020-05-13,A-Check,423084.79,2022-03-04
AMH007616,ACFT00397,2025-04-10,A-Check,164928.29,2026-10-23
AMH007617,ACFT00073,2024-08-21,A-Check,228143.03,2025-03-06
AMH007618,ACFT00405,2019-03-16,A-Check,499301.24,2020-06-21
AMH007619,ACFT00257,2022-04-29,C-Check,126065.14,2022-10-01
AMH007620,ACFT00426,2024-10-21,B-Check,131199.5,2026-02-08
AMH007621,ACFT00152,2023-02-20,A-Check,86605.94,2024-01-01
AMH007622,ACFT00228,2018-01-13,C-Check,292051.12,2019-11-17
AMH007623,ACFT00042,2021-06-19,B-Check,86962.17,2023-06-17
AMH007624,ACFT00575,2018-02-06,B-Check,348087.91,2019-09-29
AMH007625,ACFT00519,2024-09-27,C-Check,87961.49,2025-03-17
AMH007626,ACFT00260,2020-12-07,A-Check,242220.86,2021-05-04
AMH007627,ACFT00239,2019-09-23,A-Check,101966.41,2021-04-03
AMH007628,ACFT00274,2018-09-17,D-Check,336353.18,2019-05-12
AMH007629,ACFT00351,2025-06-08,A-Check,433192.18,2026-08-25
AMH007630,ACFT00326,2018-02-05,A-Check,281599.55,2018-12-13
AMH007631,ACFT00020,2025-04-17,C-Check,15395.11,2026-02-25
AMH007632,ACFT00309,2021-05-12,Unscheduled Repair,424856.37,2022-03-01
AMH007633,ACFT00379,2022-07-17,Unscheduled Repair,295293.23,2023-05-06
AMH007634,ACFT00210,2024-04-15,D-Check,282121.58,2025-12-10
AMH007635,ACFT00507,2021-06-02,A-Check,164540.37,2022-11-13
AMH007636,ACFT00209,2020-12-12,C-Check,195719.99,2022-04-28
AMH007637,ACFT00035,2020-04-25,A-Check,171040.11,2021-02-05
AMH007638,ACFT00263,2025-07-07,C-Check,45961.6,2026-08-19
AMH007639,ACFT00210,2024-02-05,B-Check,109240.21,2024-12-24
AMH007640,ACFT00530,2022-07-16,A-Check,309718.38,2023-11-05
AMH007641,ACFT00198,2021-04-29,C-Check,166508.0,2023-03-11
AMH007642,ACFT00441,2023-01-13,C-Check,114441.58,2023-06-21
AMH007643,ACFT00451,2023-10-07,A-Check,25132.46,2024-11-02
AMH007644,ACFT00187,2018-10-12,B-Check,386170.28,2020-06-10
AMH007645,ACFT00280,2021-11-18,B-Check,90905.77,2022-05-10
AMH007646,ACFT00009,2024-06-18,A-Check,399084.35,2024-10-18
AMH007647,ACFT00176,2021-09-18,B-Check,268855.84,2023-01-10
AMH007648,ACFT00155,2021-05-11,A-Check,394774.66,2023-04-30
AMH007649,ACFT00091,2021-04-05,B-Check,419964.46,2022-07-10
AMH007650,ACFT00036,2024-11-29,A-Check,384018.82,2026-06-09
AMH007651,ACFT00462,2026-05-05,B-Check,250567.03,2027-07-11
AMH007652,ACFT00446,2023-04-06,B-Check,205878.35,2023-09-09
AMH007653,ACFT00060,2024-08-17,A-Check,406326.89,2025-08-24
AMH007654,ACFT00276,2023-09-15,C-Check,394134.55,2024-05-29
AMH007655,ACFT00142,2021-08-19,C-Check,436849.01,2023-04-06
AMH007656,ACFT00296,2025-03-30,A-Check,291621.73,2026-02-06
AMH007657,ACFT00121,2019-12-26,A-Check,308497.77,2021-01-26
AMH007658,ACFT00301,2020-01-16,A-Check,169307.11,2021-11-11
AMH007659,ACFT00237,2026-04-02,Unscheduled Repair,122158.61,2027-09-02
AMH007660,ACFT00090,2019-04-05,B-Check,72776.95,2020-11-21
AMH007661,ACFT00551,2023-06-06,B-Check,328795.34,2024-05-25
AMH007662,ACFT00237,2019-11-10,B-Check,217914.43,2021-06-25
AMH007663,ACFT00339,2019-08-19,A-Check,328496.11,2021-01-20
AMH007664,ACFT00552,2026-03-18,B-Check,78208.64,2027-11-25
AMH007665,ACFT00493,2022-08-16,A-Check,247646.54,2023-10-14
AMH007666,ACFT00066,2025-06-19,B-Check,103066.63,2027-06-13
AMH007667,ACFT00308,2025-10-15,B-Check,255007.81,2027-07-21
AMH007668,ACFT00265,2020-05-21,A-Check,255183.89,2022-04-15
AMH007669,ACFT00193,2021-08-23,A-Check,223672.3,2022-04-09
AMH007670,ACFT00504,2018-07-14,A-Check,161535.27,2020-01-09
AMH007671,ACFT00520,2021-11-14,Unscheduled Repair,85876.03,2023-08-11
AMH007672,ACFT00580,2020-03-31,Unscheduled Repair,3373.27,2021-05-31
AMH007673,ACFT00210,2025-03-18,A-Check,43904.92,2026-06-22
AMH007674,ACFT00113,2025-10-05,B-Check,483794.09,2026-02-20
AMH007675,ACFT00396,2024-03-30,D-Check,386288.01,2024-07-31
AMH007676,ACFT00084,2024-11-21,D-Check,191063.18,2025-06-26
AMH007677,ACFT00129,2022-04-13,B-Check,366207.56,2023-12-27
AMH007678,ACFT00382,2024-10-28,B-Check,151233.06,2026-07-17
AMH007679,ACFT00501,2024-07-15,A-Check,349345.62,2025-09-09
AMH007680,ACFT00059,2021-10-26,D-Check,290310.15,2023-08-09
AMH007681,ACFT00112,2020-02-19,B-Check,127850.78,2021-03-22
AMH007682,ACFT00590,2019-12-26,D-Check,394170.67,2021-09-16
AMH007683,ACFT00364,2022-06-03,C-Check,16055.32,2024-05-12
AMH007684,ACFT00347,2026-07-17,Unscheduled Repair,180496.34,2028-04-16
AMH007685,ACFT00430,2021-09-09,A-Check,410799.79,2022-11-04
AMH007686,ACFT00177,2026-06-17,A-Check,15032.25,2027-08-16
AMH007687,ACFT00320,2026-07-21,B-Check,440755.66,2027-11-03
AMH007688,ACFT00561,2021-10-23,B-Check,486681.85,2023-06-26
AMH007689,ACFT00264,2023-07-27,B-Check,291634.25,2025-05-20
AMH007690,ACFT00256,2025-09-04,A-Check,19518.98,2026-12-25
AMH007691,ACFT00218,2026-05-22,C-Check,87002.67,2028-04-14
AMH007692,ACFT00164,2021-05-21,B-Check,257724.89,2021-09-26
AMH007693,ACFT00263,2022-03-08,A-Check,200206.95,2023-11-07
AMH007694,ACFT00250,2020-08-16,D-Check,188077.93,2021-07-09
AMH007695,ACFT00339,2022-12-16,A-Check,262628.72,2024-08-10
AMH007696,ACFT00313,2024-12-28,B-Check,195979.09,2025-10-17
AMH007697,ACFT00503,2018-01-20,C-Check,350275.18,2018-12-10
AMH007698,ACFT00096,2024-02-27,C-Check,143347.86,2025-08-01
AMH007699,ACFT00161,2024-04-01,A-Check,157332.96,2024-08-26
AMH007700,ACFT00578,2019-01-10,A-Check,14584.52,2020-03-16
AMH007701,ACFT00527,2018-07-27,A-Check,389720.37,2018-12-11
AMH007702,ACFT00181,2023-09-27,C-Check,409575.66,2024-05-29
AMH007703,ACFT00049,2018-08-27,A-Check,450082.4,2020-07-31
AMH007704,ACFT00066,2019-08-27,A-Check,314234.64,2020-03-02
AMH007705,ACFT00360,2022-01-27,A-Check,360663.51,2023-06-16
AMH007706,ACFT00342,2022-06-29,B-Check,142211.69,2022-11-23
AMH007707,ACFT00001,2022-01-17,A-Check,207366.62,2022-08-23
AMH007708,ACFT00394,2021-11-01,Unscheduled Repair,10496.02,2022-09-07
AMH007709,ACFT00418,2023-10-23,C-Check,439781.53,2025-04-29
AMH007710,ACFT00418,2026-01-15,B-Check,157406.56,2026-09-08
AMH007711,ACFT00188,2021-05-26,B-Check,234336.98,2023-04-01
AMH007712,ACFT00350,2022-02-14,A-Check,312381.34,2022-06-19
AMH007713,ACFT00141,2022-06-27,Unscheduled Repair,431938.04,2023-08-07
AMH007714,ACFT00181,2023-12-09,A-Check,368893.68,2024-05-23
AMH007715,ACFT00558,2024-03-20,C-Check,43415.12,2025-12-30
AMH007716,ACFT00216,2025-03-11,C-Check,264847.66,2027-01-18
AMH007717,ACFT00346,2021-03-21,A-Check,413322.23,2021-12-09
AMH007718,ACFT00507,2020-09-26,C-Check,34478.77,2021-02-20
AMH007719,ACFT00246,2018-04-23,D-Check,430922.0,2020-02-13
AMH007720,ACFT00152,2021-06-12,D-Check,111986.7,2023-05-08
AMH007721,ACFT00471,2020-03-03,B-Check,476226.8,2021-01-20
AMH007722,ACFT00207,2025-10-22,B-Check,392858.2,2027-10-13
AMH007723,ACFT00281,2024-12-16,C-Check,488944.47,2025-04-27
AMH007724,ACFT00526,2022-03-23,B-Check,191881.71,2023-09-21
AMH007725,ACFT00074,2026-07-18,B-Check,153037.03,2027-12-13
AMH007726,ACFT00193,2022-01-05,C-Check,423163.62,2022-11-03
AMH007727,ACFT00239,2023-06-23,A-Check,288163.32,2024-05-05
AMH007728,ACFT00318,2025-04-11,A-Check,387907.06,2026-07-29
AMH007729,ACFT00549,2019-06-05,Unscheduled Repair,143455.24,2020-07-14
AMH007730,ACFT00307,2025-06-04,B-Check,132781.07,2026-11-20
AMH007731,ACFT00186,2021-02-24,C-Check,384328.98,2021-10-14
AMH007732,ACFT00196,2019-06-12,Unscheduled Repair,470775.12,2020-05-15
AMH007733,ACFT00408,2022-08-31,B-Check,494240.27,2024-04-26
AMH007734,ACFT00145,2024-08-05,A-Check,270356.67,2025-12-26
AMH007735,ACFT00571,2021-03-07,A-Check,112481.46,2021-10-15
AMH007736,ACFT00446,2026-05-07,A-Check,269011.1,2027-11-13
AMH007737,ACFT00166,2021-08-08,D-Check,439879.93,2023-04-25
AMH007738,ACFT00095,2018-07-29,B-Check,290526.23,2020-03-04
AMH007739,ACFT00431,2025-06-03,A-Check,454892.3,2026-06-27
AMH007740,ACFT00444,2025-10-31,Unscheduled Repair,95504.0,2027-06-08
AMH007741,ACFT00201,2025-01-25,A-Check,441100.49,2026-05-05
AMH007742,ACFT00571,2025-06-16,B-Check,216682.41,2026-03-26
AMH007743,ACFT00369,2018-07-14,A-Check,168435.73,2020-02-27
AMH007744,ACFT00169,2021-11-07,D-Check,28519.3,2023-08-15
AMH007745,ACFT00249,2023-07-07,B-Check,33101.13,2025-03-18
AMH007746,ACFT00311,2019-07-15,B-Check,230372.15,2021-05-10
AMH007747,ACFT00109,2024-03-19,A-Check,4958.67,2025-03-26
AMH007748,ACFT00483,2019-06-19,C-Check,396616.41,2020-10-31
AMH007749,ACFT00354,2021-05-10,C-Check,226782.67,2022-09-28
AMH007750,ACFT00519,2020-05-19,A-Check,290648.03,2021-07-02
AMH007751,ACFT00253,2019-04-03,A-Check,304318.32,2021-01-09
AMH007752,ACFT00564,2026-03-12,B-Check,244479.04,2026-11-11
AMH007753,ACFT00179,2023-01-10,A-Check,378859.99,2024-06-05
AMH007754,ACFT00456,2022-11-11,B-Check,280484.51,2024-05-03
AMH007755,ACFT00380,2025-02-14,A-Check,160306.52,2025-07-09
AMH007756,ACFT00476,2018-10-26,B-Check,414099.73,2019-02-07
AMH007757,ACFT00342,2020-12-01,C-Check,242321.11,2021-07-16
AMH007758,ACFT00268,2026-03-04,D-Check,49997.17,2027-05-15
AMH007759,ACFT00572,2023-07-31,B-Check,27048.5,2024-06-11
AMH007760,ACFT00225,2023-03-08,A-Check,321633.88,2024-01-22
AMH007761,ACFT00260,2025-11-07,B-Check,89401.3,2026-12-07
AMH007762,ACFT00598,2022-01-05,B-Check,271264.21,2023-10-28
AMH007763,ACFT00013,2022-01-10,B-Check,14763.72,2023-02-14
AMH007764,ACFT00109,2022-09-09,B-Check,258506.61,2024-02-19
AMH007765,ACFT00536,2020-02-01,Unscheduled Repair,312075.6,2021-01-01
AMH007766,ACFT00485,2021-02-05,A-Check,62057.53,2021-05-07
AMH007767,ACFT00567,2022-04-10,C-Check,82265.16,2023-04-08
AMH007768,ACFT00155,2021-10-12,B-Check,222109.68,2023-08-25
AMH007769,ACFT00379,2023-09-07,C-Check,441310.17,2024-08-17
AMH007770,ACFT00324,2019-02-09,B-Check,400020.09,2020-04-13
AMH007771,ACFT00548,2019-10-01,C-Check,364110.74,2020-11-24
AMH007772,ACFT00423,2019-04-05,C-Check,61232.92,2020-11-30
AMH007773,ACFT00432,2020-10-06,B-Check,386325.82,2022-02-01
AMH007774,ACFT00047,2021-07-13,A-Check,484943.65,2022-11-17
AMH007775,ACFT00135,2021-05-03,A-Check,456629.9,2022-08-14
AMH007776,ACFT00497,2023-04-16,C-Check,388917.45,2024-01-24
AMH007777,ACFT00323,2019-10-02,A-Check,328185.7,2020-09-18
AMH007778,ACFT00088,2020-08-19,C-Check,353625.94,2021-04-01
AMH007779,ACFT00496,2023-09-14,D-Check,362891.99,2024-01-08
AMH007780,ACFT00157,2024-03-07,Unscheduled Repair,395009.56,2024-09-12
AMH007781,ACFT00546,2019-01-24,B-Check,371461.32,2020-12-25
AMH007782,ACFT00051,2023-06-22,A-Check,175781.82,2023-12-30
AMH007783,ACFT00078,2023-11-28,C-Check,233285.2,2024-09-27
AMH007784,ACFT00497,2026-04-03,D-Check,415584.38,2027-11-10
AMH007785,ACFT00084,2018-05-17,Unscheduled Repair,37683.39,2019-06-16
AMH007786,ACFT00483,2022-09-20,A-Check,258403.55,2024-03-02
AMH007787,ACFT00146,2020-08-03,C-Check,483851.52,2022-07-24
AMH007788,ACFT00113,2025-02-01,C-Check,22353.93,2026-05-05
AMH007789,ACFT00194,2024-03-21,A-Check,312627.69,2025-12-20
AMH007790,ACFT00375,2019-05-08,A-Check,299181.41,2020-11-17
AMH007791,ACFT00545,2026-01-10,A-Check,192947.39,2027-06-13
AMH007792,ACFT00082,2021-10-02,C-Check,389085.33,2023-04-23
AMH007793,ACFT00281,2020-11-11,A-Check,204962.22,2022-10-19
AMH007794,ACFT00298,2026-04-03,A-Check,67691.28,2028-01-10
AMH007795,ACFT00089,2019-05-29,A-Check,426367.26,2019-12-10
AMH007796,ACFT00153,2026-07-11,A-Check,110045.29,2027-03-06
AMH007797,ACFT00414,2025-03-03,B-Check,60749.91,2027-02-15
AMH007798,ACFT00434,2025-07-06,C-Check,446310.64,2026-02-14
AMH007799,ACFT00060,2026-04-20,B-Check,334554.31,2026-11-15
AMH007800,ACFT00025,2023-01-02,C-Check,208104.99,2024-05-21
AMH007801,ACFT00350,2022-09-21,D-Check,146457.37,2024-02-20
AMH007802,ACFT00470,2023-05-21,A-Check,211336.08,2023-11-13
AMH007803,ACFT00583,2020-05-20,A-Check,52745.32,2022-01-10
AMH007804,ACFT00147,2018-07-10,A-Check,120191.27,2018-11-13
AMH007805,ACFT00405,2019-11-20,A-Check,27680.17,2020-08-13
AMH007806,ACFT00576,2022-04-12,A-Check,387488.64,2023-06-14
AMH007807,ACFT00165,2021-12-21,C-Check,217836.13,2022-05-16
AMH007808,ACFT00068,2018-12-27,A-Check,484499.8,2020-04-20
AMH007809,ACFT00165,2021-01-01,B-Check,243236.03,2021-09-20
AMH007810,ACFT00194,2021-02-02,A-Check,316645.45,2022-11-23
AMH007811,ACFT00561,2022-06-27,A-Check,114437.78,2022-11-17
AMH007812,ACFT00456,2019-03-19,B-Check,94825.07,2019-07-30
AMH007813,ACFT00132,2021-01-17,B-Check,213609.79,2021-06-08
AMH007814,ACFT00150,2018-03-13,C-Check,49006.04,2019-05-14
AMH007815,ACFT00513,2023-08-13,A-Check,499860.37,2024-10-29
AMH007816,ACFT00483,2018-03-15,B-Check,224669.14,2019-07-11
AMH007817,ACFT00165,2018-08-28,Unscheduled Repair,477535.76,2018-12-28
AMH007818,ACFT00600,2025-12-15,C-Check,29862.34,2027-11-16
AMH007819,ACFT00372,2019-10-19,A-Check,267454.21,2021-07-18
AMH007820,ACFT00255,2020-12-23,A-Check,319200.36,2022-06-18
AMH007821,ACFT00526,2025-02-11,A-Check,282740.61,2025-10-24
AMH007822,ACFT00509,2020-10-06,Unscheduled Repair,391964.19,2022-09-21
AMH007823,ACFT00045,2022-08-26,A-Check,358771.17,2022-11-27
AMH007824,ACFT00073,2026-01-12,A-Check,342488.06,2027-11-21
AMH007825,ACFT00497,2019-05-31,Unscheduled Repair,472600.68,2019-09-22
AMH007826,ACFT00599,2018-10-03,A-Check,161373.8,2020-05-12
AMH007827,ACFT00356,2021-03-28,A-Check,42383.5,2023-01-24
AMH007828,ACFT00188,2018-02-28,A-Check,483163.56,2018-11-21
AMH007829,ACFT00283,2021-10-01,B-Check,324989.67,2023-01-03
AMH007830,ACFT00167,2022-11-08,Unscheduled Repair,47247.02,2024-08-20
AMH007831,ACFT00114,2020-03-14,C-Check,463622.06,2022-02-21
AMH007832,ACFT00189,2023-08-17,C-Check,170897.73,2025-05-29
AMH007833,ACFT00541,2026-03-19,A-Check,158774.65,2026-12-25
AMH007834,ACFT00175,2024-02-05,C-Check,62535.69,2025-04-10
AMH007835,ACFT00077,2024-04-08,B-Check,445770.63,2025-04-13
AMH007836,ACFT00205,2023-12-22,C-Check,471311.48,2025-06-24
AMH007837,ACFT00508,2026-03-12,C-Check,301900.4,2026-12-28
AMH007838,ACFT00582,2019-08-10,A-Check,290183.88,2021-02-22
AMH007839,ACFT00590,2025-06-20,D-Check,221254.76,2027-05-07
AMH007840,ACFT00169,2023-09-08,C-Check,86425.63,2025-05-08
AMH007841,ACFT00001,2022-01-19,B-Check,455920.9,2022-05-10
AMH007842,ACFT00454,2019-04-15,Unscheduled Repair,262496.36,2021-02-21
AMH007843,ACFT00129,2022-03-08,A-Check,334397.49,2022-12-26
AMH007844,ACFT00184,2018-08-11,B-Check,205652.43,2020-07-28
AMH007845,ACFT00337,2022-06-08,B-Check,385831.46,2024-02-03
AMH007846,ACFT00021,2018-08-19,B-Check,128853.37,2020-06-14
AMH007847,ACFT00503,2021-10-28,A-Check,229827.96,2023-07-09
AMH007848,ACFT00055,2019-07-09,A-Check,388014.87,2019-12-22
AMH007849,ACFT00373,2022-07-21,B-Check,499442.14,2023-04-22
AMH007850,ACFT00289,2024-10-27,B-Check,428054.94,2026-06-27
AMH007851,ACFT00236,2022-11-13,A-Check,189287.03,2024-01-28
AMH007852,ACFT00581,2018-09-28,A-Check,216816.57,2020-02-09
AMH007853,ACFT00334,2021-11-08,A-Check,171976.69,2022-11-27
AMH007854,ACFT00513,2026-07-10,A-Check,297429.07,2027-05-07
AMH007855,ACFT00437,2025-11-21,C-Check,173116.49,2027-05-25
AMH007856,ACFT00347,2021-09-27,A-Check,130661.33,2022-12-31
AMH007857,ACFT00476,2024-03-05,Unscheduled Repair,163755.65,2026-02-06
AMH007858,ACFT00137,2018-01-16,A-Check,483146.79,2018-08-05
AMH007859,ACFT00230,2018-01-25,D-Check,229577.23,2018-12-01
AMH007860,ACFT00025,2019-11-24,B-Check,26661.88,2021-04-08
AMH007861,ACFT00321,2022-12-06,Unscheduled Repair,144585.26,2024-03-01
AMH007862,ACFT00310,2020-06-26,A-Check,461902.71,2021-04-23
AMH007863,ACFT00423,2025-10-09,C-Check,248689.98,2027-04-08
AMH007864,ACFT00264,2022-10-30,B-Check,165016.15,2023-08-04
AMH007865,ACFT00396,2026-06-14,A-Check,483643.19,2028-02-03
AMH007866,ACFT00008,2021-12-25,C-Check,39531.67,2022-07-20
AMH007867,ACFT00047,2024-05-27,A-Check,19945.56,2025-01-22
AMH007868,ACFT00257,2018-06-12,A-Check,109936.16,2019-08-15
AMH007869,ACFT00346,2026-03-23,B-Check,119159.2,2027-04-06
AMH007870,ACFT00600,2025-10-12,C-Check,198668.87,2027-09-23
AMH007871,ACFT00427,2023-08-04,A-Check,308815.18,2024-12-07
AMH007872,ACFT00441,2024-02-16,Unscheduled Repair,428041.03,2024-06-06
AMH007873,ACFT00007,2020-11-08,A-Check,298877.01,2022-01-05
AMH007874,ACFT00328,2024-11-11,C-Check,257447.55,2026-08-11
AMH007875,ACFT00318,2021-05-28,C-Check,84212.33,2022-12-23
AMH007876,ACFT00174,2021-11-16,B-Check,265978.23,2023-10-13
AMH007877,ACFT00369,2022-04-07,A-Check,472620.85,2023-12-17
AMH007878,ACFT00474,2021-03-11,B-Check,108334.0,2021-10-28
AMH007879,ACFT00131,2026-06-16,A-Check,379887.82,2027-10-18
AMH007880,ACFT00152,2019-03-05,B-Check,205207.88,2020-10-27
AMH007881,ACFT00094,2023-10-25,A-Check,440869.85,2024-10-03
AMH007882,ACFT00230,2022-01-21,A-Check,2771.19,2024-01-14
AMH007883,ACFT00079,2023-08-05,B-Check,125483.3,2025-02-24
AMH007884,ACFT00349,2023-05-24,A-Check,74907.64,2024-06-21
AMH007885,ACFT00221,2022-09-13,C-Check,303679.33,2023-05-29
AMH007886,ACFT00085,2025-10-23,A-Check,231023.19,2026-09-28
AMH007887,ACFT00454,2020-10-22,B-Check,7035.85,2022-04-20
AMH007888,ACFT00033,2022-07-13,A-Check,71545.53,2022-12-20
AMH007889,ACFT00527,2024-12-19,A-Check,488943.8,2025-12-30
AMH007890,ACFT00158,2024-09-19,A-Check,257842.87,2025-10-08
AMH007891,ACFT00034,2019-03-24,Unscheduled Repair,161624.66,2019-11-25
AMH007892,ACFT00320,2018-06-04,A-Check,449307.34,2019-02-25
AMH007893,ACFT00163,2021-05-21,C-Check,181020.15,2022-08-19
AMH007894,ACFT00394,2022-12-17,A-Check,430848.1,2024-09-11
AMH007895,ACFT00378,2022-07-17,A-Check,21351.41,2023-05-01
AMH007896,ACFT00281,2021-08-12,B-Check,487990.85,2022-03-29
AMH007897,ACFT00258,2024-03-29,B-Check,334939.6,2025-08-16
AMH007898,ACFT00323,2022-12-14,A-Check,462874.41,2023-05-02
AMH007899,ACFT00110,2025-02-01,B-Check,222769.13,2026-09-29
AMH007900,ACFT00319,2025-11-28,Unscheduled Repair,48577.22,2027-06-10
AMH007901,ACFT00465,2020-06-03,A-Check,370441.51,2021-01-08
AMH007902,ACFT00505,2019-03-22,A-Check,463062.5,2020-12-05
AMH007903,ACFT00310,2019-11-20,Unscheduled Repair,423482.75,2021-10-05
AMH007904,ACFT00400,2025-09-25,C-Check,469046.8,2027-03-21
AMH007905,ACFT00356,2022-11-30,C-Check,104056.79,2024-05-16
AMH007906,ACFT00291,2024-10-24,Unscheduled Repair,485272.4,2025-03-20
AMH007907,ACFT00504,2018-01-28,A-Check,158034.89,2018-07-18
AMH007908,ACFT00462,2024-01-27,A-Check,367816.66,2025-03-01
AMH007909,ACFT00188,2020-01-27,A-Check,268777.5,2022-01-25
AMH007910,ACFT00345,2025-02-03,B-Check,219096.09,2026-04-12
AMH007911,ACFT00432,2022-12-25,Unscheduled Repair,125392.42,2024-02-18
AMH007912,ACFT00542,2023-12-11,B-Check,351697.33,2024-06-13
AMH007913,ACFT00101,2019-02-02,A-Check,125740.4,2020-03-02
AMH007914,ACFT00559,2021-10-30,A-Check,246999.94,2023-01-18
AMH007915,ACFT00596,2023-11-07,C-Check,342585.97,2025-02-28
AMH007916,ACFT00557,2019-12-06,D-Check,389260.47,2020-04-20
AMH007917,ACFT00100,2021-06-14,B-Check,49004.92,2021-11-13
AMH007918,ACFT00467,2025-10-22,C-Check,440531.89,2027-09-01
AMH007919,ACFT00535,2018-10-23,C-Check,173097.7,2020-04-24
AMH007920,ACFT00042,2018-02-08,B-Check,315215.47,2019-01-20
AMH007921,ACFT00223,2023-07-14,B-Check,169125.71,2024-10-07
AMH007922,ACFT00094,2022-09-24,B-Check,405251.61,2023-04-18
AMH007923,ACFT00135,2022-02-26,A-Check,186156.64,2023-06-09
AMH007924,ACFT00309,2022-12-07,C-Check,186579.14,2024-09-11
AMH007925,ACFT00264,2019-07-27,A-Check,151563.05,2021-04-24
AMH007926,ACFT00157,2019-08-05,A-Check,289472.81,2020-11-07
AMH007927,ACFT00068,2026-07-24,B-Check,206853.91,2028-01-29
AMH007928,ACFT00407,2024-05-05,A-Check,21193.54,2024-10-29
AMH007929,ACFT00356,2024-12-22,C-Check,429458.25,2026-01-20
AMH007930,ACFT00022,2023-10-21,A-Check,167931.28,2024-05-12
AMH007931,ACFT00540,2022-10-15,A-Check,203937.96,2023-12-08
AMH007932,ACFT00085,2024-10-05,A-Check,207199.45,2025-03-26
AMH007933,ACFT00129,2021-11-25,A-Check,114032.03,2022-03-07
AMH007934,ACFT00541,2023-02-06,C-Check,167491.97,2024-07-20
AMH007935,ACFT00394,2018-08-22,B-Check,207581.81,2019-11-05
AMH007936,ACFT00066,2022-09-21,C-Check,423310.63,2023-07-01
AMH007937,ACFT00391,2018-02-26,B-Check,138449.37,2019-09-12
AMH007938,ACFT00335,2018-05-03,A-Check,124277.84,2018-12-08
AMH007939,ACFT00555,2019-08-24,A-Check,272083.07,2021-07-18
AMH007940,ACFT00582,2019-06-30,C-Check,275738.42,2020-01-10
AMH007941,ACFT00192,2021-01-19,C-Check,421448.81,2022-07-10
AMH007942,ACFT00334,2024-06-14,C-Check,432329.97,2025-06-25
AMH007943,ACFT00253,2020-10-09,A-Check,75034.61,2022-01-24
AMH007944,ACFT00584,2021-10-06,A-Check,404421.39,2022-07-30
AMH007945,ACFT00055,2022-02-03,B-Check,58310.24,2023-02-09
AMH007946,ACFT00385,2018-12-01,A-Check,466904.18,2020-09-22
AMH007947,ACFT00541,2025-12-25,B-Check,345530.4,2026-12-26
AMH007948,ACFT00250,2024-03-18,A-Check,243419.05,2024-10-15
AMH007949,ACFT00047,2019-10-27,Unscheduled Repair,144045.46,2021-06-03
AMH007950,ACFT00231,2023-11-06,B-Check,214753.26,2024-10-10
AMH007951,ACFT00269,2025-10-15,B-Check,426384.23,2027-08-08
AMH007952,ACFT00206,2026-04-21,A-Check,324901.81,2028-02-11
AMH007953,ACFT00482,2023-10-11,C-Check,163596.76,2025-05-24
AMH007954,ACFT00301,2024-02-02,Unscheduled Repair,372340.28,2025-02-02
AMH007955,ACFT00147,2026-05-01,C-Check,137653.79,2027-06-25
AMH007956,ACFT00055,2022-09-20,A-Check,170325.38,2024-03-23
AMH007957,ACFT00352,2023-09-21,A-Check,225264.0,2025-08-15
AMH007958,ACFT00112,2021-12-13,C-Check,264534.08,2023-04-25
AMH007959,ACFT00589,2022-11-03,C-Check,490190.42,2024-03-29
AMH007960,ACFT00460,2020-07-19,C-Check,42630.24,2020-12-08
AMH007961,ACFT00092,2025-02-14,C-Check,447636.96,2027-01-01
AMH007962,ACFT00305,2020-11-12,B-Check,390814.19,2022-03-11
AMH007963,ACFT00210,2024-04-17,C-Check,252804.05,2026-02-25
AMH007964,ACFT00577,2024-09-22,A-Check,13198.96,2026-03-29
AMH007965,ACFT00184,2019-10-25,A-Check,197077.38,2020-03-14
AMH007966,ACFT00494,2020-04-01,B-Check,46363.09,2020-09-20
AMH007967,ACFT00136,2026-06-15,C-Check,259227.08,2027-10-30
AMH007968,ACFT00385,2024-09-28,B-Check,175256.29,2025-03-01
AMH007969,ACFT00214,2023-09-24,A-Check,99725.58,2024-03-20
AMH007970,ACFT00240,2022-01-08,D-Check,245418.95,2023-08-16
AMH007971,ACFT00075,2019-06-29,B-Check,147425.89,2021-01-16
AMH007972,ACFT00254,2021-08-16,C-Check,346342.9,2022-01-03
AMH007973,ACFT00248,2026-01-31,B-Check,446773.64,2026-09-13
AMH007974,ACFT00399,2020-01-13,C-Check,360929.13,2021-05-13
AMH007975,ACFT00494,2021-01-06,C-Check,396870.75,2022-03-06
AMH007976,ACFT00581,2022-05-19,Unscheduled Repair,485420.3,2022-12-17
AMH007977,ACFT00443,2022-06-18,B-Check,181932.45,2024-03-31
AMH007978,ACFT00152,2021-06-15,B-Check,73417.33,2022-06-18
AMH007979,ACFT00393,2024-04-15,C-Check,135939.35,2026-01-14
AMH007980,ACFT00155,2021-10-14,A-Check,316225.6,2023-04-24
AMH007981,ACFT00600,2026-05-14,D-Check,82236.59,2027-08-30
AMH007982,ACFT00510,2020-05-23,A-Check,53778.13,2020-12-13
AMH007983,ACFT00557,2018-07-31,D-Check,189569.47,2019-01-08
AMH007984,ACFT00585,2018-09-19,C-Check,353172.57,2019-04-07
AMH007985,ACFT00343,2020-09-14,A-Check,92071.16,2021-04-03
AMH007986,ACFT00469,2019-08-04,B-Check,160898.05,2021-05-31
AMH007987,ACFT00279,2022-02-27,A-Check,445874.69,2022-09-22
AMH007988,ACFT00307,2022-11-15,B-Check,286818.36,2023-12-09
AMH007989,ACFT00381,2018-09-23,B-Check,36526.4,2019-09-07
AMH007990,ACFT00488,2022-08-27,D-Check,301407.57,2024-04-16
AMH007991,ACFT00387,2022-12-27,B-Check,48429.63,2023-11-04
AMH007992,ACFT00579,2022-10-16,C-Check,36270.59,2023-07-23
AMH007993,ACFT00551,2020-01-15,C-Check,333269.89,2020-06-10
AMH007994,ACFT00571,2022-12-12,A-Check,440792.25,2023-11-10
AMH007995,ACFT00330,2026-08-02,A-Check,246508.0,2026-12-21
AMH007996,ACFT00107,2020-09-01,A-Check,35888.92,2022-03-10
AMH007997,ACFT00079,2026-07-04,A-Check,65108.81,2028-05-01
AMH007998,ACFT00475,2023-03-15,C-Check,102668.42,2024-12-21
AMH007999,ACFT00420,2020-01-06,Unscheduled Repair,4640.78,2021-11-22
AMH008000,ACFT00074,2020-10-16,B-Check,249498.24,2022-04-10
