crew_id,first_name,last_name,role,airline_id,hire_date,status,license_number,base_airport_id
CRW000001,Jennifer,Patel,Flight Attendant,AL0016,2017-09-14,Active,LIC-418794,APT00054
CRW000002,Anna,Johnson,Flight Attendant,AL0011,2006-09-10,Active,LIC-119172,APT00208
CRW000003,Matthew,Fernandez,Flight Attendant,AL0004,2001-10-09,Active,LIC-842982,APT00018
CRW000004,Sven,Jones,Purser,AL0004,2016-02-24,Active,LIC-300666,APT00060
CRW000005,Jessica,Clark,Captain,AL0014,2019-03-18,Active,LIC-624041,APT00107
CRW000006,Diego,Choi,Flight Attendant,AL0010,2015-06-10,Active,LIC-147925,APT00039
CRW000007,Benjamin,Gonzalez,Flight Attendant,AL0012,2012-10-17,Inactive,LIC-156485,APT00230
CRW000008,Richard,Garcia,Flight Attendant,AL0008,1995-01-28,Active,LIC-908332,APT00087
CRW000009,Linda,Muller,Captain,AL0007,2015-01-15,Active,LIC-705243,APT00061
CRW000010,Melissa,Garcia,Flight Attendant,AL0014,2014-06-06,Active,LIC-104767,APT00064
CRW000011,Kenneth,Watanabe,Flight Attendant,AL0001,2007-12-16,On Leave,LIC-190590,APT00048
CRW000012,Emily,Torres,First Officer,AL0009,2002-08-29,Active,LIC-543467,APT00166
CRW000013,Amy,Tanaka,Captain,AL0008,2025-10-05,Active,LIC-712328,APT00121
CRW000014,Jessica,Martin,Flight Attendant,AL0016,2006-10-15,Active,LIC-481598,APT00058
CRW000015,Jessica,Lopez,First Officer,AL0015,2003-07-19,Inactive,LIC-885474,APT00219
CRW000016,Katherine,Pereira,Flight Attendant,AL0009,2017-03-11,Active,LIC-687469,APT00165
CRW000017,Sven,Schmidt,Flight Attendant,AL0006,2010-02-21,Active,LIC-652829,APT00101
CRW000018,Steven,Yamamoto,First Officer,AL0005,2012-07-06,Active,LIC-360769,APT00129
CRW000019,Noah,Sanchez,Captain,AL0005,2015-05-15,Active,LIC-713751,APT00165
CRW000020,Michelle,Allen,Flight Attendant,AL0006,2006-08-01,On Leave,LIC-886324,APT00039
CRW000021,Kenneth,Campbell,Purser,AL0016,1999-10-14,Active,LIC-144056,APT00203
CRW000022,David,Scott,Flight Attendant,AL0001,2000-04-05,Active,LIC-760910,APT00065
CRW000023,Ronald,Martin,Purser,AL0001,2024-07-09,Active,LIC-891758,APT00008
CRW000024,Cynthia,Walker,First Officer,AL0011,2010-11-18,On Leave,LIC-489064,APT00131
CRW000025,Emma,Carter,Flight Attendant,AL0005,2008-02-07,Active,LIC-789310,APT00220
CRW000026,Charles,Brown,Flight Attendant,AL0017,2005-01-12,Active,LIC-422223,APT00184
CRW000027,Daniel,Clark,Flight Attendant,AL0016,2017-09-02,Active,LIC-273591,APT00078
CRW000028,Stephanie,White,Flight Attendant,AL0016,2023-09-06,Active,LIC-834298,APT00100
CRW000029,William,Garcia,Flight Attendant,AL0010,2019-02-27,Active,LIC-380018,APT00149
CRW000030,Sarah,Martinez,Flight Attendant,AL0009,2011-10-15,On Leave,LIC-781353,APT00059
CRW000031,Pamela,Flores,Flight Attendant,AL0009,2009-12-08,Active,LIC-383847,APT00206
CRW000032,Carlos,Rodriguez,Purser,AL0004,2022-03-16,Inactive,LIC-459099,APT00074
CRW000033,Jonathan,Ramirez,Captain,AL0012,2021-11-26,Active,LIC-716591,APT00055
CRW000034,Sarah,Hall,Flight Attendant,AL0018,2007-04-05,On Leave,LIC-407234,APT00024
CRW000035,Sven,Tanaka,Flight Attendant,AL0006,2025-04-18,On Leave,LIC-827023,APT00174
CRW000036,Gary,Davis,Flight Attendant,AL0002,2020-12-29,On Leave,LIC-134999,APT00007
CRW000037,Gregory,Wright,Flight Attendant,AL0012,2021-08-02,Inactive,LIC-110503,APT00202
CRW000038,Lisa,Rodriguez,Flight Attendant,AL0008,1996-10-10,On Leave,LIC-173536,APT00244
CRW000039,Helen,Wright,Flight Attendant,AL0016,1999-01-31,On Leave,LIC-330640,APT00028
CRW000040,Elizabeth,Hill,Captain,AL0018,2004-05-13,On Leave,LIC-148526,APT00025
CRW000041,Pamela,Silva,Captain,AL0020,2018-12-01,Active,LIC-442638,APT00234
CRW000042,Matthew,Scott,Captain,AL0008,1997-06-16,On Leave,LIC-121973,APT00032
CRW000043,Ivan,Choi,Flight Attendant,AL0019,1997-08-08,Inactive,LIC-780641,APT00102
CRW000044,Michael,Lopez,Flight Attendant,AL0003,1995-12-30,On Leave,LIC-237584,APT00218
CRW000045,Brandon,Jones,First Officer,AL0008,2001-01-11,On Leave,LIC-974856,APT00035
CRW000046,Thomas,Smith,Purser,AL0006,2023-11-13,Active,LIC-871426,APT00166
CRW000047,Samuel,Lewis,Purser,AL0019,2017-08-28,Active,LIC-724907,APT00096
CRW000048,Cynthia,Thomas,First Officer,AL0013,2017-07-10,Active,LIC-818342,APT00110
CRW000049,Elena,Davis,Purser,AL0008,2004-03-10,Active,LIC-797488,APT00233
CRW000050,Brandon,Jackson,Purser,AL0004,2014-08-22,Active,LIC-861015,APT00163
CRW000051,Brian,Pereira,Flight Attendant,AL0016,2019-06-22,Active,LIC-599843,APT00080
CRW000052,David,Costa,Flight Attendant,AL0014,2011-09-24,Active,LIC-661419,APT00234
CRW000053,Anna,Johnson,Captain,AL0018,2021-11-24,Inactive,LIC-522112,APT00146
CRW000054,Edward,Park,Purser,AL0009,2012-11-22,On Leave,LIC-661656,APT00025
CRW000055,Michael,Taylor,Flight Attendant,AL0003,2005-03-13,Active,LIC-443230,APT00099
CRW000056,Helen,Allen,Flight Attendant,AL0007,2015-01-24,Active,LIC-211538,APT00061
CRW000057,Margaret,Clark,Flight Attendant,AL0013,2024-08-18,On Leave,LIC-938012,APT00161
CRW000058,Mark,Allen,Flight Attendant,AL0005,2020-12-20,Active,LIC-729068,APT00216
CRW000059,Mary,Schmidt,Captain,AL0002,2010-08-29,Inactive,LIC-734445,APT00010
CRW000060,Brian,Khan,Flight Attendant,AL0017,2013-10-02,On Leave,LIC-352023,APT00196
CRW000061,Anthony,Mitchell,Flight Attendant,AL0011,2025-08-30,On Leave,LIC-793752,APT00230
CRW000062,William,Kim,Flight Attendant,AL0008,2018-07-08,Active,LIC-567327,APT00249
CRW000063,Edward,Ivanov,Flight Attendant,AL0012,2010-10-15,On Leave,LIC-168983,APT00166
CRW000064,Anthony,Anderson,First Officer,AL0015,2003-10-30,Inactive,LIC-959249,APT00079
CRW000065,Thomas,Young,Captain,AL0001,2023-06-17,Active,LIC-992609,APT00037
CRW000066,Jeffrey,Rodriguez,Flight Attendant,AL0009,2025-09-08,Active,LIC-883552,APT00237
CRW000067,Linda,Khan,Purser,AL0006,1997-03-22,Active,LIC-527467,APT00104
CRW000068,Sven,Scott,Captain,AL0002,1996-01-02,Active,LIC-309873,APT00086
CRW000069,Jeffrey,Kim,First Officer,AL0001,1998-08-13,On Leave,LIC-109922,APT00184
CRW000070,Freya,Rivera,Flight Attendant,AL0009,2007-02-22,Active,LIC-762984,APT00179
CRW000071,Fatima,Perez,Purser,AL0011,2000-01-09,Inactive,LIC-901831,APT00203
CRW000072,Dmitri,Lopez,First Officer,AL0011,2022-09-17,Active,LIC-193681,APT00221
CRW000073,Shirley,Pereira,Flight Attendant,AL0016,2023-09-21,Active,LIC-715929,APT00220
CRW000074,Ronald,White,Flight Attendant,AL0010,2000-09-02,Active,LIC-124068,APT00043
CRW000075,Gregory,Rodriguez,First Officer,AL0012,2021-01-17,Active,LIC-798945,APT00043
CRW000076,Elizabeth,Harris,Flight Attendant,AL0017,1999-06-10,Active,LIC-125356,APT00052
CRW000077,Priya,Yamamoto,Flight Attendant,AL0014,2019-09-26,On Leave,LIC-977808,APT00157
CRW000078,Joshua,Lee,Captain,AL0019,2006-06-25,Active,LIC-253221,APT00146
CRW000079,James,Fernandez,First Officer,AL0005,1996-04-07,Active,LIC-460268,APT00215
CRW000080,Mark,Torres,Flight Attendant,AL0016,2008-06-14,Active,LIC-725452,APT00211
CRW000081,Sandra,Novak,Captain,AL0014,2020-11-06,Active,LIC-861625,APT00204
CRW000082,Mary,Chen,Captain,AL0012,2024-04-28,On Leave,LIC-426974,APT00020
CRW000083,Benjamin,Brown,Flight Attendant,AL0001,1998-10-21,Inactive,LIC-982374,APT00174
CRW000084,Barbara,Green,Purser,AL0011,2021-04-08,Active,LIC-114348,APT00213
CRW000085,Wei,King,First Officer,AL0018,2004-03-19,Inactive,LIC-524259,APT00246
CRW000086,Jason,Taylor,Purser,AL0013,2009-07-31,Active,LIC-989219,APT00086
CRW000087,Gregory,Baker,First Officer,AL0001,1998-06-02,Inactive,LIC-346699,APT00195
CRW000088,Kenneth,Rodriguez,Purser,AL0006,2025-07-26,Active,LIC-580040,APT00102
CRW000089,Jessica,Kumar,First Officer,AL0012,2019-10-30,On Leave,LIC-500098,APT00041
CRW000090,Nancy,Andersson,Flight Attendant,AL0017,2015-03-07,Inactive,LIC-454491,APT00085
CRW000091,Nicole,Davis,Flight Attendant,AL0009,2017-11-03,Active,LIC-790986,APT00063
CRW000092,Christine,Hill,Flight Attendant,AL0018,2022-06-13,On Leave,LIC-566964,APT00228
CRW000093,Steven,Chen,Captain,AL0016,1999-07-04,Active,LIC-742451,APT00044
CRW000094,Kevin,Jones,First Officer,AL0006,2002-09-24,Inactive,LIC-567973,APT00033
CRW000095,Diego,Young,First Officer,AL0004,1996-03-04,On Leave,LIC-997650,APT00145
CRW000096,Chen,Lee,Flight Attendant,AL0019,2010-05-12,Inactive,LIC-523212,APT00144
CRW000097,Deborah,Brown,Flight Attendant,AL0012,2010-07-11,Inactive,LIC-816469,APT00141
CRW000098,Mark,Costa,Flight Attendant,AL0017,1995-12-08,Active,LIC-651653,APT00038
CRW000099,Andrew,Scott,Flight Attendant,AL0019,2015-10-14,Active,LIC-821259,APT00125
CRW000100,Nicholas,Schmidt,Flight Attendant,AL0009,1995-04-12,On Leave,LIC-897063,APT00233
CRW000101,Jonathan,Campbell,First Officer,AL0001,2019-11-29,Active,LIC-303850,APT00023
CRW000102,Daniel,Suzuki,Captain,AL0019,2017-03-01,Active,LIC-371542,APT00200
CRW000103,Linda,Diaz,Flight Attendant,AL0012,2020-08-10,Active,LIC-371409,APT00032
CRW000104,Cynthia,Carter,Flight Attendant,AL0003,1998-09-19,Inactive,LIC-538271,APT00059
CRW000105,Catherine,Lewis,First Officer,AL0011,2022-05-06,Active,LIC-542682,APT00225
CRW000106,Charles,King,Captain,AL0001,2012-03-18,Active,LIC-103279,APT00075
CRW000107,Deborah,Johansson,Flight Attendant,AL0006,2022-02-14,Active,LIC-905880,APT00131
CRW000108,Karen,Wright,Flight Attendant,AL0007,2016-11-12,Active,LIC-873831,APT00096
CRW000109,Sandra,Adams,Flight Attendant,AL0010,2015-08-16,On Leave,LIC-640945,APT00154
CRW000110,Brenda,Thomas,Flight Attendant,AL0012,1996-01-05,Inactive,LIC-375313,APT00102
CRW000111,Paul,Diaz,Flight Attendant,AL0017,2016-09-27,Active,LIC-843922,APT00111
CRW000112,Ashley,Chen,Flight Attendant,AL0008,2009-02-05,Inactive,LIC-344166,APT00205
CRW000113,Freya,Clark,Captain,AL0015,2021-09-05,Active,LIC-375230,APT00139
CRW000114,Christopher,Campbell,Captain,AL0019,2016-06-29,Inactive,LIC-997782,APT00142
CRW000115,Daniel,Allen,Flight Attendant,AL0015,1997-05-03,Active,LIC-931521,APT00202
CRW000116,Noah,Gonzalez,First Officer,AL0006,2022-12-14,Active,LIC-625953,APT00107
CRW000117,Eric,Tanaka,First Officer,AL0014,1996-12-22,Active,LIC-252308,APT00206
CRW000118,Jennifer,Suzuki,Flight Attendant,AL0006,2004-05-26,Active,LIC-210738,APT00180
CRW000119,Ronald,Johansson,First Officer,AL0010,2001-10-23,Inactive,LIC-967844,APT00221
CRW000120,Angela,Robinson,Captain,AL0013,2025-08-10,Active,LIC-338972,APT00115
CRW000121,Donald,Lee,Captain,AL0006,1999-10-24,On Leave,LIC-713317,APT00140
CRW000122,Shirley,Brown,Purser,AL0001,2021-07-14,Active,LIC-417903,APT00033
CRW000123,Nicole,Ivanov,Flight Attendant,AL0017,2001-12-24,Active,LIC-546987,APT00028
CRW000124,Donald,Clark,Flight Attendant,AL0015,2015-06-11,Active,LIC-987453,APT00027
CRW000125,Maria,Watanabe,Flight Attendant,AL0003,1997-11-02,Active,LIC-633663,APT00159
CRW000126,Jason,Tanaka,Flight Attendant,AL0008,2007-04-25,Active,LIC-487559,APT00082
CRW000127,Ana,Hernandez,Flight Attendant,AL0006,2014-07-30,Active,LIC-474095,APT00073
CRW000128,David,Park,First Officer,AL0020,2017-05-04,On Leave,LIC-307120,APT00151
CRW000129,Joshua,Lopez,Purser,AL0019,2022-05-30,Active,LIC-600842,APT00100
CRW000130,Gregory,Flores,First Officer,AL0014,2020-08-22,Active,LIC-612757,APT00034
CRW000131,Mohammed,Nguyen,Captain,AL0009,2011-04-18,On Leave,LIC-185502,APT00140
CRW000132,Anthony,Oliveira,Flight Attendant,AL0002,2004-07-12,On Leave,LIC-464283,APT00138
CRW000133,Dmitri,Chen,First Officer,AL0005,2003-03-17,Active,LIC-680319,APT00035
CRW000134,Lisa,Suzuki,Purser,AL0002,2026-03-11,Inactive,LIC-149464,APT00068
CRW000135,Deborah,Mitchell,Purser,AL0016,2014-02-10,Inactive,LIC-978689,APT00060
CRW000136,Emily,Johansson,Captain,AL0002,2023-07-19,On Leave,LIC-874826,APT00174
CRW000137,Ronald,Novak,Flight Attendant,AL0014,2008-08-17,Active,LIC-673207,APT00063
CRW000138,Olga,Novak,First Officer,AL0020,2010-04-03,Active,LIC-114118,APT00008
CRW000139,Debra,Allen,Captain,AL0007,2020-12-10,Active,LIC-566198,APT00067
CRW000140,Catherine,Walker,Purser,AL0014,2017-09-16,Active,LIC-908634,APT00118
CRW000141,Donald,Fernandez,Captain,AL0018,2001-04-22,Active,LIC-120428,APT00193
CRW000142,Diego,Schmidt,Flight Attendant,AL0009,2011-06-19,Active,LIC-812672,APT00014
CRW000143,Edward,Park,First Officer,AL0009,2001-09-15,Active,LIC-855451,APT00221
CRW000144,Brandon,Campbell,First Officer,AL0005,2018-11-27,On Leave,LIC-168240,APT00083
CRW000145,Katherine,Choi,First Officer,AL0009,1995-12-10,Active,LIC-307339,APT00086
CRW000146,Emma,Ali,Captain,AL0018,2020-12-24,Active,LIC-751249,APT00004
CRW000147,Larry,Muller,Captain,AL0014,2024-03-09,Active,LIC-920440,APT00070
CRW000148,Laura,Anderson,Flight Attendant,AL0005,1995-09-24,Active,LIC-793846,APT00118
CRW000149,Nicole,Rivera,First Officer,AL0011,2014-10-21,Inactive,LIC-573103,APT00157
CRW000150,Olga,Ivanov,Captain,AL0015,1997-06-27,Inactive,LIC-642075,APT00192
CRW000151,George,Schmidt,First Officer,AL0002,2006-04-25,On Leave,LIC-572230,APT00131
CRW000152,Kathleen,Oliveira,First Officer,AL0016,2005-07-27,On Leave,LIC-619903,APT00026
CRW000153,Nancy,Clark,Purser,AL0005,2011-04-30,Active,LIC-793487,APT00098
CRW000154,Kevin,Harris,Flight Attendant,AL0006,2023-10-30,Inactive,LIC-144718,APT00184
CRW000155,Patrick,Pereira,First Officer,AL0009,2009-07-02,On Leave,LIC-288556,APT00160
CRW000156,Scott,Fernandez,Flight Attendant,AL0011,2007-07-07,Active,LIC-153546,APT00147
CRW000157,Margaret,Anderson,Flight Attendant,AL0019,1997-11-30,On Leave,LIC-816681,APT00128
CRW000158,Shirley,Walker,Captain,AL0005,2022-11-19,Inactive,LIC-754559,APT00127
CRW000159,Maria,Santos,Flight Attendant,AL0006,2004-11-20,On Leave,LIC-147795,APT00249
CRW000160,Joseph,Thomas,Purser,AL0008,2009-07-12,Active,LIC-195008,APT00150
CRW000161,Linda,Dubois,Flight Attendant,AL0018,1997-11-25,Active,LIC-338366,APT00150
CRW000162,Melissa,Rodriguez,First Officer,AL0020,2004-01-28,Active,LIC-317659,APT00084
CRW000163,Brandon,Anderson,Purser,AL0010,2012-05-20,Active,LIC-567425,APT00123
CRW000164,Emily,Dubois,Captain,AL0014,2023-04-18,Inactive,LIC-548952,APT00178
CRW000165,Jerry,Carter,Flight Attendant,AL0019,2005-05-02,Active,LIC-421916,APT00215
CRW000166,Wei,Hall,Flight Attendant,AL0017,2012-08-12,Inactive,LIC-247747,APT00195
CRW000167,Amy,Novak,Captain,AL0014,2022-07-06,Active,LIC-684433,APT00166
CRW000168,Amanda,Harris,Flight Attendant,AL0011,2006-04-29,Active,LIC-810854,APT00195
CRW000169,Jennifer,Green,Flight Attendant,AL0020,2004-04-06,Active,LIC-676266,APT00009
CRW000170,Jerry,Carter,Flight Attendant,AL0005,1996-05-24,Active,LIC-826639,APT00068
CRW000171,Mohammed,Muller,First Officer,AL0008,2023-07-11,Active,LIC-922554,APT00061
CRW000172,Rebecca,Clark,Flight Attendant,AL0015,1998-06-26,Active,LIC-857928,APT00164
CRW000173,Kathleen,Kim,First Officer,AL0001,2001-10-07,Active,LIC-686382,APT00189
CRW000174,Alexander,Scott,First Officer,AL0011,1999-05-18,On Leave,LIC-144611,APT00038
CRW000175,Katherine,Baker,Captain,AL0018,2017-03-24,Active,LIC-401096,APT00049
CRW000176,Thomas,Tanaka,Flight Attendant,AL0004,2006-06-18,Inactive,LIC-485085,APT00124
CRW000177,Benjamin,Young,Flight Attendant,AL0017,2017-02-23,Inactive,LIC-741252,APT00243
CRW000178,Liam,Wang,Flight Attendant,AL0009,2014-01-30,Active,LIC-862225,APT00001
CRW000179,Alexander,Santos,Flight Attendant,AL0018,1995-06-23,Inactive,LIC-676297,APT00220
CRW000180,Laura,Schmidt,First Officer,AL0013,2004-08-30,Active,LIC-426897,APT00049
CRW000181,Gary,Diaz,Captain,AL0004,1995-02-16,Active,LIC-808955,APT00068
CRW000182,Ashley,Campbell,Flight Attendant,AL0015,1997-01-21,On Leave,LIC-726237,APT00158
CRW000183,Emma,Thompson,Flight Attendant,AL0002,2009-11-10,Active,LIC-818235,APT00183
CRW000184,Mark,Diaz,Captain,AL0005,2003-04-27,On Leave,LIC-630320,APT00219
CRW000185,Michelle,Patel,Captain,AL0018,1997-10-19,Inactive,LIC-682057,APT00002
CRW000186,Ashley,Martin,Flight Attendant,AL0018,2007-11-03,Active,LIC-412487,APT00013
CRW000187,Kenneth,Sanchez,Captain,AL0001,2009-03-13,Active,LIC-459855,APT00120
CRW000188,Brian,Lee,Flight Attendant,AL0008,2026-03-05,Active,LIC-348764,APT00140
CRW000189,Elizabeth,Johansson,Flight Attendant,AL0002,2015-10-14,Inactive,LIC-331181,APT00066
CRW000190,Gregory,Davis,First Officer,AL0006,2007-05-07,Inactive,LIC-687468,APT00160
CRW000191,Edward,Muller,First Officer,AL0020,2009-11-14,Inactive,LIC-445299,APT00067
CRW000192,Diego,Hall,Flight Attendant,AL0004,1997-10-20,Active,LIC-220261,APT00234
CRW000193,Nancy,Garcia,Purser,AL0013,2007-02-23,Active,LIC-131553,APT00045
CRW000194,Benjamin,Roberts,First Officer,AL0017,2013-04-04,Active,LIC-874109,APT00164
CRW000195,Nancy,Schmidt,Captain,AL0018,1995-08-29,Active,LIC-491791,APT00133
CRW000196,Shirley,Ivanov,Flight Attendant,AL0008,2023-11-22,On Leave,LIC-618798,APT00026
CRW000197,Ryan,Nelson,Flight Attendant,AL0014,2011-03-08,Inactive,LIC-914362,APT00152
CRW000198,Rebecca,Clark,Captain,AL0010,2019-09-19,Active,LIC-200353,APT00037
CRW000199,Brandon,Wilson,Flight Attendant,AL0003,2003-08-29,Active,LIC-943648,APT00135
CRW000200,Heather,Smith,Captain,AL0005,2021-04-09,Inactive,LIC-733174,APT00159
CRW000201,Joshua,Lewis,Captain,AL0015,2006-07-11,Active,LIC-676141,APT00019
CRW000202,Wei,Kim,Purser,AL0014,2024-02-29,On Leave,LIC-488000,APT00054
CRW000203,Daniel,Brown,Purser,AL0011,2011-05-28,Active,LIC-735607,APT00074
CRW000204,Kimberly,Diaz,Flight Attendant,AL0016,2014-12-31,Active,LIC-283673,APT00233
CRW000205,Emily,Campbell,Flight Attendant,AL0014,2001-05-27,Active,LIC-371929,APT00056
CRW000206,Carlos,White,Captain,AL0007,2026-04-04,Active,LIC-964961,APT00231
CRW000207,Joseph,Oliveira,Flight Attendant,AL0006,2001-01-19,Active,LIC-348217,APT00134
CRW000208,Melissa,Anderson,Flight Attendant,AL0019,1996-01-17,On Leave,LIC-747682,APT00238
CRW000209,Ronald,Oliveira,Flight Attendant,AL0020,2008-10-26,Active,LIC-937256,APT00208
CRW000210,Dennis,Thompson,First Officer,AL0001,2021-03-24,Active,LIC-633693,APT00074
CRW000211,Ryan,Walker,Captain,AL0016,2023-12-10,Active,LIC-367901,APT00140
CRW000212,Elena,Wright,Purser,AL0003,2021-12-04,Active,LIC-863979,APT00180
CRW000213,Raymond,Diaz,Purser,AL0018,2012-05-17,Active,LIC-843612,APT00020
CRW000214,Frank,Lee,Purser,AL0012,2023-10-20,Active,LIC-589482,APT00166
CRW000215,Alexander,Pereira,Captain,AL0014,2010-06-17,On Leave,LIC-203424,APT00115
CRW000216,Karen,Ramirez,Captain,AL0015,2010-01-08,Active,LIC-497323,APT00009
CRW000217,Rebecca,Thompson,Flight Attendant,AL0013,2000-09-05,Active,LIC-488473,APT00217
CRW000218,Stephen,Patel,Flight Attendant,AL0006,2019-10-01,Inactive,LIC-270501,APT00067
CRW000219,Margaret,Kumar,Flight Attendant,AL0017,2004-12-06,Active,LIC-461902,APT00219
CRW000220,Joseph,Ramirez,Purser,AL0012,2001-02-16,On Leave,LIC-238051,APT00052
CRW000221,Thomas,Hernandez,Flight Attendant,AL0011,2006-08-11,Active,LIC-723308,APT00136
CRW000222,Jack,Young,Flight Attendant,AL0007,2013-12-12,Inactive,LIC-488771,APT00093
CRW000223,Brandon,Baker,Flight Attendant,AL0001,2003-06-26,Active,LIC-757492,APT00224
CRW000224,Dorothy,Brown,Flight Attendant,AL0012,2006-04-08,Active,LIC-510376,APT00239
CRW000225,Raymond,Miller,Flight Attendant,AL0007,2005-05-16,Active,LIC-742421,APT00193
CRW000226,Katherine,Park,Flight Attendant,AL0014,2013-09-24,Active,LIC-759980,APT00212
CRW000227,Maria,Williams,Flight Attendant,AL0008,2017-06-07,Active,LIC-244194,APT00193
CRW000228,Ivan,Allen,Flight Attendant,AL0020,2016-03-23,Inactive,LIC-497876,APT00074
CRW000229,Fatima,Rossi,Flight Attendant,AL0014,1999-06-08,Active,LIC-774976,APT00231
CRW000230,Nancy,Clark,Flight Attendant,AL0010,2005-11-26,Active,LIC-633842,APT00133
CRW000231,Patrick,Flores,First Officer,AL0015,2015-05-17,Inactive,LIC-299498,APT00086
CRW000232,Melissa,Miller,Flight Attendant,AL0013,2001-10-17,Inactive,LIC-849265,APT00049
CRW000233,Timothy,Silva,Captain,AL0013,1997-03-08,On Leave,LIC-279905,APT00178
CRW000234,Nicole,Kim,Flight Attendant,AL0012,2005-02-08,Active,LIC-994000,APT00070
CRW000235,Larry,Novak,Flight Attendant,AL0019,2016-04-28,Inactive,LIC-736166,APT00164
CRW000236,Ronald,Tanaka,Flight Attendant,AL0007,2015-11-10,Active,LIC-390272,APT00017
CRW000237,Freya,Lewis,First Officer,AL0009,1999-01-29,Inactive,LIC-275105,APT00159
CRW000238,Christopher,Brown,Flight Attendant,AL0006,2016-04-07,Active,LIC-911758,APT00161
CRW000239,Barbara,Ramirez,Purser,AL0012,2001-02-09,Active,LIC-571144,APT00132
CRW000240,Patricia,Lopez,Purser,AL0020,2018-04-16,Active,LIC-825444,APT00165
CRW000241,Maria,Nelson,First Officer,AL0013,2012-10-18,Active,LIC-848511,APT00249
CRW000242,Timothy,Lopez,Flight Attendant,AL0005,1998-12-23,Active,LIC-161205,APT00210
CRW000243,Edward,Park,First Officer,AL0019,2006-01-01,On Leave,LIC-715409,APT00110
CRW000244,Nicole,Carter,Purser,AL0016,2020-09-18,Active,LIC-400742,APT00218
CRW000245,Edward,Lee,Flight Attendant,AL0009,2008-08-05,Active,LIC-916945,APT00239
CRW000246,Jonathan,Park,Flight Attendant,AL0003,2016-08-14,Active,LIC-297138,APT00041
CRW000247,Linda,Rossi,Purser,AL0009,2018-07-05,Active,LIC-130178,APT00090
CRW000248,Charles,Scott,Flight Attendant,AL0017,1995-12-17,Active,LIC-697945,APT00186
CRW000249,Noah,Lopez,Captain,AL0012,2024-04-06,Active,LIC-596817,APT00129
CRW000250,Jason,Ramirez,Flight Attendant,AL0004,2005-07-17,Inactive,LIC-599768,APT00034
CRW000251,Christopher,Campbell,Purser,AL0004,2019-12-05,On Leave,LIC-336978,APT00119
CRW000252,Brian,Rossi,Flight Attendant,AL0020,2009-08-30,Active,LIC-545365,APT00094
CRW000253,Kenneth,Lee,Flight Attendant,AL0009,2013-02-15,Active,LIC-967791,APT00185
CRW000254,Steven,Muller,Flight Attendant,AL0014,2006-05-01,Inactive,LIC-787206,APT00129
CRW000255,Kimberly,Thompson,Flight Attendant,AL0008,2021-10-21,On Leave,LIC-986392,APT00035
CRW000256,Debra,Martin,Flight Attendant,AL0002,1998-09-09,Active,LIC-399977,APT00013
CRW000257,Richard,Scott,First Officer,AL0009,2023-02-25,On Leave,LIC-883181,APT00072
CRW000258,Emily,Gonzalez,First Officer,AL0014,2001-07-07,Active,LIC-444476,APT00040
CRW000259,Jeffrey,Allen,Purser,AL0007,2022-09-30,Active,LIC-942094,APT00220
CRW000260,Nicholas,Lewis,Purser,AL0013,1995-10-09,Active,LIC-879069,APT00068
CRW000261,Fatima,Thompson,Flight Attendant,AL0009,1995-06-08,On Leave,LIC-248177,APT00159
CRW000262,Liam,Dubois,First Officer,AL0007,1997-12-04,Inactive,LIC-974986,APT00032
CRW000263,Kimberly,Clark,Flight Attendant,AL0006,2012-03-18,Active,LIC-646629,APT00111
CRW000264,Nicholas,Kumar,Captain,AL0006,2003-05-14,On Leave,LIC-798720,APT00234
CRW000265,John,Ali,Captain,AL0006,2013-10-13,On Leave,LIC-621124,APT00161
CRW000266,Justin,Wang,Flight Attendant,AL0015,2020-10-05,Inactive,LIC-295363,APT00073
CRW000267,Charles,Perez,Flight Attendant,AL0007,1995-11-08,Active,LIC-986270,APT00187
CRW000268,William,Johansson,Flight Attendant,AL0015,2011-07-19,Active,LIC-201386,APT00126
CRW000269,Benjamin,Jackson,First Officer,AL0007,2018-03-24,Active,LIC-828069,APT00059
CRW000270,Nancy,Thompson,Flight Attendant,AL0007,2008-05-03,On Leave,LIC-288284,APT00250
CRW000271,Laura,Tanaka,Flight Attendant,AL0019,2024-01-23,Active,LIC-807091,APT00235
CRW000272,Richard,Ramirez,First Officer,AL0018,2015-10-21,On Leave,LIC-480484,APT00142
CRW000273,Rachel,Kumar,Flight Attendant,AL0009,1996-02-01,Active,LIC-312859,APT00009
CRW000274,Carolyn,Brown,Flight Attendant,AL0006,2012-01-05,Inactive,LIC-313027,APT00103
CRW000275,Jonathan,Roberts,Purser,AL0015,2007-01-23,On Leave,LIC-387625,APT00129
CRW000276,Priya,Tanaka,Purser,AL0002,1999-02-18,Active,LIC-910936,APT00233
CRW000277,Edward,Khan,First Officer,AL0010,2024-11-09,Inactive,LIC-792438,APT00184
CRW000278,Daniel,Campbell,Flight Attendant,AL0012,2001-12-29,Inactive,LIC-703649,APT00056
CRW000279,Charles,Kowalski,Flight Attendant,AL0014,1997-08-14,Active,LIC-666841,APT00128
CRW000280,Anthony,White,Flight Attendant,AL0003,2001-12-28,Active,LIC-475055,APT00045
CRW000281,Matthew,Walker,Flight Attendant,AL0001,2020-11-09,Inactive,LIC-911342,APT00119
CRW000282,Joshua,Garcia,Purser,AL0006,2013-11-06,Inactive,LIC-346430,APT00134
CRW000283,Margaret,Kumar,Flight Attendant,AL0003,2020-10-05,Active,LIC-948636,APT00128
CRW000284,Stephen,Ali,First Officer,AL0011,2009-07-03,Active,LIC-442594,APT00107
CRW000285,Sarah,Schmidt,Flight Attendant,AL0019,1998-09-04,Active,LIC-407291,APT00110
CRW000286,Justin,Muller,First Officer,AL0006,2007-03-06,Active,LIC-528445,APT00200
CRW000287,Kenneth,Hernandez,Purser,AL0010,2001-04-11,On Leave,LIC-773693,APT00127
CRW000288,Samuel,Wang,Captain,AL0005,2012-06-27,Active,LIC-742439,APT00011
CRW000289,Kathleen,Rossi,Captain,AL0001,2003-06-19,Active,LIC-790042,APT00186
CRW000290,Olga,Taylor,Purser,AL0015,2025-06-24,Inactive,LIC-180407,APT00155
CRW000291,Edward,Hill,Flight Attendant,AL0006,2006-11-07,Active,LIC-244953,APT00174
CRW000292,Kimberly,Park,Captain,AL0011,2004-11-14,Active,LIC-863948,APT00178
CRW000293,Stephen,King,Flight Attendant,AL0014,2025-12-06,Active,LIC-982777,APT00044
CRW000294,Emma,Schmidt,Captain,AL0017,2011-05-06,Active,LIC-214803,APT00243
CRW000295,Edward,Nelson,Flight Attendant,AL0004,2000-05-10,Active,LIC-913725,APT00248
CRW000296,Angela,Chen,First Officer,AL0012,2010-02-03,Active,LIC-336204,APT00037
CRW000297,Jeffrey,Kim,Purser,AL0019,2003-01-01,Inactive,LIC-981365,APT00055
CRW000298,Andrew,Chen,Captain,AL0010,2017-07-07,On Leave,LIC-994229,APT00062
CRW000299,Emily,Dubois,Flight Attendant,AL0001,2013-01-09,Active,LIC-673201,APT00242
CRW000300,Olga,Yamamoto,Flight Attendant,AL0006,2017-12-11,Active,LIC-271187,APT00234
CRW000301,Samantha,White,Captain,AL0016,2024-07-15,Active,LIC-809420,APT00067
CRW000302,Barbara,Choi,Captain,AL0016,2017-11-27,On Leave,LIC-191027,APT00158
CRW000303,Ana,Kim,Flight Attendant,AL0007,2005-09-13,On Leave,LIC-400820,APT00061
CRW000304,Christine,Mitchell,Flight Attendant,AL0004,2001-05-01,Active,LIC-674564,APT00010
CRW000305,Michael,Clark,Captain,AL0006,2011-08-19,Active,LIC-160825,APT00058
CRW000306,Debra,King,First Officer,AL0005,2009-02-09,On Leave,LIC-453815,APT00020
CRW000307,Stephen,Chen,Flight Attendant,AL0015,2004-11-01,Active,LIC-817481,APT00212
CRW000308,Ivan,Robinson,Captain,AL0017,2020-06-26,On Leave,LIC-182651,APT00197
CRW000309,Ryan,Thompson,First Officer,AL0001,2023-07-27,Inactive,LIC-430094,APT00047
CRW000310,Gary,Andersson,Captain,AL0015,2006-12-27,On Leave,LIC-103368,APT00142
CRW000311,Emily,King,Purser,AL0016,2016-05-23,Active,LIC-692427,APT00052
CRW000312,Joshua,Patel,Flight Attendant,AL0013,2025-12-03,Inactive,LIC-171245,APT00142
CRW000313,Justin,Williams,Purser,AL0018,1995-05-17,Active,LIC-352873,APT00224
CRW000314,Heather,Miller,First Officer,AL0001,2006-06-17,Active,LIC-570461,APT00220
CRW000315,Ahmed,Kowalski,Purser,AL0014,2018-03-07,Inactive,LIC-293067,APT00209
CRW000316,Patrick,Lopez,Flight Attendant,AL0003,2010-08-20,Active,LIC-307803,APT00061
CRW000317,Brenda,Silva,Captain,AL0018,2019-11-17,On Leave,LIC-851399,APT00048
CRW000318,Jacob,Yamamoto,Captain,AL0010,2009-11-28,On Leave,LIC-799796,APT00041
CRW000319,Kenneth,Hill,First Officer,AL0002,1997-01-08,Active,LIC-172720,APT00032
CRW000320,Patrick,Suzuki,Flight Attendant,AL0015,2008-08-16,Active,LIC-871756,APT00154
CRW000321,Joshua,Wright,Flight Attendant,AL0015,2007-09-16,On Leave,LIC-521359,APT00165
CRW000322,Steven,Oliveira,Captain,AL0010,2021-07-26,Active,LIC-230349,APT00221
CRW000323,Hiro,Jackson,First Officer,AL0007,1999-08-18,Inactive,LIC-916026,APT00023
CRW000324,Stephen,Wright,Purser,AL0001,1999-11-17,On Leave,LIC-403317,APT00067
CRW000325,Kevin,Young,First Officer,AL0019,1999-06-12,Active,LIC-393137,APT00182
CRW000326,Yuki,Dubois,Flight Attendant,AL0004,2012-10-31,Active,LIC-231916,APT00171
CRW000327,Ana,Brown,Flight Attendant,AL0017,2026-04-12,Active,LIC-897656,APT00107
CRW000328,Joshua,Johansson,First Officer,AL0012,2014-06-08,Active,LIC-358023,APT00039
CRW000329,Gary,Johnson,Captain,AL0014,2020-08-23,Active,LIC-633153,APT00122
CRW000330,Ryan,Sanchez,First Officer,AL0014,2021-09-28,Inactive,LIC-315283,APT00043
CRW000331,Frank,Mitchell,Flight Attendant,AL0018,2013-11-13,On Leave,LIC-905945,APT00134
CRW000332,Carlos,Lopez,Flight Attendant,AL0001,2014-02-20,Active,LIC-808177,APT00226
CRW000333,Shirley,Flores,Purser,AL0020,2002-08-21,Inactive,LIC-552721,APT00049
CRW000334,Catherine,Diaz,First Officer,AL0001,2025-02-28,Active,LIC-410931,APT00030
CRW000335,Anna,Andersson,First Officer,AL0020,2019-10-02,Active,LIC-689553,APT00185
CRW000336,Ahmed,Williams,Captain,AL0006,2022-05-27,Active,LIC-546007,APT00007
CRW000337,Timothy,Mitchell,Captain,AL0017,2025-11-27,Active,LIC-946832,APT00246
CRW000338,George,Mitchell,Purser,AL0002,2005-12-15,Active,LIC-706504,APT00194
CRW000339,Ronald,Garcia,Flight Attendant,AL0010,1999-07-08,Active,LIC-124469,APT00101
CRW000340,Freya,Chen,Captain,AL0011,2022-01-06,On Leave,LIC-840030,APT00091
CRW000341,Brenda,Adams,First Officer,AL0020,2009-11-10,Inactive,LIC-273556,APT00097
CRW000342,Charles,Singh,Flight Attendant,AL0003,2025-02-10,On Leave,LIC-371087,APT00100
CRW000343,Robert,White,Flight Attendant,AL0001,2016-10-26,On Leave,LIC-492440,APT00210
CRW000344,Gary,Lee,Flight Attendant,AL0013,2003-01-30,Active,LIC-288298,APT00200
CRW000345,Dennis,Ivanov,Flight Attendant,AL0001,2006-02-23,Active,LIC-948083,APT00052
CRW000346,Laura,Ali,Flight Attendant,AL0016,2014-03-04,Active,LIC-980607,APT00045
CRW000347,Angela,Gonzalez,Purser,AL0001,2007-05-22,Inactive,LIC-240129,APT00136
CRW000348,Catherine,Moore,First Officer,AL0020,2003-11-08,Active,LIC-388132,APT00163
CRW000349,Kathleen,Campbell,Purser,AL0011,2001-08-04,Active,LIC-433669,APT00182
CRW000350,Ivan,Johansson,Flight Attendant,AL0019,2015-05-29,Active,LIC-703960,APT00079
CRW000351,Scott,Taylor,Flight Attendant,AL0003,1996-02-08,Active,LIC-637997,APT00121
CRW000352,Debra,Moore,Flight Attendant,AL0006,1997-12-10,On Leave,LIC-710056,APT00027
CRW000353,Janet,Costa,Flight Attendant,AL0010,1996-05-03,Active,LIC-127935,APT00114
CRW000354,Pamela,Kumar,Captain,AL0001,2018-01-24,On Leave,LIC-562625,APT00172
CRW000355,Michael,Yamamoto,Flight Attendant,AL0003,1995-12-03,Inactive,LIC-289823,APT00077
CRW000356,Stephanie,Dubois,Flight Attendant,AL0007,2008-03-10,Active,LIC-305602,APT00080
CRW000357,Thomas,Oliveira,Flight Attendant,AL0015,1998-10-24,Inactive,LIC-797222,APT00116
CRW000358,Kathleen,Thomas,Flight Attendant,AL0015,2013-06-14,Inactive,LIC-227311,APT00217
CRW000359,Sarah,Perez,First Officer,AL0002,1996-01-30,Active,LIC-128330,APT00152
CRW000360,Kathleen,Martin,Flight Attendant,AL0002,1995-10-24,On Leave,LIC-538314,APT00230
CRW000361,Michelle,Jones,Purser,AL0014,2007-11-30,Active,LIC-762215,APT00016
CRW000362,John,Dubois,First Officer,AL0008,2016-11-06,Active,LIC-559836,APT00213
CRW000363,Joseph,Chen,Purser,AL0016,1998-06-11,Active,LIC-245208,APT00011
CRW000364,Jacob,Miller,Captain,AL0006,2010-08-01,On Leave,LIC-796029,APT00081
CRW000365,Elizabeth,Thomas,Flight Attendant,AL0008,2020-06-16,Inactive,LIC-443548,APT00107
CRW000366,Chen,Thomas,Flight Attendant,AL0005,2014-08-23,On Leave,LIC-738849,APT00060
CRW000367,Carolyn,Allen,First Officer,AL0006,2018-07-28,On Leave,LIC-281858,APT00248
CRW000368,Christine,Torres,Flight Attendant,AL0015,2004-12-01,Active,LIC-920836,APT00224
CRW000369,Christopher,White,Captain,AL0010,2024-08-05,Inactive,LIC-355205,APT00143
CRW000370,Catherine,Choi,Purser,AL0014,1999-08-01,Active,LIC-973773,APT00114
CRW000371,Scott,Moore,Flight Attendant,AL0002,2014-01-06,Active,LIC-439529,APT00191
CRW000372,George,Hall,Captain,AL0011,2008-09-05,On Leave,LIC-755065,APT00177
CRW000373,James,Scott,Flight Attendant,AL0010,1995-12-31,Inactive,LIC-551850,APT00121
CRW000374,Amy,Young,Flight Attendant,AL0019,2024-08-28,Inactive,LIC-168860,APT00207
CRW000375,Catherine,Johansson,Flight Attendant,AL0009,2017-01-23,Active,LIC-188444,APT00049
CRW000376,Robert,Fernandez,First Officer,AL0003,2002-02-26,Active,LIC-464606,APT00070
CRW000377,Michael,Smith,Flight Attendant,AL0014,1996-08-23,Active,LIC-273726,APT00005
CRW000378,Amanda,Nguyen,Purser,AL0003,2016-03-26,Active,LIC-647921,APT00030
CRW000379,Kathleen,Martinez,Flight Attendant,AL0019,2012-02-15,On Leave,LIC-224155,APT00050
CRW000380,Jeffrey,Wright,Flight Attendant,AL0008,1996-07-25,On Leave,LIC-631174,APT00157
CRW000381,Stephanie,Roberts,Captain,AL0016,2025-12-24,Active,LIC-284362,APT00214
CRW000382,Donald,Allen,Captain,AL0014,2017-07-24,Active,LIC-263299,APT00148
CRW000383,Linda,Harris,Captain,AL0010,2009-07-14,Active,LIC-430354,APT00112
CRW000384,Patricia,Harris,Captain,AL0012,2002-06-29,Active,LIC-624649,APT00068
CRW000385,Barbara,White,First Officer,AL0004,2003-07-08,Active,LIC-459525,APT00026
CRW000386,Samuel,Clark,Captain,AL0002,2009-03-09,Active,LIC-414712,APT00147
CRW000387,Jack,Robinson,Flight Attendant,AL0016,1996-10-17,On Leave,LIC-406203,APT00036
CRW000388,Edward,Kumar,Flight Attendant,AL0020,2006-07-21,Inactive,LIC-405033,APT00198
CRW000389,Elizabeth,Davis,First Officer,AL0018,2001-10-31,On Leave,LIC-463337,APT00103
CRW000390,Deborah,Brown,First Officer,AL0007,1998-07-18,Inactive,LIC-850605,APT00088
CRW000391,Sven,Adams,Flight Attendant,AL0008,1998-12-15,Active,LIC-620184,APT00007
CRW000392,Sandra,Singh,Flight Attendant,AL0008,2005-11-09,Inactive,LIC-479739,APT00061
CRW000393,Ryan,Lee,Flight Attendant,AL0015,2007-01-08,Inactive,LIC-774587,APT00004
CRW000394,Nicholas,Taylor,Flight Attendant,AL0013,2005-12-31,Active,LIC-574655,APT00182
CRW000395,Donna,Roberts,Flight Attendant,AL0016,2016-09-04,On Leave,LIC-954134,APT00123
CRW000396,Edward,Walker,Flight Attendant,AL0019,2011-05-28,Active,LIC-606585,APT00197
CRW000397,Jeffrey,Ivanov,Flight Attendant,AL0008,2001-01-20,Inactive,LIC-294403,APT00142
CRW000398,Jeffrey,Lopez,Flight Attendant,AL0014,2025-07-19,Active,LIC-606696,APT00239
CRW000399,Gregory,Martinez,First Officer,AL0011,2017-12-08,Active,LIC-796236,APT00196
CRW000400,Helen,Hall,Flight Attendant,AL0020,2009-10-07,Active,LIC-291809,APT00037
CRW000401,Michael,Young,Flight Attendant,AL0008,1996-07-18,Active,LIC-281977,APT00030
CRW000402,James,Ivanov,Purser,AL0004,2023-09-24,Active,LIC-639507,APT00223
CRW000403,Deborah,Green,Captain,AL0008,2018-05-23,Active,LIC-896037,APT00068
CRW000404,Olga,Lewis,Flight Attendant,AL0013,2009-07-02,On Leave,LIC-401160,APT00192
CRW000405,Robert,Gonzalez,Flight Attendant,AL0020,2000-01-31,Active,LIC-556150,APT00158
CRW000406,William,Wilson,Flight Attendant,AL0017,1998-05-19,On Leave,LIC-689517,APT00176
CRW000407,Samantha,Schmidt,Flight Attendant,AL0001,2004-02-09,Inactive,LIC-697168,APT00067
CRW000408,Jason,Jackson,Flight Attendant,AL0011,2002-03-26,On Leave,LIC-231127,APT00079
CRW000409,Betty,Green,First Officer,AL0004,2001-07-29,Active,LIC-455683,APT00139
CRW000410,Matthew,Andersson,Purser,AL0008,2007-10-21,Active,LIC-994703,APT00006
CRW000411,Emma,Watanabe,Purser,AL0019,1996-06-18,On Leave,LIC-899676,APT00078
CRW000412,Gary,Perez,First Officer,AL0020,2005-03-22,Active,LIC-794838,APT00127
CRW000413,Scott,Rodriguez,Flight Attendant,AL0004,2022-05-14,On Leave,LIC-121798,APT00052
CRW000414,Dorothy,Rossi,Flight Attendant,AL0003,2022-03-15,Active,LIC-475525,APT00072
CRW000415,Amy,Singh,First Officer,AL0014,1995-04-07,Active,LIC-146048,APT00246
CRW000416,Yuki,Clark,Captain,AL0009,2016-04-27,Active,LIC-371216,APT00073
CRW000417,Emily,Mitchell,Flight Attendant,AL0009,2026-02-19,On Leave,LIC-878410,APT00226
CRW000418,Melissa,Thomas,Flight Attendant,AL0018,2013-03-03,Active,LIC-449021,APT00232
CRW000419,Karen,Khan,Flight Attendant,AL0019,2007-04-07,Active,LIC-251595,APT00169
CRW000420,Scott,Ivanov,First Officer,AL0019,2010-06-07,Active,LIC-749086,APT00039
CRW000421,Patricia,White,Flight Attendant,AL0016,2001-09-12,On Leave,LIC-783126,APT00052
CRW000422,Sandra,Nguyen,Flight Attendant,AL0020,2007-06-25,Inactive,LIC-689866,APT00234
CRW000423,Christine,Clark,Flight Attendant,AL0015,2024-06-08,Inactive,LIC-828109,APT00001
CRW000424,John,Williams,Flight Attendant,AL0018,2014-03-26,Active,LIC-731882,APT00126
CRW000425,Sven,Hernandez,Flight Attendant,AL0011,2008-07-15,On Leave,LIC-671205,APT00150
CRW000426,Timothy,Oliveira,Purser,AL0002,1998-11-30,Active,LIC-900098,APT00210
CRW000427,Melissa,Torres,Captain,AL0017,2023-06-21,Inactive,LIC-391714,APT00224
CRW000428,Nicholas,Lopez,First Officer,AL0019,2000-02-09,Active,LIC-510665,APT00071
CRW000429,Scott,Brown,Flight Attendant,AL0007,2017-09-02,Active,LIC-606772,APT00126
CRW000430,Sharon,Lewis,Flight Attendant,AL0009,2004-07-10,On Leave,LIC-702568,APT00159
CRW000431,Ahmed,Fernandez,Captain,AL0012,2003-10-03,Inactive,LIC-528827,APT00242
CRW000432,Ana,Walker,Purser,AL0014,2000-05-18,Active,LIC-497356,APT00140
CRW000433,Matthew,Diaz,First Officer,AL0014,2006-10-14,On Leave,LIC-248790,APT00031
CRW000434,Frank,Flores,First Officer,AL0008,2016-04-09,Active,LIC-674287,APT00232
CRW000435,Andrew,Rossi,Flight Attendant,AL0018,2008-02-02,Active,LIC-211271,APT00129
CRW000436,Freya,Dubois,Flight Attendant,AL0017,1995-10-12,Active,LIC-527340,APT00045
CRW000437,Donald,Williams,Purser,AL0019,2003-04-18,Active,LIC-468083,APT00048
CRW000438,Kimberly,Smith,Purser,AL0012,2000-01-13,Active,LIC-798996,APT00052
CRW000439,Christine,Park,Flight Attendant,AL0002,2007-08-16,Inactive,LIC-528905,APT00181
CRW000440,Jack,Choi,Flight Attendant,AL0017,2023-05-11,On Leave,LIC-104734,APT00238
CRW000441,Jessica,Hernandez,Captain,AL0002,2025-03-31,Active,LIC-555413,APT00111
CRW000442,Eric,Patel,Captain,AL0004,2026-05-04,Active,LIC-294139,APT00025
CRW000443,Michelle,Park,Purser,AL0006,1998-07-16,Active,LIC-442037,APT00223
CRW000444,Brenda,Oliveira,Purser,AL0004,2010-04-27,Active,LIC-366793,APT00159
CRW000445,Eric,White,Flight Attendant,AL0015,1996-06-07,On Leave,LIC-249950,APT00143
CRW000446,Sven,Andersson,Flight Attendant,AL0009,2010-07-25,On Leave,LIC-950854,APT00016
CRW000447,Sofia,Patel,Flight Attendant,AL0005,2013-02-12,Active,LIC-328206,APT00243
CRW000448,Brandon,Choi,Captain,AL0001,2019-04-19,Active,LIC-556341,APT00020
CRW000449,Samantha,Lopez,Captain,AL0005,2005-07-27,Inactive,LIC-845319,APT00153
CRW000450,Mohammed,Carter,Purser,AL0014,1996-02-20,On Leave,LIC-427916,APT00150
CRW000451,Daniel,Johnson,Flight Attendant,AL0016,2009-04-08,Active,LIC-943561,APT00129
CRW000452,Debra,Lewis,Flight Attendant,AL0006,2008-06-01,Active,LIC-463880,APT00138
CRW000453,Patrick,Smith,Captain,AL0002,2014-08-11,Inactive,LIC-952106,APT00100
CRW000454,Jessica,Scott,Flight Attendant,AL0012,1998-02-19,On Leave,LIC-506639,APT00144
CRW000455,Fatima,Costa,Purser,AL0016,2014-04-07,On Leave,LIC-112984,APT00091
CRW000456,Katherine,Chen,Flight Attendant,AL0002,2007-08-06,Active,LIC-881046,APT00119
CRW000457,Michelle,Sanchez,Captain,AL0016,2018-03-21,Active,LIC-877636,APT00170
CRW000458,Ryan,Wright,Flight Attendant,AL0004,2025-11-28,Active,LIC-966101,APT00186
CRW000459,Ryan,Robinson,Flight Attendant,AL0006,2002-02-24,On Leave,LIC-211520,APT00039
CRW000460,Liam,Ivanov,First Officer,AL0013,2018-09-04,Active,LIC-859747,APT00249
CRW000461,Elena,Perez,First Officer,AL0002,1999-01-05,Active,LIC-407433,APT00025
CRW000462,Dennis,Davis,Purser,AL0007,2025-12-12,Inactive,LIC-857490,APT00069
CRW000463,Brandon,Green,Captain,AL0003,2010-02-10,Active,LIC-967164,APT00087
CRW000464,Richard,Johansson,Flight Attendant,AL0005,2018-06-09,Active,LIC-279113,APT00081
CRW000465,Ivan,Hill,Flight Attendant,AL0016,2019-06-05,Active,LIC-434104,APT00088
CRW000466,Thomas,Taylor,Flight Attendant,AL0005,2014-02-08,Inactive,LIC-341809,APT00081
CRW000467,Christopher,Brown,Purser,AL0001,2007-01-28,Active,LIC-374171,APT00110
CRW000468,William,Santos,Flight Attendant,AL0005,2018-09-11,Inactive,LIC-636443,APT00191
CRW000469,Diego,Schmidt,Purser,AL0002,2009-12-18,Inactive,LIC-471214,APT00207
CRW000470,Cynthia,Gonzalez,Purser,AL0013,2015-09-16,Active,LIC-690523,APT00088
CRW000471,Mark,Garcia,Flight Attendant,AL0020,2014-04-08,Active,LIC-706947,APT00065
CRW000472,Elizabeth,Hernandez,Purser,AL0004,2009-07-31,Active,LIC-282434,APT00170
CRW000473,Deborah,Walker,Flight Attendant,AL0015,1998-09-05,Active,LIC-139533,APT00015
CRW000474,Gregory,Costa,Captain,AL0008,2004-03-10,Active,LIC-771652,APT00112
CRW000475,Freya,Gonzalez,First Officer,AL0002,2024-06-18,Active,LIC-263431,APT00056
CRW000476,Eric,Andersson,Flight Attendant,AL0014,2011-05-06,Inactive,LIC-279966,APT00152
CRW000477,Larry,Smith,Flight Attendant,AL0005,2014-12-25,Active,LIC-641212,APT00020
CRW000478,Priya,Muller,Flight Attendant,AL0011,2003-02-14,On Leave,LIC-336709,APT00208
CRW000479,Olga,Thompson,Purser,AL0011,2017-03-04,Inactive,LIC-270769,APT00068
CRW000480,Dorothy,Oliveira,Purser,AL0012,2010-04-16,Active,LIC-376115,APT00129
CRW000481,Freya,Hill,Captain,AL0003,2001-11-15,On Leave,LIC-570363,APT00144
CRW000482,Gary,Perez,First Officer,AL0006,1999-08-04,Active,LIC-861391,APT00119
CRW000483,Noah,Martin,Flight Attendant,AL0015,2007-05-30,On Leave,LIC-989811,APT00112
CRW000484,Joseph,Johansson,Purser,AL0019,2012-10-05,Inactive,LIC-758874,APT00067
CRW000485,Barbara,Allen,Purser,AL0001,2003-10-20,Inactive,LIC-908981,APT00194
CRW000486,Ahmed,Lewis,Captain,AL0009,2002-09-15,Active,LIC-577616,APT00129
CRW000487,Benjamin,Ivanov,Purser,AL0018,2003-06-21,Active,LIC-467495,APT00054
CRW000488,Nancy,Nelson,Flight Attendant,AL0006,2004-03-23,Active,LIC-837773,APT00066
CRW000489,Mohammed,Wang,Flight Attendant,AL0009,2018-03-21,Inactive,LIC-372151,APT00110
CRW000490,Richard,Scott,Flight Attendant,AL0019,2010-09-05,Active,LIC-831634,APT00211
CRW000491,Samantha,Garcia,Flight Attendant,AL0020,2009-09-27,Active,LIC-998376,APT00241
CRW000492,Matthew,Smith,First Officer,AL0014,2000-02-08,Active,LIC-450849,APT00098
CRW000493,William,Brown,First Officer,AL0014,2012-02-09,On Leave,LIC-670076,APT00099
CRW000494,Dennis,Rivera,Flight Attendant,AL0013,2025-03-27,Inactive,LIC-803292,APT00033
CRW000495,Wei,Adams,Purser,AL0006,2018-06-03,Active,LIC-805152,APT00137
CRW000496,Richard,Muller,Flight Attendant,AL0018,2009-01-15,On Leave,LIC-285618,APT00060
CRW000497,Barbara,Watanabe,Captain,AL0001,2004-08-23,Active,LIC-966342,APT00205
CRW000498,Brenda,Wilson,Captain,AL0002,2006-01-25,Active,LIC-552905,APT00134
CRW000499,Patricia,Oliveira,Purser,AL0013,1995-11-05,Active,LIC-137609,APT00056
CRW000500,Rachel,Choi,Purser,AL0017,1995-12-02,Active,LIC-206417,APT00230
CRW000501,Ivan,Roberts,Flight Attendant,AL0017,2019-05-23,Active,LIC-754836,APT00204
CRW000502,Alexander,Nelson,Purser,AL0014,2021-06-29,On Leave,LIC-484114,APT00076
CRW000503,Betty,Anderson,Purser,AL0008,2025-06-06,Inactive,LIC-197154,APT00031
CRW000504,Daniel,Anderson,First Officer,AL0008,2014-08-30,Active,LIC-568328,APT00067
CRW000505,Samantha,Johnson,Purser,AL0009,2024-03-11,Active,LIC-639589,APT00095
CRW000506,Linda,Patel,Flight Attendant,AL0006,2008-01-31,Active,LIC-171926,APT00102
CRW000507,Nicholas,Wright,Flight Attendant,AL0009,2002-12-25,Inactive,LIC-415095,APT00206
CRW000508,Rebecca,Thomas,Flight Attendant,AL0003,2002-09-18,Active,LIC-516351,APT00242
CRW000509,Rachel,Hernandez,Purser,AL0007,2002-06-08,On Leave,LIC-802300,APT00187
CRW000510,Matthew,Garcia,Captain,AL0019,2018-05-30,On Leave,LIC-686502,APT00212
CRW000511,Carolyn,Patel,Captain,AL0015,1995-04-25,Inactive,LIC-178318,APT00032
CRW000512,Katherine,Singh,Captain,AL0003,2024-09-14,Inactive,LIC-652678,APT00038
CRW000513,Mark,Kim,Flight Attendant,AL0006,2019-05-05,On Leave,LIC-912285,APT00228
CRW000514,Kevin,Rodriguez,Flight Attendant,AL0006,2006-12-18,On Leave,LIC-148918,APT00154
CRW000515,Linda,Brown,Flight Attendant,AL0006,2017-01-18,Active,LIC-987971,APT00059
CRW000516,Rebecca,Rodriguez,First Officer,AL0014,1999-03-28,Active,LIC-185805,APT00198
CRW000517,Ashley,Schmidt,Captain,AL0018,2008-07-21,Active,LIC-660396,APT00044
CRW000518,Susan,Muller,Flight Attendant,AL0015,1998-06-07,On Leave,LIC-416220,APT00193
CRW000519,Angela,White,Captain,AL0010,1998-07-10,On Leave,LIC-757712,APT00221
CRW000520,Jonathan,Jones,Flight Attendant,AL0004,1995-03-15,Active,LIC-858416,APT00123
CRW000521,David,Sanchez,Purser,AL0003,2020-01-01,Active,LIC-866672,APT00165
CRW000522,Daniel,Costa,Flight Attendant,AL0017,2018-05-16,Inactive,LIC-882779,APT00183
CRW000523,Elizabeth,Lopez,Flight Attendant,AL0014,2023-01-20,Active,LIC-834625,APT00221
CRW000524,Samantha,Silva,Flight Attendant,AL0011,2025-10-31,Active,LIC-378651,APT00146
CRW000525,Kenneth,Nguyen,Purser,AL0012,2025-04-23,Inactive,LIC-518769,APT00074
CRW000526,William,Lopez,Flight Attendant,AL0017,2026-03-11,Active,LIC-747002,APT00051
CRW000527,Daniel,Choi,Flight Attendant,AL0017,1995-07-01,Active,LIC-251537,APT00089
CRW000528,Dmitri,Adams,Flight Attendant,AL0002,2019-08-21,Active,LIC-619650,APT00015
CRW000529,Donald,Wang,Purser,AL0008,2017-09-20,On Leave,LIC-577190,APT00175
CRW000530,Samuel,Davis,Purser,AL0001,2000-02-05,Active,LIC-985079,APT00093
CRW000531,Jeffrey,Robinson,Flight Attendant,AL0008,1999-04-19,On Leave,LIC-144746,APT00178
CRW000532,Nancy,Kim,Purser,AL0013,2025-09-19,Active,LIC-185179,APT00016
CRW000533,Andrew,Patel,Captain,AL0005,2022-09-23,Active,LIC-127090,APT00081
CRW000534,Mary,Garcia,Purser,AL0004,2005-04-19,Active,LIC-593092,APT00099
CRW000535,Rachel,Carter,Purser,AL0010,1997-05-07,Active,LIC-595689,APT00022
CRW000536,Kenneth,Santos,Purser,AL0011,2005-06-25,On Leave,LIC-633283,APT00208
CRW000537,Cynthia,Dubois,Captain,AL0015,1995-03-03,On Leave,LIC-317889,APT00150
CRW000538,Charles,Taylor,Captain,AL0001,2016-08-05,Inactive,LIC-376901,APT00212
CRW000539,Jerry,Park,First Officer,AL0005,2006-12-11,Active,LIC-475174,APT00201
CRW000540,Anthony,Singh,Purser,AL0016,1996-07-16,Active,LIC-142257,APT00009
CRW000541,Angela,Jones,Captain,AL0014,2025-10-12,Inactive,LIC-777229,APT00217
CRW000542,Hiro,Hernandez,Purser,AL0018,2020-12-10,Active,LIC-146894,APT00018
CRW000543,Christine,Park,First Officer,AL0017,2023-06-04,Active,LIC-700206,APT00218
CRW000544,Larry,Taylor,Captain,AL0017,2026-05-01,Active,LIC-508255,APT00168
CRW000545,Ahmed,Davis,First Officer,AL0011,1995-06-12,Active,LIC-998939,APT00205
CRW000546,Nancy,Torres,First Officer,AL0020,2019-05-08,Active,LIC-723225,APT00125
CRW000547,Ana,Nelson,Captain,AL0009,2019-09-28,On Leave,LIC-527980,APT00041
CRW000548,Eric,Rivera,Flight Attendant,AL0019,2019-07-23,Active,LIC-730157,APT00038
CRW000549,Deborah,Chen,Captain,AL0008,2003-04-30,Inactive,LIC-205542,APT00030
CRW000550,Donald,Diaz,Flight Attendant,AL0009,2007-04-06,Inactive,LIC-262872,APT00202
CRW000551,Rachel,Schmidt,Flight Attendant,AL0014,2024-03-10,Active,LIC-549057,APT00134
CRW000552,Dmitri,Williams,Flight Attendant,AL0008,1997-01-26,Inactive,LIC-872174,APT00055
CRW000553,Samuel,Davis,Flight Attendant,AL0003,2015-02-21,Active,LIC-838067,APT00032
CRW000554,Patricia,Smith,Flight Attendant,AL0018,2019-11-26,Active,LIC-439445,APT00020
CRW000555,Jeffrey,Young,Flight Attendant,AL0010,2020-01-27,Active,LIC-355301,APT00065
CRW000556,Debra,Lewis,Flight Attendant,AL0019,2013-10-05,On Leave,LIC-967930,APT00188
CRW000557,Melissa,Choi,First Officer,AL0008,2019-02-03,Inactive,LIC-608882,APT00224
CRW000558,Patrick,Robinson,Flight Attendant,AL0020,2023-07-27,On Leave,LIC-206343,APT00153
CRW000559,Frank,Williams,Purser,AL0013,2019-01-23,Inactive,LIC-302437,APT00249
CRW000560,William,Suzuki,Captain,AL0016,1998-08-23,Active,LIC-852808,APT00099
CRW000561,Eric,Lee,Flight Attendant,AL0016,2002-09-07,Inactive,LIC-908410,APT00084
CRW000562,Christopher,Park,Flight Attendant,AL0005,2004-08-02,On Leave,LIC-917503,APT00174
CRW000563,Ryan,Rossi,Captain,AL0017,2005-10-11,Active,LIC-106227,APT00034
CRW000564,George,Suzuki,Captain,AL0019,2006-05-01,Active,LIC-840407,APT00228
CRW000565,Dennis,Andersson,Flight Attendant,AL0014,2001-11-27,Active,LIC-200765,APT00196
CRW000566,Hiro,Lopez,Flight Attendant,AL0019,2016-06-19,Active,LIC-827956,APT00009
CRW000567,Sharon,Kim,First Officer,AL0017,1998-06-18,Active,LIC-893344,APT00047
CRW000568,Nicholas,Allen,Flight Attendant,AL0014,2019-10-01,Inactive,LIC-425178,APT00157
CRW000569,Pamela,Kim,Purser,AL0010,2015-09-10,Active,LIC-274255,APT00185
CRW000570,Brandon,Muller,First Officer,AL0018,2025-03-11,On Leave,LIC-742008,APT00055
CRW000571,Scott,Green,First Officer,AL0004,1995-03-17,Inactive,LIC-161596,APT00187
CRW000572,Janet,Sanchez,Flight Attendant,AL0012,2004-04-12,Active,LIC-621411,APT00119
CRW000573,Dmitri,Park,Captain,AL0017,2023-03-23,On Leave,LIC-398411,APT00169
CRW000574,Heather,Wang,Purser,AL0019,2010-07-05,Active,LIC-482030,APT00106
CRW000575,Thomas,Suzuki,First Officer,AL0006,2012-08-15,Active,LIC-843081,APT00114
CRW000576,Laura,Jackson,Captain,AL0002,1995-11-29,Inactive,LIC-993799,APT00098
CRW000577,Sharon,Kowalski,Flight Attendant,AL0007,2018-12-11,On Leave,LIC-461968,APT00040
CRW000578,Kathleen,Sanchez,Captain,AL0018,2002-12-13,Active,LIC-361408,APT00048
CRW000579,Amy,Torres,Flight Attendant,AL0011,2025-04-04,Inactive,LIC-850987,APT00042
CRW000580,Gregory,Novak,Captain,AL0002,2006-10-01,Inactive,LIC-471829,APT00201
CRW000581,Ronald,Lewis,Purser,AL0003,2000-12-04,On Leave,LIC-279864,APT00106
CRW000582,Ashley,Lee,Captain,AL0007,2013-08-27,Inactive,LIC-912574,APT00095
CRW000583,Jason,Park,Purser,AL0007,2009-12-31,Active,LIC-992563,APT00214
CRW000584,Chen,Pereira,Flight Attendant,AL0003,2009-10-16,Active,LIC-360107,APT00222
CRW000585,Emily,Harris,Captain,AL0010,2024-11-03,Active,LIC-242197,APT00059
CRW000586,John,Harris,Flight Attendant,AL0010,2006-06-14,On Leave,LIC-237412,APT00089
CRW000587,Dmitri,Jackson,Flight Attendant,AL0004,2007-06-30,Inactive,LIC-638762,APT00103
CRW000588,Lisa,Johnson,Purser,AL0005,2014-08-10,On Leave,LIC-378999,APT00210
CRW000589,Larry,Hall,Captain,AL0014,2000-05-09,Active,LIC-660793,APT00168
CRW000590,Dennis,Lee,Flight Attendant,AL0020,2021-01-12,On Leave,LIC-783379,APT00137
CRW000591,Steven,Kowalski,First Officer,AL0020,2002-03-23,Active,LIC-105129,APT00059
CRW000592,Kenneth,Wilson,Captain,AL0012,2002-08-05,Active,LIC-873867,APT00097
CRW000593,Dorothy,Kim,Purser,AL0001,1995-05-03,On Leave,LIC-126249,APT00008
CRW000594,Sarah,Green,First Officer,AL0018,2005-10-09,Active,LIC-203000,APT00177
CRW000595,Charles,Carter,Captain,AL0020,2013-04-22,Inactive,LIC-752372,APT00230
CRW000596,Daniel,Martinez,Flight Attendant,AL0006,2017-02-22,Active,LIC-659540,APT00197
CRW000597,Jason,Nguyen,Flight Attendant,AL0009,2023-03-25,On Leave,LIC-980613,APT00078
CRW000598,Amy,Kim,Flight Attendant,AL0001,2019-06-10,On Leave,LIC-610557,APT00121
CRW000599,Mary,Ramirez,Purser,AL0017,2005-01-31,Inactive,LIC-475413,APT00240
CRW000600,Wei,Tanaka,Purser,AL0016,2020-12-06,On Leave,LIC-701917,APT00107
CRW000601,Samantha,Nelson,Flight Attendant,AL0001,2001-02-10,Active,LIC-785824,APT00210
CRW000602,William,Robinson,Captain,AL0015,2001-07-30,On Leave,LIC-703950,APT00145
CRW000603,Wei,Williams,Purser,AL0009,2006-04-01,Active,LIC-433532,APT00125
CRW000604,Patricia,Wilson,Flight Attendant,AL0011,2011-12-11,Active,LIC-963519,APT00147
CRW000605,Angela,Hill,First Officer,AL0005,2001-05-19,Inactive,LIC-371451,APT00056
CRW000606,Sharon,Allen,Flight Attendant,AL0017,2023-04-11,Active,LIC-411875,APT00107
CRW000607,Jacob,Tanaka,First Officer,AL0009,2003-06-29,Active,LIC-349985,APT00077
CRW000608,Carlos,Dubois,Purser,AL0017,2007-04-25,Active,LIC-369789,APT00190
CRW000609,Noah,Gonzalez,Flight Attendant,AL0003,2014-01-03,Active,LIC-291692,APT00154
CRW000610,Dorothy,Mitchell,First Officer,AL0012,2008-07-03,On Leave,LIC-623102,APT00100
CRW000611,Helen,Torres,Flight Attendant,AL0007,2007-09-09,Active,LIC-755884,APT00206
CRW000612,Ana,Rodriguez,Captain,AL0020,2025-12-09,Active,LIC-486476,APT00114
CRW000613,Debra,Wang,First Officer,AL0012,2008-09-10,Active,LIC-930521,APT00239
CRW000614,Ahmed,Nelson,Flight Attendant,AL0015,1998-07-21,On Leave,LIC-526378,APT00152
CRW000615,Edward,Miller,Flight Attendant,AL0002,2017-12-10,Active,LIC-520300,APT00222
CRW000616,Dorothy,Nguyen,Flight Attendant,AL0014,2017-03-02,Active,LIC-162349,APT00247
CRW000617,Kathleen,Ivanov,Flight Attendant,AL0003,2001-11-17,Active,LIC-913173,APT00082
CRW000618,Jerry,Clark,Flight Attendant,AL0008,2021-09-16,Active,LIC-233417,APT00066
CRW000619,Noah,Lewis,Flight Attendant,AL0005,2007-04-25,Active,LIC-247974,APT00209
CRW000620,Samuel,Rodriguez,First Officer,AL0001,1999-09-27,Inactive,LIC-941836,APT00058
CRW000621,Frank,Taylor,Flight Attendant,AL0012,2000-06-01,Active,LIC-567583,APT00189
CRW000622,Kathleen,Fernandez,Flight Attendant,AL0005,2017-06-12,Active,LIC-161462,APT00045
CRW000623,Joshua,Roberts,Captain,AL0011,2001-10-15,On Leave,LIC-497622,APT00218
CRW000624,Ronald,Anderson,Flight Attendant,AL0016,2009-10-04,Active,LIC-631130,APT00173
CRW000625,Cynthia,Hill,Purser,AL0004,2018-01-23,Active,LIC-109080,APT00131
CRW000626,Maria,Thomas,Purser,AL0015,2021-10-17,On Leave,LIC-779116,APT00113
CRW000627,Eric,Scott,Purser,AL0006,2010-05-20,Active,LIC-701667,APT00160
CRW000628,Catherine,Lopez,Flight Attendant,AL0007,2023-07-06,Active,LIC-110677,APT00098
CRW000629,Patricia,Roberts,First Officer,AL0012,2004-07-04,Active,LIC-656611,APT00100
CRW000630,Alexander,Rivera,Purser,AL0013,2022-05-30,Inactive,LIC-300473,APT00052
CRW000631,Jacob,Kim,Captain,AL0014,2002-11-12,Active,LIC-760977,APT00040
CRW000632,Freya,Scott,Purser,AL0004,1997-01-08,Inactive,LIC-439364,APT00223
CRW000633,Jeffrey,Thompson,Captain,AL0012,2017-10-15,On Leave,LIC-281928,APT00188
CRW000634,Laura,Martin,Flight Attendant,AL0006,2018-10-11,On Leave,LIC-556135,APT00111
CRW000635,Jessica,Moore,Flight Attendant,AL0006,2024-02-07,Active,LIC-498737,APT00208
CRW000636,Dennis,Wright,Purser,AL0019,2023-12-14,Active,LIC-407435,APT00152
CRW000637,Frank,Torres,Flight Attendant,AL0003,1998-03-19,On Leave,LIC-890587,APT00150
CRW000638,Yuki,Wang,Flight Attendant,AL0009,2014-07-09,Active,LIC-684098,APT00029
CRW000639,Barbara,Jones,Captain,AL0009,2017-02-17,Active,LIC-538665,APT00135
CRW000640,Margaret,Thompson,Flight Attendant,AL0005,2013-11-17,Inactive,LIC-303757,APT00027
CRW000641,Fatima,Novak,Flight Attendant,AL0016,1995-08-03,Active,LIC-611814,APT00171
CRW000642,Jennifer,Park,Purser,AL0010,1996-05-31,Active,LIC-122934,APT00017
CRW000643,Jacob,Choi,Flight Attendant,AL0015,2016-01-25,On Leave,LIC-896279,APT00129
CRW000644,Timothy,Harris,Purser,AL0008,2021-11-22,Inactive,LIC-101413,APT00092
CRW000645,Sofia,Hernandez,Captain,AL0018,2000-08-18,Inactive,LIC-728955,APT00033
CRW000646,Chen,Thomas,Flight Attendant,AL0015,1996-06-16,On Leave,LIC-410960,APT00119
CRW000647,Mohammed,Hernandez,First Officer,AL0007,2007-09-10,Active,LIC-747195,APT00051
CRW000648,Paul,Oliveira,Purser,AL0020,2004-11-06,Active,LIC-425496,APT00062
CRW000649,Stephen,Suzuki,Flight Attendant,AL0018,2025-11-17,On Leave,LIC-123536,APT00223
CRW000650,Frank,Costa,Flight Attendant,AL0012,2024-02-02,Active,LIC-953742,APT00088
CRW000651,Elena,Ivanov,First Officer,AL0001,2012-07-14,Active,LIC-789392,APT00101
CRW000652,James,Ramirez,Purser,AL0012,2024-11-02,On Leave,LIC-140302,APT00002
CRW000653,Dmitri,Hill,Captain,AL0014,2002-03-10,Inactive,LIC-129588,APT00076
CRW000654,Kevin,Kowalski,Purser,AL0008,2026-03-01,Active,LIC-577058,APT00088
CRW000655,Jessica,Andersson,Flight Attendant,AL0003,2009-01-16,Inactive,LIC-960930,APT00180
CRW000656,Brenda,Adams,Flight Attendant,AL0012,2009-12-19,Active,LIC-620031,APT00030
CRW000657,Janet,Kowalski,First Officer,AL0017,1996-08-03,Active,LIC-109644,APT00233
CRW000658,Jessica,Ramirez,Captain,AL0007,2000-07-29,On Leave,LIC-729346,APT00033
CRW000659,Robert,King,Flight Attendant,AL0010,2001-02-08,Active,LIC-484996,APT00164
CRW000660,Mohammed,Kowalski,Flight Attendant,AL0001,2010-05-01,Active,LIC-674860,APT00002
CRW000661,Sofia,Walker,Captain,AL0015,2000-12-17,Inactive,LIC-415298,APT00205
CRW000662,Charles,Schmidt,Flight Attendant,AL0018,1998-03-20,Active,LIC-107325,APT00175
CRW000663,Olga,Torres,Captain,AL0016,2014-01-04,Active,LIC-116518,APT00210
CRW000664,Ivan,White,Purser,AL0009,2022-05-31,On Leave,LIC-668671,APT00233
CRW000665,Freya,Moore,Flight Attendant,AL0001,1997-03-13,Active,LIC-671652,APT00209
CRW000666,Margaret,Carter,Flight Attendant,AL0010,2012-08-11,On Leave,LIC-390148,APT00156
CRW000667,Helen,Hill,Flight Attendant,AL0019,2025-03-03,Active,LIC-174067,APT00210
CRW000668,Freya,Robinson,Flight Attendant,AL0002,2007-09-16,Active,LIC-795581,APT00025
CRW000669,Olga,Muller,First Officer,AL0005,2000-09-30,Active,LIC-236115,APT00162
CRW000670,Larry,Smith,Flight Attendant,AL0017,1997-07-01,Inactive,LIC-269528,APT00248
CRW000671,Lisa,Davis,Purser,AL0012,2024-06-01,Active,LIC-507108,APT00095
CRW000672,David,Oliveira,Purser,AL0004,2007-09-25,Inactive,LIC-744584,APT00244
CRW000673,Ashley,Wang,Flight Attendant,AL0001,1998-04-21,Active,LIC-995610,APT00127
CRW000674,Linda,Baker,First Officer,AL0009,2022-03-19,Active,LIC-662945,APT00118
CRW000675,Lisa,Johnson,Captain,AL0012,2020-03-13,Inactive,LIC-964351,APT00076
CRW000676,William,Mitchell,Flight Attendant,AL0017,2017-02-05,Active,LIC-687061,APT00027
CRW000677,Carolyn,Wright,Flight Attendant,AL0018,1997-08-25,Inactive,LIC-863097,APT00220
CRW000678,Stephen,Mitchell,Flight Attendant,AL0010,1997-08-04,On Leave,LIC-258352,APT00181
CRW000679,Gary,Brown,Captain,AL0009,2001-11-16,On Leave,LIC-150747,APT00101
CRW000680,Maria,Hall,Flight Attendant,AL0019,2000-01-09,Active,LIC-702255,APT00241
CRW000681,Deborah,Campbell,First Officer,AL0016,2011-09-17,Inactive,LIC-977632,APT00046
CRW000682,Timothy,White,Flight Attendant,AL0005,2007-04-29,Inactive,LIC-763279,APT00195
CRW000683,Matthew,Jones,Flight Attendant,AL0014,2019-01-17,Active,LIC-408872,APT00114
CRW000684,Rebecca,Pereira,Flight Attendant,AL0015,1998-03-09,Active,LIC-540468,APT00157
CRW000685,Christopher,Khan,Flight Attendant,AL0005,2017-11-14,Active,LIC-200989,APT00010
CRW000686,Stephen,Roberts,First Officer,AL0020,2024-05-06,Active,LIC-406328,APT00153
CRW000687,Freya,Rossi,Captain,AL0006,1999-02-07,Active,LIC-714631,APT00170
CRW000688,Amy,Wang,Flight Attendant,AL0011,2015-06-30,Active,LIC-249899,APT00245
CRW000689,Kimberly,Hernandez,Flight Attendant,AL0010,2010-12-28,Active,LIC-533455,APT00087
CRW000690,Samuel,Torres,Captain,AL0014,1997-12-24,Active,LIC-360964,APT00019
CRW000691,Jerry,Watanabe,Purser,AL0019,2004-03-14,On Leave,LIC-541730,APT00016
CRW000692,Jeffrey,White,Purser,AL0008,2019-10-04,Inactive,LIC-787444,APT00038
CRW000693,Donald,Pereira,First Officer,AL0008,2022-04-20,Active,LIC-896385,APT00075
CRW000694,Christine,Garcia,Flight Attendant,AL0016,2006-07-29,Active,LIC-468460,APT00208
CRW000695,Daniel,Clark,First Officer,AL0020,1998-05-07,Active,LIC-844457,APT00049
CRW000696,Freya,Lewis,Purser,AL0019,2002-09-10,Inactive,LIC-732441,APT00037
CRW000697,Joshua,Roberts,Flight Attendant,AL0016,2021-07-01,Active,LIC-929626,APT00008
CRW000698,Kevin,Anderson,Purser,AL0015,2012-11-27,Active,LIC-766081,APT00096
CRW000699,Debra,Jackson,Captain,AL0016,2008-07-10,Active,LIC-595732,APT00151
CRW000700,Mary,Chen,Flight Attendant,AL0019,1995-06-03,On Leave,LIC-706752,APT00071
CRW000701,Matthew,Thompson,First Officer,AL0001,2019-08-04,Active,LIC-385890,APT00124
CRW000702,Jessica,Suzuki,Flight Attendant,AL0012,2009-08-15,Inactive,LIC-706183,APT00061
CRW000703,George,Tanaka,Flight Attendant,AL0001,2012-02-17,Active,LIC-737988,APT00201
CRW000704,Eric,Harris,Flight Attendant,AL0012,2021-07-05,Active,LIC-649726,APT00007
CRW000705,Nancy,Hall,Captain,AL0008,2012-09-01,Active,LIC-192707,APT00051
CRW000706,Michelle,Clark,Flight Attendant,AL0007,2024-02-27,Active,LIC-566579,APT00142
CRW000707,Patrick,Ramirez,Flight Attendant,AL0018,2012-07-30,Inactive,LIC-739792,APT00211
CRW000708,Sofia,Wang,Purser,AL0015,2005-10-05,Inactive,LIC-278034,APT00101
CRW000709,Mary,White,Flight Attendant,AL0012,2023-12-27,Active,LIC-808642,APT00018
CRW000710,Pamela,Lopez,Flight Attendant,AL0018,2015-03-08,Inactive,LIC-858522,APT00138
CRW000711,Patricia,Lee,Flight Attendant,AL0002,2018-11-21,Active,LIC-584852,APT00068
CRW000712,Gary,Choi,First Officer,AL0013,2002-02-15,Active,LIC-967836,APT00077
CRW000713,Fatima,Lee,Flight Attendant,AL0004,2016-01-31,Inactive,LIC-872048,APT00231
CRW000714,Catherine,Robinson,First Officer,AL0005,2012-08-07,Active,LIC-519835,APT00236
CRW000715,Betty,Kim,Captain,AL0004,1998-04-22,Active,LIC-895890,APT00065
CRW000716,Ashley,Rodriguez,Purser,AL0011,2002-12-24,Inactive,LIC-939913,APT00148
CRW000717,Jack,Perez,Captain,AL0013,2023-08-23,On Leave,LIC-197326,APT00136
CRW000718,Jerry,Wilson,Captain,AL0016,2012-12-13,Active,LIC-998194,APT00241
CRW000719,Dorothy,Park,Flight Attendant,AL0009,2019-04-30,On Leave,LIC-104477,APT00237
CRW000720,James,Choi,Flight Attendant,AL0019,2000-05-24,On Leave,LIC-537575,APT00088
CRW000721,Rebecca,Schmidt,Purser,AL0008,2001-11-04,Active,LIC-944171,APT00007
CRW000722,Justin,Martin,First Officer,AL0004,2024-07-27,Active,LIC-751919,APT00001
CRW000723,Rebecca,Roberts,Flight Attendant,AL0001,2008-03-14,Inactive,LIC-340094,APT00002
CRW000724,Sofia,Chen,Flight Attendant,AL0003,2022-11-12,Active,LIC-679410,APT00196
CRW000725,Maria,Tanaka,Flight Attendant,AL0009,2020-05-24,On Leave,LIC-293200,APT00185
CRW000726,Jack,Gonzalez,First Officer,AL0009,2005-08-02,Inactive,LIC-313538,APT00207
CRW000727,John,Ivanov,Captain,AL0018,2024-10-30,Inactive,LIC-920466,APT00035
CRW000728,Chen,Thomas,Captain,AL0003,2019-05-27,Active,LIC-142380,APT00015
CRW000729,Alexander,Rivera,Captain,AL0006,1999-01-05,Active,LIC-965975,APT00043
CRW000730,Melissa,Suzuki,Flight Attendant,AL0020,1997-12-31,Inactive,LIC-508019,APT00157
CRW000731,Stephen,Jones,Purser,AL0001,1998-12-24,Active,LIC-158279,APT00003
CRW000732,Jerry,Lopez,Flight Attendant,AL0009,2018-04-05,Active,LIC-808483,APT00166
CRW000733,Olga,Andersson,Flight Attendant,AL0004,1999-07-02,Active,LIC-143415,APT00223
CRW000734,Eric,Johnson,Flight Attendant,AL0011,2003-11-16,Active,LIC-392620,APT00037
CRW000735,Robert,Singh,First Officer,AL0020,2008-08-25,On Leave,LIC-316709,APT00185
CRW000736,Justin,Green,Purser,AL0005,1999-04-06,Active,LIC-805994,APT00139
CRW000737,Samantha,Ramirez,Purser,AL0008,2005-05-19,Active,LIC-457018,APT00237
CRW000738,Linda,Tanaka,Captain,AL0009,2016-04-22,Active,LIC-689320,APT00061
CRW000739,Jerry,Kowalski,Flight Attendant,AL0016,2025-07-16,On Leave,LIC-164950,APT00057
CRW000740,Matthew,Clark,Flight Attendant,AL0020,2009-10-05,Inactive,LIC-725986,APT00005
CRW000741,Ahmed,Smith,Purser,AL0002,2018-06-17,Active,LIC-739788,APT00177
CRW000742,Eric,Hernandez,Flight Attendant,AL0010,2011-08-28,On Leave,LIC-357166,APT00217
CRW000743,Joshua,Rodriguez,Flight Attendant,AL0016,2009-08-25,Active,LIC-893149,APT00005
CRW000744,Linda,Fernandez,Captain,AL0001,2011-05-10,On Leave,LIC-523042,APT00123
CRW000745,John,Mitchell,Flight Attendant,AL0017,2025-02-11,Active,LIC-700507,APT00182
CRW000746,Raymond,Singh,Flight Attendant,AL0005,1996-11-13,Active,LIC-263533,APT00196
CRW000747,Amanda,Jackson,Flight Attendant,AL0011,2011-02-17,Active,LIC-939550,APT00233
CRW000748,Priya,Novak,Flight Attendant,AL0020,1996-08-12,Active,LIC-321922,APT00181
CRW000749,Betty,Ali,Captain,AL0013,2022-06-28,On Leave,LIC-663501,APT00231
CRW000750,Liam,Schmidt,Flight Attendant,AL0020,2013-11-20,Active,LIC-180864,APT00249
CRW000751,Sofia,Nguyen,Flight Attendant,AL0013,1996-06-26,Active,LIC-140260,APT00232
CRW000752,Richard,Kumar,Purser,AL0005,2014-08-07,On Leave,LIC-214095,APT00110
CRW000753,Nicole,Baker,Flight Attendant,AL0014,2008-09-08,Inactive,LIC-948511,APT00102
CRW000754,Sofia,Walker,Flight Attendant,AL0013,1996-06-25,Active,LIC-289461,APT00107
CRW000755,Joshua,Mitchell,Captain,AL0007,2025-09-25,Active,LIC-891613,APT00238
CRW000756,William,Sanchez,First Officer,AL0002,2006-11-21,Active,LIC-622210,APT00071
CRW000757,Fatima,Oliveira,Flight Attendant,AL0013,1995-09-30,On Leave,LIC-179793,APT00189
CRW000758,Jeffrey,Ali,Flight Attendant,AL0012,2014-04-03,Active,LIC-497089,APT00157
CRW000759,Patricia,Muller,First Officer,AL0016,2006-10-16,Active,LIC-531342,APT00016
CRW000760,Priya,Ali,Purser,AL0003,2015-08-19,Active,LIC-340245,APT00122
CRW000761,Samantha,Scott,Flight Attendant,AL0011,2000-02-07,Active,LIC-643699,APT00049
CRW000762,William,Oliveira,Captain,AL0017,2021-01-08,On Leave,LIC-875000,APT00183
CRW000763,Ashley,Taylor,First Officer,AL0018,2008-03-12,Active,LIC-895358,APT00112
CRW000764,John,Rivera,Captain,AL0019,2008-03-20,On Leave,LIC-572632,APT00090
CRW000765,Carlos,Garcia,First Officer,AL0005,2020-04-02,Active,LIC-904156,APT00017
CRW000766,John,White,Flight Attendant,AL0004,2012-03-23,Inactive,LIC-930797,APT00033
CRW000767,Catherine,Rivera,Purser,AL0012,1995-01-16,On Leave,LIC-179224,APT00192
CRW000768,Kathleen,Flores,Flight Attendant,AL0010,2013-03-05,Active,LIC-671467,APT00216
CRW000769,Helen,Santos,Flight Attendant,AL0005,2015-04-17,Inactive,LIC-795952,APT00073
CRW000770,Maria,Roberts,Flight Attendant,AL0003,2004-10-20,Active,LIC-114208,APT00208
CRW000771,Mohammed,Allen,Flight Attendant,AL0003,2000-09-05,On Leave,LIC-643069,APT00139
CRW000772,Jessica,Wright,Flight Attendant,AL0007,1996-09-09,Active,LIC-922127,APT00088
CRW000773,John,Carter,Flight Attendant,AL0015,2021-08-02,Active,LIC-341396,APT00113
CRW000774,Joseph,Silva,Flight Attendant,AL0002,1995-02-18,Inactive,LIC-871716,APT00173
CRW000775,Samantha,Thompson,Captain,AL0003,2013-05-01,Active,LIC-940502,APT00228
CRW000776,Jonathan,Campbell,Flight Attendant,AL0006,2021-04-08,On Leave,LIC-671743,APT00124
CRW000777,David,Rivera,Captain,AL0018,2006-01-23,Inactive,LIC-666546,APT00087
CRW000778,Mark,Smith,Purser,AL0020,2001-04-16,Active,LIC-581295,APT00191
CRW000779,Nicholas,Park,First Officer,AL0009,2017-06-18,Active,LIC-468118,APT00132
CRW000780,Debra,Rivera,Flight Attendant,AL0001,2014-10-20,Inactive,LIC-507633,APT00098
CRW000781,Michelle,Martin,Flight Attendant,AL0001,1995-06-20,Active,LIC-570147,APT00115
CRW000782,Diego,Kim,Captain,AL0018,2013-02-16,Active,LIC-533956,APT00134
CRW000783,Freya,Singh,Flight Attendant,AL0009,1995-01-05,Inactive,LIC-843447,APT00036
CRW000784,Carolyn,Park,First Officer,AL0002,2007-07-22,Active,LIC-792297,APT00015
CRW000785,Jason,Williams,Captain,AL0017,2004-07-21,Active,LIC-412832,APT00167
CRW000786,Fatima,King,Purser,AL0011,2021-03-09,Active,LIC-561826,APT00044
CRW000787,Debra,Anderson,Flight Attendant,AL0007,2025-09-14,Active,LIC-293712,APT00133
CRW000788,Gary,Rivera,First Officer,AL0010,2016-12-10,Active,LIC-258422,APT00196
CRW000789,Rebecca,Green,Purser,AL0005,2018-01-27,Active,LIC-431962,APT00054
CRW000790,Heather,Nguyen,Flight Attendant,AL0019,1995-09-18,Inactive,LIC-152359,APT00096
CRW000791,Eric,Fernandez,Purser,AL0016,1997-01-04,Active,LIC-869131,APT00245
CRW000792,Nancy,Nelson,Flight Attendant,AL0004,2019-05-27,On Leave,LIC-213567,APT00009
CRW000793,Freya,Allen,Flight Attendant,AL0015,2008-06-14,Active,LIC-393894,APT00189
CRW000794,William,Garcia,Purser,AL0004,2010-12-05,On Leave,LIC-326296,APT00042
CRW000795,Katherine,White,Flight Attendant,AL0010,2016-09-27,Active,LIC-286149,APT00227
CRW000796,Brandon,Watanabe,Flight Attendant,AL0015,2005-11-26,Inactive,LIC-430960,APT00103
CRW000797,Stephen,Torres,Purser,AL0001,2016-06-03,Active,LIC-747332,APT00002
CRW000798,Michael,Yamamoto,Purser,AL0015,2017-11-02,On Leave,LIC-903173,APT00180
CRW000799,Cynthia,Nelson,First Officer,AL0005,2002-07-21,Inactive,LIC-269859,APT00037
CRW000800,Mohammed,Baker,Captain,AL0014,2016-07-21,Active,LIC-315178,APT00091
CRW000801,Mark,Wright,Captain,AL0010,2000-04-27,On Leave,LIC-522681,APT00126
CRW000802,Samuel,Hall,Purser,AL0001,2004-10-04,Active,LIC-387638,APT00187
CRW000803,Yuki,Garcia,Flight Attendant,AL0016,2019-07-06,Active,LIC-819993,APT00105
CRW000804,Carlos,Jones,First Officer,AL0006,2025-11-19,Active,LIC-300712,APT00215
CRW000805,Kathleen,Hill,First Officer,AL0020,1997-01-11,Inactive,LIC-462163,APT00121
CRW000806,Emily,Mitchell,First Officer,AL0017,2015-05-19,Inactive,LIC-591167,APT00086
CRW000807,Katherine,Hall,Flight Attendant,AL0004,2012-11-24,On Leave,LIC-443354,APT00085
CRW000808,Ryan,Wright,First Officer,AL0013,2014-01-12,Inactive,LIC-655377,APT00201
CRW000809,Pamela,White,First Officer,AL0008,2019-09-20,Inactive,LIC-819551,APT00167
CRW000810,Rachel,Khan,Captain,AL0013,1997-03-12,On Leave,LIC-578914,APT00032
CRW000811,Christine,Carter,First Officer,AL0012,2018-03-23,Active,LIC-511152,APT00188
CRW000812,Sandra,Brown,First Officer,AL0006,2003-10-11,Active,LIC-956670,APT00104
CRW000813,Alexander,Torres,Flight Attendant,AL0014,1999-11-06,Inactive,LIC-983596,APT00088
CRW000814,Shirley,Khan,Flight Attendant,AL0006,2009-01-16,Active,LIC-995839,APT00025
CRW000815,Noah,Dubois,Purser,AL0019,1995-11-07,Active,LIC-114799,APT00250
CRW000816,Emma,Thompson,Captain,AL0019,2014-10-24,Inactive,LIC-853655,APT00014
CRW000817,Mohammed,Park,Captain,AL0004,2012-10-03,Active,LIC-908852,APT00250
CRW000818,Dmitri,Chen,First Officer,AL0015,2011-02-09,Active,LIC-824765,APT00017
CRW000819,Freya,Scott,Purser,AL0019,1995-12-17,Active,LIC-774601,APT00127
CRW000820,Rachel,Kim,Flight Attendant,AL0003,2018-12-21,Active,LIC-429447,APT00027
CRW000821,Anna,Tanaka,First Officer,AL0015,1996-02-08,Active,LIC-753397,APT00124
CRW000822,Joseph,Jackson,Purser,AL0019,2003-04-01,Active,LIC-621804,APT00209
CRW000823,George,Gonzalez,First Officer,AL0005,2007-06-09,Active,LIC-848324,APT00148
CRW000824,Laura,Scott,Flight Attendant,AL0012,2017-01-22,Active,LIC-416324,APT00136
CRW000825,Janet,Miller,Flight Attendant,AL0016,2007-10-23,Active,LIC-768355,APT00030
CRW000826,Stephen,Johansson,Captain,AL0007,2020-08-27,On Leave,LIC-805919,APT00237
CRW000827,Edward,Pereira,Purser,AL0005,2024-05-10,Active,LIC-850476,APT00094
CRW000828,Sarah,Carter,Flight Attendant,AL0008,2019-01-13,Inactive,LIC-254647,APT00135
CRW000829,Christine,Fernandez,Flight Attendant,AL0007,1996-03-22,Active,LIC-877372,APT00225
CRW000830,Stephanie,Garcia,Flight Attendant,AL0015,2019-03-21,On Leave,LIC-295004,APT00158
CRW000831,Robert,Kim,Flight Attendant,AL0008,2001-06-24,Inactive,LIC-943373,APT00184
CRW000832,Paul,Scott,Flight Attendant,AL0008,2022-11-30,Active,LIC-134824,APT00047
CRW000833,Fatima,Thompson,Purser,AL0019,2025-09-30,On Leave,LIC-301240,APT00116
CRW000834,Joseph,Harris,Flight Attendant,AL0012,1997-08-23,Active,LIC-648045,APT00136
CRW000835,Timothy,Baker,First Officer,AL0019,1998-02-05,Active,LIC-589019,APT00044
CRW000836,Kathleen,Patel,Purser,AL0015,2016-11-26,Inactive,LIC-719683,APT00097
CRW000837,David,Wilson,Captain,AL0018,1999-07-03,Active,LIC-463206,APT00208
CRW000838,Karen,Roberts,Purser,AL0004,2025-06-07,Active,LIC-103026,APT00233
CRW000839,Sofia,Choi,Captain,AL0019,2011-12-22,Inactive,LIC-655912,APT00206
CRW000840,Stephen,Smith,First Officer,AL0019,2013-01-08,Active,LIC-559706,APT00234
CRW000841,Margaret,Suzuki,Purser,AL0001,2022-01-10,Active,LIC-557804,APT00250
CRW000842,Christopher,Carter,Flight Attendant,AL0008,2001-10-29,On Leave,LIC-439186,APT00050
CRW000843,Stephanie,Ramirez,Flight Attendant,AL0009,2012-06-17,On Leave,LIC-901466,APT00214
CRW000844,Gregory,Ivanov,Captain,AL0009,2026-05-18,Active,LIC-813141,APT00156
CRW000845,Debra,Roberts,Flight Attendant,AL0016,1995-09-11,On Leave,LIC-263094,APT00215
CRW000846,Lisa,Rossi,First Officer,AL0014,2000-06-27,Active,LIC-135001,APT00160
CRW000847,Debra,Miller,Flight Attendant,AL0005,1999-08-04,Active,LIC-263224,APT00032
CRW000848,Mohammed,Jones,Flight Attendant,AL0013,2005-07-17,Inactive,LIC-143709,APT00141
CRW000849,Betty,Patel,Flight Attendant,AL0020,1999-01-30,On Leave,LIC-738359,APT00191
CRW000850,Patricia,Harris,Captain,AL0009,2000-05-28,On Leave,LIC-658187,APT00032
CRW000851,Ana,Martin,Flight Attendant,AL0019,2021-10-15,On Leave,LIC-516687,APT00127
CRW000852,Gary,King,Captain,AL0013,2009-08-05,Active,LIC-632474,APT00164
CRW000853,Janet,Ivanov,Flight Attendant,AL0019,2006-04-01,Inactive,LIC-827507,APT00117
CRW000854,Joshua,Anderson,Flight Attendant,AL0019,2008-02-28,Active,LIC-847980,APT00200
CRW000855,Kimberly,Pereira,Purser,AL0001,2025-06-29,On Leave,LIC-491070,APT00032
CRW000856,Betty,King,Purser,AL0017,2010-06-07,Inactive,LIC-633039,APT00087
CRW000857,Anthony,Gonzalez,Captain,AL0004,2009-09-25,Active,LIC-619227,APT00238
CRW000858,Jeffrey,Garcia,Flight Attendant,AL0017,2024-02-26,On Leave,LIC-954432,APT00129
CRW000859,Richard,Novak,Flight Attendant,AL0017,1996-03-03,Active,LIC-785352,APT00046
CRW000860,Wei,Martinez,Flight Attendant,AL0006,2010-01-10,On Leave,LIC-382945,APT00030
CRW000861,Kathleen,King,Flight Attendant,AL0002,2018-07-04,Active,LIC-898247,APT00149
CRW000862,Ivan,Wang,Flight Attendant,AL0009,2011-03-03,Active,LIC-458128,APT00233
CRW000863,Jacob,Adams,Flight Attendant,AL0007,2022-04-11,On Leave,LIC-781959,APT00013
CRW000864,Andrew,Perez,Purser,AL0012,2022-11-09,Inactive,LIC-979906,APT00028
CRW000865,Kathleen,Rodriguez,Flight Attendant,AL0002,2005-07-25,Active,LIC-828038,APT00094
CRW000866,Charles,Khan,First Officer,AL0001,2020-09-09,Inactive,LIC-196771,APT00053
CRW000867,Jerry,Flores,Flight Attendant,AL0009,2002-08-31,Inactive,LIC-285131,APT00031
CRW000868,Gregory,Brown,Flight Attendant,AL0016,2002-07-13,Active,LIC-816313,APT00075
CRW000869,Sarah,Anderson,Purser,AL0007,2025-09-16,Inactive,LIC-211012,APT00161
CRW000870,Helen,Rivera,Flight Attendant,AL0007,1995-05-29,Active,LIC-110411,APT00207
CRW000871,Nicholas,Wilson,First Officer,AL0004,2006-02-04,On Leave,LIC-332280,APT00077
CRW000872,Matthew,Young,Flight Attendant,AL0006,2014-10-11,On Leave,LIC-537861,APT00176
CRW000873,Joseph,Martinez,Purser,AL0006,2007-12-29,Active,LIC-215573,APT00206
CRW000874,Carolyn,Silva,First Officer,AL0006,2021-07-17,Inactive,LIC-238061,APT00002
CRW000875,Ashley,Kim,Flight Attendant,AL0007,2002-11-26,Inactive,LIC-404992,APT00214
CRW000876,Gary,Dubois,Captain,AL0006,2012-05-14,On Leave,LIC-638974,APT00046
CRW000877,Sandra,Jones,Flight Attendant,AL0014,1998-12-07,Active,LIC-589988,APT00172
CRW000878,Brandon,Walker,First Officer,AL0007,2001-08-20,Inactive,LIC-818352,APT00188
CRW000879,Jennifer,Perez,First Officer,AL0016,2000-06-14,Active,LIC-982670,APT00212
CRW000880,Carol,Roberts,Captain,AL0013,2018-04-17,On Leave,LIC-129738,APT00101
CRW000881,Shirley,Andersson,Captain,AL0013,2001-05-15,Active,LIC-719465,APT00165
CRW000882,Edward,Jackson,Captain,AL0012,2016-01-13,Active,LIC-247395,APT00007
CRW000883,Brenda,Rossi,Flight Attendant,AL0019,2005-11-10,Inactive,LIC-424418,APT00112
CRW000884,Nancy,Campbell,Flight Attendant,AL0006,2012-10-01,Active,LIC-408349,APT00241
CRW000885,Rebecca,Andersson,Flight Attendant,AL0020,2022-06-15,Active,LIC-730665,APT00040
CRW000886,Alexander,Miller,Captain,AL0005,2022-02-14,Inactive,LIC-330218,APT00038
CRW000887,Kenneth,Diaz,Flight Attendant,AL0003,1995-05-09,Active,LIC-905129,APT00176
CRW000888,Charles,Wright,Flight Attendant,AL0017,2019-08-22,Active,LIC-444897,APT00128
CRW000889,Wei,Thompson,Flight Attendant,AL0018,2025-01-09,Active,LIC-833569,APT00114
CRW000890,Janet,Anderson,Flight Attendant,AL0002,2015-12-26,Active,LIC-956680,APT00063
CRW000891,Samantha,Fernandez,Purser,AL0012,2000-11-18,Active,LIC-559576,APT00043
CRW000892,Catherine,Suzuki,Purser,AL0011,2015-11-20,On Leave,LIC-191085,APT00185
CRW000893,Janet,Hernandez,Flight Attendant,AL0005,2014-12-26,Active,LIC-731268,APT00090
CRW000894,Rachel,Scott,Flight Attendant,AL0011,2015-10-21,Active,LIC-480953,APT00195
CRW000895,Kathleen,Ivanov,Flight Attendant,AL0014,2008-06-21,Active,LIC-404516,APT00111
CRW000896,John,Mitchell,Flight Attendant,AL0012,2011-07-02,Inactive,LIC-511381,APT00100
CRW000897,Anna,Thomas,Flight Attendant,AL0011,2015-06-25,Active,LIC-369811,APT00058
CRW000898,Steven,Lewis,First Officer,AL0018,2009-07-29,Active,LIC-352307,APT00165
CRW000899,Patrick,Robinson,Captain,AL0005,2019-04-21,On Leave,LIC-990683,APT00072
CRW000900,Jeffrey,White,Purser,AL0013,2017-04-17,Active,LIC-350655,APT00228
CRW000901,Olga,Oliveira,Flight Attendant,AL0007,2004-07-10,Inactive,LIC-512770,APT00103
CRW000902,Anna,Taylor,Flight Attendant,AL0020,2014-03-07,Active,LIC-743276,APT00204
CRW000903,Eric,Khan,First Officer,AL0006,2018-10-08,Inactive,LIC-298846,APT00118
CRW000904,Liam,Yamamoto,Flight Attendant,AL0018,2010-05-24,On Leave,LIC-656058,APT00104
CRW000905,Laura,Silva,Flight Attendant,AL0013,2017-06-18,Active,LIC-905966,APT00114
CRW000906,Amanda,Silva,Flight Attendant,AL0005,1998-12-24,On Leave,LIC-831548,APT00111
CRW000907,Brian,Gonzalez,Flight Attendant,AL0016,2007-02-19,On Leave,LIC-125709,APT00120
CRW000908,Fatima,Hernandez,Flight Attendant,AL0005,2017-01-19,Active,LIC-464565,APT00222
CRW000909,Alexander,Dubois,Flight Attendant,AL0006,2023-02-14,Active,LIC-100242,APT00176
CRW000910,Karen,Muller,Purser,AL0007,2015-04-18,Active,LIC-646039,APT00009
CRW000911,Cynthia,Muller,Purser,AL0014,2015-11-07,On Leave,LIC-392632,APT00015
CRW000912,Brian,King,Flight Attendant,AL0008,2005-10-02,Active,LIC-904228,APT00006
CRW000913,Nicole,Adams,First Officer,AL0012,2017-01-08,Active,LIC-257982,APT00173
CRW000914,Michael,Johnson,Flight Attendant,AL0012,2006-03-12,On Leave,LIC-866194,APT00052
CRW000915,Christine,White,Flight Attendant,AL0004,1996-08-20,Active,LIC-408065,APT00097
CRW000916,Rachel,Nelson,Flight Attendant,AL0005,2002-10-02,Inactive,LIC-928020,APT00207
CRW000917,Betty,Hernandez,Purser,AL0007,2014-03-15,Active,LIC-279630,APT00033
CRW000918,Charles,Hernandez,Flight Attendant,AL0005,2025-03-21,On Leave,LIC-342077,APT00039
CRW000919,Pamela,Brown,Captain,AL0019,2010-07-30,Active,LIC-415933,APT00020
CRW000920,Donald,Taylor,Flight Attendant,AL0008,2022-01-09,Active,LIC-986878,APT00072
CRW000921,Sofia,Diaz,Flight Attendant,AL0009,2019-06-11,Inactive,LIC-760544,APT00023
CRW000922,Janet,Kumar,Flight Attendant,AL0014,2012-08-17,On Leave,LIC-834750,APT00158
CRW000923,Carlos,Santos,Flight Attendant,AL0016,2020-04-08,Active,LIC-597617,APT00185
CRW000924,Nicholas,Lee,Purser,AL0014,2007-08-14,Active,LIC-815326,APT00047
CRW000925,Sofia,Mitchell,Captain,AL0012,2008-11-28,Inactive,LIC-664187,APT00132
CRW000926,Mary,Watanabe,Flight Attendant,AL0020,2018-02-24,Active,LIC-700820,APT00076
CRW000927,Paul,Lewis,Captain,AL0018,2015-01-27,Active,LIC-853497,APT00021
CRW000928,James,Chen,First Officer,AL0005,2011-07-31,Active,LIC-984940,APT00117
CRW000929,Samantha,Kumar,Flight Attendant,AL0004,2008-08-10,On Leave,LIC-618240,APT00175
CRW000930,Kathleen,Johansson,Flight Attendant,AL0008,2025-08-28,Active,LIC-497406,APT00058
CRW000931,Paul,Pereira,Flight Attendant,AL0017,1997-01-23,On Leave,LIC-687817,APT00198
CRW000932,Andrew,Roberts,Flight Attendant,AL0020,1996-09-24,Active,LIC-767384,APT00249
CRW000933,Nicole,Campbell,Captain,AL0015,2010-01-18,On Leave,LIC-987702,APT00015
CRW000934,Nancy,Tanaka,Flight Attendant,AL0014,1996-01-29,On Leave,LIC-728929,APT00041
CRW000935,Kathleen,Singh,Flight Attendant,AL0005,2005-09-16,Inactive,LIC-959094,APT00073
CRW000936,Brenda,Lewis,Purser,AL0012,2012-11-11,Active,LIC-758879,APT00213
CRW000937,Mark,Kim,Purser,AL0004,2007-09-24,Active,LIC-956506,APT00036
CRW000938,Betty,Baker,Flight Attendant,AL0011,2001-05-21,On Leave,LIC-776317,APT00118
CRW000939,Kevin,Jackson,Flight Attendant,AL0004,2003-12-12,Active,LIC-896452,APT00135
CRW000940,Anna,Adams,Purser,AL0002,2013-12-26,Inactive,LIC-271680,APT00033
CRW000941,Donald,Roberts,First Officer,AL0020,2024-11-21,Active,LIC-993296,APT00011
CRW000942,Amanda,Yamamoto,First Officer,AL0018,2019-07-20,Active,LIC-414145,APT00030
CRW000943,Shirley,Campbell,Purser,AL0014,2012-03-13,Active,LIC-817823,APT00015
CRW000944,Daniel,Wilson,First Officer,AL0013,1999-05-04,Active,LIC-453028,APT00126
CRW000945,Jonathan,Diaz,Flight Attendant,AL0005,2002-08-16,Active,LIC-512218,APT00235
CRW000946,Thomas,Campbell,Flight Attendant,AL0012,2008-11-03,On Leave,LIC-773199,APT00089
CRW000947,Sarah,Thompson,Captain,AL0015,2002-10-01,On Leave,LIC-586552,APT00065
CRW000948,Mark,Schmidt,First Officer,AL0011,2016-08-20,Active,LIC-744622,APT00059
CRW000949,Paul,Walker,Captain,AL0006,2006-07-04,Active,LIC-171134,APT00246
CRW000950,Patricia,Robinson,Flight Attendant,AL0008,2021-03-13,Active,LIC-850028,APT00240
CRW000951,Ana,Kowalski,Flight Attendant,AL0017,2003-06-15,On Leave,LIC-467608,APT00163
CRW000952,Andrew,Tanaka,First Officer,AL0006,2010-08-05,Active,LIC-809666,APT00116
CRW000953,Dennis,Adams,Purser,AL0020,2017-06-12,Active,LIC-356975,APT00040
CRW000954,Olga,Robinson,Flight Attendant,AL0016,2001-06-23,Inactive,LIC-636429,APT00233
CRW000955,Dennis,Tanaka,Flight Attendant,AL0018,2018-12-03,Active,LIC-629436,APT00001
CRW000956,Heather,Wilson,Flight Attendant,AL0011,2013-05-28,Inactive,LIC-225953,APT00041
CRW000957,Richard,Muller,First Officer,AL0005,2015-05-07,Inactive,LIC-526788,APT00170
CRW000958,Brian,Campbell,Flight Attendant,AL0001,2009-04-12,Inactive,LIC-671909,APT00046
CRW000959,Rachel,Novak,Flight Attendant,AL0011,2024-05-18,Inactive,LIC-852544,APT00028
CRW000960,Helen,King,Flight Attendant,AL0008,2019-04-02,On Leave,LIC-898352,APT00150
CRW000961,James,Johansson,Captain,AL0003,2001-01-12,Active,LIC-446063,APT00007
CRW000962,Jonathan,Johnson,Flight Attendant,AL0019,2012-06-15,Active,LIC-678856,APT00068
CRW000963,Dennis,Schmidt,Captain,AL0020,2023-05-19,Active,LIC-257212,APT00161
CRW000964,Heather,Garcia,Flight Attendant,AL0008,2003-10-12,Inactive,LIC-906062,APT00047
CRW000965,George,Patel,Flight Attendant,AL0014,2011-11-08,On Leave,LIC-881269,APT00190
CRW000966,Mark,Thomas,Flight Attendant,AL0009,2018-09-13,Inactive,LIC-999146,APT00024
CRW000967,Emily,Pereira,Flight Attendant,AL0010,2003-08-03,On Leave,LIC-537620,APT00154
CRW000968,Kimberly,Rossi,Captain,AL0013,2011-04-08,Active,LIC-423281,APT00020
CRW000969,Michelle,Rodriguez,Flight Attendant,AL0009,2012-05-16,Active,LIC-782069,APT00183
CRW000970,Andrew,Watanabe,First Officer,AL0017,2000-07-30,Inactive,LIC-750960,APT00189
CRW000971,Jason,Lee,First Officer,AL0004,2000-07-31,On Leave,LIC-290844,APT00199
CRW000972,Robert,Baker,Flight Attendant,AL0014,2012-09-09,Inactive,LIC-585962,APT00071
CRW000973,Dorothy,Miller,Flight Attendant,AL0020,2000-08-13,Active,LIC-679420,APT00060
CRW000974,Emily,Rodriguez,Purser,AL0018,2024-10-16,Active,LIC-509474,APT00245
CRW000975,Charles,Martin,Flight Attendant,AL0001,2011-06-16,Active,LIC-434060,APT00183
CRW000976,Fatima,Nelson,Flight Attendant,AL0003,2017-03-01,Active,LIC-315880,APT00046
CRW000977,Samantha,Baker,First Officer,AL0013,2007-06-21,On Leave,LIC-470418,APT00008
CRW000978,Ivan,Novak,Flight Attendant,AL0019,2004-05-21,Active,LIC-321322,APT00089
CRW000979,Angela,Wilson,Flight Attendant,AL0017,2010-04-14,Active,LIC-370368,APT00167
CRW000980,Susan,Muller,Purser,AL0019,2017-05-02,On Leave,LIC-266474,APT00094
CRW000981,Olga,Smith,Flight Attendant,AL0003,2007-06-29,On Leave,LIC-438721,APT00202
CRW000982,Jason,White,Flight Attendant,AL0011,2003-11-17,Active,LIC-668334,APT00126
CRW000983,Samuel,Anderson,Flight Attendant,AL0015,1999-07-11,Active,LIC-439889,APT00248
CRW000984,Amanda,Martinez,Flight Attendant,AL0013,2012-01-19,Active,LIC-227847,APT00218
CRW000985,Cynthia,Campbell,Flight Attendant,AL0016,2016-05-09,Active,LIC-821010,APT00118
CRW000986,Ryan,Yamamoto,Flight Attendant,AL0005,2011-07-18,On Leave,LIC-488247,APT00209
CRW000987,Paul,Wang,Flight Attendant,AL0010,2003-01-03,Active,LIC-625434,APT00113
CRW000988,Eric,Novak,Flight Attendant,AL0009,2002-10-09,Inactive,LIC-570999,APT00003
CRW000989,Raymond,Mitchell,Flight Attendant,AL0019,2006-11-05,Active,LIC-555654,APT00078
CRW000990,John,Jones,Flight Attendant,AL0005,2005-12-05,Inactive,LIC-494410,APT00103
CRW000991,Jessica,Ramirez,Flight Attendant,AL0007,2001-05-27,Active,LIC-780096,APT00245
CRW000992,Wei,Andersson,Flight Attendant,AL0001,2024-08-07,On Leave,LIC-869435,APT00207
CRW000993,Jonathan,Brown,Flight Attendant,AL0004,2005-05-11,On Leave,LIC-913497,APT00037
CRW000994,Elena,Davis,Flight Attendant,AL0020,2002-11-15,Active,LIC-498851,APT00001
CRW000995,Larry,Johansson,Purser,AL0017,2014-01-22,Active,LIC-406820,APT00133
CRW000996,Brandon,Garcia,Captain,AL0006,2020-03-01,Active,LIC-174548,APT00134
CRW000997,Mohammed,Oliveira,Flight Attendant,AL0015,2009-08-07,Active,LIC-498452,APT00184
CRW000998,Emma,Schmidt,Flight Attendant,AL0012,2015-12-20,On Leave,LIC-992978,APT00065
CRW000999,Donna,Wang,Purser,AL0019,1997-12-26,On Leave,LIC-334226,APT00204
CRW001000,Amy,Nelson,Flight Attendant,AL0007,2011-09-25,Active,LIC-860484,APT00104
CRW001001,Mark,Davis,Captain,AL0020,1997-02-03,Active,LIC-780959,APT00084
CRW001002,Kenneth,King,Purser,AL0008,1999-04-27,Active,LIC-694038,APT00106
CRW001003,Samantha,Costa,First Officer,AL0015,2013-08-07,Active,LIC-608746,APT00237
CRW001004,Sarah,Yamamoto,First Officer,AL0008,2001-06-05,Inactive,LIC-780690,APT00098
CRW001005,Benjamin,Scott,Flight Attendant,AL0014,1996-02-24,On Leave,LIC-188569,APT00141
CRW001006,Stephen,Kowalski,Flight Attendant,AL0007,2000-08-15,Active,LIC-215371,APT00223
CRW001007,Emily,Dubois,Captain,AL0017,2019-04-13,Active,LIC-276138,APT00005
CRW001008,Jennifer,Jones,Purser,AL0013,2013-06-08,On Leave,LIC-789322,APT00135
CRW001009,Frank,Roberts,First Officer,AL0006,2006-12-30,Active,LIC-488852,APT00178
CRW001010,Jerry,Roberts,Flight Attendant,AL0020,2025-07-31,On Leave,LIC-286973,APT00226
CRW001011,Debra,Baker,First Officer,AL0015,2007-02-13,Active,LIC-140395,APT00016
CRW001012,Ronald,Rossi,Purser,AL0009,2022-07-24,Inactive,LIC-540078,APT00182
CRW001013,Brandon,Watanabe,Purser,AL0003,2005-11-02,Inactive,LIC-458789,APT00201
CRW001014,Deborah,Hall,First Officer,AL0020,1995-10-17,Active,LIC-260184,APT00088
CRW001015,Kevin,Sanchez,Flight Attendant,AL0016,1998-06-19,Active,LIC-120961,APT00187
CRW001016,Donna,Fernandez,Flight Attendant,AL0014,2003-08-08,Active,LIC-778405,APT00124
CRW001017,Margaret,Pereira,Purser,AL0017,2000-11-10,Inactive,LIC-801397,APT00165
CRW001018,Elena,Singh,Purser,AL0013,1999-12-10,Active,LIC-321340,APT00098
CRW001019,Emma,Patel,Flight Attendant,AL0005,2007-01-16,Active,LIC-544331,APT00045
CRW001020,Christopher,Rodriguez,Captain,AL0005,2025-08-26,On Leave,LIC-327887,APT00208
CRW001021,Yuki,Allen,Flight Attendant,AL0002,2001-04-19,On Leave,LIC-467984,APT00055
CRW001022,Charles,Thomas,Flight Attendant,AL0002,2002-05-27,Active,LIC-198300,APT00047
CRW001023,Anna,Adams,First Officer,AL0015,2026-04-08,Active,LIC-951633,APT00222
CRW001024,Karen,Johansson,Flight Attendant,AL0018,2001-04-29,Active,LIC-748545,APT00235
CRW001025,Carol,Moore,Flight Attendant,AL0004,2021-01-30,On Leave,LIC-910958,APT00153
CRW001026,Emma,Diaz,First Officer,AL0012,2014-07-04,On Leave,LIC-366259,APT00146
CRW001027,Freya,Hernandez,Flight Attendant,AL0003,2024-02-23,Active,LIC-885607,APT00091
CRW001028,Freya,Davis,Flight Attendant,AL0009,2012-06-22,Active,LIC-566451,APT00153
CRW001029,Mohammed,Pereira,Flight Attendant,AL0016,2013-08-24,Active,LIC-278320,APT00153
CRW001030,Mark,Rodriguez,Flight Attendant,AL0017,2002-02-04,Active,LIC-399018,APT00130
CRW001031,Barbara,Ivanov,Flight Attendant,AL0019,2013-01-23,Active,LIC-830370,APT00164
CRW001032,Olga,Rossi,Flight Attendant,AL0007,2016-01-23,Active,LIC-797230,APT00139
CRW001033,Liam,Clark,Flight Attendant,AL0019,2026-01-02,Active,LIC-748209,APT00220
CRW001034,Dorothy,Garcia,Purser,AL0016,1998-01-18,Active,LIC-303835,APT00167
CRW001035,John,Harris,Flight Attendant,AL0007,1999-12-04,On Leave,LIC-682985,APT00097
CRW001036,Nicole,Garcia,First Officer,AL0007,1995-08-11,Active,LIC-946750,APT00164
CRW001037,Elizabeth,Wang,Flight Attendant,AL0003,2019-11-01,Inactive,LIC-143880,APT00058
CRW001038,Robert,Watanabe,Flight Attendant,AL0019,1997-08-03,Active,LIC-389205,APT00054
CRW001039,Sofia,Diaz,First Officer,AL0005,2023-10-06,Active,LIC-172316,APT00207
CRW001040,Cynthia,Costa,Flight Attendant,AL0006,2006-06-18,Inactive,LIC-193466,APT00146
CRW001041,Susan,Rossi,Flight Attendant,AL0009,2004-01-22,On Leave,LIC-998020,APT00014
CRW001042,Brandon,Suzuki,Captain,AL0003,2025-08-19,Inactive,LIC-316274,APT00089
CRW001043,Brian,Rossi,Flight Attendant,AL0017,2017-08-19,Active,LIC-261435,APT00247
CRW001044,Nicholas,Chen,Flight Attendant,AL0014,2012-03-11,On Leave,LIC-166546,APT00160
CRW001045,Mohammed,Diaz,Flight Attendant,AL0004,2022-12-05,Active,LIC-982904,APT00218
CRW001046,Mark,Sanchez,First Officer,AL0004,2018-09-17,On Leave,LIC-521864,APT00137
CRW001047,Nicole,King,Flight Attendant,AL0001,2015-01-10,Active,LIC-812238,APT00011
CRW001048,Heather,Yamamoto,Flight Attendant,AL0019,2005-02-06,On Leave,LIC-325225,APT00045
CRW001049,Ronald,Harris,Captain,AL0009,2025-12-24,Active,LIC-676815,APT00024
CRW001050,Elena,White,Flight Attendant,AL0014,2017-08-07,Inactive,LIC-897440,APT00184
CRW001051,Rebecca,Gonzalez,Flight Attendant,AL0003,2024-09-16,Active,LIC-704019,APT00190
CRW001052,Sharon,Thompson,Flight Attendant,AL0005,2025-05-09,Active,LIC-565415,APT00115
CRW001053,Ahmed,Mitchell,Captain,AL0011,2012-04-03,Active,LIC-289483,APT00182
CRW001054,Scott,Suzuki,Flight Attendant,AL0005,2006-03-29,Active,LIC-310031,APT00138
CRW001055,Hiro,Hernandez,Flight Attendant,AL0013,2024-10-03,Active,LIC-637168,APT00185
CRW001056,Jack,Singh,First Officer,AL0019,2026-05-22,On Leave,LIC-506142,APT00169
CRW001057,Christine,Rossi,Purser,AL0007,1998-10-31,Inactive,LIC-141801,APT00114
CRW001058,Mark,Watanabe,Flight Attendant,AL0013,2015-01-21,Inactive,LIC-276394,APT00164
CRW001059,Melissa,Schmidt,Flight Attendant,AL0019,2013-12-04,Active,LIC-488812,APT00080
CRW001060,Yuki,Gonzalez,First Officer,AL0018,2018-07-09,Active,LIC-260856,APT00188
CRW001061,Brenda,Flores,Flight Attendant,AL0001,2025-08-24,Active,LIC-598547,APT00229
CRW001062,Dorothy,Oliveira,Flight Attendant,AL0003,2002-12-03,Active,LIC-370590,APT00052
CRW001063,Donna,Yamamoto,First Officer,AL0020,2025-08-27,Active,LIC-362370,APT00167
CRW001064,Janet,Roberts,Flight Attendant,AL0019,2015-03-16,Active,LIC-197471,APT00028
CRW001065,Nancy,Pereira,Flight Attendant,AL0007,1997-08-04,Inactive,LIC-552905,APT00095
CRW001066,Susan,Wang,Captain,AL0011,2011-01-20,Active,LIC-269782,APT00168
CRW001067,Carolyn,Garcia,Captain,AL0012,1999-03-12,Active,LIC-667362,APT00070
CRW001068,Paul,Park,Captain,AL0014,2025-01-17,On Leave,LIC-944241,APT00059
CRW001069,Carolyn,Wilson,Flight Attendant,AL0016,2018-12-23,On Leave,LIC-921009,APT00096
CRW001070,Nicholas,Walker,Captain,AL0008,2023-06-04,Active,LIC-700121,APT00029
CRW001071,Freya,Martin,Flight Attendant,AL0018,2013-12-06,On Leave,LIC-826704,APT00157
CRW001072,Gary,Ali,Captain,AL0002,2007-06-18,Inactive,LIC-928991,APT00033
CRW001073,Hiro,Williams,Captain,AL0001,2008-06-16,Inactive,LIC-713581,APT00084
CRW001074,Chen,Patel,First Officer,AL0020,2024-09-30,On Leave,LIC-331161,APT00079
CRW001075,Margaret,Tanaka,Flight Attendant,AL0004,1999-10-06,Active,LIC-550750,APT00242
CRW001076,Freya,Silva,Flight Attendant,AL0020,2022-10-19,Active,LIC-871311,APT00248
CRW001077,Rachel,Harris,First Officer,AL0006,2008-04-04,Active,LIC-701186,APT00020
CRW001078,Richard,Watanabe,Flight Attendant,AL0008,2013-07-19,Inactive,LIC-426045,APT00040
CRW001079,James,Lewis,Flight Attendant,AL0001,2015-12-15,Inactive,LIC-251571,APT00184
CRW001080,Steven,Singh,Flight Attendant,AL0019,1997-07-31,On Leave,LIC-229775,APT00075
CRW001081,Mary,Green,Captain,AL0008,1999-09-03,Inactive,LIC-439323,APT00162
CRW001082,Kevin,Garcia,Flight Attendant,AL0004,2000-01-20,Active,LIC-824235,APT00231
CRW001083,Freya,Smith,Flight Attendant,AL0010,2019-06-19,Active,LIC-597339,APT00041
CRW001084,Laura,Anderson,Flight Attendant,AL0004,1997-06-01,Active,LIC-153685,APT00241
CRW001085,John,Choi,Flight Attendant,AL0016,2014-03-12,Active,LIC-926591,APT00014
CRW001086,Cynthia,Oliveira,Purser,AL0002,1998-05-24,Inactive,LIC-464367,APT00058
CRW001087,Anthony,Allen,Flight Attendant,AL0010,2019-02-14,On Leave,LIC-451530,APT00127
CRW001088,Chen,Pereira,Flight Attendant,AL0008,2025-09-10,Active,LIC-837382,APT00221
CRW001089,David,Brown,Flight Attendant,AL0001,2008-01-03,Active,LIC-439259,APT00139
CRW001090,Patrick,Pereira,Flight Attendant,AL0002,2001-08-31,Active,LIC-655465,APT00035
CRW001091,Rebecca,Jackson,Purser,AL0011,2008-12-23,Active,LIC-929061,APT00063
CRW001092,John,Williams,Flight Attendant,AL0008,2016-09-14,Active,LIC-566258,APT00191
CRW001093,Benjamin,Schmidt,Captain,AL0003,2017-11-07,Active,LIC-652699,APT00141
CRW001094,Jason,Walker,Flight Attendant,AL0003,2014-12-31,Active,LIC-418270,APT00004
CRW001095,Patrick,White,Flight Attendant,AL0017,2013-04-14,Inactive,LIC-901602,APT00126
CRW001096,Justin,Schmidt,Flight Attendant,AL0015,2014-10-30,On Leave,LIC-167550,APT00102
CRW001097,Jack,Clark,First Officer,AL0013,2001-10-30,Active,LIC-348718,APT00001
CRW001098,Sharon,Schmidt,Flight Attendant,AL0017,2001-06-29,Active,LIC-991873,APT00062
CRW001099,James,Thomas,Captain,AL0002,2024-03-30,Inactive,LIC-535711,APT00234
CRW001100,Jessica,Miller,Flight Attendant,AL0014,2013-03-15,On Leave,LIC-257296,APT00177
CRW001101,Sharon,Sanchez,Flight Attendant,AL0016,2022-01-21,Active,LIC-472367,APT00018
CRW001102,Melissa,Carter,Purser,AL0005,2014-08-27,Active,LIC-329777,APT00005
CRW001103,Catherine,Moore,Flight Attendant,AL0011,2009-04-21,Active,LIC-572757,APT00087
CRW001104,Deborah,Lopez,Flight Attendant,AL0016,2012-12-02,Inactive,LIC-312323,APT00117
CRW001105,Yuki,Muller,Captain,AL0013,2016-09-24,On Leave,LIC-459397,APT00114
CRW001106,Daniel,Flores,Captain,AL0005,2000-11-06,Active,LIC-917146,APT00175
CRW001107,George,Wright,First Officer,AL0014,2009-07-08,On Leave,LIC-174130,APT00044
CRW001108,Alexander,Martin,Captain,AL0016,2017-09-19,Inactive,LIC-787318,APT00012
CRW001109,Joseph,Johnson,Flight Attendant,AL0001,1997-09-25,Active,LIC-170371,APT00169
CRW001110,Joshua,Jones,Flight Attendant,AL0012,1997-04-20,Inactive,LIC-511596,APT00225
CRW001111,Alexander,Singh,Flight Attendant,AL0011,2000-01-12,On Leave,LIC-701498,APT00042
CRW001112,Stephen,Miller,Captain,AL0008,2013-07-29,Active,LIC-959879,APT00091
CRW001113,Janet,Martin,Flight Attendant,AL0001,2002-06-29,Inactive,LIC-325073,APT00157
CRW001114,Kathleen,Yamamoto,Flight Attendant,AL0002,2008-09-15,On Leave,LIC-147504,APT00042
CRW001115,Yuki,Ramirez,Flight Attendant,AL0016,1999-03-16,Active,LIC-775763,APT00215
CRW001116,Fatima,Muller,Captain,AL0017,2002-11-12,Active,LIC-904302,APT00057
CRW001117,Elena,Ramirez,Purser,AL0009,1995-07-23,Inactive,LIC-608551,APT00134
CRW001118,Joseph,Choi,Flight Attendant,AL0019,2020-05-13,Inactive,LIC-154384,APT00085
CRW001119,Stephen,Andersson,Flight Attendant,AL0019,2009-08-28,Active,LIC-550603,APT00167
CRW001120,Susan,Nguyen,First Officer,AL0014,2000-07-11,On Leave,LIC-452017,APT00050
CRW001121,Betty,Singh,Flight Attendant,AL0012,2011-07-14,Active,LIC-506332,APT00025
CRW001122,Andrew,King,Flight Attendant,AL0020,2024-04-23,Active,LIC-148604,APT00128
CRW001123,Nicole,Santos,Flight Attendant,AL0013,2020-11-29,Active,LIC-385616,APT00217
CRW001124,Stephanie,Lewis,Purser,AL0019,2022-10-16,Active,LIC-999071,APT00159
CRW001125,Yuki,Johansson,Flight Attendant,AL0020,2007-10-03,Active,LIC-141215,APT00189
CRW001126,Kimberly,Roberts,Captain,AL0004,2006-04-30,Active,LIC-922949,APT00109
CRW001127,Justin,Patel,Flight Attendant,AL0014,2004-12-07,Active,LIC-565777,APT00036
CRW001128,Carolyn,Lewis,Captain,AL0015,2004-08-02,Inactive,LIC-626318,APT00107
CRW001129,Dmitri,Johansson,Captain,AL0017,2023-11-23,Active,LIC-940163,APT00247
CRW001130,Sandra,Muller,Flight Attendant,AL0007,1999-04-27,On Leave,LIC-296059,APT00196
CRW001131,Raymond,Andersson,Flight Attendant,AL0018,2021-10-01,Active,LIC-985964,APT00176
CRW001132,David,Costa,Flight Attendant,AL0010,2023-10-15,Active,LIC-349099,APT00076
CRW001133,Shirley,Gonzalez,Flight Attendant,AL0008,2021-07-08,Active,LIC-414179,APT00150
CRW001134,Deborah,Suzuki,Flight Attendant,AL0004,2014-09-18,Active,LIC-504588,APT00156
CRW001135,Ana,Kowalski,Flight Attendant,AL0007,2021-11-18,Active,LIC-641382,APT00164
CRW001136,Patrick,Martin,Purser,AL0020,1995-12-31,Active,LIC-390501,APT00224
CRW001137,Noah,Fernandez,Flight Attendant,AL0015,2020-09-04,Inactive,LIC-813795,APT00171
CRW001138,Chen,Nelson,Purser,AL0015,2011-01-20,Active,LIC-119182,APT00056
CRW001139,Deborah,Sanchez,Flight Attendant,AL0018,2025-02-09,On Leave,LIC-699942,APT00056
CRW001140,Raymond,Moore,Captain,AL0006,1997-09-11,Active,LIC-690629,APT00155
CRW001141,Patricia,Robinson,First Officer,AL0014,2024-03-21,Active,LIC-581097,APT00217
CRW001142,Eric,Brown,Flight Attendant,AL0008,2013-01-09,Active,LIC-652084,APT00237
CRW001143,Jennifer,Kumar,First Officer,AL0017,1998-04-06,On Leave,LIC-772914,APT00153
CRW001144,Gregory,Khan,Flight Attendant,AL0009,2010-12-28,Inactive,LIC-913878,APT00133
CRW001145,Elena,Wang,Captain,AL0018,1996-03-01,Active,LIC-296543,APT00205
CRW001146,Samantha,Baker,First Officer,AL0015,1997-08-08,Active,LIC-529168,APT00245
CRW001147,Priya,Robinson,Flight Attendant,AL0016,2011-09-15,Active,LIC-605969,APT00007
CRW001148,Mark,Ali,Flight Attendant,AL0019,2020-08-19,On Leave,LIC-410237,APT00078
CRW001149,Freya,Tanaka,Flight Attendant,AL0016,1998-05-26,Active,LIC-976472,APT00084
CRW001150,Eric,Davis,Flight Attendant,AL0007,2003-03-30,Active,LIC-560364,APT00142
CRW001151,Benjamin,Walker,Flight Attendant,AL0011,2007-04-18,Inactive,LIC-633383,APT00074
CRW001152,Patrick,Diaz,Captain,AL0010,2012-01-05,Active,LIC-275225,APT00078
CRW001153,Scott,Novak,Flight Attendant,AL0002,1995-01-09,On Leave,LIC-474212,APT00007
CRW001154,Joshua,Diaz,First Officer,AL0012,2015-01-28,On Leave,LIC-662985,APT00001
CRW001155,Brenda,Anderson,First Officer,AL0009,2010-08-23,Active,LIC-485510,APT00113
CRW001156,Brandon,Nguyen,First Officer,AL0008,2025-03-26,Active,LIC-793028,APT00250
CRW001157,Chen,Hernandez,Purser,AL0003,2004-06-19,Inactive,LIC-223051,APT00074
CRW001158,Laura,Tanaka,Captain,AL0011,2010-07-07,Active,LIC-238115,APT00061
CRW001159,Jacob,Adams,Flight Attendant,AL0012,1997-07-25,Inactive,LIC-405090,APT00067
CRW001160,Jacob,Martin,Captain,AL0003,2023-10-27,Inactive,LIC-386544,APT00244
CRW001161,Susan,Davis,Flight Attendant,AL0013,2021-03-13,Active,LIC-833907,APT00166
CRW001162,David,Muller,Flight Attendant,AL0004,2006-02-23,Inactive,LIC-881020,APT00164
CRW001163,John,Costa,First Officer,AL0003,2009-06-20,On Leave,LIC-524761,APT00048
CRW001164,Emma,Suzuki,Captain,AL0009,2021-12-09,On Leave,LIC-554978,APT00226
CRW001165,Ronald,Pereira,Flight Attendant,AL0008,2004-04-12,Active,LIC-364933,APT00050
CRW001166,Yuki,Andersson,Flight Attendant,AL0019,2002-05-30,Active,LIC-578652,APT00242
CRW001167,Frank,Dubois,First Officer,AL0002,2002-08-08,Active,LIC-735821,APT00239
CRW001168,Thomas,Costa,Flight Attendant,AL0007,2017-03-24,Active,LIC-750166,APT00142
CRW001169,Richard,Diaz,First Officer,AL0015,2001-08-18,Inactive,LIC-972070,APT00218
CRW001170,Carol,Nguyen,Flight Attendant,AL0005,1997-10-13,Active,LIC-620102,APT00250
CRW001171,Liam,Schmidt,Captain,AL0020,2000-03-13,Active,LIC-406286,APT00146
CRW001172,Jennifer,Andersson,Flight Attendant,AL0015,2025-12-23,Inactive,LIC-162621,APT00192
CRW001173,Daniel,Martinez,Captain,AL0019,2022-06-03,Active,LIC-719122,APT00148
CRW001174,Patricia,Kumar,First Officer,AL0019,2024-12-20,Inactive,LIC-823564,APT00131
CRW001175,Deborah,Ramirez,Purser,AL0003,2003-09-18,Inactive,LIC-597165,APT00084
CRW001176,Sven,Hernandez,Captain,AL0010,2008-11-22,Active,LIC-930551,APT00164
CRW001177,Samuel,Wilson,Purser,AL0015,2010-06-02,Inactive,LIC-385219,APT00067
CRW001178,Cynthia,Martinez,First Officer,AL0001,2011-06-18,Inactive,LIC-147949,APT00049
CRW001179,Sarah,Watanabe,Captain,AL0010,1995-11-04,Active,LIC-669831,APT00069
CRW001180,Kevin,Rossi,Flight Attendant,AL0014,2013-10-12,Active,LIC-209124,APT00003
CRW001181,Gary,Rodriguez,Flight Attendant,AL0016,1996-03-21,Active,LIC-175704,APT00234
CRW001182,Steven,Kim,Flight Attendant,AL0009,2003-08-23,Active,LIC-731776,APT00065
CRW001183,Frank,Chen,Captain,AL0018,2004-03-08,On Leave,LIC-490958,APT00200
CRW001184,Dmitri,Adams,Purser,AL0014,2016-03-10,Active,LIC-644025,APT00109
CRW001185,Matthew,Carter,First Officer,AL0001,2023-03-02,Active,LIC-772941,APT00085
CRW001186,Donald,Yamamoto,First Officer,AL0006,2016-12-11,Active,LIC-444264,APT00058
CRW001187,Jessica,Adams,Purser,AL0019,2008-09-05,Active,LIC-649971,APT00206
CRW001188,Debra,Chen,Flight Attendant,AL0001,2011-07-01,Inactive,LIC-585323,APT00129
CRW001189,Sharon,Rivera,Purser,AL0003,2011-02-05,Active,LIC-622017,APT00113
CRW001190,Paul,Young,First Officer,AL0007,1999-08-23,Inactive,LIC-733004,APT00165
CRW001191,Anthony,Watanabe,Flight Attendant,AL0020,2025-01-28,Active,LIC-442343,APT00201
CRW001192,William,King,Flight Attendant,AL0015,2023-11-17,Active,LIC-554028,APT00164
CRW001193,Laura,Silva,First Officer,AL0003,2002-07-17,Inactive,LIC-632029,APT00117
CRW001194,Samantha,Carter,First Officer,AL0008,1998-08-13,Active,LIC-226169,APT00224
CRW001195,Mark,Singh,Flight Attendant,AL0019,2000-03-08,Active,LIC-290426,APT00224
CRW001196,James,Schmidt,Purser,AL0005,2014-10-07,Active,LIC-180492,APT00242
CRW001197,Jeffrey,Ivanov,Flight Attendant,AL0012,1995-12-04,Active,LIC-278221,APT00023
CRW001198,Samantha,Rivera,Purser,AL0010,1998-03-28,Active,LIC-494972,APT00223
CRW001199,Michelle,Roberts,Captain,AL0016,2015-05-15,Active,LIC-943857,APT00049
CRW001200,Donald,Green,Captain,AL0016,1999-08-04,Active,LIC-930595,APT00156
CRW001201,Charles,Ramirez,Captain,AL0017,1997-02-28,Active,LIC-786565,APT00165
CRW001202,Rachel,Ivanov,Purser,AL0003,1995-08-24,Active,LIC-602000,APT00052
CRW001203,Yuki,Suzuki,First Officer,AL0010,2017-03-04,Active,LIC-282272,APT00003
CRW001204,Patrick,Khan,Flight Attendant,AL0014,2006-06-01,Active,LIC-422397,APT00236
CRW001205,Gary,Rossi,Flight Attendant,AL0009,2003-12-09,Active,LIC-789650,APT00223
CRW001206,Gregory,Johansson,Captain,AL0014,2015-02-04,Active,LIC-917834,APT00044
CRW001207,Melissa,Robinson,Flight Attendant,AL0013,2000-05-10,Active,LIC-966252,APT00151
CRW001208,John,Garcia,Flight Attendant,AL0008,2011-05-21,Active,LIC-449768,APT00038
CRW001209,Brian,Ramirez,First Officer,AL0003,2010-03-15,On Leave,LIC-537965,APT00142
CRW001210,Frank,Schmidt,Purser,AL0020,2016-03-11,Inactive,LIC-558231,APT00080
CRW001211,Nicole,Andersson,Purser,AL0017,2014-08-08,On Leave,LIC-150623,APT00188
CRW001212,Sven,Adams,First Officer,AL0018,2016-03-16,Active,LIC-204849,APT00144
CRW001213,Freya,Dubois,Flight Attendant,AL0006,2001-09-11,Active,LIC-140698,APT00125
CRW001214,Sandra,Garcia,Captain,AL0007,1999-05-28,Active,LIC-763660,APT00171
CRW001215,Mary,Patel,Captain,AL0007,2011-10-09,On Leave,LIC-301913,APT00119
CRW001216,Steven,Singh,First Officer,AL0001,1996-10-19,Active,LIC-730271,APT00004
CRW001217,Fatima,Green,Captain,AL0004,2009-04-09,Active,LIC-437748,APT00149
CRW001218,Maria,Ali,Captain,AL0007,2014-08-24,On Leave,LIC-814818,APT00195
CRW001219,Barbara,Flores,Purser,AL0020,2020-10-16,On Leave,LIC-203976,APT00123
CRW001220,Karen,Adams,Purser,AL0005,2015-07-10,Active,LIC-392671,APT00044
CRW001221,Angela,Carter,Captain,AL0011,2026-04-01,On Leave,LIC-284336,APT00002
CRW001222,Emma,Silva,Flight Attendant,AL0011,2012-06-28,Active,LIC-492447,APT00075
CRW001223,Dmitri,Martin,Flight Attendant,AL0008,2009-01-06,On Leave,LIC-605784,APT00193
CRW001224,Alexander,Harris,Flight Attendant,AL0019,2002-09-21,On Leave,LIC-251507,APT00081
CRW001225,Margaret,King,Flight Attendant,AL0002,2016-02-24,Active,LIC-700296,APT00240
CRW001226,Robert,Taylor,Flight Attendant,AL0018,2020-06-21,On Leave,LIC-968053,APT00084
CRW001227,Scott,Clark,Purser,AL0015,2005-01-31,Active,LIC-138957,APT00107
CRW001228,Eric,Lewis,Purser,AL0007,1997-05-18,Active,LIC-177469,APT00191
CRW001229,Liam,Sanchez,Captain,AL0016,1995-05-01,On Leave,LIC-956991,APT00154
CRW001230,Helen,Allen,Flight Attendant,AL0009,2014-11-12,Active,LIC-684111,APT00011
CRW001231,Jacob,Green,Captain,AL0020,2015-10-31,Inactive,LIC-927678,APT00020
CRW001232,Andrew,Kumar,Flight Attendant,AL0001,1998-10-13,Inactive,LIC-734730,APT00050
CRW001233,David,Harris,Flight Attendant,AL0001,1995-09-17,Inactive,LIC-745590,APT00218
CRW001234,Fatima,Kowalski,First Officer,AL0011,2015-07-24,Active,LIC-241962,APT00006
CRW001235,Heather,Hill,Flight Attendant,AL0019,2007-07-01,Active,LIC-560646,APT00018
CRW001236,Karen,Ali,First Officer,AL0002,2008-02-15,Active,LIC-428790,APT00195
CRW001237,Frank,Martinez,Purser,AL0016,2003-03-31,Active,LIC-850262,APT00156
CRW001238,Carol,Wilson,Flight Attendant,AL0019,2017-07-24,Active,LIC-138813,APT00246
CRW001239,Edward,Torres,First Officer,AL0010,2018-05-24,On Leave,LIC-116350,APT00055
CRW001240,Wei,Robinson,Flight Attendant,AL0018,1996-08-21,Active,LIC-600946,APT00165
CRW001241,Wei,Flores,Purser,AL0016,1997-10-19,Active,LIC-973397,APT00034
CRW001242,Daniel,Gonzalez,Purser,AL0005,2012-06-09,On Leave,LIC-995443,APT00148
CRW001243,Andrew,Nguyen,Flight Attendant,AL0018,2013-12-12,On Leave,LIC-634189,APT00027
CRW001244,Jerry,Singh,First Officer,AL0014,1999-07-21,On Leave,LIC-486896,APT00228
CRW001245,Liam,Ivanov,Purser,AL0001,1999-12-20,Active,LIC-345630,APT00104
CRW001246,Elizabeth,Martin,Flight Attendant,AL0012,2016-06-09,Active,LIC-991006,APT00064
CRW001247,Priya,Ramirez,Purser,AL0014,2009-04-14,Inactive,LIC-264910,APT00247
CRW001248,Ryan,Nelson,Captain,AL0017,1998-10-08,On Leave,LIC-213602,APT00017
CRW001249,Stephen,Adams,First Officer,AL0016,2014-02-24,Inactive,LIC-557506,APT00200
CRW001250,Elizabeth,Silva,Flight Attendant,AL0010,1997-04-24,Active,LIC-453208,APT00128
CRW001251,Samantha,Young,Flight Attendant,AL0006,2002-03-31,Active,LIC-546225,APT00172
CRW001252,Samantha,Wang,Flight Attendant,AL0004,2017-05-28,On Leave,LIC-911767,APT00066
CRW001253,Emma,Suzuki,First Officer,AL0002,2001-12-26,Active,LIC-342829,APT00221
CRW001254,Jack,White,Flight Attendant,AL0013,1996-12-30,Active,LIC-889025,APT00113
CRW001255,Diego,Andersson,Purser,AL0020,2025-02-27,Active,LIC-290584,APT00105
CRW001256,Wei,Clark,Flight Attendant,AL0002,2002-01-20,Active,LIC-391232,APT00115
CRW001257,Rachel,Clark,Flight Attendant,AL0015,2011-03-06,Active,LIC-104007,APT00075
CRW001258,Dmitri,Chen,First Officer,AL0012,2020-11-28,On Leave,LIC-710748,APT00080
CRW001259,Benjamin,Roberts,Flight Attendant,AL0004,2026-02-06,On Leave,LIC-872613,APT00036
CRW001260,Benjamin,Baker,Flight Attendant,AL0005,2020-06-09,Active,LIC-897543,APT00122
CRW001261,Shirley,Jackson,Flight Attendant,AL0006,2005-09-02,Active,LIC-250713,APT00119
CRW001262,Patrick,Davis,Flight Attendant,AL0014,2021-11-01,Active,LIC-790188,APT00096
CRW001263,William,Yamamoto,First Officer,AL0006,1995-05-27,Inactive,LIC-227202,APT00247
CRW001264,Jacob,Tanaka,Flight Attendant,AL0017,2005-03-30,Active,LIC-665627,APT00029
CRW001265,Stephanie,Suzuki,First Officer,AL0008,2001-04-07,Active,LIC-732157,APT00228
CRW001266,Ivan,Adams,First Officer,AL0003,2011-08-04,On Leave,LIC-237317,APT00217
CRW001267,William,Suzuki,Captain,AL0002,2023-01-05,Inactive,LIC-199461,APT00006
CRW001268,Nicole,Nguyen,First Officer,AL0009,2019-04-19,Active,LIC-165702,APT00176
CRW001269,Daniel,Miller,Flight Attendant,AL0009,2026-05-13,Inactive,LIC-737524,APT00053
CRW001270,Ahmed,Thomas,First Officer,AL0015,1999-04-21,On Leave,LIC-653159,APT00011
CRW001271,Chen,Perez,Purser,AL0010,2018-08-19,Active,LIC-207413,APT00216
CRW001272,Mark,Walker,Purser,AL0004,2017-10-04,On Leave,LIC-550247,APT00029
CRW001273,Hiro,Santos,Flight Attendant,AL0005,2009-05-05,Active,LIC-816224,APT00075
CRW001274,Cynthia,Clark,Flight Attendant,AL0012,1998-01-23,On Leave,LIC-314232,APT00025
CRW001275,Elena,Roberts,Flight Attendant,AL0007,1998-04-14,Active,LIC-645072,APT00036
CRW001276,Debra,Perez,Flight Attendant,AL0014,2023-09-10,Active,LIC-363492,APT00016
CRW001277,Robert,Patel,Purser,AL0019,2004-04-10,On Leave,LIC-334911,APT00211
CRW001278,Matthew,Rivera,Flight Attendant,AL0008,2015-01-09,Inactive,LIC-452878,APT00015
CRW001279,Timothy,Gonzalez,Flight Attendant,AL0012,2024-09-15,Active,LIC-416992,APT00190
CRW001280,Margaret,Torres,Flight Attendant,AL0017,2010-07-01,Active,LIC-545968,APT00040
CRW001281,Jessica,Rodriguez,Captain,AL0005,2001-08-05,On Leave,LIC-284866,APT00229
CRW001282,Dmitri,Watanabe,First Officer,AL0011,2010-03-25,Inactive,LIC-451232,APT00212
CRW001283,Hiro,Khan,Flight Attendant,AL0007,2002-03-18,On Leave,LIC-660144,APT00158
CRW001284,Edward,Santos,Purser,AL0013,2000-09-12,On Leave,LIC-448562,APT00208
CRW001285,Margaret,Suzuki,First Officer,AL0015,2020-06-24,Active,LIC-690759,APT00075
CRW001286,Nancy,Moore,Purser,AL0003,2005-11-13,Active,LIC-204159,APT00196
CRW001287,Ivan,Khan,Captain,AL0004,2016-07-07,On Leave,LIC-223894,APT00056
CRW001288,Donna,Rodriguez,First Officer,AL0001,2017-11-04,On Leave,LIC-879030,APT00154
CRW001289,Mary,Oliveira,Flight Attendant,AL0001,2012-04-05,Active,LIC-515641,APT00230
CRW001290,Melissa,Dubois,Captain,AL0002,2011-12-30,Active,LIC-648238,APT00181
CRW001291,Jason,Singh,Flight Attendant,AL0015,2000-09-02,Active,LIC-765815,APT00068
CRW001292,Justin,Diaz,Purser,AL0019,2011-08-18,Active,LIC-231491,APT00185
CRW001293,Kenneth,Kowalski,Flight Attendant,AL0009,2018-08-11,Active,LIC-975035,APT00221
CRW001294,Liam,Tanaka,First Officer,AL0018,2001-02-18,Active,LIC-481486,APT00223
CRW001295,Nicole,Rodriguez,Flight Attendant,AL0015,2002-04-16,Active,LIC-900739,APT00185
CRW001296,Sven,Johnson,Flight Attendant,AL0017,2016-09-08,On Leave,LIC-475043,APT00184
CRW001297,Brian,Oliveira,Flight Attendant,AL0015,2025-11-05,Active,LIC-465014,APT00197
CRW001298,Brandon,Lee,Captain,AL0004,2007-04-26,On Leave,LIC-640558,APT00185
CRW001299,Carol,Wright,Flight Attendant,AL0011,2021-01-09,Active,LIC-271807,APT00034
CRW001300,Katherine,Brown,First Officer,AL0011,2000-09-28,Inactive,LIC-647982,APT00202
CRW001301,Rachel,Roberts,Purser,AL0013,2012-11-24,Active,LIC-984979,APT00045
CRW001302,Joshua,Andersson,Captain,AL0016,2024-08-25,Active,LIC-680699,APT00140
CRW001303,Sofia,Kowalski,Flight Attendant,AL0003,2008-11-14,Active,LIC-163058,APT00085
CRW001304,Chen,Campbell,Flight Attendant,AL0014,2010-12-03,On Leave,LIC-728112,APT00054
CRW001305,Mohammed,Chen,Flight Attendant,AL0017,1999-11-15,Active,LIC-130061,APT00071
CRW001306,Anthony,Adams,Flight Attendant,AL0003,2011-08-04,On Leave,LIC-193018,APT00022
CRW001307,Gregory,Scott,Captain,AL0009,2013-05-26,Inactive,LIC-356122,APT00110
CRW001308,Richard,Hall,Purser,AL0018,2025-10-31,On Leave,LIC-374429,APT00105
CRW001309,Richard,Choi,Purser,AL0001,2001-04-25,Active,LIC-103194,APT00101
CRW001310,Elena,Lee,Captain,AL0004,2006-07-06,Active,LIC-115613,APT00023
CRW001311,Charles,Nguyen,Flight Attendant,AL0017,2015-05-03,Active,LIC-810309,APT00152
CRW001312,Yuki,Carter,Flight Attendant,AL0004,2024-08-17,Active,LIC-509176,APT00043
CRW001313,Stephanie,Rivera,Flight Attendant,AL0015,2002-06-22,Active,LIC-279836,APT00214
CRW001314,Andrew,Williams,Flight Attendant,AL0019,2016-10-31,On Leave,LIC-486486,APT00006
CRW001315,William,Thompson,Flight Attendant,AL0010,2022-08-17,Inactive,LIC-723642,APT00014
CRW001316,Samantha,Patel,Flight Attendant,AL0010,2014-11-21,Active,LIC-760893,APT00076
CRW001317,Gregory,Kumar,Captain,AL0009,2008-05-29,Active,LIC-359327,APT00102
CRW001318,Jeffrey,Ivanov,Flight Attendant,AL0008,2002-05-13,Active,LIC-250405,APT00243
CRW001319,Maria,Diaz,Flight Attendant,AL0008,2004-01-19,Active,LIC-963408,APT00132
CRW001320,Joshua,Wang,Flight Attendant,AL0012,1996-08-16,Active,LIC-668344,APT00095
CRW001321,Eric,Campbell,Flight Attendant,AL0018,1999-10-11,On Leave,LIC-984658,APT00210
CRW001322,Paul,Clark,Flight Attendant,AL0020,2008-10-02,Active,LIC-376024,APT00061
CRW001323,Helen,Robinson,Flight Attendant,AL0018,1999-06-01,Active,LIC-200139,APT00225
CRW001324,Thomas,Johansson,Purser,AL0003,1995-04-27,Active,LIC-443724,APT00101
CRW001325,Laura,Nguyen,Purser,AL0007,2016-10-05,Active,LIC-395063,APT00079
CRW001326,Shirley,Ali,Flight Attendant,AL0016,1997-03-25,Active,LIC-747357,APT00076
CRW001327,Eric,Martinez,Flight Attendant,AL0011,1999-06-08,Active,LIC-744512,APT00003
CRW001328,Rebecca,Hernandez,First Officer,AL0007,2013-09-14,On Leave,LIC-164393,APT00169
CRW001329,Nicole,Moore,First Officer,AL0007,2023-12-17,On Leave,LIC-628968,APT00145
CRW001330,Kathleen,Thomas,Flight Attendant,AL0003,2017-10-05,Inactive,LIC-408504,APT00159
CRW001331,Dorothy,Carter,Flight Attendant,AL0007,1996-01-09,Active,LIC-653397,APT00163
CRW001332,Margaret,Kim,Purser,AL0009,2000-04-11,Active,LIC-452190,APT00007
CRW001333,Nicole,Hall,Flight Attendant,AL0009,2018-04-05,Inactive,LIC-583679,APT00220
CRW001334,Sofia,White,Captain,AL0011,2018-01-05,Active,LIC-744173,APT00128
CRW001335,Alexander,Campbell,First Officer,AL0006,2007-04-15,On Leave,LIC-364049,APT00173
CRW001336,Scott,Martinez,Flight Attendant,AL0005,2024-11-02,Inactive,LIC-279301,APT00010
CRW001337,Liam,Nguyen,Flight Attendant,AL0018,2022-11-30,Active,LIC-735393,APT00191
CRW001338,Mohammed,Gonzalez,Flight Attendant,AL0009,2018-05-07,Active,LIC-952670,APT00170
CRW001339,Jacob,Miller,First Officer,AL0006,2018-07-04,On Leave,LIC-499604,APT00093
CRW001340,Susan,Wilson,First Officer,AL0013,2019-08-27,Inactive,LIC-997984,APT00234
CRW001341,Scott,Rodriguez,Flight Attendant,AL0011,1999-08-31,Active,LIC-266402,APT00163
CRW001342,Justin,Hill,Flight Attendant,AL0012,2017-01-05,Active,LIC-837018,APT00227
CRW001343,Dorothy,Baker,Flight Attendant,AL0005,2024-07-12,Active,LIC-989383,APT00206
CRW001344,Wei,Carter,First Officer,AL0015,2002-01-22,Active,LIC-369740,APT00052
CRW001345,Hiro,Scott,Flight Attendant,AL0004,1995-06-18,On Leave,LIC-233070,APT00250
CRW001346,Donna,Anderson,Purser,AL0017,2006-05-04,Active,LIC-697479,APT00186
CRW001347,Laura,Johnson,Flight Attendant,AL0009,2003-06-21,Active,LIC-882453,APT00048
CRW001348,Lisa,Khan,Flight Attendant,AL0009,2024-10-27,Active,LIC-174833,APT00199
CRW001349,Nancy,Fernandez,Purser,AL0008,2009-01-03,Active,LIC-676649,APT00108
CRW001350,Ashley,Thompson,First Officer,AL0009,2015-10-10,On Leave,LIC-884150,APT00217
CRW001351,Carol,Taylor,Flight Attendant,AL0014,2025-11-06,Inactive,LIC-128812,APT00044
CRW001352,Steven,Harris,Purser,AL0010,2019-10-16,Active,LIC-564393,APT00065
CRW001353,Charles,Moore,Purser,AL0003,2018-07-14,Active,LIC-169286,APT00087
CRW001354,Rebecca,Moore,Flight Attendant,AL0012,2025-06-07,Inactive,LIC-258795,APT00113
CRW001355,Justin,Flores,Flight Attendant,AL0006,2016-08-22,Inactive,LIC-537713,APT00158
CRW001356,Donna,Dubois,Captain,AL0003,2002-04-09,On Leave,LIC-394674,APT00056
CRW001357,Nicholas,Khan,Flight Attendant,AL0017,2017-10-31,On Leave,LIC-176622,APT00177
CRW001358,Steven,Oliveira,Purser,AL0007,2005-02-08,Inactive,LIC-820667,APT00007
CRW001359,Frank,Lewis,Captain,AL0012,2005-05-25,Active,LIC-282666,APT00083
CRW001360,Nicole,Flores,First Officer,AL0004,2015-04-05,Inactive,LIC-883203,APT00165
CRW001361,Ana,Walker,Purser,AL0007,2004-11-29,Inactive,LIC-259068,APT00067
CRW001362,Michael,Brown,Flight Attendant,AL0008,1995-10-07,Active,LIC-567741,APT00108
CRW001363,Chen,Young,Flight Attendant,AL0003,2026-05-27,Active,LIC-754330,APT00152
CRW001364,Kenneth,Lee,Captain,AL0020,2012-12-11,Active,LIC-532279,APT00063
CRW001365,Linda,Hill,Purser,AL0007,2016-01-19,On Leave,LIC-475387,APT00242
CRW001366,Samuel,Gonzalez,First Officer,AL0012,2020-05-28,Inactive,LIC-775660,APT00212
CRW001367,Christopher,Muller,First Officer,AL0012,2014-12-08,Active,LIC-110600,APT00243
CRW001368,Nancy,Kowalski,Flight Attendant,AL0009,2014-03-06,Active,LIC-843569,APT00124
CRW001369,Dmitri,Oliveira,Flight Attendant,AL0012,2019-11-17,On Leave,LIC-720906,APT00086
CRW001370,Anthony,Miller,Captain,AL0012,2004-04-12,Active,LIC-788361,APT00249
CRW001371,Shirley,Martinez,Flight Attendant,AL0002,2021-01-10,On Leave,LIC-478870,APT00183
CRW001372,Matthew,Pereira,Purser,AL0014,2017-10-01,Active,LIC-445984,APT00199
CRW001373,Joseph,Kowalski,Purser,AL0003,2000-09-20,Active,LIC-614726,APT00046
CRW001374,James,Mitchell,Flight Attendant,AL0009,1999-08-03,Active,LIC-677732,APT00218
CRW001375,Mary,Sanchez,First Officer,AL0008,2022-08-21,On Leave,LIC-932674,APT00133
CRW001376,Jeffrey,Adams,Flight Attendant,AL0009,2023-02-10,Inactive,LIC-871623,APT00194
CRW001377,Edward,Nelson,Purser,AL0002,2026-03-20,Active,LIC-148502,APT00207
CRW001378,Robert,Kowalski,Captain,AL0015,1998-03-03,Active,LIC-236584,APT00027
CRW001379,Michelle,Nelson,Flight Attendant,AL0009,2023-02-20,Active,LIC-951954,APT00025
CRW001380,Steven,Williams,Flight Attendant,AL0002,2022-02-16,On Leave,LIC-449322,APT00017
CRW001381,Jonathan,Kumar,Flight Attendant,AL0001,2019-02-12,On Leave,LIC-622254,APT00161
CRW001382,Freya,Dubois,Flight Attendant,AL0011,2010-08-22,Inactive,LIC-150956,APT00229
CRW001383,Samuel,White,Captain,AL0014,2010-12-23,Active,LIC-194168,APT00008
CRW001384,Liam,Martinez,Purser,AL0011,2008-06-19,Active,LIC-467989,APT00035
CRW001385,Lisa,Lopez,Purser,AL0015,1995-12-02,Active,LIC-745591,APT00122
CRW001386,Margaret,Kowalski,Flight Attendant,AL0016,2010-09-24,On Leave,LIC-795053,APT00098
CRW001387,Alexander,Scott,Purser,AL0018,2002-06-14,Active,LIC-905215,APT00026
CRW001388,Emily,Nelson,Flight Attendant,AL0020,2001-04-16,Active,LIC-277325,APT00153
CRW001389,Wei,Oliveira,First Officer,AL0018,1996-10-03,Inactive,LIC-281653,APT00227
CRW001390,Sharon,Jones,Flight Attendant,AL0016,2009-05-18,Active,LIC-587697,APT00053
CRW001391,Matthew,Taylor,First Officer,AL0009,1996-07-03,Inactive,LIC-592229,APT00001
CRW001392,Wei,Johansson,Flight Attendant,AL0011,2021-09-11,Active,LIC-132927,APT00057
CRW001393,Eric,Baker,Captain,AL0013,2022-12-12,Active,LIC-502457,APT00047
CRW001394,Dennis,Williams,Flight Attendant,AL0004,2020-02-29,Active,LIC-907884,APT00117
CRW001395,Jason,Khan,Captain,AL0014,2004-06-15,On Leave,LIC-247506,APT00027
CRW001396,Jessica,Lopez,Flight Attendant,AL0012,2000-02-14,Active,LIC-838003,APT00091
CRW001397,Samantha,Dubois,Flight Attendant,AL0011,2010-11-08,Active,LIC-502515,APT00030
CRW001398,Joseph,Silva,Flight Attendant,AL0017,2016-02-27,Active,LIC-571967,APT00170
CRW001399,Emma,Andersson,Flight Attendant,AL0014,1995-08-25,Inactive,LIC-677446,APT00118
CRW001400,Ronald,Nguyen,Flight Attendant,AL0019,2021-12-02,Active,LIC-735207,APT00019
CRW001401,Jack,Perez,Captain,AL0020,2008-10-11,Active,LIC-673743,APT00011
CRW001402,Hiro,Suzuki,Flight Attendant,AL0017,2020-10-02,Active,LIC-193524,APT00123
CRW001403,Timothy,Hall,Purser,AL0006,1997-06-13,On Leave,LIC-365802,APT00148
CRW001404,Fatima,Kim,Flight Attendant,AL0004,2008-05-16,On Leave,LIC-860687,APT00044
CRW001405,Susan,Hernandez,Flight Attendant,AL0006,2009-05-26,On Leave,LIC-136131,APT00081
CRW001406,Richard,Roberts,Flight Attendant,AL0015,1996-07-05,Active,LIC-743734,APT00152
CRW001407,Freya,Campbell,Purser,AL0018,2017-03-23,On Leave,LIC-568430,APT00118
CRW001408,Jonathan,White,First Officer,AL0018,2024-04-03,Inactive,LIC-207970,APT00030
CRW001409,Jason,Rossi,Captain,AL0014,2011-12-26,Inactive,LIC-210492,APT00098
CRW001410,Charles,Hernandez,Captain,AL0014,2007-06-09,Inactive,LIC-982619,APT00050
CRW001411,Paul,Ali,Flight Attendant,AL0020,2014-12-25,Active,LIC-127937,APT00232
CRW001412,Samuel,Oliveira,Flight Attendant,AL0014,2006-05-05,On Leave,LIC-120277,APT00201
CRW001413,Jerry,Rivera,Purser,AL0003,2006-04-21,Active,LIC-115041,APT00079
CRW001414,Ivan,Rodriguez,Purser,AL0011,2018-11-11,Active,LIC-665659,APT00059
CRW001415,Timothy,Hall,First Officer,AL0008,2013-07-25,Active,LIC-933754,APT00034
CRW001416,Jason,Nelson,Flight Attendant,AL0013,2003-04-18,On Leave,LIC-254579,APT00185
CRW001417,Karen,Hall,Purser,AL0013,2007-10-20,Inactive,LIC-816174,APT00230
CRW001418,Elizabeth,Perez,Flight Attendant,AL0006,2021-03-23,On Leave,LIC-747331,APT00069
CRW001419,Edward,Kim,Captain,AL0006,2011-08-12,Inactive,LIC-306798,APT00160
CRW001420,Helen,Perez,Flight Attendant,AL0002,1997-05-22,Inactive,LIC-163365,APT00059
CRW001421,Richard,Hall,Captain,AL0006,2021-12-04,Active,LIC-539119,APT00230
CRW001422,Deborah,Mitchell,Purser,AL0017,2018-04-09,Inactive,LIC-172990,APT00075
CRW001423,Scott,Patel,Purser,AL0014,2003-05-21,Inactive,LIC-202213,APT00025
CRW001424,Maria,Silva,Flight Attendant,AL0019,2025-05-05,Active,LIC-519662,APT00221
CRW001425,Sofia,Suzuki,Flight Attendant,AL0019,2024-11-26,On Leave,LIC-834092,APT00237
CRW001426,Kenneth,Dubois,First Officer,AL0018,2026-04-14,On Leave,LIC-994607,APT00100
CRW001427,Melissa,Silva,Purser,AL0004,2006-11-14,On Leave,LIC-665056,APT00227
CRW001428,Hiro,Tanaka,Flight Attendant,AL0007,2024-01-09,Inactive,LIC-348864,APT00061
CRW001429,Katherine,Martin,Purser,AL0002,2020-05-02,Active,LIC-395465,APT00068
CRW001430,Steven,White,Captain,AL0002,2022-05-10,Active,LIC-651274,APT00135
CRW001431,Samuel,Nelson,First Officer,AL0005,2012-03-09,Active,LIC-255891,APT00151
CRW001432,Charles,Nguyen,Flight Attendant,AL0006,2003-10-06,Active,LIC-566738,APT00097
CRW001433,Rebecca,Khan,First Officer,AL0001,2002-02-15,Inactive,LIC-792022,APT00200
CRW001434,Andrew,Smith,Flight Attendant,AL0017,2025-05-15,On Leave,LIC-857906,APT00198
CRW001435,Freya,Lopez,Captain,AL0011,2010-10-14,Active,LIC-153219,APT00031
CRW001436,Robert,Muller,Flight Attendant,AL0014,2024-02-25,On Leave,LIC-359730,APT00248
CRW001437,Chen,Andersson,First Officer,AL0014,2012-06-05,Active,LIC-329325,APT00040
CRW001438,Dorothy,Harris,Flight Attendant,AL0020,2011-10-15,Active,LIC-599449,APT00132
CRW001439,Robert,Harris,Flight Attendant,AL0003,1997-04-20,On Leave,LIC-266782,APT00106
CRW001440,Emma,Hall,Purser,AL0007,2007-08-19,Active,LIC-955560,APT00113
CRW001441,Samantha,Hill,Captain,AL0007,2012-06-21,On Leave,LIC-925381,APT00033
CRW001442,Sarah,Wilson,Captain,AL0012,1998-06-07,Active,LIC-399326,APT00086
CRW001443,Robert,Green,Purser,AL0011,2000-02-03,Active,LIC-466386,APT00008
CRW001444,Susan,Andersson,Captain,AL0016,2013-07-22,Active,LIC-495464,APT00244
CRW001445,Deborah,Ivanov,Flight Attendant,AL0012,2002-10-18,On Leave,LIC-138368,APT00036
CRW001446,Jessica,Andersson,Flight Attendant,AL0005,2017-01-03,Inactive,LIC-899931,APT00121
CRW001447,Frank,Patel,Flight Attendant,AL0012,2009-06-19,Active,LIC-801432,APT00055
CRW001448,Elizabeth,Suzuki,Flight Attendant,AL0020,2007-09-10,Inactive,LIC-399248,APT00045
CRW001449,Jack,Martin,Flight Attendant,AL0012,1998-09-08,Inactive,LIC-592694,APT00098
CRW001450,Hiro,Brown,First Officer,AL0012,2007-10-04,Active,LIC-442606,APT00243
CRW001451,Gregory,Martinez,Purser,AL0004,2012-01-13,Active,LIC-305369,APT00120
CRW001452,Diego,Diaz,First Officer,AL0001,2013-01-04,Active,LIC-373706,APT00241
CRW001453,Sofia,Patel,Flight Attendant,AL0005,2003-06-28,On Leave,LIC-196380,APT00207
CRW001454,Jennifer,Martin,Purser,AL0001,1995-11-15,On Leave,LIC-828577,APT00109
CRW001455,Michelle,Novak,Purser,AL0010,2024-05-14,On Leave,LIC-689304,APT00226
CRW001456,Carolyn,Harris,Flight Attendant,AL0018,2025-02-03,On Leave,LIC-937347,APT00088
CRW001457,Kenneth,Mitchell,Purser,AL0009,2023-05-28,Active,LIC-105910,APT00126
CRW001458,Raymond,Martin,Purser,AL0013,2004-02-09,Active,LIC-667988,APT00171
CRW001459,Patrick,Davis,First Officer,AL0018,2013-12-06,Inactive,LIC-604354,APT00148
CRW001460,Freya,Perez,Captain,AL0016,1999-06-05,Active,LIC-661266,APT00208
CRW001461,Donna,Jackson,Captain,AL0014,2023-06-14,Inactive,LIC-990736,APT00041
CRW001462,Michelle,Hall,Purser,AL0016,1995-03-04,Active,LIC-451002,APT00125
CRW001463,John,Johnson,Flight Attendant,AL0006,2009-10-14,Inactive,LIC-226929,APT00167
CRW001464,Paul,Martin,First Officer,AL0009,2021-12-02,On Leave,LIC-111235,APT00083
CRW001465,Dorothy,Rivera,Flight Attendant,AL0008,2017-10-17,On Leave,LIC-542813,APT00217
CRW001466,Jason,Young,First Officer,AL0016,2022-02-13,On Leave,LIC-256543,APT00076
CRW001467,Ronald,Kim,First Officer,AL0009,2010-08-05,Inactive,LIC-226997,APT00076
CRW001468,Chen,Chen,Captain,AL0019,1997-12-29,Active,LIC-232694,APT00082
CRW001469,Patrick,Pereira,Flight Attendant,AL0004,1995-03-31,Active,LIC-349275,APT00170
CRW001470,Debra,Johansson,Flight Attendant,AL0004,1999-10-13,Inactive,LIC-204293,APT00030
CRW001471,James,Jackson,Purser,AL0015,1996-10-22,Active,LIC-537317,APT00036
CRW001472,Jeffrey,Kumar,Flight Attendant,AL0016,2009-01-26,On Leave,LIC-688641,APT00195
CRW001473,Debra,Kim,Purser,AL0014,1996-08-03,Active,LIC-360389,APT00052
CRW001474,Sandra,Mitchell,First Officer,AL0007,2000-10-31,Inactive,LIC-222713,APT00027
CRW001475,Ronald,Silva,Flight Attendant,AL0001,2008-03-05,Inactive,LIC-615182,APT00066
CRW001476,Debra,Lopez,Flight Attendant,AL0007,2018-02-12,Active,LIC-177070,APT00100
CRW001477,Catherine,Walker,Captain,AL0010,2016-03-07,Active,LIC-763830,APT00009
CRW001478,Chen,Andersson,Purser,AL0009,1996-10-28,Active,LIC-444322,APT00209
CRW001479,Stephanie,Watanabe,Purser,AL0019,2023-05-19,Active,LIC-468958,APT00030
CRW001480,Melissa,Williams,Flight Attendant,AL0018,2012-04-08,Inactive,LIC-324120,APT00102
CRW001481,Amanda,Nguyen,First Officer,AL0016,2005-12-17,Active,LIC-354546,APT00051
CRW001482,Benjamin,Perez,Flight Attendant,AL0001,2007-01-10,Inactive,LIC-231274,APT00074
CRW001483,Ronald,Wilson,Flight Attendant,AL0003,2021-08-27,On Leave,LIC-602205,APT00012
CRW001484,Timothy,Jones,Captain,AL0009,2009-08-10,Inactive,LIC-231514,APT00238
CRW001485,Christopher,Baker,Purser,AL0013,2002-09-21,On Leave,LIC-712489,APT00235
CRW001486,Laura,Wang,Flight Attendant,AL0014,2008-05-06,Inactive,LIC-330584,APT00032
CRW001487,Mark,Nelson,First Officer,AL0006,1997-02-24,Active,LIC-608892,APT00050
CRW001488,Gary,Robinson,Flight Attendant,AL0003,1999-10-24,Active,LIC-583164,APT00222
CRW001489,Ahmed,Rossi,Flight Attendant,AL0007,2004-11-18,Active,LIC-670076,APT00104
CRW001490,Janet,Chen,Flight Attendant,AL0016,2001-12-02,Active,LIC-782285,APT00016
CRW001491,Laura,Yamamoto,Captain,AL0020,2005-12-22,Active,LIC-604537,APT00034
CRW001492,Dmitri,Ramirez,Purser,AL0019,1997-01-13,Active,LIC-867498,APT00104
CRW001493,Dmitri,Martin,Purser,AL0012,2014-03-02,Inactive,LIC-333103,APT00140
CRW001494,Rebecca,Torres,Purser,AL0002,1998-08-15,Inactive,LIC-776275,APT00158
CRW001495,Carolyn,Green,Flight Attendant,AL0020,2001-10-25,On Leave,LIC-408670,APT00039
CRW001496,Michelle,Torres,Captain,AL0004,2025-09-21,Active,LIC-665391,APT00093
CRW001497,Fatima,Johansson,Flight Attendant,AL0006,1995-03-09,Active,LIC-542797,APT00066
CRW001498,Brian,Brown,Flight Attendant,AL0020,2003-10-16,On Leave,LIC-916861,APT00134
CRW001499,Donald,Nelson,Flight Attendant,AL0011,2010-09-18,Active,LIC-344088,APT00081
CRW001500,Thomas,Wright,Flight Attendant,AL0004,2004-08-24,Inactive,LIC-567762,APT00052
CRW001501,Wei,Taylor,Flight Attendant,AL0011,2005-01-26,Inactive,LIC-248033,APT00204
CRW001502,Kimberly,Patel,Purser,AL0002,1998-12-29,Inactive,LIC-670020,APT00143
CRW001503,Maria,Costa,Flight Attendant,AL0007,2008-04-20,Active,LIC-133207,APT00119
CRW001504,David,Baker,Flight Attendant,AL0020,2018-09-22,Inactive,LIC-470458,APT00034
CRW001505,Jacob,Miller,Captain,AL0006,2013-06-21,On Leave,LIC-108908,APT00018
CRW001506,Stephanie,Miller,Captain,AL0018,2024-01-13,Active,LIC-394645,APT00200
CRW001507,Edward,King,Flight Attendant,AL0011,2016-12-25,Active,LIC-535642,APT00243
CRW001508,Christopher,Wang,First Officer,AL0014,2019-10-24,Active,LIC-398540,APT00146
CRW001509,William,Sanchez,Purser,AL0015,2008-07-24,Active,LIC-447324,APT00010
CRW001510,Michelle,Harris,Flight Attendant,AL0012,2014-03-31,Inactive,LIC-233485,APT00121
CRW001511,Jeffrey,Novak,Flight Attendant,AL0001,2013-03-01,Active,LIC-743160,APT00071
CRW001512,Catherine,Johnson,Flight Attendant,AL0019,2020-07-19,Active,LIC-816937,APT00014
CRW001513,Sharon,Miller,Flight Attendant,AL0010,2010-09-28,Inactive,LIC-509266,APT00036
CRW001514,Sandra,Gonzalez,Flight Attendant,AL0014,2007-09-13,Active,LIC-149831,APT00125
CRW001515,Ashley,Fernandez,Flight Attendant,AL0012,1997-03-14,Inactive,LIC-156161,APT00107
CRW001516,Brenda,Flores,Flight Attendant,AL0014,2022-01-01,Inactive,LIC-707216,APT00141
CRW001517,Edward,Gonzalez,Flight Attendant,AL0008,2008-09-06,Active,LIC-936029,APT00174
CRW001518,Olga,Harris,Flight Attendant,AL0017,2020-02-02,On Leave,LIC-878013,APT00067
CRW001519,Edward,Pereira,Flight Attendant,AL0005,2016-04-21,On Leave,LIC-464942,APT00072
CRW001520,Jonathan,Kumar,Flight Attendant,AL0014,1995-01-20,Active,LIC-547685,APT00170
CRW001521,Linda,Moore,Flight Attendant,AL0012,2015-06-19,On Leave,LIC-246780,APT00050
CRW001522,Lisa,Martin,Captain,AL0011,2010-04-29,Active,LIC-163180,APT00020
CRW001523,Chen,Garcia,Flight Attendant,AL0001,2002-07-14,Active,LIC-789202,APT00214
CRW001524,Michelle,Rossi,Flight Attendant,AL0008,2003-04-25,Active,LIC-485575,APT00053
CRW001525,Ronald,Hernandez,Flight Attendant,AL0001,2015-01-16,Active,LIC-547184,APT00031
CRW001526,Stephen,Thompson,Flight Attendant,AL0011,1997-09-16,Inactive,LIC-408903,APT00185
CRW001527,Michael,Ramirez,Flight Attendant,AL0014,2014-01-18,Inactive,LIC-381840,APT00133
CRW001528,Jacob,Roberts,First Officer,AL0011,2021-08-02,On Leave,LIC-986984,APT00037
CRW001529,Michelle,Carter,First Officer,AL0016,1997-09-23,Active,LIC-834590,APT00213
CRW001530,Sarah,Silva,First Officer,AL0008,1995-04-02,Active,LIC-722137,APT00062
CRW001531,Ronald,White,First Officer,AL0007,1996-11-26,Active,LIC-450238,APT00170
CRW001532,Rebecca,Walker,First Officer,AL0009,2017-12-09,Active,LIC-749223,APT00163
CRW001533,Daniel,Young,Purser,AL0005,2021-08-20,Active,LIC-405301,APT00208
CRW001534,Shirley,Brown,First Officer,AL0017,2026-01-17,Inactive,LIC-564243,APT00183
CRW001535,Rachel,Muller,Captain,AL0017,1995-11-27,On Leave,LIC-230524,APT00176
CRW001536,Steven,Nelson,Flight Attendant,AL0009,2010-02-22,Inactive,LIC-738472,APT00013
CRW001537,Ana,Hill,Flight Attendant,AL0016,1996-07-06,Inactive,LIC-154440,APT00235
CRW001538,Brenda,Diaz,Captain,AL0001,2006-08-30,Active,LIC-750313,APT00032
CRW001539,Patrick,Anderson,Flight Attendant,AL0004,2004-09-03,Active,LIC-643315,APT00064
CRW001540,William,Pereira,Flight Attendant,AL0006,2014-01-12,On Leave,LIC-159722,APT00112
CRW001541,Patrick,Singh,Flight Attendant,AL0008,2023-07-23,Active,LIC-555489,APT00073
CRW001542,Kenneth,Moore,Captain,AL0005,2020-04-12,Active,LIC-300345,APT00149
CRW001543,Christine,Singh,Flight Attendant,AL0011,1996-12-31,On Leave,LIC-528519,APT00014
CRW001544,Dennis,Schmidt,Captain,AL0016,2002-07-19,Active,LIC-111670,APT00114
CRW001545,Donald,Lewis,First Officer,AL0010,2003-08-21,Inactive,LIC-749630,APT00088
CRW001546,Ashley,Ramirez,First Officer,AL0009,2002-11-16,Active,LIC-558826,APT00162
CRW001547,Linda,Johansson,Flight Attendant,AL0002,2006-02-05,Active,LIC-426053,APT00130
CRW001548,Larry,Gonzalez,First Officer,AL0006,2014-01-28,Active,LIC-888218,APT00189
CRW001549,Patrick,Johnson,Flight Attendant,AL0017,2018-03-27,Inactive,LIC-680438,APT00042
CRW001550,Deborah,Wang,Flight Attendant,AL0017,2024-07-12,Active,LIC-648598,APT00238
CRW001551,Karen,Yamamoto,Flight Attendant,AL0003,2017-01-31,Active,LIC-232410,APT00099
CRW001552,Emily,Green,First Officer,AL0001,2004-05-17,Active,LIC-550186,APT00088
CRW001553,Timothy,Hernandez,Captain,AL0017,2000-10-13,Inactive,LIC-730555,APT00138
CRW001554,Ivan,Baker,First Officer,AL0004,2006-11-02,Active,LIC-933368,APT00041
CRW001555,Joseph,Lee,Flight Attendant,AL0012,2020-02-15,Active,LIC-643823,APT00204
CRW001556,Michelle,Johansson,First Officer,AL0017,2026-03-17,Active,LIC-254996,APT00067
CRW001557,Scott,Carter,Flight Attendant,AL0016,2007-04-29,On Leave,LIC-710169,APT00232
CRW001558,Mark,Clark,Purser,AL0012,2000-07-15,Active,LIC-167143,APT00038
CRW001559,Ahmed,Roberts,Flight Attendant,AL0008,1995-02-26,Active,LIC-381640,APT00217
CRW001560,Ivan,Wang,Flight Attendant,AL0016,1997-06-02,On Leave,LIC-925574,APT00099
CRW001561,Amanda,Singh,Flight Attendant,AL0014,2015-01-04,Inactive,LIC-821610,APT00152
CRW001562,Rachel,Robinson,Flight Attendant,AL0017,2013-07-12,Active,LIC-912502,APT00219
CRW001563,Alexander,Rivera,Flight Attendant,AL0011,2015-03-19,Active,LIC-417185,APT00033
CRW001564,Samantha,Brown,Purser,AL0019,1995-10-06,Active,LIC-714674,APT00087
CRW001565,Daniel,Allen,Flight Attendant,AL0016,2008-09-23,Active,LIC-730022,APT00238
CRW001566,Jennifer,Walker,Flight Attendant,AL0002,2000-09-01,Inactive,LIC-321380,APT00038
CRW001567,Michelle,Nelson,Flight Attendant,AL0006,2005-07-28,Active,LIC-948346,APT00026
CRW001568,Jessica,Oliveira,Purser,AL0016,2014-07-19,Active,LIC-972786,APT00131
CRW001569,Kimberly,Oliveira,Purser,AL0003,2003-08-30,Active,LIC-199311,APT00007
CRW001570,Scott,Hill,Flight Attendant,AL0015,2015-09-20,Inactive,LIC-788810,APT00248
CRW001571,Stephen,Patel,Flight Attendant,AL0007,2004-02-01,Active,LIC-502922,APT00226
CRW001572,Margaret,Rodriguez,Flight Attendant,AL0005,2011-01-14,On Leave,LIC-706504,APT00048
CRW001573,John,Hill,Captain,AL0011,2009-06-04,On Leave,LIC-598966,APT00044
CRW001574,Betty,Kumar,First Officer,AL0019,2007-01-21,On Leave,LIC-300619,APT00195
CRW001575,Jason,Singh,Purser,AL0018,1998-12-17,Active,LIC-186366,APT00131
CRW001576,Janet,Pereira,Flight Attendant,AL0009,2013-02-06,Active,LIC-561779,APT00206
CRW001577,Carol,Nguyen,Flight Attendant,AL0001,2026-02-08,Active,LIC-853496,APT00242
CRW001578,Paul,Yamamoto,Flight Attendant,AL0018,2015-03-19,Active,LIC-840317,APT00101
CRW001579,Eric,Fernandez,Captain,AL0018,2018-06-07,Active,LIC-347300,APT00064
CRW001580,William,Rivera,Purser,AL0013,2020-03-29,Inactive,LIC-874233,APT00155
CRW001581,Betty,Davis,Flight Attendant,AL0013,1996-03-14,Active,LIC-420344,APT00159
CRW001582,Robert,Walker,Flight Attendant,AL0011,2019-11-27,Inactive,LIC-605286,APT00109
CRW001583,Amy,Rossi,Captain,AL0001,2002-08-14,Active,LIC-391937,APT00075
CRW001584,Rebecca,Campbell,Flight Attendant,AL0004,2015-11-20,Active,LIC-570513,APT00066
CRW001585,Helen,Choi,Captain,AL0003,2025-11-28,Active,LIC-576455,APT00131
CRW001586,Justin,Andersson,First Officer,AL0019,2023-02-04,On Leave,LIC-727914,APT00107
CRW001587,Melissa,Garcia,Flight Attendant,AL0001,2008-01-08,Active,LIC-524679,APT00115
CRW001588,Hiro,Novak,Flight Attendant,AL0012,2021-04-30,Active,LIC-575423,APT00024
CRW001589,Liam,Lewis,Flight Attendant,AL0008,2014-06-08,Active,LIC-686210,APT00221
CRW001590,Susan,Andersson,Flight Attendant,AL0001,1999-03-09,Inactive,LIC-475912,APT00177
CRW001591,Liam,Green,Flight Attendant,AL0019,2002-07-15,Active,LIC-571959,APT00230
CRW001592,Lisa,Torres,Flight Attendant,AL0001,2025-01-20,Inactive,LIC-176877,APT00208
CRW001593,Sandra,Garcia,Flight Attendant,AL0018,2023-10-03,Active,LIC-882838,APT00155
CRW001594,Amy,Martinez,Flight Attendant,AL0016,2023-01-06,Active,LIC-213444,APT00077
CRW001595,Patricia,Mitchell,First Officer,AL0016,2007-01-26,On Leave,LIC-885658,APT00164
CRW001596,Carol,Rivera,Flight Attendant,AL0004,2005-01-30,Inactive,LIC-784247,APT00142
CRW001597,Lisa,Hall,Purser,AL0018,2020-04-27,Active,LIC-952894,APT00231
CRW001598,Laura,Gonzalez,Flight Attendant,AL0012,1995-08-20,Inactive,LIC-122197,APT00059
CRW001599,Maria,Green,Flight Attendant,AL0009,2023-03-13,On Leave,LIC-295448,APT00007
CRW001600,Liam,Jones,Flight Attendant,AL0014,2013-12-22,On Leave,LIC-147074,APT00032
CRW001601,Margaret,Lopez,Flight Attendant,AL0007,2014-11-17,Active,LIC-475826,APT00044
CRW001602,Shirley,Flores,Captain,AL0006,2008-10-09,Active,LIC-914178,APT00166
CRW001603,Jeffrey,Roberts,First Officer,AL0006,2025-10-07,Active,LIC-789645,APT00037
CRW001604,Deborah,Chen,Purser,AL0012,2018-07-20,Inactive,LIC-733596,APT00034
CRW001605,Pamela,Fernandez,Purser,AL0013,1996-09-09,Active,LIC-863559,APT00100
CRW001606,Sven,Novak,Flight Attendant,AL0005,2011-06-25,On Leave,LIC-103791,APT00196
CRW001607,Timothy,Walker,Flight Attendant,AL0005,2022-01-03,On Leave,LIC-808896,APT00107
CRW001608,Linda,Dubois,Flight Attendant,AL0019,1997-05-27,Active,LIC-380838,APT00068
CRW001609,Ivan,Davis,Purser,AL0011,2018-02-24,Active,LIC-721836,APT00072
CRW001610,Noah,Novak,Captain,AL0018,2002-09-08,Inactive,LIC-786985,APT00205
CRW001611,Joshua,Walker,Flight Attendant,AL0007,2010-11-30,On Leave,LIC-717174,APT00109
CRW001612,Jacob,Schmidt,Flight Attendant,AL0006,2022-09-22,Active,LIC-475840,APT00093
CRW001613,Yuki,Pereira,Purser,AL0006,2010-06-20,Active,LIC-650431,APT00194
CRW001614,Jacob,Khan,Flight Attendant,AL0011,1996-03-08,Inactive,LIC-521917,APT00093
CRW001615,Laura,Park,Flight Attendant,AL0016,1995-08-27,On Leave,LIC-665483,APT00090
CRW001616,Liam,Smith,Flight Attendant,AL0011,2018-02-22,On Leave,LIC-512918,APT00188
CRW001617,Heather,Wilson,First Officer,AL0006,2024-03-31,On Leave,LIC-454649,APT00082
CRW001618,Jacob,Kim,Captain,AL0020,2004-03-04,Active,LIC-281920,APT00128
CRW001619,Karen,Baker,Flight Attendant,AL0012,2024-05-21,On Leave,LIC-448700,APT00167
CRW001620,Edward,Martinez,Flight Attendant,AL0008,2009-03-22,Inactive,LIC-749251,APT00051
CRW001621,Samantha,Ali,Captain,AL0001,1996-11-04,Active,LIC-883223,APT00033
CRW001622,Steven,Jones,Captain,AL0012,2011-09-07,Active,LIC-192705,APT00213
CRW001623,Nicholas,Diaz,Flight Attendant,AL0013,2025-08-04,On Leave,LIC-264516,APT00075
CRW001624,Emma,Gonzalez,First Officer,AL0019,2002-11-09,Active,LIC-556525,APT00086
CRW001625,David,Scott,First Officer,AL0005,2025-03-07,Inactive,LIC-732319,APT00148
CRW001626,Jonathan,Andersson,Flight Attendant,AL0004,2015-06-26,Active,LIC-252960,APT00026
CRW001627,Raymond,Adams,Purser,AL0020,2007-06-11,Active,LIC-392392,APT00012
CRW001628,Margaret,Muller,Flight Attendant,AL0012,2016-10-14,Active,LIC-141879,APT00105
CRW001629,Shirley,Khan,Flight Attendant,AL0001,2007-08-04,Inactive,LIC-147331,APT00243
CRW001630,Christine,Santos,Purser,AL0003,1997-09-03,On Leave,LIC-228919,APT00144
CRW001631,Jennifer,Nguyen,First Officer,AL0010,2022-05-11,Active,LIC-756255,APT00145
CRW001632,Nicole,Fernandez,Flight Attendant,AL0013,2006-09-30,Active,LIC-882400,APT00153
CRW001633,Ashley,Adams,Flight Attendant,AL0005,2012-10-10,Active,LIC-548966,APT00216
CRW001634,Melissa,Watanabe,Flight Attendant,AL0008,2018-05-21,Inactive,LIC-258532,APT00209
CRW001635,Nicole,Ivanov,Purser,AL0015,1997-08-09,On Leave,LIC-929290,APT00007
CRW001636,James,Hernandez,Captain,AL0020,2017-09-02,Inactive,LIC-350532,APT00136
CRW001637,John,Patel,Flight Attendant,AL0010,2006-06-23,Inactive,LIC-239221,APT00137
CRW001638,Rebecca,Suzuki,First Officer,AL0009,2012-02-10,On Leave,LIC-224285,APT00056
CRW001639,Diego,Hernandez,Flight Attendant,AL0008,2009-05-12,Active,LIC-417761,APT00244
CRW001640,James,Kowalski,Flight Attendant,AL0003,2019-06-07,Active,LIC-761989,APT00066
CRW001641,Jack,Rodriguez,First Officer,AL0002,2000-11-22,On Leave,LIC-457397,APT00209
CRW001642,William,Tanaka,Flight Attendant,AL0017,1998-05-20,On Leave,LIC-500903,APT00026
CRW001643,Ryan,Silva,Captain,AL0001,2007-11-29,Active,LIC-406248,APT00151
CRW001644,Stephanie,Gonzalez,Purser,AL0017,1998-09-18,Active,LIC-949270,APT00184
CRW001645,Jeffrey,Ivanov,Purser,AL0005,2002-08-17,Inactive,LIC-715241,APT00127
CRW001646,Elizabeth,Martinez,Flight Attendant,AL0014,2015-08-28,Inactive,LIC-697891,APT00027
CRW001647,Alexander,Rivera,Flight Attendant,AL0020,2020-09-21,Active,LIC-493855,APT00031
CRW001648,Dorothy,Park,Flight Attendant,AL0015,2016-10-13,Active,LIC-578249,APT00152
CRW001649,Patrick,Taylor,Purser,AL0015,2004-12-24,Active,LIC-896493,APT00216
CRW001650,Brandon,Wilson,Flight Attendant,AL0006,2020-08-03,Inactive,LIC-690967,APT00150
CRW001651,Eric,King,Captain,AL0012,2007-10-04,Active,LIC-832396,APT00026
CRW001652,Emily,Robinson,Flight Attendant,AL0013,2000-09-08,Active,LIC-136382,APT00197
CRW001653,Brandon,Brown,Captain,AL0009,2018-10-04,Active,LIC-873619,APT00115
CRW001654,Freya,Torres,Captain,AL0001,2011-03-27,Active,LIC-955593,APT00019
CRW001655,Liam,Lee,Flight Attendant,AL0019,2006-08-23,On Leave,LIC-701290,APT00092
CRW001656,Ivan,Martinez,Captain,AL0004,2015-10-06,Inactive,LIC-960785,APT00051
CRW001657,Anthony,Thompson,Flight Attendant,AL0020,2017-10-08,Inactive,LIC-610964,APT00247
CRW001658,Stephen,Johnson,Captain,AL0019,2002-01-10,Active,LIC-348525,APT00228
CRW001659,Melissa,Park,Captain,AL0001,1998-09-07,Active,LIC-645661,APT00027
CRW001660,Elena,Diaz,Flight Attendant,AL0015,2011-03-29,Inactive,LIC-665465,APT00144
CRW001661,Carlos,Robinson,First Officer,AL0013,1996-08-14,Active,LIC-230155,APT00002
CRW001662,Hiro,Suzuki,Flight Attendant,AL0005,2015-01-22,Inactive,LIC-281723,APT00115
CRW001663,Karen,Torres,Purser,AL0017,2008-10-25,Active,LIC-362260,APT00039
CRW001664,Joshua,Yamamoto,Flight Attendant,AL0003,2001-09-26,Active,LIC-592724,APT00187
CRW001665,Christine,Wilson,Flight Attendant,AL0005,2013-10-21,Active,LIC-233193,APT00019
CRW001666,Rachel,Thompson,Captain,AL0019,2006-10-19,Active,LIC-793709,APT00226
CRW001667,Kevin,Muller,First Officer,AL0015,2007-03-16,Active,LIC-198524,APT00058
CRW001668,Thomas,Moore,Flight Attendant,AL0003,2001-10-18,Active,LIC-945838,APT00066
CRW001669,Thomas,Andersson,Flight Attendant,AL0003,2016-03-29,Active,LIC-708221,APT00222
CRW001670,Samuel,Wright,First Officer,AL0006,2023-05-15,Inactive,LIC-405294,APT00226
CRW001671,Jason,Allen,First Officer,AL0002,2014-06-09,Active,LIC-435284,APT00024
CRW001672,Ryan,Torres,Purser,AL0004,2002-06-10,Inactive,LIC-724154,APT00028
CRW001673,Maria,Silva,First Officer,AL0012,2021-03-08,Active,LIC-179909,APT00214
CRW001674,John,Smith,First Officer,AL0001,1998-10-18,Active,LIC-744783,APT00245
CRW001675,Alexander,Schmidt,Captain,AL0006,2004-02-08,Active,LIC-596952,APT00123
CRW001676,Steven,Dubois,Flight Attendant,AL0007,1996-02-08,On Leave,LIC-299033,APT00042
CRW001677,Noah,Andersson,Flight Attendant,AL0020,2021-08-27,Active,LIC-907561,APT00039
CRW001678,Carlos,Diaz,Captain,AL0020,1996-05-30,Active,LIC-666128,APT00067
CRW001679,Jacob,Dubois,Flight Attendant,AL0017,2012-02-29,Inactive,LIC-247293,APT00172
CRW001680,Emily,Nelson,Flight Attendant,AL0007,2001-01-07,On Leave,LIC-689878,APT00025
CRW001681,Betty,Nguyen,Flight Attendant,AL0011,2001-09-01,Active,LIC-470111,APT00161
CRW001682,Nancy,Young,Flight Attendant,AL0011,2014-02-09,Inactive,LIC-787667,APT00201
CRW001683,Freya,Johansson,Flight Attendant,AL0018,2020-04-02,On Leave,LIC-542902,APT00036
CRW001684,Daniel,Young,Flight Attendant,AL0015,1995-07-22,Inactive,LIC-999951,APT00247
CRW001685,Rebecca,Rivera,Captain,AL0019,1999-12-26,On Leave,LIC-934591,APT00247
CRW001686,Laura,Davis,Captain,AL0012,2004-01-04,Active,LIC-136209,APT00075
CRW001687,Samantha,Sanchez,Flight Attendant,AL0019,2024-08-23,Active,LIC-469867,APT00029
CRW001688,Wei,Perez,Flight Attendant,AL0015,1996-10-29,Active,LIC-282074,APT00082
CRW001689,Eric,Wright,Purser,AL0015,2000-08-10,On Leave,LIC-505223,APT00065
CRW001690,Alexander,Green,Flight Attendant,AL0014,2007-09-06,Active,LIC-230570,APT00070
CRW001691,Jonathan,Ali,First Officer,AL0007,2005-03-25,On Leave,LIC-582100,APT00232
CRW001692,Edward,Wright,Purser,AL0013,1996-07-11,Active,LIC-238990,APT00039
CRW001693,Charles,Gonzalez,Flight Attendant,AL0008,2011-12-21,Active,LIC-660828,APT00080
CRW001694,Margaret,Baker,Flight Attendant,AL0013,2014-02-01,Active,LIC-508823,APT00197
CRW001695,Stephanie,Jones,Captain,AL0006,2000-07-23,Active,LIC-993715,APT00015
CRW001696,Jennifer,Kowalski,Flight Attendant,AL0016,2016-08-17,Inactive,LIC-890682,APT00016
CRW001697,Emily,Rossi,Flight Attendant,AL0012,1996-10-13,Active,LIC-640194,APT00076
CRW001698,Sharon,Jackson,Purser,AL0015,2017-12-23,Active,LIC-503850,APT00242
CRW001699,Jeffrey,Perez,Purser,AL0005,2003-02-21,Active,LIC-744286,APT00210
CRW001700,Maria,Williams,Flight Attendant,AL0016,2002-01-18,Active,LIC-701631,APT00232
CRW001701,Elena,Robinson,Flight Attendant,AL0017,2001-03-03,Inactive,LIC-225400,APT00216
CRW001702,Debra,Brown,Purser,AL0003,2022-04-15,On Leave,LIC-438848,APT00030
CRW001703,Elizabeth,Choi,Captain,AL0008,2010-10-10,Active,LIC-992957,APT00101
CRW001704,Deborah,Hernandez,Captain,AL0014,2016-09-08,Active,LIC-387696,APT00133
CRW001705,Debra,Chen,Flight Attendant,AL0018,2001-05-29,Active,LIC-111926,APT00042
CRW001706,Anna,Rivera,Flight Attendant,AL0015,1996-10-12,Active,LIC-850810,APT00249
CRW001707,Jason,Jackson,Flight Attendant,AL0010,1996-03-14,On Leave,LIC-939556,APT00151
CRW001708,Edward,Costa,Captain,AL0006,2008-11-05,Inactive,LIC-689992,APT00214
CRW001709,Timothy,Rodriguez,First Officer,AL0019,2005-04-03,Active,LIC-671491,APT00065
CRW001710,Helen,Suzuki,Purser,AL0018,2019-02-14,Active,LIC-415805,APT00179
CRW001711,Nancy,Muller,First Officer,AL0018,2019-10-08,Active,LIC-423450,APT00027
CRW001712,Gary,Kim,Purser,AL0007,2004-10-07,Active,LIC-922743,APT00006
CRW001713,Matthew,Suzuki,Flight Attendant,AL0009,2008-08-15,Active,LIC-872251,APT00161
CRW001714,Samantha,Allen,First Officer,AL0005,2006-12-27,Active,LIC-548659,APT00018
CRW001715,Yuki,Thompson,Captain,AL0020,2016-03-17,Active,LIC-381797,APT00070
CRW001716,Jacob,Gonzalez,Purser,AL0018,2014-10-12,Active,LIC-269447,APT00199
CRW001717,George,Park,Flight Attendant,AL0004,2015-06-16,Active,LIC-109810,APT00125
CRW001718,Sofia,Allen,Flight Attendant,AL0005,1996-09-28,Active,LIC-534899,APT00095
CRW001719,Emma,Johansson,First Officer,AL0012,2005-08-13,Active,LIC-598473,APT00073
CRW001720,Stephanie,Clark,First Officer,AL0009,2025-05-18,Active,LIC-707228,APT00168
CRW001721,Patricia,Oliveira,Flight Attendant,AL0010,2005-09-27,Active,LIC-824587,APT00239
CRW001722,Mary,Tanaka,First Officer,AL0008,2000-06-25,Active,LIC-430400,APT00185
CRW001723,Anthony,Harris,Flight Attendant,AL0014,2001-04-09,Active,LIC-250119,APT00090
CRW001724,Mark,Hill,Flight Attendant,AL0018,1995-11-03,Inactive,LIC-859405,APT00106
CRW001725,Gregory,Silva,Captain,AL0019,2019-07-13,Inactive,LIC-786214,APT00026
CRW001726,Jacob,Jackson,Flight Attendant,AL0010,1995-03-03,Active,LIC-579829,APT00036
CRW001727,Freya,Johnson,Captain,AL0017,2013-09-23,Active,LIC-135253,APT00068
CRW001728,Nicholas,White,Purser,AL0014,2007-07-21,Active,LIC-520987,APT00097
CRW001729,Olga,Mitchell,Flight Attendant,AL0004,1997-12-22,On Leave,LIC-657356,APT00248
CRW001730,Eric,Hernandez,First Officer,AL0016,2022-10-12,Active,LIC-872839,APT00218
CRW001731,Kevin,Clark,First Officer,AL0008,2018-04-24,On Leave,LIC-557365,APT00029
CRW001732,Christine,Park,Captain,AL0013,2020-10-02,Inactive,LIC-516625,APT00083
CRW001733,Rebecca,Miller,Flight Attendant,AL0015,2024-06-05,Active,LIC-441979,APT00015
CRW001734,Steven,Jones,Captain,AL0019,2023-08-27,Active,LIC-472968,APT00016
CRW001735,Jeffrey,King,Purser,AL0019,2017-01-04,Active,LIC-114734,APT00094
CRW001736,Emma,Johnson,Purser,AL0017,2011-10-09,Inactive,LIC-193344,APT00240
CRW001737,Amanda,Williams,Flight Attendant,AL0011,2016-11-24,Active,LIC-780632,APT00047
CRW001738,Frank,Anderson,Flight Attendant,AL0009,2009-02-05,Active,LIC-426242,APT00171
CRW001739,Dmitri,Rodriguez,Flight Attendant,AL0009,2000-09-11,On Leave,LIC-865732,APT00099
CRW001740,Deborah,Costa,Flight Attendant,AL0020,2007-02-14,Inactive,LIC-457343,APT00136
CRW001741,Kimberly,Martinez,Flight Attendant,AL0005,2009-09-01,Active,LIC-997169,APT00218
CRW001742,Timothy,Adams,Purser,AL0011,1996-06-16,Active,LIC-262559,APT00208
CRW001743,Priya,Khan,Captain,AL0014,2021-08-16,Inactive,LIC-269259,APT00208
CRW001744,Nancy,Kim,Flight Attendant,AL0001,2023-07-29,Active,LIC-629040,APT00103
CRW001745,Elena,Chen,Purser,AL0013,2008-03-12,Inactive,LIC-822400,APT00013
CRW001746,Deborah,Lewis,Purser,AL0006,2010-08-03,Active,LIC-229457,APT00247
CRW001747,Priya,Watanabe,Captain,AL0006,2021-06-03,Active,LIC-552578,APT00249
CRW001748,Jack,Garcia,First Officer,AL0013,2009-04-18,Active,LIC-301320,APT00215
CRW001749,Jack,Rodriguez,Flight Attendant,AL0001,2016-08-14,On Leave,LIC-763459,APT00120
CRW001750,Ivan,Novak,Purser,AL0004,2011-03-09,On Leave,LIC-604982,APT00071
CRW001751,Daniel,Garcia,Flight Attendant,AL0010,2003-07-09,Active,LIC-688820,APT00044
CRW001752,Anna,Thomas,First Officer,AL0012,2019-12-13,On Leave,LIC-342084,APT00093
CRW001753,Barbara,Wilson,Captain,AL0003,2001-01-20,Inactive,LIC-359976,APT00084
CRW001754,Kimberly,Williams,Flight Attendant,AL0008,2002-01-19,On Leave,LIC-675700,APT00069
CRW001755,Robert,Martinez,Purser,AL0007,2016-09-20,On Leave,LIC-417633,APT00238
CRW001756,Samantha,Rivera,Purser,AL0011,2017-04-21,Active,LIC-721461,APT00165
CRW001757,Larry,Chen,First Officer,AL0007,2024-12-26,On Leave,LIC-238577,APT00056
CRW001758,Raymond,Miller,Flight Attendant,AL0001,2017-05-01,On Leave,LIC-371161,APT00160
CRW001759,Nancy,Santos,Flight Attendant,AL0011,1995-10-11,Active,LIC-191508,APT00177
CRW001760,Donna,Davis,Purser,AL0017,2021-09-09,Active,LIC-178648,APT00131
CRW001761,Samantha,Singh,Flight Attendant,AL0012,2008-01-02,Inactive,LIC-336187,APT00237
CRW001762,Heather,Costa,Flight Attendant,AL0008,1995-04-10,Inactive,LIC-540506,APT00242
CRW001763,Ahmed,Adams,First Officer,AL0010,2013-03-11,Active,LIC-229981,APT00109
CRW001764,William,Flores,Flight Attendant,AL0003,2000-05-09,On Leave,LIC-183608,APT00119
CRW001765,Timothy,Rodriguez,Flight Attendant,AL0005,2008-01-26,Active,LIC-889555,APT00055
CRW001766,Mary,Martin,Purser,AL0009,2009-10-19,Active,LIC-563711,APT00196
CRW001767,Jerry,Novak,Captain,AL0012,1997-05-01,Active,LIC-744016,APT00233
CRW001768,Joseph,Ramirez,Captain,AL0010,2021-09-20,Inactive,LIC-753595,APT00165
CRW001769,Jerry,Williams,Flight Attendant,AL0020,2011-01-13,Active,LIC-191440,APT00051
CRW001770,Charles,Ivanov,Flight Attendant,AL0013,2025-04-27,Active,LIC-658296,APT00130
CRW001771,Mary,Singh,Captain,AL0001,2009-08-09,On Leave,LIC-874608,APT00199
CRW001772,Fatima,Garcia,Flight Attendant,AL0011,2013-09-09,Active,LIC-503440,APT00011
CRW001773,Edward,Jones,Purser,AL0012,2020-07-09,Inactive,LIC-875813,APT00148
CRW001774,Ronald,Martinez,First Officer,AL0001,2001-08-31,Active,LIC-951271,APT00165
CRW001775,Nicole,Jones,Flight Attendant,AL0008,2023-07-23,Inactive,LIC-591769,APT00135
CRW001776,Steven,Roberts,Flight Attendant,AL0018,2000-10-19,On Leave,LIC-191572,APT00161
CRW001777,Samuel,Hernandez,First Officer,AL0008,2026-04-16,Inactive,LIC-655715,APT00224
CRW001778,Stephanie,Carter,Captain,AL0010,2015-02-02,Active,LIC-892000,APT00032
CRW001779,Steven,Anderson,Purser,AL0005,2011-04-19,Active,LIC-621384,APT00143
CRW001780,Melissa,Pereira,First Officer,AL0002,2001-08-07,Active,LIC-820115,APT00199
CRW001781,James,Ivanov,Flight Attendant,AL0007,2012-11-17,Inactive,LIC-581822,APT00206
CRW001782,Andrew,Robinson,Flight Attendant,AL0016,2012-05-17,Inactive,LIC-477764,APT00117
CRW001783,Stephen,Wright,Captain,AL0020,2025-11-27,Active,LIC-951019,APT00250
CRW001784,Thomas,Garcia,Purser,AL0014,2021-03-24,Active,LIC-237580,APT00082
CRW001785,Joseph,Jones,Flight Attendant,AL0017,2010-03-04,On Leave,LIC-502846,APT00111
CRW001786,Brandon,Baker,Purser,AL0013,2007-04-01,On Leave,LIC-240279,APT00206
CRW001787,Stephanie,Johnson,Flight Attendant,AL0014,2007-02-28,Active,LIC-689243,APT00110
CRW001788,Thomas,Patel,First Officer,AL0009,2006-11-21,Active,LIC-929624,APT00086
CRW001789,Rachel,Walker,First Officer,AL0002,1995-06-05,Inactive,LIC-998006,APT00139
CRW001790,Janet,Lopez,Captain,AL0009,1996-02-19,Active,LIC-310333,APT00156
CRW001791,Robert,Nelson,Captain,AL0018,2018-08-10,On Leave,LIC-754848,APT00243
CRW001792,Matthew,Hall,Captain,AL0011,2002-12-25,Inactive,LIC-886703,APT00155
CRW001793,Brian,Muller,Flight Attendant,AL0016,2007-12-03,Active,LIC-850346,APT00047
CRW001794,Debra,Thomas,Captain,AL0002,2016-12-07,Active,LIC-552965,APT00014
CRW001795,William,Baker,Flight Attendant,AL0005,2014-02-01,Inactive,LIC-257031,APT00242
CRW001796,Dennis,Kowalski,Flight Attendant,AL0006,2006-04-28,On Leave,LIC-515560,APT00106
CRW001797,Joshua,Perez,Flight Attendant,AL0008,2018-08-22,Inactive,LIC-798412,APT00051
CRW001798,Jessica,Johansson,Flight Attendant,AL0020,1999-12-22,On Leave,LIC-657559,APT00056
CRW001799,Yuki,Ali,Captain,AL0010,2009-11-06,Inactive,LIC-449441,APT00027
CRW001800,David,Wright,Purser,AL0014,1998-04-28,Inactive,LIC-293534,APT00050
CRW001801,Jessica,Suzuki,Flight Attendant,AL0013,2011-09-14,Active,LIC-686674,APT00196
CRW001802,Diego,Pereira,Purser,AL0009,1997-12-26,Active,LIC-485533,APT00164
CRW001803,Gary,Jackson,Flight Attendant,AL0020,2024-07-31,Active,LIC-524878,APT00150
CRW001804,Sharon,Fernandez,Flight Attendant,AL0005,2015-09-16,On Leave,LIC-944635,APT00003
CRW001805,Samuel,Smith,First Officer,AL0001,2002-09-17,Active,LIC-108212,APT00169
CRW001806,Pamela,Hernandez,Captain,AL0015,2014-03-31,Active,LIC-314430,APT00243
CRW001807,Brenda,Brown,Captain,AL0014,2005-12-30,On Leave,LIC-927840,APT00231
CRW001808,John,Robinson,First Officer,AL0006,2011-04-17,Active,LIC-929424,APT00099
CRW001809,Eric,Choi,First Officer,AL0018,2000-04-04,Active,LIC-372254,APT00151
CRW001810,Dorothy,Carter,Flight Attendant,AL0004,2010-09-20,Active,LIC-994787,APT00075
CRW001811,Dennis,Roberts,Flight Attendant,AL0006,1998-05-10,Active,LIC-290422,APT00223
CRW001812,Jacob,Miller,Purser,AL0004,1999-10-24,Active,LIC-146716,APT00230
CRW001813,Joseph,Adams,Flight Attendant,AL0004,2013-05-07,On Leave,LIC-376403,APT00056
CRW001814,Ahmed,Walker,Flight Attendant,AL0015,2010-09-23,Active,LIC-578240,APT00122
CRW001815,Paul,Hill,Flight Attendant,AL0015,2004-03-22,On Leave,LIC-105414,APT00060
CRW001816,Steven,Lee,Flight Attendant,AL0013,1996-11-18,Active,LIC-254637,APT00154
CRW001817,Sofia,Taylor,Purser,AL0018,2008-04-21,On Leave,LIC-811811,APT00074
CRW001818,Janet,Oliveira,Flight Attendant,AL0002,2024-02-02,Active,LIC-659542,APT00174
CRW001819,Yuki,Hall,Purser,AL0013,2017-03-31,Active,LIC-644758,APT00246
CRW001820,Emma,Allen,First Officer,AL0003,1996-10-27,On Leave,LIC-990587,APT00218
CRW001821,Ivan,Garcia,Captain,AL0020,2024-06-19,Active,LIC-305551,APT00046
CRW001822,Susan,Rossi,Captain,AL0013,2008-04-22,Active,LIC-907191,APT00033
CRW001823,Anna,Nguyen,Flight Attendant,AL0016,2013-02-02,Active,LIC-419679,APT00204
CRW001824,Kimberly,Walker,First Officer,AL0012,1995-01-07,Active,LIC-932362,APT00021
CRW001825,Melissa,Wang,Flight Attendant,AL0008,2004-09-28,Inactive,LIC-804854,APT00101
CRW001826,Mark,Hernandez,Flight Attendant,AL0014,2019-09-13,Active,LIC-292014,APT00249
CRW001827,Matthew,Nelson,Purser,AL0017,2005-05-22,Active,LIC-288449,APT00113
CRW001828,Rebecca,Tanaka,Flight Attendant,AL0004,2000-03-21,Active,LIC-588087,APT00003
CRW001829,Liam,Nguyen,Flight Attendant,AL0018,1997-11-06,Inactive,LIC-552477,APT00244
CRW001830,Scott,Smith,Flight Attendant,AL0015,2024-01-22,On Leave,LIC-311347,APT00178
CRW001831,Michelle,Jackson,Purser,AL0002,2020-07-15,On Leave,LIC-334338,APT00083
CRW001832,Edward,Jones,First Officer,AL0019,1996-05-19,Inactive,LIC-909481,APT00153
CRW001833,Amy,Green,Captain,AL0004,2024-01-25,Active,LIC-778328,APT00154
CRW001834,Sandra,Robinson,Flight Attendant,AL0013,2020-10-14,Active,LIC-272038,APT00139
CRW001835,Gary,Hernandez,Flight Attendant,AL0003,2006-04-23,Active,LIC-752717,APT00241
CRW001836,Katherine,Singh,Flight Attendant,AL0004,2015-08-18,On Leave,LIC-238562,APT00197
CRW001837,Sandra,Anderson,Captain,AL0013,2003-02-07,Inactive,LIC-500502,APT00065
CRW001838,Stephen,Ramirez,Flight Attendant,AL0014,2002-11-05,Active,LIC-110946,APT00249
CRW001839,Christine,Diaz,First Officer,AL0014,2017-06-12,Active,LIC-684301,APT00241
CRW001840,Gary,Garcia,Flight Attendant,AL0007,2001-05-11,Inactive,LIC-263752,APT00012
CRW001841,Kimberly,Martin,Flight Attendant,AL0017,2006-02-27,Active,LIC-312467,APT00075
CRW001842,Eric,Sanchez,Captain,AL0001,2006-03-28,Active,LIC-270786,APT00154
CRW001843,Catherine,Green,Captain,AL0018,1999-09-21,Active,LIC-265068,APT00220
CRW001844,Anthony,Martin,Captain,AL0007,2021-01-09,Active,LIC-169741,APT00180
CRW001845,Jonathan,Pereira,Flight Attendant,AL0013,2016-03-03,Active,LIC-599023,APT00144
CRW001846,Samantha,Smith,Flight Attendant,AL0019,2022-01-29,Active,LIC-880966,APT00077
CRW001847,Joshua,Santos,Purser,AL0006,2011-06-18,Active,LIC-371365,APT00025
CRW001848,George,Nelson,Purser,AL0009,2000-07-04,Active,LIC-801997,APT00224
CRW001849,Ahmed,Brown,Purser,AL0017,2003-10-13,Inactive,LIC-589220,APT00134
CRW001850,Carol,Martinez,Purser,AL0018,2006-02-07,On Leave,LIC-329033,APT00115
CRW001851,Anna,Rodriguez,Flight Attendant,AL0005,2024-08-05,Inactive,LIC-155517,APT00245
CRW001852,Sarah,Thompson,Purser,AL0011,2002-06-18,Active,LIC-804931,APT00042
CRW001853,Noah,Clark,Flight Attendant,AL0007,2016-10-10,Active,LIC-120619,APT00064
CRW001854,Anna,Patel,Purser,AL0011,1998-11-08,Active,LIC-479947,APT00214
CRW001855,Carolyn,Harris,Flight Attendant,AL0008,2025-01-12,Active,LIC-130830,APT00072
CRW001856,Larry,Ivanov,Flight Attendant,AL0001,2015-04-24,Active,LIC-797967,APT00236
CRW001857,Kevin,White,First Officer,AL0019,2008-07-13,Active,LIC-990841,APT00215
CRW001858,Kenneth,Perez,Captain,AL0013,2005-11-12,Inactive,LIC-390706,APT00025
CRW001859,Frank,Thompson,Flight Attendant,AL0010,2006-02-20,Active,LIC-382247,APT00115
CRW001860,Yuki,Clark,Captain,AL0003,2002-01-30,On Leave,LIC-608188,APT00188
CRW001861,Jessica,Kowalski,First Officer,AL0002,2013-11-04,Active,LIC-551790,APT00123
CRW001862,Wei,Martin,Flight Attendant,AL0010,2022-03-17,Inactive,LIC-443449,APT00054
CRW001863,Heather,Perez,Purser,AL0013,2002-07-30,On Leave,LIC-429292,APT00012
CRW001864,Susan,Oliveira,Flight Attendant,AL0006,2018-07-05,Inactive,LIC-268908,APT00002
CRW001865,Richard,Chen,Flight Attendant,AL0015,2012-10-14,Active,LIC-325679,APT00045
CRW001866,Katherine,Thomas,Captain,AL0008,2019-04-23,Inactive,LIC-627069,APT00066
CRW001867,Wei,Tanaka,Purser,AL0001,2019-03-09,Active,LIC-760948,APT00076
CRW001868,Melissa,Anderson,Captain,AL0011,1996-03-25,Active,LIC-775746,APT00214
CRW001869,Scott,Gonzalez,Purser,AL0004,1995-09-01,Active,LIC-564819,APT00128
CRW001870,Freya,Scott,First Officer,AL0001,2023-10-02,Active,LIC-777795,APT00036
CRW001871,Joshua,Kumar,Flight Attendant,AL0003,1999-11-19,On Leave,LIC-632812,APT00021
CRW001872,Betty,Thomas,First Officer,AL0006,2013-01-21,Active,LIC-420660,APT00033
CRW001873,Sven,Schmidt,First Officer,AL0011,2018-08-29,Active,LIC-418021,APT00079
CRW001874,Dorothy,Gonzalez,Captain,AL0020,2010-10-30,Active,LIC-566840,APT00185
CRW001875,Jeffrey,Dubois,Captain,AL0005,1995-03-12,Active,LIC-376891,APT00013
CRW001876,Rebecca,Davis,First Officer,AL0002,1995-05-02,On Leave,LIC-787399,APT00102
CRW001877,Gary,Nguyen,First Officer,AL0004,2016-01-14,Active,LIC-266676,APT00112
CRW001878,Steven,Patel,Flight Attendant,AL0007,2023-03-15,Active,LIC-149047,APT00038
CRW001879,Samantha,Perez,Flight Attendant,AL0005,2005-10-15,On Leave,LIC-542028,APT00015
CRW001880,Katherine,Carter,Flight Attendant,AL0007,2012-02-02,Active,LIC-164699,APT00058
CRW001881,Matthew,Kumar,Flight Attendant,AL0020,2024-05-02,Active,LIC-272425,APT00038
CRW001882,Laura,Chen,Flight Attendant,AL0008,2020-12-03,On Leave,LIC-438600,APT00199
CRW001883,Michael,Young,Purser,AL0013,2011-12-25,Active,LIC-103755,APT00230
CRW001884,Anthony,Rossi,Purser,AL0014,2015-08-05,Active,LIC-301124,APT00156
CRW001885,Sven,Ivanov,Flight Attendant,AL0003,2025-03-14,On Leave,LIC-590295,APT00190
CRW001886,Jacob,Clark,First Officer,AL0005,2020-01-12,Active,LIC-437181,APT00191
CRW001887,Justin,Ivanov,Flight Attendant,AL0009,2008-01-24,Active,LIC-906722,APT00220
CRW001888,Ahmed,Park,Flight Attendant,AL0010,2016-10-08,Active,LIC-184377,APT00025
CRW001889,Christine,Andersson,First Officer,AL0001,2005-05-02,Active,LIC-747751,APT00250
CRW001890,Catherine,Ivanov,Flight Attendant,AL0013,2023-12-08,On Leave,LIC-632806,APT00115
CRW001891,Christine,Rossi,Flight Attendant,AL0007,1997-12-09,On Leave,LIC-679819,APT00136
CRW001892,Cynthia,Costa,Flight Attendant,AL0007,2002-01-31,Active,LIC-704565,APT00200
CRW001893,Pamela,White,Purser,AL0013,2005-11-14,Active,LIC-147121,APT00124
CRW001894,Paul,Ali,First Officer,AL0019,2001-05-08,Active,LIC-812655,APT00067
CRW001895,Ahmed,Thomas,First Officer,AL0018,2013-09-11,Active,LIC-398225,APT00005
CRW001896,Nancy,Lewis,First Officer,AL0020,2017-05-21,Active,LIC-685469,APT00043
CRW001897,Ahmed,Choi,Flight Attendant,AL0009,2022-12-22,On Leave,LIC-364557,APT00022
CRW001898,Fatima,Thompson,Flight Attendant,AL0003,2010-10-02,On Leave,LIC-456742,APT00096
CRW001899,Sarah,Kowalski,First Officer,AL0005,2014-07-10,Inactive,LIC-730030,APT00195
CRW001900,Christine,King,Flight Attendant,AL0007,2013-10-28,Active,LIC-941434,APT00084
CRW001901,Sven,Taylor,Flight Attendant,AL0007,1995-02-09,Active,LIC-890169,APT00150
CRW001902,Jonathan,Davis,Captain,AL0005,2017-04-05,Active,LIC-753698,APT00047
CRW001903,Kenneth,Baker,Captain,AL0004,1995-09-24,Inactive,LIC-584683,APT00148
CRW001904,Fatima,Torres,Flight Attendant,AL0004,2012-03-13,Inactive,LIC-574912,APT00239
CRW001905,Kathleen,Green,Flight Attendant,AL0014,2026-05-30,Active,LIC-969051,APT00079
CRW001906,Joseph,Brown,Flight Attendant,AL0010,2019-09-30,Inactive,LIC-286165,APT00121
CRW001907,Sandra,Perez,Flight Attendant,AL0001,2010-11-29,Active,LIC-958671,APT00241
CRW001908,Samantha,Smith,Flight Attendant,AL0012,2005-01-07,Active,LIC-684076,APT00153
CRW001909,Jason,Harris,Flight Attendant,AL0017,2021-04-20,Active,LIC-654515,APT00100
CRW001910,Anthony,Choi,First Officer,AL0009,2021-12-26,Active,LIC-632547,APT00031
CRW001911,Catherine,Gonzalez,Flight Attendant,AL0007,2006-07-24,On Leave,LIC-831228,APT00235
CRW001912,Joseph,Kumar,Flight Attendant,AL0006,1998-05-20,Active,LIC-714996,APT00153
CRW001913,Anthony,Smith,First Officer,AL0008,2013-04-17,Active,LIC-185346,APT00015
CRW001914,Sharon,Hall,Flight Attendant,AL0006,2014-12-02,On Leave,LIC-803011,APT00139
CRW001915,Robert,Park,Flight Attendant,AL0019,2024-05-06,Active,LIC-755859,APT00243
CRW001916,George,Ramirez,Captain,AL0020,2022-12-19,Active,LIC-923543,APT00233
CRW001917,Ivan,Thomas,Captain,AL0007,2002-03-13,Inactive,LIC-942824,APT00049
CRW001918,Sofia,Rivera,Flight Attendant,AL0019,2002-12-09,Inactive,LIC-954149,APT00104
CRW001919,Hiro,Thompson,Flight Attendant,AL0018,2026-04-28,Active,LIC-138497,APT00247
CRW001920,Joshua,Watanabe,Flight Attendant,AL0002,2005-04-08,Inactive,LIC-667166,APT00196
CRW001921,Linda,Kowalski,Purser,AL0010,2009-05-27,Inactive,LIC-940973,APT00141
CRW001922,Maria,Chen,Flight Attendant,AL0014,2004-08-05,Active,LIC-969359,APT00077
CRW001923,Brian,Patel,Purser,AL0009,2007-05-11,Inactive,LIC-594370,APT00191
CRW001924,Rachel,Carter,First Officer,AL0010,2012-09-22,Active,LIC-920279,APT00145
CRW001925,Joseph,Ivanov,Captain,AL0010,2004-03-09,Active,LIC-892397,APT00131
CRW001926,Benjamin,Torres,Flight Attendant,AL0014,2007-12-21,Inactive,LIC-102352,APT00232
CRW001927,Stephen,Pereira,Flight Attendant,AL0006,2006-01-29,Active,LIC-896487,APT00095
CRW001928,Liam,Ramirez,Purser,AL0012,1998-05-23,On Leave,LIC-673855,APT00157
CRW001929,Richard,Smith,First Officer,AL0005,2019-09-19,Active,LIC-616351,APT00011
CRW001930,Timothy,Kumar,Captain,AL0018,2023-01-01,On Leave,LIC-260622,APT00178
CRW001931,Sven,Chen,Captain,AL0002,2010-06-16,On Leave,LIC-926810,APT00137
CRW001932,George,Fernandez,Captain,AL0002,2001-06-06,Active,LIC-365673,APT00219
CRW001933,Brandon,Young,Flight Attendant,AL0001,2015-03-16,Active,LIC-476039,APT00084
CRW001934,Karen,King,First Officer,AL0007,2011-10-12,On Leave,LIC-367749,APT00232
CRW001935,Debra,Hall,Captain,AL0013,2012-04-26,Inactive,LIC-972676,APT00144
CRW001936,Dorothy,Young,First Officer,AL0020,2013-09-08,Inactive,LIC-534816,APT00053
CRW001937,Jonathan,Dubois,Flight Attendant,AL0010,2017-07-21,Inactive,LIC-202621,APT00041
CRW001938,Fatima,Wright,Purser,AL0004,1996-04-12,Inactive,LIC-109779,APT00049
CRW001939,Emma,Dubois,Captain,AL0008,1998-02-14,Inactive,LIC-982153,APT00076
CRW001940,Jeffrey,Wright,Flight Attendant,AL0003,1998-01-03,Active,LIC-312216,APT00138
CRW001941,Daniel,Jackson,Purser,AL0010,1999-11-10,Active,LIC-793649,APT00218
CRW001942,Kenneth,Diaz,First Officer,AL0015,2025-07-12,Active,LIC-126208,APT00249
CRW001943,Wei,Nelson,Flight Attendant,AL0001,2017-12-08,On Leave,LIC-907113,APT00170
CRW001944,Margaret,Khan,Flight Attendant,AL0016,2015-11-17,Active,LIC-685502,APT00123
CRW001945,Brandon,Mitchell,Flight Attendant,AL0005,2016-12-15,Inactive,LIC-302270,APT00154
CRW001946,Ryan,Lewis,Captain,AL0014,1996-01-21,On Leave,LIC-900357,APT00083
CRW001947,Joshua,Pereira,First Officer,AL0017,2001-09-13,Active,LIC-368035,APT00062
CRW001948,Christine,Robinson,Flight Attendant,AL0016,2019-12-14,Inactive,LIC-998008,APT00135
CRW001949,Carol,Diaz,Flight Attendant,AL0014,2009-07-16,Inactive,LIC-639567,APT00207
CRW001950,Paul,Wright,Flight Attendant,AL0014,2010-12-23,Active,LIC-503700,APT00017
CRW001951,Amy,Johnson,Flight Attendant,AL0004,2018-07-28,Active,LIC-152663,APT00028
CRW001952,Alexander,Williams,Flight Attendant,AL0003,1997-05-12,Active,LIC-334126,APT00045
CRW001953,Yuki,Pereira,Flight Attendant,AL0008,2020-02-03,Inactive,LIC-152466,APT00053
CRW001954,Pamela,Nelson,Flight Attendant,AL0013,2016-05-21,Active,LIC-867792,APT00038
CRW001955,Emma,Young,Flight Attendant,AL0013,2007-09-06,Active,LIC-190155,APT00033
CRW001956,Jack,Costa,Flight Attendant,AL0016,2010-09-09,On Leave,LIC-201842,APT00007
CRW001957,Steven,Roberts,Flight Attendant,AL0007,1997-05-01,Active,LIC-212039,APT00088
CRW001958,Donald,Chen,Captain,AL0018,2001-06-09,Inactive,LIC-976814,APT00181
CRW001959,Ryan,Singh,Flight Attendant,AL0009,2002-09-28,Active,LIC-973502,APT00040
CRW001960,Pamela,Thomas,Captain,AL0005,2022-07-29,Active,LIC-743352,APT00082
CRW001961,Nicole,Davis,Purser,AL0015,1998-07-17,Active,LIC-166373,APT00244
CRW001962,Charles,Ivanov,Purser,AL0003,2004-02-26,Active,LIC-553540,APT00043
CRW001963,Janet,Johnson,Flight Attendant,AL0009,1999-02-20,Active,LIC-953567,APT00247
CRW001964,Carol,Ali,Captain,AL0016,2003-12-10,Inactive,LIC-186985,APT00129
CRW001965,Fatima,Hernandez,Purser,AL0016,1995-05-02,Active,LIC-814227,APT00182
CRW001966,Gregory,Perez,Purser,AL0006,2003-07-28,Active,LIC-116376,APT00081
CRW001967,Dmitri,Khan,Captain,AL0004,2017-09-26,Active,LIC-823547,APT00082
CRW001968,Pamela,Roberts,First Officer,AL0001,2019-02-10,Active,LIC-590078,APT00099
CRW001969,Amy,Dubois,Purser,AL0002,2006-12-02,Active,LIC-899106,APT00032
CRW001970,Daniel,Carter,Flight Attendant,AL0017,2017-03-08,Active,LIC-472465,APT00079
CRW001971,Melissa,Brown,Purser,AL0016,2014-06-09,Active,LIC-806791,APT00224
CRW001972,Yuki,Kowalski,Flight Attendant,AL0011,2023-05-17,Active,LIC-858397,APT00001
CRW001973,Amanda,Moore,Flight Attendant,AL0012,2020-04-12,Active,LIC-392413,APT00144
CRW001974,Michael,Hernandez,Flight Attendant,AL0007,2002-03-16,Active,LIC-678074,APT00173
CRW001975,Sandra,Suzuki,Flight Attendant,AL0004,2013-06-29,On Leave,LIC-514804,APT00036
CRW001976,Anna,Thomas,Flight Attendant,AL0001,2019-09-15,On Leave,LIC-488706,APT00028
CRW001977,Pamela,Nelson,Flight Attendant,AL0014,2004-08-08,Active,LIC-819760,APT00139
CRW001978,Sven,Hill,Captain,AL0001,2013-01-01,Active,LIC-303406,APT00055
CRW001979,Sofia,Rossi,Flight Attendant,AL0003,2007-07-29,Active,LIC-207684,APT00245
CRW001980,Amy,Brown,Captain,AL0016,2004-09-12,On Leave,LIC-532379,APT00048
CRW001981,Eric,Rodriguez,Flight Attendant,AL0012,2001-04-06,Active,LIC-839483,APT00033
CRW001982,Dennis,King,Flight Attendant,AL0010,1996-02-11,On Leave,LIC-246694,APT00083
CRW001983,Jennifer,Nguyen,Flight Attendant,AL0005,2018-07-23,Active,LIC-406195,APT00083
CRW001984,Anna,Silva,Flight Attendant,AL0003,2020-09-23,Active,LIC-700310,APT00041
CRW001985,Jeffrey,Carter,Purser,AL0010,2015-06-23,Active,LIC-529167,APT00167
CRW001986,Janet,Lopez,Purser,AL0008,2002-07-29,Active,LIC-645155,APT00087
CRW001987,Dennis,Fernandez,Flight Attendant,AL0011,1995-08-04,Active,LIC-575216,APT00132
CRW001988,Brandon,Torres,Purser,AL0004,2014-11-06,Active,LIC-829063,APT00061
CRW001989,Brandon,Pereira,Purser,AL0005,2001-04-13,Active,LIC-887730,APT00025
CRW001990,Samuel,Diaz,Purser,AL0003,2012-03-30,Active,LIC-504575,APT00016
CRW001991,Helen,Jones,Flight Attendant,AL0009,2025-06-25,Inactive,LIC-488451,APT00014
CRW001992,Betty,Green,First Officer,AL0006,1995-02-21,On Leave,LIC-350783,APT00218
CRW001993,Paul,King,Flight Attendant,AL0005,2013-02-18,Active,LIC-499366,APT00067
CRW001994,Rachel,Flores,First Officer,AL0011,2026-03-29,Active,LIC-852754,APT00077
CRW001995,Justin,Harris,First Officer,AL0010,2005-07-03,Inactive,LIC-551487,APT00145
CRW001996,Mark,Hall,Purser,AL0005,2020-08-01,On Leave,LIC-721896,APT00024
CRW001997,Fatima,Flores,Captain,AL0014,2021-01-06,Inactive,LIC-476566,APT00151
CRW001998,Dmitri,Anderson,Flight Attendant,AL0007,2010-04-14,Active,LIC-736037,APT00131
CRW001999,Pamela,White,Flight Attendant,AL0007,2004-08-22,Active,LIC-741187,APT00198
CRW002000,Betty,Lopez,Flight Attendant,AL0010,2016-05-16,Active,LIC-575275,APT00031
CRW002001,Sofia,Kowalski,First Officer,AL0003,2014-06-18,Active,LIC-941047,APT00005
CRW002002,Mark,Singh,Flight Attendant,AL0009,2009-12-21,Active,LIC-888379,APT00194
CRW002003,Stephanie,Young,Flight Attendant,AL0012,2001-01-20,Active,LIC-242576,APT00093
CRW002004,Yuki,Young,Flight Attendant,AL0003,2018-05-24,Active,LIC-305004,APT00016
CRW002005,Gary,Miller,Flight Attendant,AL0012,2001-08-22,Inactive,LIC-959316,APT00140
CRW002006,Sandra,White,Flight Attendant,AL0001,1999-03-22,On Leave,LIC-461522,APT00117
CRW002007,Elizabeth,Park,Flight Attendant,AL0013,1997-02-10,On Leave,LIC-379354,APT00238
CRW002008,Carol,Williams,Captain,AL0001,2009-01-08,Inactive,LIC-816608,APT00236
CRW002009,Benjamin,Lopez,Purser,AL0004,1998-10-10,Inactive,LIC-641932,APT00135
CRW002010,Christine,Kowalski,Flight Attendant,AL0008,2005-07-17,Active,LIC-219664,APT00040
CRW002011,Anthony,Adams,Flight Attendant,AL0013,2002-08-06,Active,LIC-182604,APT00187
CRW002012,Karen,Williams,Purser,AL0015,2009-06-10,On Leave,LIC-827297,APT00051
CRW002013,Frank,Flores,First Officer,AL0010,2019-06-07,Inactive,LIC-788373,APT00210
CRW002014,Karen,Muller,Flight Attendant,AL0003,2009-02-25,On Leave,LIC-417335,APT00151
CRW002015,Linda,Ramirez,Flight Attendant,AL0008,2012-07-02,On Leave,LIC-876207,APT00089
CRW002016,Ryan,Walker,Captain,AL0016,1999-07-01,Active,LIC-212953,APT00245
CRW002017,Jonathan,Kim,Flight Attendant,AL0002,1998-07-21,Active,LIC-882129,APT00129
CRW002018,Sandra,Mitchell,Flight Attendant,AL0015,2025-09-05,Active,LIC-171234,APT00097
CRW002019,Margaret,Yamamoto,Flight Attendant,AL0008,2014-06-24,Active,LIC-672462,APT00048
CRW002020,Mark,Martin,Flight Attendant,AL0001,1995-06-27,Active,LIC-858725,APT00163
CRW002021,Michelle,Thompson,Purser,AL0014,2012-10-02,Inactive,LIC-657370,APT00068
CRW002022,Mary,Gonzalez,Captain,AL0001,1995-04-26,Active,LIC-800753,APT00039
CRW002023,Mary,Wang,Flight Attendant,AL0008,1997-06-04,Active,LIC-409432,APT00030
CRW002024,Brian,Nelson,First Officer,AL0004,2006-09-25,Inactive,LIC-359236,APT00161
CRW002025,John,Ramirez,Captain,AL0012,2015-08-16,Inactive,LIC-339338,APT00231
CRW002026,Joshua,Kumar,First Officer,AL0002,2014-06-28,Active,LIC-204725,APT00064
CRW002027,Helen,Walker,Flight Attendant,AL0002,2019-11-07,Active,LIC-349596,APT00055
CRW002028,Patricia,Thomas,Flight Attendant,AL0011,2000-08-23,Active,LIC-322510,APT00154
CRW002029,Justin,Baker,First Officer,AL0020,2001-01-08,Inactive,LIC-781028,APT00036
CRW002030,Justin,Wright,Flight Attendant,AL0001,2011-10-02,On Leave,LIC-291688,APT00023
CRW002031,Jonathan,Allen,Purser,AL0010,2022-04-17,Active,LIC-249362,APT00160
CRW002032,Pamela,Scott,First Officer,AL0017,2017-09-15,Active,LIC-759749,APT00132
CRW002033,Maria,Park,Flight Attendant,AL0006,2016-01-11,Active,LIC-584064,APT00008
CRW002034,William,Moore,Flight Attendant,AL0010,1997-12-15,On Leave,LIC-294006,APT00060
CRW002035,Christopher,Thompson,Purser,AL0017,2022-08-02,Inactive,LIC-735304,APT00050
CRW002036,Joshua,Rivera,Purser,AL0015,2025-12-05,Active,LIC-294488,APT00171
CRW002037,Samuel,Brown,Flight Attendant,AL0006,2013-04-17,On Leave,LIC-807020,APT00167
CRW002038,Hiro,Lopez,Purser,AL0016,2005-07-30,Active,LIC-129041,APT00187
CRW002039,Liam,Rivera,Purser,AL0014,2015-10-25,Active,LIC-631119,APT00025
CRW002040,Helen,Green,Purser,AL0011,2015-03-08,Active,LIC-637173,APT00213
CRW002041,Deborah,Chen,Purser,AL0009,2024-03-10,Active,LIC-435551,APT00053
CRW002042,Deborah,Martinez,Flight Attendant,AL0019,1998-06-24,Active,LIC-720080,APT00249
CRW002043,Linda,Novak,Captain,AL0018,2011-03-10,Active,LIC-441751,APT00218
CRW002044,Sharon,Hill,Purser,AL0020,2017-04-16,Active,LIC-688140,APT00115
CRW002045,Kathleen,Gonzalez,Purser,AL0014,2005-12-18,Inactive,LIC-301198,APT00197
CRW002046,Matthew,Harris,First Officer,AL0008,2021-05-28,On Leave,LIC-611738,APT00168
CRW002047,Patrick,Jackson,Purser,AL0003,1997-01-12,Active,LIC-780633,APT00194
CRW002048,Maria,Torres,Purser,AL0003,1998-04-23,On Leave,LIC-969466,APT00005
CRW002049,Andrew,Nguyen,Purser,AL0020,2019-11-05,Active,LIC-424262,APT00021
CRW002050,Ivan,Wright,Flight Attendant,AL0008,1998-12-15,On Leave,LIC-525464,APT00227
CRW002051,Richard,Torres,Flight Attendant,AL0003,2008-02-24,Active,LIC-528707,APT00196
CRW002052,Ivan,Yamamoto,Flight Attendant,AL0005,2003-10-31,Active,LIC-874121,APT00154
CRW002053,Patrick,Oliveira,First Officer,AL0001,2016-08-14,Active,LIC-966304,APT00079
CRW002054,Anthony,Flores,Flight Attendant,AL0011,1995-05-17,Inactive,LIC-681408,APT00106
CRW002055,Brandon,Pereira,Captain,AL0012,2006-03-19,Active,LIC-839931,APT00099
CRW002056,Emily,Andersson,Flight Attendant,AL0008,2025-12-23,Active,LIC-175745,APT00109
CRW002057,Catherine,Andersson,First Officer,AL0015,2006-08-03,Inactive,LIC-783347,APT00158
CRW002058,Karen,Jackson,Flight Attendant,AL0010,2013-10-19,Inactive,LIC-829078,APT00190
CRW002059,Sandra,Scott,Purser,AL0020,2026-01-15,Active,LIC-743411,APT00096
CRW002060,Andrew,Lewis,First Officer,AL0016,2014-02-02,On Leave,LIC-625949,APT00209
CRW002061,Lisa,Davis,Captain,AL0002,2018-09-20,Active,LIC-909620,APT00023
CRW002062,Donna,Miller,Flight Attendant,AL0006,2025-02-16,Active,LIC-688172,APT00202
CRW002063,Larry,Roberts,Purser,AL0016,2014-05-23,Inactive,LIC-861749,APT00170
CRW002064,Pamela,King,First Officer,AL0011,2021-02-20,Active,LIC-262204,APT00128
CRW002065,Eric,Johansson,Flight Attendant,AL0016,2010-12-20,Active,LIC-698846,APT00094
CRW002066,Daniel,Wang,Captain,AL0007,2020-07-31,On Leave,LIC-493740,APT00093
CRW002067,Matthew,Miller,Purser,AL0001,2015-03-03,On Leave,LIC-881477,APT00091
CRW002068,Liam,Kowalski,Captain,AL0016,2005-08-31,On Leave,LIC-892523,APT00237
CRW002069,Donald,Flores,Captain,AL0016,2012-07-15,On Leave,LIC-859586,APT00007
CRW002070,Richard,Rivera,Captain,AL0013,2005-07-09,Active,LIC-293887,APT00159
CRW002071,Jason,Pereira,First Officer,AL0009,2007-06-23,Active,LIC-543072,APT00248
CRW002072,James,Patel,Flight Attendant,AL0001,2004-03-01,On Leave,LIC-100112,APT00136
CRW002073,Michelle,Johnson,Purser,AL0015,2010-06-06,Inactive,LIC-981669,APT00160
CRW002074,Chen,Anderson,Flight Attendant,AL0014,2005-11-22,Active,LIC-331757,APT00150
CRW002075,Steven,Wright,First Officer,AL0014,2014-09-01,Active,LIC-661988,APT00127
CRW002076,Frank,Williams,Flight Attendant,AL0004,2006-08-11,Active,LIC-538787,APT00158
CRW002077,Ryan,Wilson,Captain,AL0015,2010-06-05,Active,LIC-914161,APT00226
CRW002078,Kevin,Silva,Captain,AL0015,1999-05-26,On Leave,LIC-839149,APT00179
CRW002079,Emma,Lopez,Captain,AL0018,2007-02-23,Inactive,LIC-799236,APT00213
CRW002080,Anna,Wilson,Flight Attendant,AL0012,2006-03-08,Inactive,LIC-678961,APT00139
CRW002081,Joshua,Green,Flight Attendant,AL0015,2025-03-12,Active,LIC-207443,APT00194
CRW002082,Anthony,Davis,Flight Attendant,AL0009,2009-01-13,Active,LIC-927156,APT00219
CRW002083,Liam,Lee,Flight Attendant,AL0014,1995-09-05,Inactive,LIC-156367,APT00053
CRW002084,Christopher,Santos,First Officer,AL0014,2004-09-19,Active,LIC-510007,APT00215
CRW002085,Ana,Kim,Flight Attendant,AL0016,2017-12-01,Inactive,LIC-441481,APT00172
CRW002086,Jeffrey,Pereira,Flight Attendant,AL0018,2000-03-12,Active,LIC-451733,APT00111
CRW002087,Freya,Lewis,Flight Attendant,AL0001,2000-02-14,Active,LIC-979508,APT00194
CRW002088,Kevin,Roberts,Flight Attendant,AL0016,2006-09-24,Active,LIC-308276,APT00043
CRW002089,Angela,Martin,Purser,AL0016,2006-03-18,Inactive,LIC-621961,APT00175
CRW002090,Brenda,Walker,Captain,AL0011,2010-02-09,Active,LIC-296256,APT00145
CRW002091,Kenneth,Wilson,Captain,AL0011,1996-01-27,Active,LIC-920392,APT00223
CRW002092,Anthony,Johansson,Flight Attendant,AL0015,2017-08-23,Active,LIC-762498,APT00156
CRW002093,Gary,Anderson,Flight Attendant,AL0010,2001-09-21,Active,LIC-473358,APT00132
CRW002094,Emma,Taylor,Flight Attendant,AL0009,2017-05-06,On Leave,LIC-172323,APT00131
CRW002095,Ashley,Nguyen,Flight Attendant,AL0017,2012-09-26,Active,LIC-237424,APT00139
CRW002096,Patrick,Wright,First Officer,AL0016,2001-05-14,Active,LIC-318441,APT00223
CRW002097,Scott,Sanchez,Purser,AL0005,2009-10-01,On Leave,LIC-465660,APT00197
CRW002098,Karen,Lewis,Purser,AL0017,1996-02-25,Active,LIC-897304,APT00024
CRW002099,Sofia,White,Flight Attendant,AL0007,2017-01-18,On Leave,LIC-207616,APT00134
CRW002100,Jennifer,Park,Flight Attendant,AL0003,2004-07-18,Active,LIC-619228,APT00072
CRW002101,Brandon,Campbell,Flight Attendant,AL0018,2007-01-18,On Leave,LIC-412588,APT00042
CRW002102,Edward,Park,Flight Attendant,AL0005,1999-12-09,Active,LIC-141928,APT00217
CRW002103,Brandon,Fernandez,Purser,AL0005,2006-06-20,On Leave,LIC-657394,APT00215
CRW002104,Patrick,Chen,Flight Attendant,AL0006,2007-06-08,Active,LIC-733828,APT00235
CRW002105,Samuel,Johansson,Flight Attendant,AL0010,2002-01-25,Inactive,LIC-963531,APT00099
CRW002106,Brandon,Rodriguez,Flight Attendant,AL0004,2025-10-07,Active,LIC-556013,APT00107
CRW002107,Priya,Santos,Flight Attendant,AL0004,2003-10-16,Active,LIC-392860,APT00195
CRW002108,Frank,Hill,Flight Attendant,AL0008,2000-09-08,Active,LIC-869068,APT00049
CRW002109,Maria,Ali,Captain,AL0005,2012-03-22,Active,LIC-322621,APT00014
CRW002110,Timothy,Martin,Flight Attendant,AL0004,2005-01-07,Active,LIC-714189,APT00106
CRW002111,Matthew,Davis,Captain,AL0019,2009-04-06,On Leave,LIC-949049,APT00158
CRW002112,Mark,Suzuki,Flight Attendant,AL0012,2017-10-12,Active,LIC-104001,APT00115
CRW002113,Brenda,Scott,Flight Attendant,AL0001,1997-06-16,On Leave,LIC-932658,APT00053
CRW002114,Amy,Lopez,Flight Attendant,AL0003,2010-12-30,Inactive,LIC-285164,APT00130
CRW002115,Elizabeth,Chen,First Officer,AL0017,1995-09-06,Active,LIC-533417,APT00236
CRW002116,Matthew,Jones,Captain,AL0006,1996-05-19,Active,LIC-332167,APT00069
CRW002117,Elena,Torres,Flight Attendant,AL0004,1997-11-27,Active,LIC-230051,APT00101
CRW002118,Debra,Khan,Flight Attendant,AL0014,2000-01-30,Active,LIC-732008,APT00079
CRW002119,Alexander,Ali,Purser,AL0017,2005-12-23,On Leave,LIC-533969,APT00074
CRW002120,Lisa,Torres,Flight Attendant,AL0008,2024-05-19,Active,LIC-558382,APT00164
CRW002121,Linda,Robinson,Flight Attendant,AL0015,2023-06-21,Active,LIC-535240,APT00094
CRW002122,Paul,Kowalski,Flight Attendant,AL0009,1998-03-29,Active,LIC-772701,APT00156
CRW002123,Chen,Anderson,Captain,AL0003,2026-02-20,Inactive,LIC-969491,APT00005
CRW002124,Jacob,Garcia,Flight Attendant,AL0016,2014-12-14,Active,LIC-561579,APT00166
CRW002125,Jack,Gonzalez,Purser,AL0019,2012-05-24,On Leave,LIC-240033,APT00027
CRW002126,Ryan,Costa,Flight Attendant,AL0020,2019-11-22,On Leave,LIC-394645,APT00095
CRW002127,Ryan,Nguyen,Flight Attendant,AL0003,2010-03-21,Active,LIC-546427,APT00219
CRW002128,Larry,Williams,Purser,AL0012,2003-05-04,Active,LIC-193294,APT00085
CRW002129,Ana,Wilson,Flight Attendant,AL0013,2011-08-22,Active,LIC-306196,APT00175
CRW002130,Edward,Williams,Captain,AL0002,2017-10-12,Active,LIC-282359,APT00088
CRW002131,Anna,Andersson,Flight Attendant,AL0020,2016-06-12,Active,LIC-975659,APT00226
CRW002132,Liam,Torres,Captain,AL0003,2000-05-03,Active,LIC-460701,APT00238
CRW002133,Brian,Garcia,Flight Attendant,AL0006,2024-06-22,On Leave,LIC-891139,APT00228
CRW002134,Priya,Moore,Purser,AL0020,2003-12-12,Active,LIC-596308,APT00099
CRW002135,Nicholas,Roberts,Captain,AL0012,2020-10-05,Active,LIC-555481,APT00080
CRW002136,Fatima,Mitchell,Purser,AL0014,2004-10-18,Inactive,LIC-944772,APT00152
CRW002137,Jeffrey,Andersson,Flight Attendant,AL0010,1996-12-28,Active,LIC-722756,APT00205
CRW002138,Pamela,Williams,First Officer,AL0016,2026-04-22,Active,LIC-315747,APT00131
CRW002139,Joshua,Garcia,First Officer,AL0002,2013-07-01,Active,LIC-353482,APT00185
CRW002140,Scott,Williams,First Officer,AL0014,2001-09-28,Active,LIC-699475,APT00220
CRW002141,Donna,Young,Captain,AL0002,1995-01-04,Inactive,LIC-102017,APT00189
CRW002142,Brenda,Ivanov,First Officer,AL0004,1999-01-22,Active,LIC-237291,APT00093
CRW002143,Jack,Wang,Flight Attendant,AL0011,2000-05-03,On Leave,LIC-166892,APT00063
CRW002144,Edward,Taylor,Flight Attendant,AL0009,2024-01-31,Active,LIC-742377,APT00109
CRW002145,Stephanie,Chen,Flight Attendant,AL0004,2000-07-24,Active,LIC-497209,APT00144
CRW002146,Joshua,Chen,Flight Attendant,AL0016,2000-02-02,Active,LIC-110206,APT00211
CRW002147,Debra,Thomas,Flight Attendant,AL0007,2021-04-27,Active,LIC-767490,APT00076
CRW002148,Anna,Muller,Purser,AL0018,2022-08-16,Active,LIC-690327,APT00041
CRW002149,Kathleen,King,Flight Attendant,AL0001,2001-07-26,Inactive,LIC-746772,APT00079
CRW002150,Patricia,Jones,First Officer,AL0005,2015-06-08,Active,LIC-246895,APT00149
CRW002151,Susan,Young,Flight Attendant,AL0006,2011-10-16,On Leave,LIC-887446,APT00059
CRW002152,James,Rossi,Captain,AL0012,2013-02-14,Active,LIC-262291,APT00100
CRW002153,Chen,Kumar,Flight Attendant,AL0009,2004-10-12,Active,LIC-613782,APT00065
CRW002154,Chen,Perez,Captain,AL0004,2018-08-09,On Leave,LIC-603016,APT00247
CRW002155,William,Schmidt,First Officer,AL0012,2022-09-05,Active,LIC-296849,APT00129
CRW002156,Jennifer,Young,Purser,AL0020,2017-10-22,Active,LIC-437870,APT00181
CRW002157,Janet,Torres,Flight Attendant,AL0003,2023-05-17,On Leave,LIC-146978,APT00131
CRW002158,Gary,Miller,Captain,AL0006,1998-06-22,Active,LIC-524174,APT00003
CRW002159,Emily,Diaz,First Officer,AL0010,2015-08-23,On Leave,LIC-709400,APT00066
CRW002160,Brenda,Kowalski,Purser,AL0015,2026-05-26,Inactive,LIC-377999,APT00210
CRW002161,Mark,Thomas,Flight Attendant,AL0003,2011-10-30,On Leave,LIC-583991,APT00128
CRW002162,Lisa,Hall,Flight Attendant,AL0005,2024-08-04,Active,LIC-958119,APT00176
CRW002163,Brian,Dubois,Flight Attendant,AL0005,2005-12-11,Active,LIC-311153,APT00191
CRW002164,Mohammed,Green,Flight Attendant,AL0013,2023-03-03,Inactive,LIC-361590,APT00141
CRW002165,Patrick,Taylor,Purser,AL0002,2024-06-29,On Leave,LIC-207994,APT00145
CRW002166,Daniel,Pereira,Flight Attendant,AL0014,2014-07-20,Inactive,LIC-587842,APT00060
CRW002167,Angela,Perez,Captain,AL0009,2017-02-19,Inactive,LIC-283457,APT00063
CRW002168,Ahmed,Clark,Captain,AL0007,2011-06-05,Active,LIC-868919,APT00038
CRW002169,Carlos,Robinson,First Officer,AL0018,2004-12-16,Active,LIC-361848,APT00075
CRW002170,Carolyn,Watanabe,First Officer,AL0017,2011-11-06,Active,LIC-697762,APT00158
CRW002171,Jessica,Green,Purser,AL0017,2025-03-27,Active,LIC-270294,APT00233
CRW002172,Mark,Ali,Flight Attendant,AL0018,1995-06-21,Inactive,LIC-390498,APT00110
CRW002173,Anthony,Yamamoto,Flight Attendant,AL0005,2001-06-11,Active,LIC-254076,APT00151
CRW002174,Charles,Choi,Purser,AL0018,2010-09-10,Active,LIC-597192,APT00216
CRW002175,Nancy,Novak,First Officer,AL0004,2005-08-30,Inactive,LIC-124995,APT00170
CRW002176,Emily,Yamamoto,Flight Attendant,AL0007,2014-08-06,Active,LIC-174691,APT00066
CRW002177,Eric,Santos,First Officer,AL0012,2006-04-30,On Leave,LIC-551280,APT00071
CRW002178,Melissa,Diaz,Flight Attendant,AL0015,2015-09-11,Active,LIC-591117,APT00160
CRW002179,Ronald,Patel,Purser,AL0012,1998-05-05,Inactive,LIC-396745,APT00072
CRW002180,Sandra,Hernandez,Flight Attendant,AL0012,2005-06-08,Active,LIC-488249,APT00063
CRW002181,Charles,Martinez,Flight Attendant,AL0008,2016-10-07,Active,LIC-474837,APT00148
CRW002182,Freya,Silva,First Officer,AL0012,2009-10-21,Inactive,LIC-782139,APT00160
CRW002183,Anna,Sanchez,Purser,AL0010,2017-06-03,Inactive,LIC-501805,APT00064
CRW002184,Betty,Costa,Flight Attendant,AL0010,2014-12-28,On Leave,LIC-863111,APT00013
CRW002185,Maria,Choi,First Officer,AL0012,2005-04-27,On Leave,LIC-295324,APT00193
CRW002186,Heather,Patel,Captain,AL0013,2008-06-15,Inactive,LIC-279654,APT00098
CRW002187,Elena,Rossi,First Officer,AL0007,2025-04-22,Inactive,LIC-463352,APT00159
CRW002188,Karen,Thompson,Captain,AL0003,2025-03-24,On Leave,LIC-173382,APT00044
CRW002189,Scott,Wright,Flight Attendant,AL0006,1996-02-13,Active,LIC-703948,APT00079
CRW002190,Dmitri,Pereira,Captain,AL0009,2017-02-28,On Leave,LIC-451500,APT00152
CRW002191,Dennis,Andersson,First Officer,AL0004,2010-06-04,Active,LIC-429759,APT00032
CRW002192,Betty,Taylor,Flight Attendant,AL0004,1995-01-15,Active,LIC-580734,APT00080
CRW002193,Mohammed,Choi,Flight Attendant,AL0020,2014-12-03,Active,LIC-173893,APT00180
CRW002194,Ronald,Flores,Flight Attendant,AL0006,1995-09-25,Inactive,LIC-439121,APT00193
CRW002195,Ryan,Kowalski,Flight Attendant,AL0015,2005-01-06,Active,LIC-974994,APT00089
CRW002196,Angela,Adams,First Officer,AL0003,2016-09-08,Inactive,LIC-665704,APT00029
CRW002197,Patrick,Carter,Flight Attendant,AL0020,2020-07-13,Inactive,LIC-616577,APT00007
CRW002198,Joseph,Gonzalez,First Officer,AL0005,2007-12-19,Inactive,LIC-555085,APT00140
CRW002199,Nicholas,Ramirez,Flight Attendant,AL0008,2020-05-29,Active,LIC-521850,APT00174
CRW002200,Jerry,Ali,Flight Attendant,AL0016,2021-05-16,On Leave,LIC-942962,APT00149
CRW002201,Shirley,Kowalski,Flight Attendant,AL0005,2009-01-22,Active,LIC-937318,APT00102
CRW002202,Steven,Davis,Flight Attendant,AL0011,2000-06-08,Active,LIC-468451,APT00006
CRW002203,Michael,Miller,Captain,AL0016,2015-09-17,Active,LIC-932255,APT00057
CRW002204,Shirley,Kumar,First Officer,AL0001,1995-06-08,Active,LIC-174244,APT00009
CRW002205,Frank,Scott,Flight Attendant,AL0001,2023-01-23,Inactive,LIC-387741,APT00116
CRW002206,Shirley,Kowalski,First Officer,AL0016,2007-03-12,Inactive,LIC-371741,APT00078
CRW002207,Dmitri,Garcia,Flight Attendant,AL0006,2018-11-17,Active,LIC-727533,APT00018
CRW002208,Larry,Ramirez,Flight Attendant,AL0019,2018-02-15,Active,LIC-645303,APT00153
CRW002209,Jacob,Williams,First Officer,AL0019,2009-11-09,Active,LIC-525348,APT00093
CRW002210,Michael,Khan,Flight Attendant,AL0018,2025-07-12,Active,LIC-330422,APT00241
CRW002211,Angela,Novak,Flight Attendant,AL0020,2020-01-07,Inactive,LIC-556182,APT00105
CRW002212,Christopher,Gonzalez,Flight Attendant,AL0017,2022-10-05,Active,LIC-342089,APT00023
CRW002213,Gregory,Sanchez,Captain,AL0008,1997-12-13,Active,LIC-547731,APT00177
CRW002214,Karen,Kowalski,First Officer,AL0020,2010-03-17,Active,LIC-405614,APT00176
CRW002215,Olga,Brown,Captain,AL0007,2024-11-27,Inactive,LIC-899759,APT00233
CRW002216,Andrew,Oliveira,Captain,AL0012,2020-07-15,Active,LIC-771526,APT00174
CRW002217,Edward,Suzuki,Captain,AL0001,2009-04-07,Active,LIC-257743,APT00091
CRW002218,Sarah,Gonzalez,Purser,AL0020,1997-03-18,Active,LIC-946118,APT00168
CRW002219,Margaret,Lopez,Captain,AL0012,2003-11-13,Inactive,LIC-692902,APT00200
CRW002220,Liam,Kumar,First Officer,AL0019,2012-12-23,Active,LIC-415338,APT00130
CRW002221,Paul,Smith,Flight Attendant,AL0008,2015-03-02,Inactive,LIC-577414,APT00199
CRW002222,Kathleen,Green,Flight Attendant,AL0007,2024-01-15,Active,LIC-275939,APT00242
CRW002223,Dmitri,Garcia,Flight Attendant,AL0011,1997-12-01,Active,LIC-142141,APT00189
CRW002224,Justin,Nelson,Captain,AL0018,2007-06-15,Active,LIC-478572,APT00126
CRW002225,Robert,Lewis,Flight Attendant,AL0011,2003-07-20,Active,LIC-803957,APT00124
CRW002226,Kevin,Khan,Flight Attendant,AL0016,2025-03-01,Active,LIC-416655,APT00210
CRW002227,George,Suzuki,Captain,AL0005,2000-03-21,Active,LIC-445824,APT00219
CRW002228,Dorothy,Flores,Flight Attendant,AL0016,2001-12-07,On Leave,LIC-991021,APT00066
CRW002229,Mark,Patel,Purser,AL0015,2004-05-10,Inactive,LIC-988525,APT00003
CRW002230,Jacob,Carter,Flight Attendant,AL0018,1998-04-27,Active,LIC-517480,APT00202
CRW002231,Amanda,Fernandez,Captain,AL0002,2015-03-20,On Leave,LIC-139767,APT00060
CRW002232,Kimberly,Jackson,Flight Attendant,AL0008,2011-06-27,Active,LIC-711354,APT00250
CRW002233,Deborah,Martin,Captain,AL0002,2012-07-09,Active,LIC-743241,APT00010
CRW002234,Michelle,Walker,Flight Attendant,AL0009,2023-07-03,Active,LIC-922408,APT00228
CRW002235,Betty,Ivanov,Flight Attendant,AL0016,2008-08-09,Inactive,LIC-953247,APT00170
CRW002236,Jason,Tanaka,Captain,AL0013,2004-10-11,Active,LIC-666154,APT00077
CRW002237,Diego,Thompson,First Officer,AL0016,2006-10-17,Active,LIC-196416,APT00009
CRW002238,Jacob,Rodriguez,Purser,AL0015,2020-02-20,Inactive,LIC-324440,APT00212
CRW002239,Anna,Carter,Captain,AL0020,2011-08-08,On Leave,LIC-745012,APT00030
CRW002240,Sven,Mitchell,Captain,AL0018,2000-04-25,Active,LIC-646668,APT00024
CRW002241,Brenda,Robinson,Flight Attendant,AL0012,2016-09-02,Active,LIC-492380,APT00198
CRW002242,Anthony,Anderson,Flight Attendant,AL0018,2018-06-04,Active,LIC-461688,APT00170
CRW002243,Melissa,Kowalski,Flight Attendant,AL0001,2002-11-07,Active,LIC-738590,APT00032
CRW002244,Ryan,Kowalski,Flight Attendant,AL0015,2012-07-01,On Leave,LIC-480114,APT00086
CRW002245,Jeffrey,Muller,Flight Attendant,AL0011,2012-09-16,Active,LIC-239302,APT00167
CRW002246,Sarah,Campbell,Captain,AL0020,2000-07-01,Active,LIC-981391,APT00165
CRW002247,Richard,Lee,Flight Attendant,AL0011,1995-04-15,Active,LIC-414444,APT00091
CRW002248,Michelle,Allen,Captain,AL0004,2017-07-24,Inactive,LIC-350731,APT00104
CRW002249,Ivan,Garcia,Flight Attendant,AL0015,2014-05-02,Inactive,LIC-162383,APT00020
CRW002250,Gregory,Martin,Purser,AL0020,2017-06-04,Inactive,LIC-522041,APT00003
CRW002251,Wei,Torres,Captain,AL0001,2006-11-09,Inactive,LIC-987581,APT00242
CRW002252,Christopher,Wright,First Officer,AL0002,2011-03-12,On Leave,LIC-243880,APT00058
CRW002253,Deborah,Miller,Flight Attendant,AL0014,2025-11-03,Inactive,LIC-320230,APT00232
CRW002254,Helen,Oliveira,Flight Attendant,AL0012,2002-01-31,Inactive,LIC-260689,APT00011
CRW002255,Edward,Perez,Flight Attendant,AL0011,2015-07-05,On Leave,LIC-184646,APT00248
CRW002256,Ronald,Green,Captain,AL0002,1999-02-27,Active,LIC-643135,APT00107
CRW002257,Carol,Nguyen,Flight Attendant,AL0012,1997-01-23,Inactive,LIC-368371,APT00202
CRW002258,Michael,Nguyen,Flight Attendant,AL0012,2025-01-27,Active,LIC-775913,APT00211
CRW002259,Chen,Kowalski,Purser,AL0017,1999-01-29,Active,LIC-460578,APT00088
CRW002260,Noah,Muller,Flight Attendant,AL0008,2015-08-09,Active,LIC-672813,APT00185
CRW002261,Elizabeth,Tanaka,Flight Attendant,AL0007,2011-02-26,Active,LIC-180452,APT00084
CRW002262,Deborah,Walker,Purser,AL0002,2020-06-04,Active,LIC-396355,APT00198
CRW002263,Gary,Perez,Captain,AL0012,2012-03-04,Active,LIC-472639,APT00240
CRW002264,Jack,Wright,Captain,AL0013,2016-11-23,Active,LIC-153656,APT00202
CRW002265,Sven,Hall,Flight Attendant,AL0006,2023-02-03,Active,LIC-477356,APT00182
CRW002266,Deborah,Clark,Flight Attendant,AL0015,2021-01-22,Active,LIC-523237,APT00093
CRW002267,Rachel,Torres,Flight Attendant,AL0019,2017-09-05,Active,LIC-463456,APT00028
CRW002268,Sofia,Gonzalez,Flight Attendant,AL0004,2000-02-08,Active,LIC-553842,APT00127
CRW002269,Heather,Campbell,First Officer,AL0012,2000-04-28,Inactive,LIC-817510,APT00033
CRW002270,Paul,Ali,Purser,AL0014,2010-08-12,Active,LIC-793585,APT00128
CRW002271,Jerry,Nelson,Captain,AL0001,2015-09-13,Active,LIC-112690,APT00218
CRW002272,Deborah,Tanaka,Purser,AL0004,2015-12-17,On Leave,LIC-676259,APT00029
CRW002273,John,Diaz,Flight Attendant,AL0008,2019-09-19,Active,LIC-913672,APT00226
CRW002274,Carolyn,Yamamoto,Flight Attendant,AL0003,1998-04-01,Active,LIC-884131,APT00150
CRW002275,Priya,Davis,Flight Attendant,AL0008,2000-06-13,Active,LIC-391018,APT00012
CRW002276,Michelle,Suzuki,Flight Attendant,AL0003,1999-09-17,Active,LIC-804683,APT00181
CRW002277,Jason,Clark,Captain,AL0018,2011-12-31,Active,LIC-820876,APT00001
CRW002278,Carol,Torres,Flight Attendant,AL0012,2014-12-01,Active,LIC-429289,APT00153
CRW002279,Joseph,Allen,First Officer,AL0007,1998-08-18,Active,LIC-882228,APT00127
CRW002280,Freya,Thompson,Flight Attendant,AL0016,2022-04-17,On Leave,LIC-668998,APT00187
CRW002281,John,Suzuki,Flight Attendant,AL0001,2004-07-14,Inactive,LIC-775998,APT00095
CRW002282,Eric,Patel,Flight Attendant,AL0012,2015-10-01,Active,LIC-772557,APT00030
CRW002283,Mary,Pereira,Flight Attendant,AL0014,2018-08-12,Active,LIC-803210,APT00097
CRW002284,Samuel,Oliveira,First Officer,AL0017,1996-02-20,On Leave,LIC-961191,APT00191
CRW002285,Olga,King,Flight Attendant,AL0005,2022-03-03,Active,LIC-871676,APT00239
CRW002286,Nicole,Ivanov,Flight Attendant,AL0012,2025-06-27,Active,LIC-480116,APT00053
CRW002287,Larry,Green,Flight Attendant,AL0016,2025-02-12,Active,LIC-605847,APT00088
CRW002288,Heather,Flores,Purser,AL0016,1999-05-20,Active,LIC-683453,APT00220
CRW002289,Elena,Muller,Purser,AL0004,2007-05-03,Active,LIC-870894,APT00079
CRW002290,Yuki,Kumar,Flight Attendant,AL0020,2002-04-22,Inactive,LIC-453397,APT00062
CRW002291,Betty,Yamamoto,Captain,AL0006,2009-02-28,Active,LIC-381676,APT00208
CRW002292,Angela,Rossi,Flight Attendant,AL0008,2025-08-18,Active,LIC-764044,APT00123
CRW002293,Jerry,Roberts,Captain,AL0004,2018-12-22,Active,LIC-958751,APT00146
CRW002294,Kimberly,Park,Flight Attendant,AL0003,2019-03-23,Active,LIC-920792,APT00122
CRW002295,Samantha,Rodriguez,Captain,AL0006,2008-04-03,Inactive,LIC-233161,APT00151
CRW002296,John,Rossi,Flight Attendant,AL0003,2024-06-04,Active,LIC-927302,APT00068
CRW002297,Fatima,Young,Purser,AL0015,2023-11-27,Active,LIC-810267,APT00183
CRW002298,Brenda,Wright,Flight Attendant,AL0012,2020-05-04,Active,LIC-241378,APT00091
CRW002299,Rachel,Dubois,Purser,AL0008,2020-08-03,Active,LIC-105891,APT00131
CRW002300,Heather,Perez,Flight Attendant,AL0011,2015-06-23,Active,LIC-283686,APT00047
CRW002301,Anthony,Suzuki,Captain,AL0013,1997-12-29,On Leave,LIC-936483,APT00003
CRW002302,Jason,Flores,Flight Attendant,AL0004,2003-12-10,Active,LIC-779435,APT00143
CRW002303,Yuki,Ramirez,Flight Attendant,AL0006,2019-02-25,Inactive,LIC-617775,APT00035
CRW002304,Karen,Clark,Flight Attendant,AL0018,2005-04-08,Active,LIC-667908,APT00229
CRW002305,Jerry,King,Captain,AL0001,2000-06-01,Active,LIC-471989,APT00240
CRW002306,Paul,Santos,Captain,AL0020,2024-10-04,Inactive,LIC-914595,APT00080
CRW002307,Helen,Rodriguez,Purser,AL0020,2010-05-05,Active,LIC-240606,APT00073
CRW002308,Kathleen,Green,First Officer,AL0006,2022-01-14,Active,LIC-382420,APT00128
CRW002309,Samuel,Johansson,Flight Attendant,AL0007,2003-12-05,On Leave,LIC-280532,APT00052
CRW002310,Priya,Nguyen,Flight Attendant,AL0005,2006-04-18,Active,LIC-863217,APT00216
CRW002311,Michelle,Rivera,Purser,AL0012,2005-10-14,Inactive,LIC-586045,APT00026
CRW002312,Christopher,Ramirez,Flight Attendant,AL0005,2006-09-23,Inactive,LIC-715397,APT00114
CRW002313,Ronald,Hernandez,Captain,AL0016,2008-09-30,Inactive,LIC-927483,APT00048
CRW002314,Brenda,Patel,Flight Attendant,AL0008,2004-05-09,Active,LIC-275910,APT00208
CRW002315,Alexander,Park,Captain,AL0020,2020-07-31,On Leave,LIC-967983,APT00037
CRW002316,Alexander,Adams,Flight Attendant,AL0018,2005-03-31,Inactive,LIC-213844,APT00112
CRW002317,Kenneth,Wright,Purser,AL0009,2008-11-14,Active,LIC-778860,APT00209
CRW002318,Sofia,Hernandez,Purser,AL0012,2022-01-15,Active,LIC-732450,APT00111
CRW002319,Elizabeth,Santos,First Officer,AL0001,2008-09-25,Active,LIC-842876,APT00047
CRW002320,Joseph,Tanaka,Purser,AL0002,1995-05-01,On Leave,LIC-242615,APT00040
CRW002321,John,Yamamoto,Flight Attendant,AL0011,1995-01-06,On Leave,LIC-963914,APT00152
CRW002322,Noah,Lewis,Flight Attendant,AL0010,2008-09-12,Inactive,LIC-814895,APT00032
CRW002323,Nancy,Kim,Purser,AL0008,2015-05-17,Active,LIC-199571,APT00089
CRW002324,Larry,Wright,First Officer,AL0002,2024-08-15,Active,LIC-601384,APT00153
CRW002325,Maria,Jackson,Flight Attendant,AL0017,1999-02-09,Active,LIC-835543,APT00095
CRW002326,Patrick,Taylor,Flight Attendant,AL0009,2012-01-18,Inactive,LIC-529179,APT00207
CRW002327,Diego,Walker,First Officer,AL0010,2004-01-29,Active,LIC-442815,APT00172
CRW002328,Michael,Hall,Flight Attendant,AL0009,2009-02-24,On Leave,LIC-347975,APT00034
CRW002329,Timothy,Martinez,Flight Attendant,AL0010,2008-11-27,Active,LIC-564342,APT00205
CRW002330,Jacob,Khan,Flight Attendant,AL0013,2004-10-24,Inactive,LIC-985460,APT00228
CRW002331,Katherine,Torres,Flight Attendant,AL0016,1995-07-29,Active,LIC-646763,APT00051
CRW002332,Justin,Suzuki,First Officer,AL0011,1997-04-28,Active,LIC-749949,APT00090
CRW002333,Angela,Thompson,First Officer,AL0004,2011-05-31,On Leave,LIC-801666,APT00099
CRW002334,Andrew,Jones,Flight Attendant,AL0018,2002-01-19,Active,LIC-800256,APT00107
CRW002335,Richard,Harris,Purser,AL0006,2005-04-10,Inactive,LIC-460404,APT00116
CRW002336,Stephanie,Pereira,Captain,AL0001,1997-11-04,Active,LIC-791839,APT00224
CRW002337,Ashley,Sanchez,Flight Attendant,AL0001,1996-07-23,Active,LIC-395241,APT00163
CRW002338,Eric,Khan,Captain,AL0016,1998-12-24,Inactive,LIC-625613,APT00225
CRW002339,Catherine,Kowalski,Flight Attendant,AL0008,2006-11-08,Inactive,LIC-372207,APT00088
CRW002340,Eric,Thompson,Purser,AL0001,2000-02-20,Active,LIC-945728,APT00132
CRW002341,Helen,Patel,Purser,AL0017,2002-04-09,Inactive,LIC-757134,APT00027
CRW002342,Jennifer,Taylor,Captain,AL0007,2004-06-27,Active,LIC-625438,APT00070
CRW002343,Nicole,Lewis,First Officer,AL0020,2004-02-25,Active,LIC-506355,APT00146
CRW002344,Edward,White,Flight Attendant,AL0018,1995-05-07,Inactive,LIC-568040,APT00043
CRW002345,Joseph,Wang,Flight Attendant,AL0001,1998-09-08,Active,LIC-801914,APT00241
CRW002346,Margaret,Suzuki,Flight Attendant,AL0014,2024-11-06,Active,LIC-346339,APT00068
CRW002347,Janet,Lee,Flight Attendant,AL0013,2015-12-27,Active,LIC-845617,APT00041
CRW002348,Liam,White,Captain,AL0004,1998-11-21,Active,LIC-353562,APT00196
CRW002349,Jacob,Andersson,Purser,AL0007,2003-11-30,Active,LIC-227454,APT00023
CRW002350,Dmitri,Nguyen,Flight Attendant,AL0010,2007-01-14,Active,LIC-763194,APT00082
CRW002351,Nancy,Adams,Purser,AL0003,2023-06-15,Active,LIC-737513,APT00050
CRW002352,Kimberly,Khan,Flight Attendant,AL0015,2022-08-19,On Leave,LIC-401290,APT00174
CRW002353,Noah,Lopez,Flight Attendant,AL0006,2019-03-16,Active,LIC-683894,APT00211
CRW002354,Nancy,Tanaka,Flight Attendant,AL0019,1998-05-07,Active,LIC-755838,APT00049
CRW002355,Emma,Robinson,Flight Attendant,AL0017,2010-05-30,Active,LIC-809049,APT00105
CRW002356,Anthony,Chen,Flight Attendant,AL0013,2010-03-12,Active,LIC-957435,APT00120
CRW002357,Donna,Wright,Flight Attendant,AL0003,2015-01-11,Active,LIC-868920,APT00173
CRW002358,Laura,Schmidt,Flight Attendant,AL0001,2021-07-16,Active,LIC-495376,APT00089
CRW002359,Carol,Carter,Purser,AL0003,2005-01-31,Active,LIC-307213,APT00131
CRW002360,Hiro,Wilson,Captain,AL0010,2012-07-01,Active,LIC-187592,APT00126
CRW002361,Elena,Thomas,Flight Attendant,AL0016,2003-04-16,On Leave,LIC-616422,APT00003
CRW002362,Jacob,Suzuki,Captain,AL0004,2001-08-10,Active,LIC-699891,APT00143
CRW002363,Amy,Adams,Flight Attendant,AL0015,2004-11-04,Active,LIC-721793,APT00142
CRW002364,Michael,Thompson,Purser,AL0001,2018-02-08,Active,LIC-108570,APT00248
CRW002365,Mark,Lopez,Flight Attendant,AL0006,2008-10-03,On Leave,LIC-731219,APT00128
CRW002366,Robert,Hernandez,Flight Attendant,AL0012,2016-05-28,On Leave,LIC-808302,APT00225
CRW002367,Chen,Park,Flight Attendant,AL0017,2016-09-17,On Leave,LIC-749579,APT00088
CRW002368,Betty,Fernandez,Flight Attendant,AL0016,2006-05-19,Active,LIC-573087,APT00174
CRW002369,Kenneth,Young,Purser,AL0011,2025-01-02,Active,LIC-113656,APT00226
CRW002370,Wei,Taylor,Purser,AL0001,1996-06-15,Active,LIC-540758,APT00039
CRW002371,Christine,King,Captain,AL0006,2023-03-06,On Leave,LIC-680272,APT00142
CRW002372,Justin,Hernandez,Captain,AL0016,1995-04-01,Active,LIC-612497,APT00230
CRW002373,Robert,Baker,Flight Attendant,AL0002,2007-01-05,Active,LIC-617125,APT00140
CRW002374,Angela,Kim,Flight Attendant,AL0015,2020-12-06,Active,LIC-564767,APT00224
CRW002375,Angela,Fernandez,Captain,AL0015,2016-06-30,On Leave,LIC-596818,APT00105
CRW002376,Joshua,Sanchez,First Officer,AL0016,2005-02-06,On Leave,LIC-391399,APT00222
CRW002377,Rachel,Thomas,Flight Attendant,AL0005,2022-10-28,Inactive,LIC-644465,APT00158
CRW002378,Noah,Hernandez,Flight Attendant,AL0005,1999-04-30,Active,LIC-353357,APT00120
CRW002379,Ashley,Walker,Flight Attendant,AL0004,2016-01-27,Inactive,LIC-542329,APT00054
CRW002380,Donna,Carter,Flight Attendant,AL0008,2011-04-17,Inactive,LIC-473767,APT00043
CRW002381,Joshua,Garcia,Captain,AL0011,2001-07-05,Active,LIC-742782,APT00073
CRW002382,Priya,Schmidt,First Officer,AL0003,2023-12-06,On Leave,LIC-905417,APT00189
CRW002383,Elizabeth,Torres,Purser,AL0012,2019-01-19,Inactive,LIC-669941,APT00118
CRW002384,Mohammed,Silva,Captain,AL0005,1995-04-08,Inactive,LIC-221833,APT00098
CRW002385,Janet,Nguyen,Purser,AL0012,1997-09-23,Active,LIC-700754,APT00117
CRW002386,Ryan,Gonzalez,Purser,AL0007,1996-10-06,On Leave,LIC-392287,APT00087
CRW002387,Stephen,Johnson,Flight Attendant,AL0020,2008-01-19,Active,LIC-144546,APT00202
CRW002388,Mohammed,Hall,First Officer,AL0007,2008-02-07,Active,LIC-273070,APT00098
CRW002389,Patrick,Baker,Flight Attendant,AL0018,2017-09-29,Active,LIC-999430,APT00119
CRW002390,Dorothy,Andersson,Flight Attendant,AL0004,2016-03-27,Inactive,LIC-484422,APT00140
CRW002391,Michael,Suzuki,Flight Attendant,AL0002,1995-06-23,Inactive,LIC-281549,APT00162
CRW002392,Emma,Gonzalez,Flight Attendant,AL0004,2009-12-16,On Leave,LIC-220148,APT00084
CRW002393,Sarah,Sanchez,Flight Attendant,AL0009,2019-08-28,Inactive,LIC-685296,APT00019
CRW002394,David,Taylor,First Officer,AL0019,2023-03-14,Active,LIC-784715,APT00173
CRW002395,Dmitri,Rodriguez,Purser,AL0004,2004-03-06,On Leave,LIC-417826,APT00141
CRW002396,Jeffrey,Smith,Flight Attendant,AL0016,1996-05-20,Active,LIC-193120,APT00162
CRW002397,Brandon,Miller,Flight Attendant,AL0014,1999-10-21,Active,LIC-419201,APT00136
CRW002398,Anthony,Adams,Captain,AL0007,2005-09-08,Active,LIC-698735,APT00128
CRW002399,Richard,Gonzalez,Purser,AL0007,2008-12-03,Inactive,LIC-202592,APT00238
CRW002400,Linda,Thomas,First Officer,AL0019,2006-01-14,On Leave,LIC-340939,APT00014
CRW002401,Kevin,Martinez,First Officer,AL0015,1997-11-04,Inactive,LIC-101803,APT00024
CRW002402,James,Ali,Flight Attendant,AL0005,2005-09-07,Active,LIC-524970,APT00235
CRW002403,Ronald,Kim,First Officer,AL0019,2004-02-09,Active,LIC-253486,APT00222
CRW002404,Joshua,Oliveira,Flight Attendant,AL0009,2010-04-28,On Leave,LIC-279988,APT00103
CRW002405,Amy,Rodriguez,Flight Attendant,AL0002,1997-06-27,Active,LIC-201699,APT00136
CRW002406,Stephen,Taylor,Flight Attendant,AL0017,2019-11-02,Active,LIC-757200,APT00113
CRW002407,Emily,Torres,First Officer,AL0018,2008-02-07,Active,LIC-540549,APT00250
CRW002408,Jason,Patel,Captain,AL0009,2004-12-26,Active,LIC-953447,APT00115
CRW002409,Elizabeth,Hernandez,Purser,AL0015,2023-06-25,Active,LIC-455534,APT00190
CRW002410,Andrew,Taylor,Flight Attendant,AL0005,2018-05-22,Active,LIC-299570,APT00092
CRW002411,Dmitri,King,Flight Attendant,AL0018,1999-04-20,Active,LIC-283683,APT00096
CRW002412,Sven,Johnson,Purser,AL0008,1999-08-08,Active,LIC-957836,APT00169
CRW002413,Ryan,Young,First Officer,AL0006,1995-01-25,Active,LIC-630748,APT00100
CRW002414,Sofia,Schmidt,Flight Attendant,AL0011,2012-08-13,Active,LIC-392746,APT00004
CRW002415,Jacob,Nelson,Flight Attendant,AL0006,2006-02-22,Active,LIC-688749,APT00044
CRW002416,Jessica,Wright,Flight Attendant,AL0013,2006-10-14,Inactive,LIC-602061,APT00219
CRW002417,Hiro,Flores,Flight Attendant,AL0015,2011-01-02,Active,LIC-203310,APT00092
CRW002418,Deborah,Santos,Flight Attendant,AL0009,2011-12-10,Active,LIC-731430,APT00026
CRW002419,Brenda,Adams,Purser,AL0016,1995-01-12,Active,LIC-207268,APT00235
CRW002420,Nicole,Nelson,Captain,AL0009,1998-05-21,Inactive,LIC-279341,APT00250
CRW002421,Andrew,Choi,Flight Attendant,AL0020,2019-10-17,Active,LIC-741992,APT00125
CRW002422,Raymond,Gonzalez,Purser,AL0006,2024-12-14,On Leave,LIC-500287,APT00158
CRW002423,Jacob,Davis,Flight Attendant,AL0015,2021-04-20,On Leave,LIC-299950,APT00189
CRW002424,Carol,Scott,Flight Attendant,AL0011,2023-06-21,On Leave,LIC-161044,APT00017
CRW002425,Kimberly,Sanchez,Purser,AL0019,2009-07-24,On Leave,LIC-634288,APT00075
CRW002426,Rachel,Taylor,Purser,AL0005,2020-12-17,Active,LIC-727347,APT00141
CRW002427,Sandra,Martinez,Purser,AL0004,2022-09-19,On Leave,LIC-282749,APT00138
CRW002428,Joseph,Suzuki,Flight Attendant,AL0018,2023-01-18,Inactive,LIC-474954,APT00083
CRW002429,Fatima,Roberts,Flight Attendant,AL0019,1999-09-11,Active,LIC-409822,APT00001
CRW002430,Donna,Kumar,Flight Attendant,AL0015,1999-08-11,Inactive,LIC-902479,APT00239
CRW002431,Scott,Martinez,Flight Attendant,AL0010,2007-08-25,Inactive,LIC-811812,APT00154
CRW002432,Christine,Ramirez,Flight Attendant,AL0009,2010-10-29,On Leave,LIC-346592,APT00189
CRW002433,Priya,Roberts,First Officer,AL0014,2025-02-06,Inactive,LIC-562199,APT00110
CRW002434,Pamela,Nelson,First Officer,AL0015,2004-12-27,Active,LIC-931240,APT00127
CRW002435,Frank,Kumar,Flight Attendant,AL0006,2021-02-14,Active,LIC-411164,APT00112
CRW002436,Priya,Wang,Flight Attendant,AL0001,2022-11-17,On Leave,LIC-226935,APT00108
CRW002437,Diego,King,Flight Attendant,AL0002,2025-04-29,Inactive,LIC-368491,APT00168
CRW002438,Jennifer,Dubois,Purser,AL0007,2000-12-13,Active,LIC-646269,APT00249
CRW002439,Rachel,Lee,Purser,AL0014,2002-08-07,Inactive,LIC-993063,APT00195
CRW002440,Christopher,Miller,Purser,AL0009,2001-11-28,Active,LIC-377027,APT00167
CRW002441,Ahmed,Park,Captain,AL0013,2018-02-05,Active,LIC-152708,APT00004
CRW002442,Jennifer,Johnson,Flight Attendant,AL0010,2016-07-29,On Leave,LIC-263603,APT00129
CRW002443,Sandra,Thompson,First Officer,AL0006,2007-10-16,Active,LIC-471296,APT00239
CRW002444,Lisa,Martinez,First Officer,AL0015,1997-10-17,Inactive,LIC-184543,APT00100
CRW002445,Larry,Jackson,Flight Attendant,AL0015,2011-05-13,Inactive,LIC-131481,APT00138
CRW002446,James,Young,Flight Attendant,AL0020,2018-01-03,Active,LIC-690077,APT00082
CRW002447,John,Hernandez,First Officer,AL0017,2009-11-25,Active,LIC-841932,APT00048
CRW002448,Jacob,Nguyen,Flight Attendant,AL0008,2003-06-04,Active,LIC-309850,APT00177
CRW002449,Elena,Choi,Flight Attendant,AL0015,2013-08-09,On Leave,LIC-570355,APT00079
CRW002450,Amy,Hernandez,Flight Attendant,AL0008,2015-10-07,Inactive,LIC-615532,APT00147
CRW002451,Rebecca,Choi,Purser,AL0018,2013-07-29,On Leave,LIC-700845,APT00149
CRW002452,Brandon,Allen,Flight Attendant,AL0013,2022-06-06,Active,LIC-981475,APT00213
CRW002453,Eric,Mitchell,Flight Attendant,AL0017,2004-11-11,Active,LIC-896695,APT00235
CRW002454,George,Scott,Flight Attendant,AL0006,2014-02-25,Active,LIC-384365,APT00139
CRW002455,Stephen,Sanchez,Flight Attendant,AL0001,2021-11-11,Active,LIC-978121,APT00013
CRW002456,James,Rodriguez,Purser,AL0003,2001-09-06,On Leave,LIC-131449,APT00146
CRW002457,Sandra,Mitchell,Flight Attendant,AL0011,2003-11-06,Active,LIC-965659,APT00222
CRW002458,Benjamin,Park,Flight Attendant,AL0020,1996-07-18,Inactive,LIC-228540,APT00120
CRW002459,Kenneth,Adams,Flight Attendant,AL0013,2006-10-12,Active,LIC-202584,APT00142
CRW002460,Michael,Mitchell,Captain,AL0017,1996-05-26,Active,LIC-207389,APT00191
CRW002461,Joseph,Patel,Flight Attendant,AL0010,2018-06-13,On Leave,LIC-209812,APT00110
CRW002462,Yuki,Young,Flight Attendant,AL0020,1997-10-16,Active,LIC-516954,APT00104
CRW002463,Donna,Martinez,Flight Attendant,AL0019,2016-10-02,Active,LIC-676147,APT00121
CRW002464,John,Green,Purser,AL0005,2013-03-20,Active,LIC-770184,APT00213
CRW002465,Debra,Tanaka,Purser,AL0018,2026-01-14,Active,LIC-114300,APT00122
CRW002466,Amy,Sanchez,Flight Attendant,AL0001,2005-12-09,Active,LIC-366799,APT00082
CRW002467,Jason,Tanaka,Flight Attendant,AL0012,2005-10-31,Active,LIC-219096,APT00150
CRW002468,Mohammed,Novak,Purser,AL0009,2002-08-21,On Leave,LIC-231258,APT00174
CRW002469,Emily,Martin,Purser,AL0007,2011-11-18,Inactive,LIC-771772,APT00229
CRW002470,Jonathan,Campbell,Purser,AL0019,2001-11-21,Inactive,LIC-676689,APT00224
CRW002471,Rachel,Muller,Captain,AL0014,1998-07-25,Active,LIC-288951,APT00196
CRW002472,Brenda,Flores,Captain,AL0003,2024-10-19,Active,LIC-371061,APT00193
CRW002473,Matthew,Kumar,Captain,AL0003,2016-05-03,Active,LIC-932441,APT00113
CRW002474,Samantha,Yamamoto,Purser,AL0003,1998-09-25,Active,LIC-617652,APT00086
CRW002475,Rachel,Kim,Flight Attendant,AL0007,2014-06-02,Active,LIC-314939,APT00141
CRW002476,Joseph,Kowalski,Purser,AL0002,2004-07-29,Active,LIC-940406,APT00177
CRW002477,Karen,Costa,Flight Attendant,AL0006,2000-08-28,On Leave,LIC-278754,APT00130
CRW002478,Benjamin,Andersson,First Officer,AL0016,2009-10-24,Active,LIC-362211,APT00052
CRW002479,Joseph,Novak,Purser,AL0018,2019-09-30,Active,LIC-723486,APT00004
CRW002480,Fatima,Jackson,First Officer,AL0016,1995-01-06,Active,LIC-561241,APT00015
CRW002481,Susan,Johnson,First Officer,AL0010,2006-02-27,Active,LIC-162325,APT00107
CRW002482,Elena,Gonzalez,Flight Attendant,AL0014,2023-12-07,Active,LIC-826129,APT00198
CRW002483,Benjamin,Martin,First Officer,AL0019,2007-05-22,Active,LIC-305345,APT00198
CRW002484,Rebecca,Kumar,First Officer,AL0002,1998-02-11,On Leave,LIC-722545,APT00203
CRW002485,Steven,Green,Flight Attendant,AL0019,2008-06-19,Inactive,LIC-400937,APT00178
CRW002486,Michelle,Nguyen,Flight Attendant,AL0015,2016-06-10,Active,LIC-776329,APT00006
CRW002487,Rachel,Smith,First Officer,AL0008,2026-04-20,Active,LIC-908302,APT00221
CRW002488,Alexander,Singh,Captain,AL0009,2014-10-04,On Leave,LIC-795311,APT00237
CRW002489,Margaret,Robinson,First Officer,AL0009,1996-08-02,Active,LIC-929066,APT00213
CRW002490,Shirley,Schmidt,Flight Attendant,AL0004,2020-06-02,Active,LIC-585923,APT00112
CRW002491,Freya,Martinez,Flight Attendant,AL0005,2019-07-05,Active,LIC-158546,APT00054
CRW002492,Donald,White,Captain,AL0006,2015-06-19,Inactive,LIC-582455,APT00227
CRW002493,Katherine,Jones,Captain,AL0001,2023-03-02,On Leave,LIC-515117,APT00047
CRW002494,Christopher,Thompson,Flight Attendant,AL0011,2019-03-04,Inactive,LIC-746999,APT00198
CRW002495,Priya,Park,Flight Attendant,AL0010,2002-04-18,On Leave,LIC-323826,APT00242
CRW002496,Christopher,Flores,Flight Attendant,AL0007,2008-03-26,Active,LIC-727882,APT00226
CRW002497,Kimberly,Scott,Flight Attendant,AL0004,2010-12-10,Active,LIC-497487,APT00131
CRW002498,Sharon,Perez,Flight Attendant,AL0020,2010-05-09,Active,LIC-703051,APT00209
CRW002499,Brian,Perez,Captain,AL0014,2015-01-26,On Leave,LIC-477791,APT00208
CRW002500,Christopher,Wang,Purser,AL0010,2017-01-16,On Leave,LIC-443920,APT00244
