delay_id,flight_id,delay_minutes,delay_reason
DLY000001,FLT0000002,238,Airport Operations
DLY000002,FLT0000006,54,Airport Operations
DLY000003,FLT0000019,75,Mechanical Issue
DLY000004,FLT0000028,76,Crew Availability
DLY000005,FLT0000052,221,Air Traffic Control
DLY000006,FLT0000070,146,Security
DLY000007,FLT0000075,59,Weather
DLY000008,FLT0000091,32,Weather
DLY000009,FLT0000094,164,Weather
DLY000010,FLT0000142,90,Mechanical Issue
DLY000011,FLT0000157,153,Mechanical Issue
DLY000012,FLT0000166,217,Security
DLY000013,FLT0000207,127,Security
DLY000014,FLT0000208,195,Air Traffic Control
DLY000015,FLT0000211,93,Late Aircraft Arrival
DLY000016,FLT0000218,16,Airport Operations
DLY000017,FLT0000232,25,Airport Operations
DLY000018,FLT0000254,18,Late Aircraft Arrival
DLY000019,FLT0000270,96,Mechanical Issue
DLY000020,FLT0000279,35,Weather
DLY000021,FLT0000283,31,Crew Availability
DLY000022,FLT0000295,23,Mechanical Issue
DLY000023,FLT0000303,115,Weather
DLY000024,FLT0000323,170,Weather
DLY000025,FLT0000331,107,Mechanical Issue
DLY000026,FLT0000340,49,Security
DLY000027,FLT0000346,172,Mechanical Issue
DLY000028,FLT0000357,46,Security
DLY000029,FLT0000361,225,Security
DLY000030,FLT0000376,126,Mechanical Issue
DLY000031,FLT0000379,101,Airport Operations
DLY000032,FLT0000398,110,Late Aircraft Arrival
DLY000033,FLT0000407,142,Air Traffic Control
DLY000034,FLT0000410,69,Air Traffic Control
DLY000035,FLT0000412,60,Late Aircraft Arrival
DLY000036,FLT0000417,84,Mechanical Issue
DLY000037,FLT0000421,231,Late Aircraft Arrival
DLY000038,FLT0000422,86,Weather
DLY000039,FLT0000430,193,Airport Operations
DLY000040,FLT0000443,62,Late Aircraft Arrival
DLY000041,FLT0000450,87,Mechanical Issue
DLY000042,FLT0000457,128,Late Aircraft Arrival
DLY000043,FLT0000463,102,Air Traffic Control
DLY000044,FLT0000520,43,Security
DLY000045,FLT0000521,186,Crew Availability
DLY000046,FLT0000524,176,Air Traffic Control
DLY000047,FLT0000541,92,Weather
DLY000048,FLT0000544,102,Security
DLY000049,FLT0000545,50,Air Traffic Control
DLY000050,FLT0000546,91,Security
DLY000051,FLT0000551,147,Crew Availability
DLY000052,FLT0000554,204,Weather
DLY000053,FLT0000567,111,Airport Operations
DLY000054,FLT0000596,96,Late Aircraft Arrival
DLY000055,FLT0000597,157,Airport Operations
DLY000056,FLT0000603,44,Airport Operations
DLY000057,FLT0000609,94,Weather
DLY000058,FLT0000623,177,Airport Operations
DLY000059,FLT0000638,184,Security
DLY000060,FLT0000651,206,Crew Availability
DLY000061,FLT0000652,19,Late Aircraft Arrival
DLY000062,FLT0000668,16,Airport Operations
DLY000063,FLT0000681,167,Security
DLY000064,FLT0000682,188,Weather
DLY000065,FLT0000685,136,Mechanical Issue
DLY000066,FLT0000691,211,Weather
DLY000067,FLT0000703,63,Crew Availability
DLY000068,FLT0000722,79,Mechanical Issue
DLY000069,FLT0000733,211,Crew Availability
DLY000070,FLT0000736,150,Air Traffic Control
DLY000071,FLT0000739,111,Weather
DLY000072,FLT0000742,116,Crew Availability
DLY000073,FLT0000744,46,Crew Availability
DLY000074,FLT0000748,187,Airport Operations
DLY000075,FLT0000766,44,Air Traffic Control
DLY000076,FLT0000769,109,Security
DLY000077,FLT0000772,36,Crew Availability
DLY000078,FLT0000779,175,Crew Availability
DLY000079,FLT0000781,107,Security
DLY000080,FLT0000784,122,Airport Operations
DLY000081,FLT0000790,197,Air Traffic Control
DLY000082,FLT0000793,76,Security
DLY000083,FLT0000797,187,Security
DLY000084,FLT0000800,230,Weather
DLY000085,FLT0000811,32,Airport Operations
DLY000086,FLT0000817,146,Late Aircraft Arrival
DLY000087,FLT0000836,229,Late Aircraft Arrival
DLY000088,FLT0000838,82,Crew Availability
DLY000089,FLT0000846,62,Air Traffic Control
DLY000090,FLT0000850,169,Late Aircraft Arrival
DLY000091,FLT0000852,178,Weather
DLY000092,FLT0000858,177,Airport Operations
DLY000093,FLT0000861,183,Late Aircraft Arrival
DLY000094,FLT0000868,238,Mechanical Issue
DLY000095,FLT0000870,145,Crew Availability
DLY000096,FLT0000876,113,Mechanical Issue
DLY000097,FLT0000878,141,Mechanical Issue
DLY000098,FLT0000887,179,Security
DLY000099,FLT0000888,231,Air Traffic Control
DLY000100,FLT0000898,23,Weather
DLY000101,FLT0000902,227,Crew Availability
DLY000102,FLT0000909,129,Air Traffic Control
DLY000103,FLT0000914,185,Air Traffic Control
DLY000104,FLT0000919,165,Late Aircraft Arrival
DLY000105,FLT0000921,51,Crew Availability
DLY000106,FLT0000924,76,Weather
DLY000107,FLT0000931,58,Crew Availability
DLY000108,FLT0000953,133,Airport Operations
DLY000109,FLT0000960,133,Airport Operations
DLY000110,FLT0000962,81,Crew Availability
DLY000111,FLT0000976,101,Late Aircraft Arrival
DLY000112,FLT0000988,158,Airport Operations
DLY000113,FLT0001008,226,Air Traffic Control
DLY000114,FLT0001009,69,Weather
DLY000115,FLT0001017,64,Crew Availability
DLY000116,FLT0001022,190,Crew Availability
DLY000117,FLT0001041,198,Security
DLY000118,FLT0001042,98,Security
DLY000119,FLT0001053,235,Airport Operations
DLY000120,FLT0001064,154,Crew Availability
DLY000121,FLT0001080,25,Airport Operations
DLY000122,FLT0001090,70,Security
DLY000123,FLT0001135,93,Crew Availability
DLY000124,FLT0001137,232,Air Traffic Control
DLY000125,FLT0001140,238,Weather
DLY000126,FLT0001152,157,Crew Availability
DLY000127,FLT0001164,222,Weather
DLY000128,FLT0001167,108,Security
DLY000129,FLT0001179,205,Crew Availability
DLY000130,FLT0001181,39,Mechanical Issue
DLY000131,FLT0001183,233,Security
DLY000132,FLT0001187,97,Weather
DLY000133,FLT0001188,148,Weather
DLY000134,FLT0001207,149,Air Traffic Control
DLY000135,FLT0001231,220,Airport Operations
DLY000136,FLT0001264,17,Security
DLY000137,FLT0001288,223,Mechanical Issue
DLY000138,FLT0001305,88,Mechanical Issue
DLY000139,FLT0001308,107,Airport Operations
DLY000140,FLT0001323,69,Mechanical Issue
DLY000141,FLT0001327,64,Air Traffic Control
DLY000142,FLT0001329,102,Late Aircraft Arrival
DLY000143,FLT0001330,36,Security
DLY000144,FLT0001345,114,Late Aircraft Arrival
DLY000145,FLT0001356,111,Air Traffic Control
DLY000146,FLT0001361,63,Security
DLY000147,FLT0001362,79,Air Traffic Control
DLY000148,FLT0001386,185,Mechanical Issue
DLY000149,FLT0001403,132,Crew Availability
DLY000150,FLT0001418,22,Mechanical Issue
DLY000151,FLT0001421,141,Weather
DLY000152,FLT0001424,76,Weather
DLY000153,FLT0001437,24,Security
DLY000154,FLT0001441,150,Air Traffic Control
DLY000155,FLT0001442,238,Air Traffic Control
DLY000156,FLT0001456,197,Security
DLY000157,FLT0001460,53,Security
DLY000158,FLT0001471,48,Late Aircraft Arrival
DLY000159,FLT0001473,157,Mechanical Issue
DLY000160,FLT0001483,45,Mechanical Issue
DLY000161,FLT0001488,218,Air Traffic Control
DLY000162,FLT0001502,235,Security
DLY000163,FLT0001506,195,Security
DLY000164,FLT0001524,127,Air Traffic Control
DLY000165,FLT0001526,58,Air Traffic Control
DLY000166,FLT0001528,226,Late Aircraft Arrival
DLY000167,FLT0001529,168,Airport Operations
DLY000168,FLT0001533,166,Security
DLY000169,FLT0001543,115,Airport Operations
DLY000170,FLT0001549,237,Security
DLY000171,FLT0001552,20,Air Traffic Control
DLY000172,FLT0001570,52,Security
DLY000173,FLT0001577,26,Mechanical Issue
DLY000174,FLT0001583,22,Weather
DLY000175,FLT0001584,96,Mechanical Issue
DLY000176,FLT0001591,126,Air Traffic Control
DLY000177,FLT0001595,220,Air Traffic Control
DLY000178,FLT0001603,180,Airport Operations
DLY000179,FLT0001611,99,Security
DLY000180,FLT0001618,237,Late Aircraft Arrival
DLY000181,FLT0001625,81,Late Aircraft Arrival
DLY000182,FLT0001633,32,Airport Operations
DLY000183,FLT0001650,224,Late Aircraft Arrival
DLY000184,FLT0001654,203,Mechanical Issue
DLY000185,FLT0001661,112,Airport Operations
DLY000186,FLT0001684,125,Crew Availability
DLY000187,FLT0001687,100,Weather
DLY000188,FLT0001709,117,Airport Operations
DLY000189,FLT0001711,201,Airport Operations
DLY000190,FLT0001721,53,Airport Operations
DLY000191,FLT0001723,122,Airport Operations
DLY000192,FLT0001726,119,Late Aircraft Arrival
DLY000193,FLT0001730,96,Security
DLY000194,FLT0001734,86,Mechanical Issue
DLY000195,FLT0001735,107,Air Traffic Control
DLY000196,FLT0001736,108,Late Aircraft Arrival
DLY000197,FLT0001749,224,Weather
DLY000198,FLT0001759,235,Mechanical Issue
DLY000199,FLT0001762,135,Airport Operations
DLY000200,FLT0001763,216,Late Aircraft Arrival
DLY000201,FLT0001773,201,Crew Availability
DLY000202,FLT0001776,135,Mechanical Issue
DLY000203,FLT0001777,163,Air Traffic Control
DLY000204,FLT0001788,113,Mechanical Issue
DLY000205,FLT0001790,196,Airport Operations
DLY000206,FLT0001795,49,Mechanical Issue
DLY000207,FLT0001800,26,Weather
DLY000208,FLT0001802,200,Late Aircraft Arrival
DLY000209,FLT0001819,131,Crew Availability
DLY000210,FLT0001822,237,Airport Operations
DLY000211,FLT0001823,211,Crew Availability
DLY000212,FLT0001824,37,Mechanical Issue
DLY000213,FLT0001826,193,Weather
DLY000214,FLT0001830,45,Airport Operations
DLY000215,FLT0001848,102,Security
DLY000216,FLT0001864,94,Airport Operations
DLY000217,FLT0001873,71,Late Aircraft Arrival
DLY000218,FLT0001888,216,Crew Availability
DLY000219,FLT0001893,81,Security
DLY000220,FLT0001917,48,Late Aircraft Arrival
DLY000221,FLT0001918,205,Air Traffic Control
DLY000222,FLT0001959,96,Air Traffic Control
DLY000223,FLT0001974,58,Air Traffic Control
DLY000224,FLT0001983,201,Weather
DLY000225,FLT0001984,238,Weather
DLY000226,FLT0001986,71,Late Aircraft Arrival
DLY000227,FLT0001996,227,Security
DLY000228,FLT0002005,217,Crew Availability
DLY000229,FLT0002018,109,Weather
DLY000230,FLT0002020,98,Security
DLY000231,FLT0002021,230,Security
DLY000232,FLT0002027,202,Mechanical Issue
DLY000233,FLT0002037,225,Late Aircraft Arrival
DLY000234,FLT0002038,165,Mechanical Issue
DLY000235,FLT0002057,163,Late Aircraft Arrival
DLY000236,FLT0002064,204,Airport Operations
DLY000237,FLT0002094,208,Air Traffic Control
DLY000238,FLT0002101,61,Security
DLY000239,FLT0002102,134,Weather
DLY000240,FLT0002105,100,Crew Availability
DLY000241,FLT0002132,29,Late Aircraft Arrival
DLY000242,FLT0002134,83,Air Traffic Control
DLY000243,FLT0002142,46,Late Aircraft Arrival
DLY000244,FLT0002148,144,Airport Operations
DLY000245,FLT0002149,104,Mechanical Issue
DLY000246,FLT0002150,202,Late Aircraft Arrival
DLY000247,FLT0002163,93,Air Traffic Control
DLY000248,FLT0002165,141,Weather
DLY000249,FLT0002168,93,Weather
DLY000250,FLT0002172,104,Airport Operations
DLY000251,FLT0002188,119,Air Traffic Control
DLY000252,FLT0002215,138,Crew Availability
DLY000253,FLT0002219,137,Late Aircraft Arrival
DLY000254,FLT0002225,84,Air Traffic Control
DLY000255,FLT0002234,106,Late Aircraft Arrival
DLY000256,FLT0002270,209,Airport Operations
DLY000257,FLT0002279,134,Mechanical Issue
DLY000258,FLT0002282,181,Air Traffic Control
DLY000259,FLT0002293,34,Air Traffic Control
DLY000260,FLT0002295,192,Late Aircraft Arrival
DLY000261,FLT0002299,238,Crew Availability
DLY000262,FLT0002301,22,Crew Availability
DLY000263,FLT0002333,235,Air Traffic Control
DLY000264,FLT0002351,33,Air Traffic Control
DLY000265,FLT0002360,231,Security
DLY000266,FLT0002364,56,Air Traffic Control
DLY000267,FLT0002384,16,Airport Operations
DLY000268,FLT0002386,162,Airport Operations
DLY000269,FLT0002387,159,Crew Availability
DLY000270,FLT0002388,27,Crew Availability
DLY000271,FLT0002389,24,Crew Availability
DLY000272,FLT0002396,20,Mechanical Issue
DLY000273,FLT0002400,74,Airport Operations
DLY000274,FLT0002405,146,Security
DLY000275,FLT0002406,91,Air Traffic Control
DLY000276,FLT0002409,218,Late Aircraft Arrival
DLY000277,FLT0002410,226,Late Aircraft Arrival
DLY000278,FLT0002416,29,Security
DLY000279,FLT0002422,184,Security
DLY000280,FLT0002426,104,Security
DLY000281,FLT0002428,137,Crew Availability
DLY000282,FLT0002430,57,Mechanical Issue
DLY000283,FLT0002431,23,Weather
DLY000284,FLT0002448,17,Weather
DLY000285,FLT0002452,64,Airport Operations
DLY000286,FLT0002469,218,Crew Availability
DLY000287,FLT0002470,132,Security
DLY000288,FLT0002477,102,Airport Operations
DLY000289,FLT0002493,176,Crew Availability
DLY000290,FLT0002498,121,Air Traffic Control
DLY000291,FLT0002502,37,Airport Operations
DLY000292,FLT0002506,89,Late Aircraft Arrival
DLY000293,FLT0002522,55,Late Aircraft Arrival
DLY000294,FLT0002523,155,Security
DLY000295,FLT0002530,201,Crew Availability
DLY000296,FLT0002537,233,Security
DLY000297,FLT0002540,193,Weather
DLY000298,FLT0002556,35,Security
DLY000299,FLT0002558,232,Security
DLY000300,FLT0002581,71,Security
DLY000301,FLT0002590,96,Air Traffic Control
DLY000302,FLT0002598,140,Late Aircraft Arrival
DLY000303,FLT0002599,99,Mechanical Issue
DLY000304,FLT0002607,158,Weather
DLY000305,FLT0002623,33,Security
DLY000306,FLT0002634,38,Air Traffic Control
DLY000307,FLT0002645,104,Weather
DLY000308,FLT0002648,113,Security
DLY000309,FLT0002650,120,Mechanical Issue
DLY000310,FLT0002651,40,Mechanical Issue
DLY000311,FLT0002654,124,Weather
DLY000312,FLT0002665,40,Late Aircraft Arrival
DLY000313,FLT0002680,193,Airport Operations
DLY000314,FLT0002691,153,Airport Operations
DLY000315,FLT0002697,141,Weather
DLY000316,FLT0002701,32,Airport Operations
DLY000317,FLT0002711,57,Air Traffic Control
DLY000318,FLT0002712,32,Mechanical Issue
DLY000319,FLT0002744,110,Security
DLY000320,FLT0002750,104,Airport Operations
DLY000321,FLT0002751,139,Crew Availability
DLY000322,FLT0002752,238,Airport Operations
DLY000323,FLT0002760,204,Crew Availability
DLY000324,FLT0002764,223,Late Aircraft Arrival
DLY000325,FLT0002765,185,Weather
DLY000326,FLT0002769,163,Air Traffic Control
DLY000327,FLT0002771,164,Late Aircraft Arrival
DLY000328,FLT0002788,96,Airport Operations
DLY000329,FLT0002790,49,Air Traffic Control
DLY000330,FLT0002791,162,Air Traffic Control
DLY000331,FLT0002793,123,Air Traffic Control
DLY000332,FLT0002794,180,Crew Availability
DLY000333,FLT0002814,145,Weather
DLY000334,FLT0002817,214,Air Traffic Control
DLY000335,FLT0002831,49,Air Traffic Control
DLY000336,FLT0002835,120,Mechanical Issue
DLY000337,FLT0002843,177,Crew Availability
DLY000338,FLT0002849,24,Crew Availability
DLY000339,FLT0002851,190,Crew Availability
DLY000340,FLT0002857,53,Crew Availability
DLY000341,FLT0002869,60,Air Traffic Control
DLY000342,FLT0002875,206,Weather
DLY000343,FLT0002877,42,Crew Availability
DLY000344,FLT0002878,29,Air Traffic Control
DLY000345,FLT0002879,144,Security
DLY000346,FLT0002897,201,Air Traffic Control
DLY000347,FLT0002901,154,Mechanical Issue
DLY000348,FLT0002903,193,Late Aircraft Arrival
DLY000349,FLT0002906,73,Weather
DLY000350,FLT0002912,119,Weather
DLY000351,FLT0002913,93,Late Aircraft Arrival
DLY000352,FLT0002920,133,Weather
DLY000353,FLT0002925,131,Late Aircraft Arrival
DLY000354,FLT0002928,238,Weather
DLY000355,FLT0002932,204,Weather
DLY000356,FLT0002960,133,Late Aircraft Arrival
DLY000357,FLT0002969,136,Mechanical Issue
DLY000358,FLT0002971,49,Late Aircraft Arrival
DLY000359,FLT0002975,189,Mechanical Issue
DLY000360,FLT0002985,145,Mechanical Issue
DLY000361,FLT0002987,121,Mechanical Issue
DLY000362,FLT0002995,31,Air Traffic Control
DLY000363,FLT0002996,136,Airport Operations
DLY000364,FLT0003000,193,Crew Availability
DLY000365,FLT0003001,168,Mechanical Issue
DLY000366,FLT0003002,106,Air Traffic Control
DLY000367,FLT0003007,77,Weather
DLY000368,FLT0003008,212,Weather
DLY000369,FLT0003020,58,Mechanical Issue
DLY000370,FLT0003033,172,Crew Availability
DLY000371,FLT0003035,92,Crew Availability
DLY000372,FLT0003036,188,Weather
DLY000373,FLT0003047,101,Mechanical Issue
DLY000374,FLT0003055,136,Air Traffic Control
DLY000375,FLT0003057,122,Weather
DLY000376,FLT0003058,216,Air Traffic Control
DLY000377,FLT0003060,143,Mechanical Issue
DLY000378,FLT0003068,94,Late Aircraft Arrival
DLY000379,FLT0003070,200,Airport Operations
DLY000380,FLT0003081,69,Crew Availability
DLY000381,FLT0003083,183,Security
DLY000382,FLT0003084,51,Airport Operations
DLY000383,FLT0003090,224,Mechanical Issue
DLY000384,FLT0003092,197,Mechanical Issue
DLY000385,FLT0003097,122,Crew Availability
DLY000386,FLT0003104,166,Air Traffic Control
DLY000387,FLT0003111,121,Weather
DLY000388,FLT0003122,48,Airport Operations
DLY000389,FLT0003126,118,Security
DLY000390,FLT0003133,59,Mechanical Issue
DLY000391,FLT0003138,75,Crew Availability
DLY000392,FLT0003139,169,Crew Availability
DLY000393,FLT0003141,191,Crew Availability
DLY000394,FLT0003144,89,Airport Operations
DLY000395,FLT0003152,70,Crew Availability
DLY000396,FLT0003159,111,Crew Availability
DLY000397,FLT0003171,148,Security
DLY000398,FLT0003184,69,Airport Operations
DLY000399,FLT0003191,232,Security
DLY000400,FLT0003198,29,Crew Availability
DLY000401,FLT0003203,137,Mechanical Issue
DLY000402,FLT0003204,133,Air Traffic Control
DLY000403,FLT0003221,90,Airport Operations
DLY000404,FLT0003222,143,Airport Operations
DLY000405,FLT0003228,66,Crew Availability
DLY000406,FLT0003231,237,Late Aircraft Arrival
DLY000407,FLT0003233,147,Security
DLY000408,FLT0003237,171,Late Aircraft Arrival
DLY000409,FLT0003239,97,Weather
DLY000410,FLT0003268,204,Late Aircraft Arrival
DLY000411,FLT0003269,139,Air Traffic Control
DLY000412,FLT0003287,203,Crew Availability
DLY000413,FLT0003289,32,Weather
DLY000414,FLT0003292,119,Mechanical Issue
DLY000415,FLT0003299,41,Security
DLY000416,FLT0003300,16,Mechanical Issue
DLY000417,FLT0003302,62,Mechanical Issue
DLY000418,FLT0003311,222,Security
DLY000419,FLT0003318,65,Weather
DLY000420,FLT0003327,138,Crew Availability
DLY000421,FLT0003337,38,Air Traffic Control
DLY000422,FLT0003344,219,Airport Operations
DLY000423,FLT0003356,131,Air Traffic Control
DLY000424,FLT0003359,205,Crew Availability
DLY000425,FLT0003362,163,Airport Operations
DLY000426,FLT0003365,38,Air Traffic Control
DLY000427,FLT0003366,181,Crew Availability
DLY000428,FLT0003379,125,Weather
DLY000429,FLT0003386,61,Weather
DLY000430,FLT0003389,15,Air Traffic Control
DLY000431,FLT0003398,116,Crew Availability
DLY000432,FLT0003400,198,Weather
DLY000433,FLT0003402,69,Late Aircraft Arrival
DLY000434,FLT0003409,111,Weather
DLY000435,FLT0003414,147,Air Traffic Control
DLY000436,FLT0003417,221,Air Traffic Control
DLY000437,FLT0003422,143,Airport Operations
DLY000438,FLT0003424,99,Late Aircraft Arrival
DLY000439,FLT0003447,230,Weather
DLY000440,FLT0003449,219,Air Traffic Control
DLY000441,FLT0003462,234,Security
DLY000442,FLT0003468,76,Crew Availability
DLY000443,FLT0003484,106,Crew Availability
DLY000444,FLT0003486,212,Mechanical Issue
DLY000445,FLT0003499,44,Air Traffic Control
DLY000446,FLT0003518,186,Air Traffic Control
DLY000447,FLT0003523,94,Airport Operations
DLY000448,FLT0003554,231,Airport Operations
DLY000449,FLT0003558,81,Air Traffic Control
DLY000450,FLT0003568,205,Late Aircraft Arrival
DLY000451,FLT0003582,102,Airport Operations
DLY000452,FLT0003584,91,Weather
DLY000453,FLT0003585,221,Late Aircraft Arrival
DLY000454,FLT0003590,72,Air Traffic Control
DLY000455,FLT0003610,211,Mechanical Issue
DLY000456,FLT0003615,96,Mechanical Issue
DLY000457,FLT0003620,188,Mechanical Issue
DLY000458,FLT0003622,205,Weather
DLY000459,FLT0003623,112,Airport Operations
DLY000460,FLT0003641,22,Airport Operations
DLY000461,FLT0003659,111,Air Traffic Control
DLY000462,FLT0003661,38,Air Traffic Control
DLY000463,FLT0003664,214,Mechanical Issue
DLY000464,FLT0003674,165,Airport Operations
DLY000465,FLT0003682,97,Airport Operations
DLY000466,FLT0003693,141,Air Traffic Control
DLY000467,FLT0003710,202,Airport Operations
DLY000468,FLT0003713,137,Crew Availability
DLY000469,FLT0003716,93,Airport Operations
DLY000470,FLT0003734,192,Air Traffic Control
DLY000471,FLT0003735,56,Crew Availability
DLY000472,FLT0003740,70,Air Traffic Control
DLY000473,FLT0003751,20,Airport Operations
DLY000474,FLT0003770,233,Late Aircraft Arrival
DLY000475,FLT0003771,107,Air Traffic Control
DLY000476,FLT0003794,165,Security
DLY000477,FLT0003797,23,Weather
DLY000478,FLT0003816,78,Security
DLY000479,FLT0003820,179,Weather
DLY000480,FLT0003829,204,Air Traffic Control
DLY000481,FLT0003830,170,Air Traffic Control
DLY000482,FLT0003842,21,Late Aircraft Arrival
DLY000483,FLT0003847,191,Late Aircraft Arrival
DLY000484,FLT0003868,61,Mechanical Issue
DLY000485,FLT0003887,210,Weather
DLY000486,FLT0003891,99,Air Traffic Control
DLY000487,FLT0003894,165,Mechanical Issue
DLY000488,FLT0003895,156,Late Aircraft Arrival
DLY000489,FLT0003902,153,Air Traffic Control
DLY000490,FLT0003921,117,Security
DLY000491,FLT0003922,204,Security
DLY000492,FLT0003923,69,Crew Availability
DLY000493,FLT0003931,73,Security
DLY000494,FLT0003943,220,Crew Availability
DLY000495,FLT0003951,127,Mechanical Issue
DLY000496,FLT0003952,67,Air Traffic Control
DLY000497,FLT0003956,83,Airport Operations
DLY000498,FLT0003957,66,Air Traffic Control
DLY000499,FLT0003973,108,Security
DLY000500,FLT0003981,71,Airport Operations
DLY000501,FLT0003982,231,Airport Operations
DLY000502,FLT0003998,24,Crew Availability
DLY000503,FLT0004013,21,Weather
DLY000504,FLT0004023,143,Crew Availability
DLY000505,FLT0004027,180,Security
DLY000506,FLT0004037,218,Security
DLY000507,FLT0004042,21,Crew Availability
DLY000508,FLT0004044,178,Air Traffic Control
DLY000509,FLT0004050,216,Air Traffic Control
DLY000510,FLT0004061,168,Mechanical Issue
DLY000511,FLT0004077,146,Late Aircraft Arrival
DLY000512,FLT0004086,131,Crew Availability
DLY000513,FLT0004093,162,Weather
DLY000514,FLT0004104,90,Crew Availability
DLY000515,FLT0004113,174,Crew Availability
DLY000516,FLT0004119,51,Airport Operations
DLY000517,FLT0004141,105,Security
DLY000518,FLT0004143,136,Late Aircraft Arrival
DLY000519,FLT0004147,214,Late Aircraft Arrival
DLY000520,FLT0004152,102,Late Aircraft Arrival
DLY000521,FLT0004156,50,Mechanical Issue
DLY000522,FLT0004182,98,Late Aircraft Arrival
DLY000523,FLT0004197,57,Air Traffic Control
DLY000524,FLT0004203,26,Security
DLY000525,FLT0004206,167,Weather
DLY000526,FLT0004212,149,Crew Availability
DLY000527,FLT0004217,92,Airport Operations
DLY000528,FLT0004222,46,Crew Availability
DLY000529,FLT0004242,128,Air Traffic Control
DLY000530,FLT0004250,72,Airport Operations
DLY000531,FLT0004251,68,Late Aircraft Arrival
DLY000532,FLT0004253,137,Crew Availability
DLY000533,FLT0004259,74,Late Aircraft Arrival
DLY000534,FLT0004276,81,Security
DLY000535,FLT0004295,59,Crew Availability
DLY000536,FLT0004318,97,Weather
DLY000537,FLT0004321,88,Airport Operations
DLY000538,FLT0004326,73,Mechanical Issue
DLY000539,FLT0004339,118,Late Aircraft Arrival
DLY000540,FLT0004362,199,Security
DLY000541,FLT0004370,104,Air Traffic Control
DLY000542,FLT0004373,140,Air Traffic Control
DLY000543,FLT0004386,95,Crew Availability
DLY000544,FLT0004392,228,Air Traffic Control
DLY000545,FLT0004414,75,Crew Availability
DLY000546,FLT0004420,195,Crew Availability
DLY000547,FLT0004438,217,Security
DLY000548,FLT0004440,16,Weather
DLY000549,FLT0004447,110,Air Traffic Control
DLY000550,FLT0004457,99,Airport Operations
DLY000551,FLT0004466,223,Security
DLY000552,FLT0004467,146,Weather
DLY000553,FLT0004469,83,Crew Availability
DLY000554,FLT0004470,98,Weather
DLY000555,FLT0004480,221,Weather
DLY000556,FLT0004484,168,Mechanical Issue
DLY000557,FLT0004497,157,Crew Availability
DLY000558,FLT0004506,134,Late Aircraft Arrival
DLY000559,FLT0004516,167,Airport Operations
DLY000560,FLT0004518,90,Air Traffic Control
DLY000561,FLT0004524,39,Crew Availability
DLY000562,FLT0004525,204,Air Traffic Control
DLY000563,FLT0004537,130,Mechanical Issue
DLY000564,FLT0004554,174,Security
DLY000565,FLT0004555,152,Late Aircraft Arrival
DLY000566,FLT0004566,130,Weather
DLY000567,FLT0004569,131,Mechanical Issue
DLY000568,FLT0004570,131,Weather
DLY000569,FLT0004581,157,Airport Operations
DLY000570,FLT0004583,64,Mechanical Issue
DLY000571,FLT0004601,51,Late Aircraft Arrival
DLY000572,FLT0004606,223,Mechanical Issue
DLY000573,FLT0004615,59,Late Aircraft Arrival
DLY000574,FLT0004627,180,Air Traffic Control
DLY000575,FLT0004628,111,Weather
DLY000576,FLT0004639,106,Airport Operations
DLY000577,FLT0004650,130,Weather
DLY000578,FLT0004653,174,Weather
DLY000579,FLT0004655,43,Crew Availability
DLY000580,FLT0004656,171,Airport Operations
DLY000581,FLT0004670,27,Mechanical Issue
DLY000582,FLT0004683,64,Security
DLY000583,FLT0004689,238,Mechanical Issue
DLY000584,FLT0004695,236,Security
DLY000585,FLT0004699,206,Weather
DLY000586,FLT0004701,203,Air Traffic Control
DLY000587,FLT0004707,117,Weather
DLY000588,FLT0004716,141,Air Traffic Control
DLY000589,FLT0004729,166,Air Traffic Control
DLY000590,FLT0004738,223,Airport Operations
DLY000591,FLT0004739,76,Mechanical Issue
DLY000592,FLT0004741,32,Weather
DLY000593,FLT0004758,107,Crew Availability
DLY000594,FLT0004761,234,Weather
DLY000595,FLT0004770,164,Crew Availability
DLY000596,FLT0004779,166,Security
DLY000597,FLT0004781,214,Airport Operations
DLY000598,FLT0004785,97,Air Traffic Control
DLY000599,FLT0004790,200,Crew Availability
DLY000600,FLT0004791,21,Security
DLY000601,FLT0004805,144,Weather
DLY000602,FLT0004846,74,Mechanical Issue
DLY000603,FLT0004853,77,Mechanical Issue
DLY000604,FLT0004867,131,Air Traffic Control
DLY000605,FLT0004877,138,Mechanical Issue
DLY000606,FLT0004886,237,Mechanical Issue
DLY000607,FLT0004899,17,Late Aircraft Arrival
DLY000608,FLT0004901,65,Airport Operations
DLY000609,FLT0004908,156,Mechanical Issue
DLY000610,FLT0004911,192,Crew Availability
DLY000611,FLT0004914,125,Air Traffic Control
DLY000612,FLT0004917,34,Airport Operations
DLY000613,FLT0004922,227,Late Aircraft Arrival
DLY000614,FLT0004929,156,Crew Availability
DLY000615,FLT0004936,28,Air Traffic Control
DLY000616,FLT0004941,192,Late Aircraft Arrival
DLY000617,FLT0004952,161,Late Aircraft Arrival
DLY000618,FLT0004953,192,Security
DLY000619,FLT0004963,66,Security
DLY000620,FLT0004968,103,Crew Availability
DLY000621,FLT0004980,97,Air Traffic Control
DLY000622,FLT0004982,54,Mechanical Issue
DLY000623,FLT0004989,112,Air Traffic Control
DLY000624,FLT0005005,62,Mechanical Issue
DLY000625,FLT0005011,201,Mechanical Issue
DLY000626,FLT0005015,36,Crew Availability
DLY000627,FLT0005024,55,Late Aircraft Arrival
DLY000628,FLT0005026,130,Security
DLY000629,FLT0005031,117,Late Aircraft Arrival
DLY000630,FLT0005055,234,Crew Availability
DLY000631,FLT0005060,221,Weather
DLY000632,FLT0005094,200,Airport Operations
DLY000633,FLT0005096,160,Late Aircraft Arrival
DLY000634,FLT0005102,71,Late Aircraft Arrival
DLY000635,FLT0005105,186,Air Traffic Control
DLY000636,FLT0005116,219,Air Traffic Control
DLY000637,FLT0005117,127,Airport Operations
DLY000638,FLT0005139,87,Security
DLY000639,FLT0005166,200,Airport Operations
DLY000640,FLT0005175,23,Weather
DLY000641,FLT0005180,238,Airport Operations
DLY000642,FLT0005193,214,Late Aircraft Arrival
DLY000643,FLT0005195,140,Mechanical Issue
DLY000644,FLT0005205,107,Crew Availability
DLY000645,FLT0005211,68,Air Traffic Control
DLY000646,FLT0005217,92,Air Traffic Control
DLY000647,FLT0005221,214,Security
DLY000648,FLT0005222,187,Air Traffic Control
DLY000649,FLT0005259,50,Crew Availability
DLY000650,FLT0005261,216,Crew Availability
DLY000651,FLT0005264,179,Airport Operations
DLY000652,FLT0005265,112,Late Aircraft Arrival
DLY000653,FLT0005280,68,Mechanical Issue
DLY000654,FLT0005282,194,Weather
DLY000655,FLT0005301,160,Weather
DLY000656,FLT0005310,76,Air Traffic Control
DLY000657,FLT0005327,61,Crew Availability
DLY000658,FLT0005333,143,Crew Availability
DLY000659,FLT0005361,106,Crew Availability
DLY000660,FLT0005362,224,Airport Operations
DLY000661,FLT0005384,107,Late Aircraft Arrival
DLY000662,FLT0005393,26,Airport Operations
DLY000663,FLT0005405,175,Weather
DLY000664,FLT0005408,183,Weather
DLY000665,FLT0005414,97,Security
DLY000666,FLT0005433,81,Late Aircraft Arrival
DLY000667,FLT0005440,111,Weather
DLY000668,FLT0005449,19,Late Aircraft Arrival
DLY000669,FLT0005459,169,Security
DLY000670,FLT0005468,98,Late Aircraft Arrival
DLY000671,FLT0005478,185,Late Aircraft Arrival
DLY000672,FLT0005482,212,Weather
DLY000673,FLT0005491,63,Airport Operations
DLY000674,FLT0005506,70,Weather
DLY000675,FLT0005507,239,Security
DLY000676,FLT0005519,66,Crew Availability
DLY000677,FLT0005530,218,Security
DLY000678,FLT0005539,47,Mechanical Issue
DLY000679,FLT0005543,51,Air Traffic Control
DLY000680,FLT0005554,201,Late Aircraft Arrival
DLY000681,FLT0005564,39,Weather
DLY000682,FLT0005575,200,Security
DLY000683,FLT0005577,207,Airport Operations
DLY000684,FLT0005590,187,Air Traffic Control
DLY000685,FLT0005603,27,Mechanical Issue
DLY000686,FLT0005612,119,Air Traffic Control
DLY000687,FLT0005620,63,Airport Operations
DLY000688,FLT0005623,129,Weather
DLY000689,FLT0005627,212,Crew Availability
DLY000690,FLT0005632,201,Air Traffic Control
DLY000691,FLT0005646,96,Crew Availability
DLY000692,FLT0005650,110,Weather
DLY000693,FLT0005656,64,Air Traffic Control
DLY000694,FLT0005670,142,Air Traffic Control
DLY000695,FLT0005676,56,Crew Availability
DLY000696,FLT0005684,143,Airport Operations
DLY000697,FLT0005691,55,Air Traffic Control
DLY000698,FLT0005718,174,Security
DLY000699,FLT0005726,217,Mechanical Issue
DLY000700,FLT0005727,135,Weather
DLY000701,FLT0005741,133,Crew Availability
DLY000702,FLT0005755,227,Security
DLY000703,FLT0005765,79,Weather
DLY000704,FLT0005773,79,Crew Availability
DLY000705,FLT0005794,102,Air Traffic Control
DLY000706,FLT0005796,44,Security
DLY000707,FLT0005802,136,Late Aircraft Arrival
DLY000708,FLT0005808,222,Mechanical Issue
DLY000709,FLT0005809,129,Crew Availability
DLY000710,FLT0005813,111,Late Aircraft Arrival
DLY000711,FLT0005819,193,Airport Operations
DLY000712,FLT0005821,134,Mechanical Issue
DLY000713,FLT0005829,21,Air Traffic Control
DLY000714,FLT0005832,237,Weather
DLY000715,FLT0005852,73,Weather
DLY000716,FLT0005853,56,Security
DLY000717,FLT0005869,191,Airport Operations
DLY000718,FLT0005873,149,Late Aircraft Arrival
DLY000719,FLT0005874,201,Air Traffic Control
DLY000720,FLT0005892,93,Weather
DLY000721,FLT0005910,19,Airport Operations
DLY000722,FLT0005923,203,Airport Operations
DLY000723,FLT0005932,202,Crew Availability
DLY000724,FLT0005934,237,Airport Operations
DLY000725,FLT0005944,190,Airport Operations
DLY000726,FLT0005955,189,Late Aircraft Arrival
DLY000727,FLT0005956,212,Airport Operations
DLY000728,FLT0005958,63,Weather
DLY000729,FLT0005962,56,Late Aircraft Arrival
DLY000730,FLT0005965,134,Air Traffic Control
DLY000731,FLT0005966,108,Crew Availability
DLY000732,FLT0005968,108,Airport Operations
DLY000733,FLT0005969,198,Security
DLY000734,FLT0006005,181,Air Traffic Control
DLY000735,FLT0006007,96,Weather
DLY000736,FLT0006017,120,Security
DLY000737,FLT0006026,129,Weather
DLY000738,FLT0006029,201,Late Aircraft Arrival
DLY000739,FLT0006038,51,Mechanical Issue
DLY000740,FLT0006045,180,Security
DLY000741,FLT0006050,212,Air Traffic Control
DLY000742,FLT0006066,100,Late Aircraft Arrival
DLY000743,FLT0006072,97,Weather
DLY000744,FLT0006078,97,Late Aircraft Arrival
DLY000745,FLT0006079,55,Security
DLY000746,FLT0006082,100,Air Traffic Control
DLY000747,FLT0006113,62,Security
DLY000748,FLT0006120,230,Late Aircraft Arrival
DLY000749,FLT0006121,142,Weather
DLY000750,FLT0006123,22,Weather
DLY000751,FLT0006141,212,Weather
DLY000752,FLT0006142,213,Airport Operations
DLY000753,FLT0006148,63,Weather
DLY000754,FLT0006152,197,Air Traffic Control
DLY000755,FLT0006158,57,Mechanical Issue
DLY000756,FLT0006162,163,Late Aircraft Arrival
DLY000757,FLT0006169,225,Airport Operations
DLY000758,FLT0006173,56,Late Aircraft Arrival
DLY000759,FLT0006176,213,Air Traffic Control
DLY000760,FLT0006177,23,Security
DLY000761,FLT0006178,127,Air Traffic Control
DLY000762,FLT0006188,16,Crew Availability
DLY000763,FLT0006191,103,Weather
DLY000764,FLT0006193,212,Weather
DLY000765,FLT0006198,36,Security
DLY000766,FLT0006201,157,Security
DLY000767,FLT0006211,92,Mechanical Issue
DLY000768,FLT0006219,63,Crew Availability
DLY000769,FLT0006226,126,Airport Operations
DLY000770,FLT0006237,227,Security
DLY000771,FLT0006259,48,Air Traffic Control
DLY000772,FLT0006269,128,Security
DLY000773,FLT0006271,170,Crew Availability
DLY000774,FLT0006278,70,Security
DLY000775,FLT0006284,167,Security
DLY000776,FLT0006287,237,Weather
DLY000777,FLT0006291,193,Security
DLY000778,FLT0006302,170,Mechanical Issue
DLY000779,FLT0006303,98,Mechanical Issue
DLY000780,FLT0006316,155,Security
DLY000781,FLT0006327,31,Mechanical Issue
DLY000782,FLT0006341,139,Airport Operations
DLY000783,FLT0006356,193,Weather
DLY000784,FLT0006365,141,Crew Availability
DLY000785,FLT0006387,94,Security
DLY000786,FLT0006401,164,Late Aircraft Arrival
DLY000787,FLT0006414,183,Air Traffic Control
DLY000788,FLT0006431,116,Air Traffic Control
DLY000789,FLT0006438,100,Weather
DLY000790,FLT0006439,35,Airport Operations
DLY000791,FLT0006440,23,Weather
DLY000792,FLT0006441,17,Air Traffic Control
DLY000793,FLT0006454,211,Weather
DLY000794,FLT0006457,213,Mechanical Issue
DLY000795,FLT0006461,114,Mechanical Issue
DLY000796,FLT0006462,149,Security
DLY000797,FLT0006470,89,Mechanical Issue
DLY000798,FLT0006471,232,Weather
DLY000799,FLT0006473,119,Late Aircraft Arrival
DLY000800,FLT0006479,145,Airport Operations
DLY000801,FLT0006481,217,Weather
DLY000802,FLT0006522,21,Air Traffic Control
DLY000803,FLT0006523,30,Crew Availability
DLY000804,FLT0006528,164,Crew Availability
DLY000805,FLT0006529,64,Air Traffic Control
DLY000806,FLT0006530,114,Mechanical Issue
DLY000807,FLT0006535,188,Airport Operations
DLY000808,FLT0006538,141,Air Traffic Control
DLY000809,FLT0006544,75,Air Traffic Control
DLY000810,FLT0006562,215,Security
DLY000811,FLT0006563,165,Crew Availability
DLY000812,FLT0006565,114,Airport Operations
DLY000813,FLT0006586,210,Late Aircraft Arrival
DLY000814,FLT0006603,198,Weather
DLY000815,FLT0006615,59,Airport Operations
DLY000816,FLT0006643,53,Weather
DLY000817,FLT0006651,84,Airport Operations
DLY000818,FLT0006666,58,Weather
DLY000819,FLT0006677,83,Air Traffic Control
DLY000820,FLT0006688,69,Airport Operations
DLY000821,FLT0006702,168,Security
DLY000822,FLT0006722,33,Weather
DLY000823,FLT0006729,224,Late Aircraft Arrival
DLY000824,FLT0006745,194,Security
DLY000825,FLT0006748,83,Mechanical Issue
DLY000826,FLT0006762,68,Air Traffic Control
DLY000827,FLT0006766,177,Air Traffic Control
DLY000828,FLT0006774,188,Mechanical Issue
DLY000829,FLT0006784,66,Mechanical Issue
DLY000830,FLT0006787,58,Late Aircraft Arrival
DLY000831,FLT0006806,185,Crew Availability
DLY000832,FLT0006822,149,Mechanical Issue
DLY000833,FLT0006824,214,Weather
DLY000834,FLT0006830,74,Late Aircraft Arrival
DLY000835,FLT0006835,97,Crew Availability
DLY000836,FLT0006837,141,Mechanical Issue
DLY000837,FLT0006850,110,Late Aircraft Arrival
DLY000838,FLT0006863,114,Security
DLY000839,FLT0006893,114,Airport Operations
DLY000840,FLT0006900,138,Late Aircraft Arrival
DLY000841,FLT0006904,149,Weather
DLY000842,FLT0006915,85,Late Aircraft Arrival
DLY000843,FLT0006931,52,Security
DLY000844,FLT0006932,105,Late Aircraft Arrival
DLY000845,FLT0006944,228,Airport Operations
DLY000846,FLT0006946,35,Air Traffic Control
DLY000847,FLT0006947,124,Weather
DLY000848,FLT0006963,159,Crew Availability
DLY000849,FLT0006964,184,Crew Availability
DLY000850,FLT0006973,116,Air Traffic Control
DLY000851,FLT0006982,212,Mechanical Issue
DLY000852,FLT0006983,68,Mechanical Issue
DLY000853,FLT0006988,192,Crew Availability
DLY000854,FLT0006990,197,Mechanical Issue
DLY000855,FLT0006991,196,Air Traffic Control
DLY000856,FLT0007000,232,Airport Operations
DLY000857,FLT0007002,216,Late Aircraft Arrival
DLY000858,FLT0007010,63,Weather
DLY000859,FLT0007025,113,Mechanical Issue
DLY000860,FLT0007027,223,Weather
DLY000861,FLT0007035,233,Mechanical Issue
DLY000862,FLT0007038,194,Mechanical Issue
DLY000863,FLT0007040,69,Airport Operations
DLY000864,FLT0007052,66,Airport Operations
DLY000865,FLT0007057,28,Weather
DLY000866,FLT0007088,170,Weather
DLY000867,FLT0007104,41,Mechanical Issue
DLY000868,FLT0007111,232,Crew Availability
DLY000869,FLT0007127,192,Airport Operations
DLY000870,FLT0007150,169,Crew Availability
DLY000871,FLT0007152,63,Security
DLY000872,FLT0007155,88,Crew Availability
DLY000873,FLT0007176,124,Air Traffic Control
DLY000874,FLT0007186,145,Late Aircraft Arrival
DLY000875,FLT0007203,84,Weather
DLY000876,FLT0007209,210,Mechanical Issue
DLY000877,FLT0007211,52,Crew Availability
DLY000878,FLT0007223,62,Crew Availability
DLY000879,FLT0007235,188,Weather
DLY000880,FLT0007238,44,Air Traffic Control
DLY000881,FLT0007244,128,Mechanical Issue
DLY000882,FLT0007246,177,Crew Availability
DLY000883,FLT0007248,213,Crew Availability
DLY000884,FLT0007251,21,Crew Availability
DLY000885,FLT0007253,94,Mechanical Issue
DLY000886,FLT0007254,68,Crew Availability
DLY000887,FLT0007255,105,Weather
DLY000888,FLT0007266,85,Mechanical Issue
DLY000889,FLT0007280,162,Airport Operations
DLY000890,FLT0007282,108,Air Traffic Control
DLY000891,FLT0007300,83,Air Traffic Control
DLY000892,FLT0007303,27,Security
DLY000893,FLT0007306,45,Mechanical Issue
DLY000894,FLT0007308,31,Late Aircraft Arrival
DLY000895,FLT0007335,156,Weather
DLY000896,FLT0007369,159,Crew Availability
DLY000897,FLT0007370,137,Security
DLY000898,FLT0007376,189,Late Aircraft Arrival
DLY000899,FLT0007383,167,Security
DLY000900,FLT0007384,194,Air Traffic Control
DLY000901,FLT0007394,125,Late Aircraft Arrival
DLY000902,FLT0007399,131,Late Aircraft Arrival
DLY000903,FLT0007408,152,Weather
DLY000904,FLT0007423,103,Late Aircraft Arrival
DLY000905,FLT0007427,131,Late Aircraft Arrival
DLY000906,FLT0007429,70,Crew Availability
DLY000907,FLT0007457,108,Air Traffic Control
DLY000908,FLT0007478,228,Mechanical Issue
DLY000909,FLT0007479,167,Security
DLY000910,FLT0007481,22,Security
DLY000911,FLT0007493,112,Mechanical Issue
DLY000912,FLT0007498,152,Crew Availability
DLY000913,FLT0007508,146,Mechanical Issue
DLY000914,FLT0007509,22,Weather
DLY000915,FLT0007511,31,Security
DLY000916,FLT0007534,36,Mechanical Issue
DLY000917,FLT0007539,142,Late Aircraft Arrival
DLY000918,FLT0007541,68,Late Aircraft Arrival
DLY000919,FLT0007557,210,Weather
DLY000920,FLT0007559,123,Mechanical Issue
DLY000921,FLT0007563,101,Airport Operations
DLY000922,FLT0007573,74,Security
DLY000923,FLT0007583,167,Mechanical Issue
DLY000924,FLT0007585,201,Airport Operations
DLY000925,FLT0007588,40,Security
DLY000926,FLT0007591,111,Mechanical Issue
DLY000927,FLT0007592,230,Crew Availability
DLY000928,FLT0007599,206,Weather
DLY000929,FLT0007600,35,Crew Availability
DLY000930,FLT0007608,51,Crew Availability
DLY000931,FLT0007613,118,Air Traffic Control
DLY000932,FLT0007623,24,Weather
DLY000933,FLT0007634,61,Weather
DLY000934,FLT0007645,126,Security
DLY000935,FLT0007653,84,Air Traffic Control
DLY000936,FLT0007663,101,Air Traffic Control
DLY000937,FLT0007669,33,Security
DLY000938,FLT0007671,125,Crew Availability
DLY000939,FLT0007680,239,Airport Operations
DLY000940,FLT0007683,80,Air Traffic Control
DLY000941,FLT0007692,93,Late Aircraft Arrival
DLY000942,FLT0007718,239,Crew Availability
DLY000943,FLT0007721,36,Air Traffic Control
DLY000944,FLT0007726,219,Air Traffic Control
DLY000945,FLT0007761,132,Crew Availability
DLY000946,FLT0007764,104,Air Traffic Control
DLY000947,FLT0007772,134,Crew Availability
DLY000948,FLT0007774,233,Airport Operations
DLY000949,FLT0007788,180,Late Aircraft Arrival
DLY000950,FLT0007794,133,Mechanical Issue
DLY000951,FLT0007797,120,Airport Operations
DLY000952,FLT0007799,170,Mechanical Issue
DLY000953,FLT0007801,83,Late Aircraft Arrival
DLY000954,FLT0007813,85,Weather
DLY000955,FLT0007818,33,Weather
DLY000956,FLT0007823,37,Airport Operations
DLY000957,FLT0007826,75,Late Aircraft Arrival
DLY000958,FLT0007832,85,Mechanical Issue
DLY000959,FLT0007835,135,Late Aircraft Arrival
DLY000960,FLT0007837,166,Crew Availability
DLY000961,FLT0007848,20,Security
DLY000962,FLT0007859,37,Airport Operations
DLY000963,FLT0007862,121,Weather
DLY000964,FLT0007865,119,Crew Availability
DLY000965,FLT0007871,236,Security
DLY000966,FLT0007872,201,Mechanical Issue
DLY000967,FLT0007874,202,Crew Availability
DLY000968,FLT0007879,140,Weather
DLY000969,FLT0007885,150,Mechanical Issue
DLY000970,FLT0007889,45,Weather
DLY000971,FLT0007891,160,Late Aircraft Arrival
DLY000972,FLT0007892,216,Security
DLY000973,FLT0007897,61,Airport Operations
DLY000974,FLT0007900,157,Airport Operations
DLY000975,FLT0007906,137,Weather
DLY000976,FLT0007907,19,Mechanical Issue
DLY000977,FLT0007913,57,Weather
DLY000978,FLT0007930,84,Air Traffic Control
DLY000979,FLT0007961,68,Air Traffic Control
DLY000980,FLT0007971,25,Security
DLY000981,FLT0007976,49,Weather
DLY000982,FLT0007979,182,Airport Operations
DLY000983,FLT0007984,205,Crew Availability
DLY000984,FLT0007985,105,Weather
DLY000985,FLT0007999,139,Mechanical Issue
DLY000986,FLT0008000,164,Weather
DLY000987,FLT0008004,179,Late Aircraft Arrival
DLY000988,FLT0008008,156,Security
DLY000989,FLT0008014,103,Late Aircraft Arrival
DLY000990,FLT0008029,239,Air Traffic Control
DLY000991,FLT0008040,218,Airport Operations
DLY000992,FLT0008052,188,Air Traffic Control
DLY000993,FLT0008068,186,Late Aircraft Arrival
DLY000994,FLT0008082,189,Airport Operations
DLY000995,FLT0008083,43,Crew Availability
DLY000996,FLT0008087,91,Air Traffic Control
DLY000997,FLT0008091,143,Air Traffic Control
DLY000998,FLT0008095,37,Security
DLY000999,FLT0008100,155,Weather
DLY001000,FLT0008112,18,Weather
DLY001001,FLT0008114,22,Security
DLY001002,FLT0008126,45,Crew Availability
DLY001003,FLT0008147,198,Crew Availability
DLY001004,FLT0008153,134,Air Traffic Control
DLY001005,FLT0008156,22,Mechanical Issue
DLY001006,FLT0008167,37,Crew Availability
DLY001007,FLT0008174,174,Airport Operations
DLY001008,FLT0008175,148,Crew Availability
DLY001009,FLT0008178,201,Security
DLY001010,FLT0008185,212,Weather
DLY001011,FLT0008188,75,Air Traffic Control
DLY001012,FLT0008189,133,Air Traffic Control
DLY001013,FLT0008200,207,Air Traffic Control
DLY001014,FLT0008203,60,Crew Availability
DLY001015,FLT0008208,55,Crew Availability
DLY001016,FLT0008213,104,Late Aircraft Arrival
DLY001017,FLT0008228,81,Crew Availability
DLY001018,FLT0008238,160,Security
DLY001019,FLT0008241,48,Crew Availability
DLY001020,FLT0008250,38,Crew Availability
DLY001021,FLT0008266,63,Crew Availability
DLY001022,FLT0008269,119,Weather
DLY001023,FLT0008280,55,Air Traffic Control
DLY001024,FLT0008286,184,Air Traffic Control
DLY001025,FLT0008287,83,Mechanical Issue
DLY001026,FLT0008299,39,Weather
DLY001027,FLT0008302,236,Airport Operations
DLY001028,FLT0008326,47,Security
DLY001029,FLT0008328,19,Crew Availability
DLY001030,FLT0008352,76,Late Aircraft Arrival
DLY001031,FLT0008353,180,Mechanical Issue
DLY001032,FLT0008367,16,Airport Operations
DLY001033,FLT0008375,26,Airport Operations
DLY001034,FLT0008376,92,Crew Availability
DLY001035,FLT0008379,49,Crew Availability
DLY001036,FLT0008403,72,Mechanical Issue
DLY001037,FLT0008412,105,Airport Operations
DLY001038,FLT0008422,26,Air Traffic Control
DLY001039,FLT0008435,20,Mechanical Issue
DLY001040,FLT0008446,214,Weather
DLY001041,FLT0008448,238,Air Traffic Control
DLY001042,FLT0008449,211,Mechanical Issue
DLY001043,FLT0008477,54,Air Traffic Control
DLY001044,FLT0008485,193,Weather
DLY001045,FLT0008488,79,Crew Availability
DLY001046,FLT0008501,126,Mechanical Issue
DLY001047,FLT0008503,59,Air Traffic Control
DLY001048,FLT0008507,201,Late Aircraft Arrival
DLY001049,FLT0008519,57,Security
DLY001050,FLT0008522,90,Crew Availability
DLY001051,FLT0008529,92,Mechanical Issue
DLY001052,FLT0008532,108,Weather
DLY001053,FLT0008539,33,Weather
DLY001054,FLT0008544,121,Mechanical Issue
DLY001055,FLT0008545,209,Weather
DLY001056,FLT0008548,99,Security
DLY001057,FLT0008549,227,Air Traffic Control
DLY001058,FLT0008554,43,Security
DLY001059,FLT0008578,16,Security
DLY001060,FLT0008579,56,Crew Availability
DLY001061,FLT0008581,73,Airport Operations
DLY001062,FLT0008587,113,Airport Operations
DLY001063,FLT0008622,112,Late Aircraft Arrival
DLY001064,FLT0008634,145,Security
DLY001065,FLT0008637,174,Security
DLY001066,FLT0008644,162,Airport Operations
DLY001067,FLT0008665,46,Air Traffic Control
DLY001068,FLT0008673,123,Late Aircraft Arrival
DLY001069,FLT0008677,36,Security
DLY001070,FLT0008689,89,Crew Availability
DLY001071,FLT0008690,84,Weather
DLY001072,FLT0008696,82,Weather
DLY001073,FLT0008698,109,Mechanical Issue
DLY001074,FLT0008699,26,Airport Operations
DLY001075,FLT0008703,218,Mechanical Issue
DLY001076,FLT0008710,158,Security
DLY001077,FLT0008720,218,Weather
DLY001078,FLT0008723,69,Airport Operations
DLY001079,FLT0008731,56,Mechanical Issue
DLY001080,FLT0008736,41,Security
DLY001081,FLT0008739,211,Airport Operations
DLY001082,FLT0008745,238,Air Traffic Control
DLY001083,FLT0008771,221,Crew Availability
DLY001084,FLT0008772,163,Crew Availability
DLY001085,FLT0008795,164,Airport Operations
DLY001086,FLT0008804,233,Mechanical Issue
DLY001087,FLT0008806,79,Weather
DLY001088,FLT0008818,58,Airport Operations
DLY001089,FLT0008830,127,Weather
DLY001090,FLT0008850,109,Security
DLY001091,FLT0008859,43,Air Traffic Control
DLY001092,FLT0008868,173,Air Traffic Control
DLY001093,FLT0008880,82,Late Aircraft Arrival
DLY001094,FLT0008898,150,Late Aircraft Arrival
DLY001095,FLT0008905,162,Air Traffic Control
DLY001096,FLT0008917,35,Security
DLY001097,FLT0008941,222,Mechanical Issue
DLY001098,FLT0008943,76,Late Aircraft Arrival
DLY001099,FLT0008950,161,Airport Operations
DLY001100,FLT0008956,65,Security
DLY001101,FLT0008961,20,Airport Operations
DLY001102,FLT0008966,75,Mechanical Issue
DLY001103,FLT0008974,97,Security
DLY001104,FLT0008979,157,Airport Operations
DLY001105,FLT0008981,15,Mechanical Issue
DLY001106,FLT0009000,202,Crew Availability
DLY001107,FLT0009001,238,Mechanical Issue
DLY001108,FLT0009003,193,Security
DLY001109,FLT0009005,141,Crew Availability
DLY001110,FLT0009007,144,Weather
DLY001111,FLT0009025,129,Weather
DLY001112,FLT0009027,55,Airport Operations
DLY001113,FLT0009035,95,Late Aircraft Arrival
DLY001114,FLT0009042,48,Airport Operations
DLY001115,FLT0009045,104,Air Traffic Control
DLY001116,FLT0009048,77,Weather
DLY001117,FLT0009071,189,Airport Operations
DLY001118,FLT0009080,204,Air Traffic Control
DLY001119,FLT0009081,31,Crew Availability
DLY001120,FLT0009095,178,Weather
DLY001121,FLT0009107,157,Crew Availability
DLY001122,FLT0009109,170,Air Traffic Control
DLY001123,FLT0009115,196,Weather
DLY001124,FLT0009120,182,Security
DLY001125,FLT0009124,22,Mechanical Issue
DLY001126,FLT0009126,178,Crew Availability
DLY001127,FLT0009140,141,Security
DLY001128,FLT0009142,149,Weather
DLY001129,FLT0009149,133,Security
DLY001130,FLT0009160,24,Mechanical Issue
DLY001131,FLT0009174,157,Air Traffic Control
DLY001132,FLT0009182,114,Air Traffic Control
DLY001133,FLT0009186,17,Air Traffic Control
DLY001134,FLT0009190,46,Crew Availability
DLY001135,FLT0009196,35,Crew Availability
DLY001136,FLT0009212,95,Late Aircraft Arrival
DLY001137,FLT0009248,58,Crew Availability
DLY001138,FLT0009253,42,Security
DLY001139,FLT0009258,97,Late Aircraft Arrival
DLY001140,FLT0009272,142,Security
DLY001141,FLT0009290,237,Security
DLY001142,FLT0009297,156,Mechanical Issue
DLY001143,FLT0009302,214,Security
DLY001144,FLT0009307,170,Crew Availability
DLY001145,FLT0009312,141,Weather
DLY001146,FLT0009323,27,Airport Operations
DLY001147,FLT0009331,156,Air Traffic Control
DLY001148,FLT0009332,56,Late Aircraft Arrival
DLY001149,FLT0009342,45,Late Aircraft Arrival
DLY001150,FLT0009344,163,Security
DLY001151,FLT0009354,191,Crew Availability
DLY001152,FLT0009363,177,Airport Operations
DLY001153,FLT0009370,41,Security
DLY001154,FLT0009377,136,Security
DLY001155,FLT0009401,33,Air Traffic Control
DLY001156,FLT0009405,163,Security
DLY001157,FLT0009421,17,Mechanical Issue
DLY001158,FLT0009428,51,Air Traffic Control
DLY001159,FLT0009429,226,Security
DLY001160,FLT0009430,45,Airport Operations
DLY001161,FLT0009439,202,Air Traffic Control
DLY001162,FLT0009445,73,Crew Availability
DLY001163,FLT0009448,35,Security
DLY001164,FLT0009450,227,Air Traffic Control
DLY001165,FLT0009464,238,Security
DLY001166,FLT0009466,150,Late Aircraft Arrival
DLY001167,FLT0009475,61,Weather
DLY001168,FLT0009476,238,Security
DLY001169,FLT0009479,64,Late Aircraft Arrival
DLY001170,FLT0009480,218,Crew Availability
DLY001171,FLT0009490,215,Mechanical Issue
DLY001172,FLT0009497,211,Airport Operations
DLY001173,FLT0009502,109,Weather
DLY001174,FLT0009516,234,Mechanical Issue
DLY001175,FLT0009518,91,Mechanical Issue
DLY001176,FLT0009519,216,Airport Operations
DLY001177,FLT0009522,60,Mechanical Issue
DLY001178,FLT0009525,111,Weather
DLY001179,FLT0009536,197,Airport Operations
DLY001180,FLT0009541,182,Weather
DLY001181,FLT0009543,71,Air Traffic Control
DLY001182,FLT0009544,66,Late Aircraft Arrival
DLY001183,FLT0009554,121,Air Traffic Control
DLY001184,FLT0009567,175,Airport Operations
DLY001185,FLT0009579,118,Security
DLY001186,FLT0009589,145,Weather
DLY001187,FLT0009590,41,Airport Operations
DLY001188,FLT0009615,172,Late Aircraft Arrival
DLY001189,FLT0009618,184,Security
DLY001190,FLT0009649,88,Crew Availability
DLY001191,FLT0009655,122,Security
DLY001192,FLT0009658,75,Security
DLY001193,FLT0009660,174,Air Traffic Control
DLY001194,FLT0009661,109,Crew Availability
DLY001195,FLT0009662,188,Security
DLY001196,FLT0009673,23,Late Aircraft Arrival
DLY001197,FLT0009674,42,Airport Operations
DLY001198,FLT0009688,51,Mechanical Issue
DLY001199,FLT0009690,197,Late Aircraft Arrival
DLY001200,FLT0009691,226,Weather
DLY001201,FLT0009701,187,Air Traffic Control
DLY001202,FLT0009712,188,Crew Availability
DLY001203,FLT0009718,181,Late Aircraft Arrival
DLY001204,FLT0009723,88,Crew Availability
DLY001205,FLT0009727,237,Security
DLY001206,FLT0009732,146,Weather
DLY001207,FLT0009747,88,Weather
DLY001208,FLT0009762,30,Airport Operations
DLY001209,FLT0009771,83,Weather
DLY001210,FLT0009775,157,Security
DLY001211,FLT0009788,204,Weather
DLY001212,FLT0009789,20,Air Traffic Control
DLY001213,FLT0009802,102,Mechanical Issue
DLY001214,FLT0009803,148,Air Traffic Control
DLY001215,FLT0009804,125,Mechanical Issue
DLY001216,FLT0009812,130,Air Traffic Control
DLY001217,FLT0009827,233,Late Aircraft Arrival
DLY001218,FLT0009844,96,Airport Operations
DLY001219,FLT0009847,35,Mechanical Issue
DLY001220,FLT0009867,135,Late Aircraft Arrival
DLY001221,FLT0009874,76,Weather
DLY001222,FLT0009876,97,Airport Operations
DLY001223,FLT0009879,232,Mechanical Issue
DLY001224,FLT0009882,213,Weather
DLY001225,FLT0009885,233,Crew Availability
DLY001226,FLT0009889,22,Mechanical Issue
DLY001227,FLT0009899,211,Late Aircraft Arrival
DLY001228,FLT0009909,191,Weather
DLY001229,FLT0009911,92,Airport Operations
DLY001230,FLT0009941,24,Weather
DLY001231,FLT0009945,49,Mechanical Issue
DLY001232,FLT0009946,98,Airport Operations
DLY001233,FLT0009947,159,Mechanical Issue
DLY001234,FLT0009949,225,Security
DLY001235,FLT0009966,180,Crew Availability
DLY001236,FLT0009969,52,Air Traffic Control
DLY001237,FLT0009974,18,Mechanical Issue
DLY001238,FLT0009979,179,Air Traffic Control
DLY001239,FLT0009980,25,Late Aircraft Arrival
DLY001240,FLT0009988,58,Security
DLY001241,FLT0009998,239,Security
DLY001242,FLT0010029,146,Crew Availability
DLY001243,FLT0010031,182,Crew Availability
DLY001244,FLT0010054,73,Crew Availability
DLY001245,FLT0010058,135,Mechanical Issue
DLY001246,FLT0010059,182,Air Traffic Control
DLY001247,FLT0010065,104,Late Aircraft Arrival
DLY001248,FLT0010078,94,Airport Operations
DLY001249,FLT0010112,105,Air Traffic Control
DLY001250,FLT0010139,173,Mechanical Issue
DLY001251,FLT0010149,170,Late Aircraft Arrival
DLY001252,FLT0010151,20,Mechanical Issue
DLY001253,FLT0010153,215,Crew Availability
DLY001254,FLT0010156,53,Security
DLY001255,FLT0010171,158,Crew Availability
DLY001256,FLT0010180,72,Weather
DLY001257,FLT0010194,134,Late Aircraft Arrival
DLY001258,FLT0010199,111,Air Traffic Control
DLY001259,FLT0010205,106,Late Aircraft Arrival
DLY001260,FLT0010210,233,Crew Availability
DLY001261,FLT0010212,60,Airport Operations
DLY001262,FLT0010219,158,Crew Availability
DLY001263,FLT0010221,16,Security
DLY001264,FLT0010222,134,Mechanical Issue
DLY001265,FLT0010228,228,Late Aircraft Arrival
DLY001266,FLT0010251,223,Airport Operations
DLY001267,FLT0010253,162,Crew Availability
DLY001268,FLT0010256,26,Airport Operations
DLY001269,FLT0010257,56,Airport Operations
DLY001270,FLT0010266,140,Air Traffic Control
DLY001271,FLT0010269,87,Security
DLY001272,FLT0010280,44,Mechanical Issue
DLY001273,FLT0010292,134,Airport Operations
DLY001274,FLT0010295,197,Security
DLY001275,FLT0010301,100,Airport Operations
DLY001276,FLT0010313,208,Airport Operations
DLY001277,FLT0010316,24,Late Aircraft Arrival
DLY001278,FLT0010332,83,Air Traffic Control
DLY001279,FLT0010345,55,Security
DLY001280,FLT0010355,111,Air Traffic Control
DLY001281,FLT0010375,31,Mechanical Issue
DLY001282,FLT0010382,170,Air Traffic Control
DLY001283,FLT0010386,101,Weather
DLY001284,FLT0010401,83,Crew Availability
DLY001285,FLT0010407,103,Crew Availability
DLY001286,FLT0010421,160,Crew Availability
DLY001287,FLT0010424,178,Weather
DLY001288,FLT0010431,34,Late Aircraft Arrival
DLY001289,FLT0010436,94,Mechanical Issue
DLY001290,FLT0010444,163,Crew Availability
DLY001291,FLT0010448,213,Mechanical Issue
DLY001292,FLT0010454,31,Airport Operations
DLY001293,FLT0010455,62,Crew Availability
DLY001294,FLT0010458,81,Mechanical Issue
DLY001295,FLT0010461,178,Weather
DLY001296,FLT0010468,109,Mechanical Issue
DLY001297,FLT0010469,212,Air Traffic Control
DLY001298,FLT0010475,171,Late Aircraft Arrival
DLY001299,FLT0010476,57,Late Aircraft Arrival
DLY001300,FLT0010479,119,Late Aircraft Arrival
DLY001301,FLT0010484,198,Airport Operations
DLY001302,FLT0010485,189,Security
DLY001303,FLT0010491,183,Airport Operations
DLY001304,FLT0010495,130,Air Traffic Control
DLY001305,FLT0010501,216,Air Traffic Control
DLY001306,FLT0010503,86,Mechanical Issue
DLY001307,FLT0010533,82,Mechanical Issue
DLY001308,FLT0010541,146,Late Aircraft Arrival
DLY001309,FLT0010546,115,Air Traffic Control
DLY001310,FLT0010551,106,Mechanical Issue
DLY001311,FLT0010552,130,Weather
DLY001312,FLT0010565,153,Airport Operations
DLY001313,FLT0010575,60,Crew Availability
DLY001314,FLT0010576,49,Airport Operations
DLY001315,FLT0010596,96,Security
DLY001316,FLT0010598,230,Crew Availability
DLY001317,FLT0010613,30,Air Traffic Control
DLY001318,FLT0010631,87,Security
DLY001319,FLT0010632,180,Crew Availability
DLY001320,FLT0010639,223,Crew Availability
DLY001321,FLT0010643,197,Weather
DLY001322,FLT0010661,86,Crew Availability
DLY001323,FLT0010665,221,Airport Operations
DLY001324,FLT0010678,57,Airport Operations
DLY001325,FLT0010681,89,Weather
DLY001326,FLT0010687,37,Late Aircraft Arrival
DLY001327,FLT0010701,158,Security
DLY001328,FLT0010703,122,Security
DLY001329,FLT0010721,146,Weather
DLY001330,FLT0010726,160,Crew Availability
DLY001331,FLT0010731,21,Crew Availability
DLY001332,FLT0010736,50,Late Aircraft Arrival
DLY001333,FLT0010738,39,Crew Availability
DLY001334,FLT0010741,149,Security
DLY001335,FLT0010752,22,Security
DLY001336,FLT0010755,33,Mechanical Issue
DLY001337,FLT0010759,90,Crew Availability
DLY001338,FLT0010765,213,Late Aircraft Arrival
DLY001339,FLT0010770,174,Crew Availability
DLY001340,FLT0010776,76,Weather
DLY001341,FLT0010778,61,Weather
DLY001342,FLT0010789,52,Security
DLY001343,FLT0010791,45,Security
DLY001344,FLT0010793,142,Air Traffic Control
DLY001345,FLT0010802,225,Air Traffic Control
DLY001346,FLT0010803,87,Weather
DLY001347,FLT0010814,105,Mechanical Issue
DLY001348,FLT0010815,152,Mechanical Issue
DLY001349,FLT0010819,94,Crew Availability
DLY001350,FLT0010829,70,Mechanical Issue
DLY001351,FLT0010834,111,Late Aircraft Arrival
DLY001352,FLT0010844,144,Mechanical Issue
DLY001353,FLT0010847,183,Crew Availability
DLY001354,FLT0010862,166,Airport Operations
DLY001355,FLT0010865,235,Security
DLY001356,FLT0010869,192,Weather
DLY001357,FLT0010882,225,Mechanical Issue
DLY001358,FLT0010891,187,Security
DLY001359,FLT0010904,87,Security
DLY001360,FLT0010908,106,Crew Availability
DLY001361,FLT0010931,202,Weather
DLY001362,FLT0010934,174,Airport Operations
DLY001363,FLT0010939,26,Air Traffic Control
DLY001364,FLT0010949,157,Mechanical Issue
DLY001365,FLT0010966,223,Late Aircraft Arrival
DLY001366,FLT0010968,146,Security
DLY001367,FLT0010972,202,Late Aircraft Arrival
DLY001368,FLT0010979,46,Air Traffic Control
DLY001369,FLT0010984,105,Weather
DLY001370,FLT0011013,32,Mechanical Issue
DLY001371,FLT0011034,144,Security
DLY001372,FLT0011036,238,Air Traffic Control
DLY001373,FLT0011038,74,Weather
DLY001374,FLT0011040,73,Airport Operations
DLY001375,FLT0011044,41,Late Aircraft Arrival
DLY001376,FLT0011055,50,Mechanical Issue
DLY001377,FLT0011076,122,Mechanical Issue
DLY001378,FLT0011082,146,Crew Availability
DLY001379,FLT0011086,179,Security
DLY001380,FLT0011094,136,Security
DLY001381,FLT0011095,135,Airport Operations
DLY001382,FLT0011098,140,Air Traffic Control
DLY001383,FLT0011099,52,Late Aircraft Arrival
DLY001384,FLT0011105,92,Mechanical Issue
DLY001385,FLT0011113,32,Security
DLY001386,FLT0011132,227,Crew Availability
DLY001387,FLT0011136,113,Airport Operations
DLY001388,FLT0011153,147,Late Aircraft Arrival
DLY001389,FLT0011161,30,Mechanical Issue
DLY001390,FLT0011172,101,Security
DLY001391,FLT0011173,116,Mechanical Issue
DLY001392,FLT0011181,198,Airport Operations
DLY001393,FLT0011188,216,Late Aircraft Arrival
DLY001394,FLT0011192,192,Late Aircraft Arrival
DLY001395,FLT0011198,94,Airport Operations
DLY001396,FLT0011203,46,Weather
DLY001397,FLT0011207,234,Air Traffic Control
DLY001398,FLT0011226,182,Air Traffic Control
DLY001399,FLT0011230,188,Airport Operations
DLY001400,FLT0011251,232,Mechanical Issue
DLY001401,FLT0011255,31,Air Traffic Control
DLY001402,FLT0011258,105,Crew Availability
DLY001403,FLT0011266,195,Weather
DLY001404,FLT0011282,165,Weather
DLY001405,FLT0011296,231,Air Traffic Control
DLY001406,FLT0011301,228,Security
DLY001407,FLT0011307,228,Air Traffic Control
DLY001408,FLT0011316,202,Crew Availability
DLY001409,FLT0011322,43,Security
DLY001410,FLT0011327,110,Airport Operations
DLY001411,FLT0011336,167,Airport Operations
DLY001412,FLT0011341,132,Weather
DLY001413,FLT0011352,79,Security
DLY001414,FLT0011362,178,Air Traffic Control
DLY001415,FLT0011365,135,Late Aircraft Arrival
DLY001416,FLT0011371,110,Weather
DLY001417,FLT0011379,111,Late Aircraft Arrival
DLY001418,FLT0011388,193,Late Aircraft Arrival
DLY001419,FLT0011391,127,Security
DLY001420,FLT0011408,128,Weather
DLY001421,FLT0011411,224,Weather
DLY001422,FLT0011412,143,Mechanical Issue
DLY001423,FLT0011423,139,Airport Operations
DLY001424,FLT0011429,195,Mechanical Issue
DLY001425,FLT0011432,90,Mechanical Issue
DLY001426,FLT0011434,86,Airport Operations
DLY001427,FLT0011438,41,Crew Availability
DLY001428,FLT0011443,195,Airport Operations
DLY001429,FLT0011449,42,Security
DLY001430,FLT0011454,185,Weather
DLY001431,FLT0011462,20,Weather
DLY001432,FLT0011485,149,Crew Availability
DLY001433,FLT0011492,38,Security
DLY001434,FLT0011496,116,Air Traffic Control
DLY001435,FLT0011506,75,Late Aircraft Arrival
DLY001436,FLT0011520,15,Security
DLY001437,FLT0011531,136,Late Aircraft Arrival
DLY001438,FLT0011556,237,Weather
DLY001439,FLT0011558,62,Mechanical Issue
DLY001440,FLT0011559,148,Security
DLY001441,FLT0011563,175,Crew Availability
DLY001442,FLT0011564,72,Air Traffic Control
DLY001443,FLT0011571,26,Late Aircraft Arrival
DLY001444,FLT0011572,146,Weather
DLY001445,FLT0011577,19,Air Traffic Control
DLY001446,FLT0011582,145,Air Traffic Control
DLY001447,FLT0011584,156,Weather
DLY001448,FLT0011611,124,Security
DLY001449,FLT0011632,188,Crew Availability
DLY001450,FLT0011633,85,Air Traffic Control
DLY001451,FLT0011637,65,Security
DLY001452,FLT0011641,217,Airport Operations
DLY001453,FLT0011643,108,Security
DLY001454,FLT0011655,223,Weather
DLY001455,FLT0011658,203,Air Traffic Control
DLY001456,FLT0011683,79,Crew Availability
DLY001457,FLT0011694,220,Weather
DLY001458,FLT0011696,157,Airport Operations
DLY001459,FLT0011708,129,Air Traffic Control
DLY001460,FLT0011717,71,Airport Operations
DLY001461,FLT0011720,234,Airport Operations
DLY001462,FLT0011724,204,Crew Availability
DLY001463,FLT0011725,207,Mechanical Issue
DLY001464,FLT0011730,51,Weather
DLY001465,FLT0011733,54,Security
DLY001466,FLT0011749,175,Late Aircraft Arrival
DLY001467,FLT0011755,221,Late Aircraft Arrival
DLY001468,FLT0011758,159,Crew Availability
DLY001469,FLT0011767,142,Mechanical Issue
DLY001470,FLT0011781,217,Security
DLY001471,FLT0011798,126,Weather
DLY001472,FLT0011799,74,Air Traffic Control
DLY001473,FLT0011808,150,Airport Operations
DLY001474,FLT0011816,163,Weather
DLY001475,FLT0011832,219,Weather
DLY001476,FLT0011845,221,Crew Availability
DLY001477,FLT0011846,103,Air Traffic Control
DLY001478,FLT0011859,16,Mechanical Issue
DLY001479,FLT0011860,105,Late Aircraft Arrival
DLY001480,FLT0011861,204,Crew Availability
DLY001481,FLT0011864,130,Air Traffic Control
DLY001482,FLT0011866,46,Security
DLY001483,FLT0011869,152,Late Aircraft Arrival
DLY001484,FLT0011880,198,Weather
DLY001485,FLT0011884,215,Weather
DLY001486,FLT0011894,188,Late Aircraft Arrival
DLY001487,FLT0011900,61,Airport Operations
DLY001488,FLT0011902,173,Security
DLY001489,FLT0011914,143,Weather
DLY001490,FLT0011923,239,Late Aircraft Arrival
DLY001491,FLT0011927,95,Airport Operations
DLY001492,FLT0011930,44,Mechanical Issue
DLY001493,FLT0011938,26,Airport Operations
DLY001494,FLT0011939,132,Airport Operations
DLY001495,FLT0011946,120,Security
DLY001496,FLT0011949,64,Security
DLY001497,FLT0011954,130,Crew Availability
DLY001498,FLT0011955,55,Crew Availability
DLY001499,FLT0011969,28,Security
DLY001500,FLT0011974,72,Crew Availability
DLY001501,FLT0011993,130,Air Traffic Control
DLY001502,FLT0012000,16,Crew Availability
DLY001503,FLT0012009,163,Crew Availability
DLY001504,FLT0012011,40,Crew Availability
DLY001505,FLT0012013,37,Late Aircraft Arrival
DLY001506,FLT0012016,212,Air Traffic Control
DLY001507,FLT0012027,147,Late Aircraft Arrival
DLY001508,FLT0012033,177,Airport Operations
DLY001509,FLT0012036,88,Air Traffic Control
DLY001510,FLT0012057,144,Crew Availability
DLY001511,FLT0012058,120,Air Traffic Control
DLY001512,FLT0012062,112,Weather
DLY001513,FLT0012064,197,Security
DLY001514,FLT0012068,186,Airport Operations
DLY001515,FLT0012079,89,Security
DLY001516,FLT0012082,39,Airport Operations
DLY001517,FLT0012088,81,Mechanical Issue
DLY001518,FLT0012099,229,Crew Availability
DLY001519,FLT0012117,192,Weather
DLY001520,FLT0012140,45,Air Traffic Control
DLY001521,FLT0012144,212,Airport Operations
DLY001522,FLT0012146,187,Weather
DLY001523,FLT0012187,145,Air Traffic Control
DLY001524,FLT0012189,101,Crew Availability
DLY001525,FLT0012203,232,Late Aircraft Arrival
DLY001526,FLT0012206,99,Crew Availability
DLY001527,FLT0012220,81,Mechanical Issue
DLY001528,FLT0012221,48,Mechanical Issue
DLY001529,FLT0012231,17,Weather
DLY001530,FLT0012249,145,Crew Availability
DLY001531,FLT0012275,224,Air Traffic Control
DLY001532,FLT0012279,20,Air Traffic Control
DLY001533,FLT0012282,109,Airport Operations
DLY001534,FLT0012285,140,Air Traffic Control
DLY001535,FLT0012306,16,Security
DLY001536,FLT0012309,217,Weather
DLY001537,FLT0012323,50,Crew Availability
DLY001538,FLT0012326,158,Airport Operations
DLY001539,FLT0012353,174,Airport Operations
DLY001540,FLT0012373,80,Weather
DLY001541,FLT0012374,76,Weather
DLY001542,FLT0012382,109,Late Aircraft Arrival
DLY001543,FLT0012387,183,Mechanical Issue
DLY001544,FLT0012418,166,Security
DLY001545,FLT0012425,29,Late Aircraft Arrival
DLY001546,FLT0012434,196,Weather
DLY001547,FLT0012437,205,Weather
DLY001548,FLT0012445,69,Crew Availability
DLY001549,FLT0012454,46,Airport Operations
DLY001550,FLT0012459,110,Air Traffic Control
DLY001551,FLT0012466,75,Airport Operations
DLY001552,FLT0012469,217,Security
DLY001553,FLT0012470,230,Crew Availability
DLY001554,FLT0012479,57,Airport Operations
DLY001555,FLT0012480,200,Air Traffic Control
DLY001556,FLT0012493,180,Air Traffic Control
DLY001557,FLT0012495,126,Airport Operations
DLY001558,FLT0012518,70,Late Aircraft Arrival
DLY001559,FLT0012538,161,Airport Operations
DLY001560,FLT0012546,111,Air Traffic Control
DLY001561,FLT0012561,153,Weather
DLY001562,FLT0012562,16,Crew Availability
DLY001563,FLT0012563,115,Late Aircraft Arrival
DLY001564,FLT0012566,239,Air Traffic Control
DLY001565,FLT0012569,160,Crew Availability
DLY001566,FLT0012571,189,Security
DLY001567,FLT0012577,67,Late Aircraft Arrival
DLY001568,FLT0012583,106,Air Traffic Control
DLY001569,FLT0012597,146,Airport Operations
DLY001570,FLT0012606,237,Mechanical Issue
DLY001571,FLT0012623,59,Security
DLY001572,FLT0012641,223,Crew Availability
DLY001573,FLT0012651,237,Security
DLY001574,FLT0012658,126,Weather
DLY001575,FLT0012661,69,Weather
DLY001576,FLT0012673,175,Late Aircraft Arrival
DLY001577,FLT0012674,101,Air Traffic Control
DLY001578,FLT0012676,51,Weather
DLY001579,FLT0012689,220,Air Traffic Control
DLY001580,FLT0012697,133,Airport Operations
DLY001581,FLT0012703,218,Air Traffic Control
DLY001582,FLT0012710,175,Crew Availability
DLY001583,FLT0012726,227,Air Traffic Control
DLY001584,FLT0012739,195,Airport Operations
DLY001585,FLT0012761,93,Airport Operations
DLY001586,FLT0012776,16,Weather
DLY001587,FLT0012781,85,Security
DLY001588,FLT0012805,58,Airport Operations
DLY001589,FLT0012819,166,Air Traffic Control
DLY001590,FLT0012822,80,Mechanical Issue
DLY001591,FLT0012832,164,Air Traffic Control
DLY001592,FLT0012835,98,Mechanical Issue
DLY001593,FLT0012855,76,Air Traffic Control
DLY001594,FLT0012880,87,Mechanical Issue
DLY001595,FLT0012915,78,Air Traffic Control
DLY001596,FLT0012920,212,Security
DLY001597,FLT0012945,44,Security
DLY001598,FLT0012955,67,Air Traffic Control
DLY001599,FLT0012964,182,Security
DLY001600,FLT0012980,232,Crew Availability
DLY001601,FLT0012984,185,Weather
DLY001602,FLT0012986,54,Air Traffic Control
DLY001603,FLT0012993,97,Airport Operations
DLY001604,FLT0012998,185,Weather
DLY001605,FLT0013008,85,Airport Operations
DLY001606,FLT0013017,95,Late Aircraft Arrival
DLY001607,FLT0013022,114,Mechanical Issue
DLY001608,FLT0013024,106,Air Traffic Control
DLY001609,FLT0013037,166,Weather
DLY001610,FLT0013039,200,Crew Availability
DLY001611,FLT0013052,131,Security
DLY001612,FLT0013085,199,Mechanical Issue
DLY001613,FLT0013086,131,Weather
DLY001614,FLT0013092,24,Late Aircraft Arrival
DLY001615,FLT0013101,163,Security
DLY001616,FLT0013102,167,Airport Operations
DLY001617,FLT0013105,224,Crew Availability
DLY001618,FLT0013122,51,Airport Operations
DLY001619,FLT0013137,23,Airport Operations
DLY001620,FLT0013153,214,Airport Operations
DLY001621,FLT0013156,92,Weather
DLY001622,FLT0013157,166,Crew Availability
DLY001623,FLT0013175,144,Air Traffic Control
DLY001624,FLT0013187,70,Late Aircraft Arrival
DLY001625,FLT0013188,176,Security
DLY001626,FLT0013190,183,Mechanical Issue
DLY001627,FLT0013192,123,Airport Operations
DLY001628,FLT0013195,29,Security
DLY001629,FLT0013196,220,Mechanical Issue
DLY001630,FLT0013203,86,Late Aircraft Arrival
DLY001631,FLT0013216,156,Weather
DLY001632,FLT0013219,239,Air Traffic Control
DLY001633,FLT0013226,45,Security
DLY001634,FLT0013233,229,Crew Availability
DLY001635,FLT0013234,80,Crew Availability
DLY001636,FLT0013235,176,Mechanical Issue
DLY001637,FLT0013265,46,Crew Availability
DLY001638,FLT0013282,178,Mechanical Issue
DLY001639,FLT0013287,17,Air Traffic Control
DLY001640,FLT0013309,112,Crew Availability
DLY001641,FLT0013312,38,Security
DLY001642,FLT0013315,19,Crew Availability
DLY001643,FLT0013321,81,Mechanical Issue
DLY001644,FLT0013331,20,Weather
DLY001645,FLT0013335,207,Late Aircraft Arrival
DLY001646,FLT0013336,104,Airport Operations
DLY001647,FLT0013342,100,Airport Operations
DLY001648,FLT0013348,203,Airport Operations
DLY001649,FLT0013367,17,Weather
DLY001650,FLT0013373,124,Airport Operations
DLY001651,FLT0013375,177,Security
DLY001652,FLT0013388,188,Mechanical Issue
DLY001653,FLT0013400,50,Airport Operations
DLY001654,FLT0013404,139,Crew Availability
DLY001655,FLT0013425,138,Weather
DLY001656,FLT0013446,134,Crew Availability
DLY001657,FLT0013457,169,Airport Operations
DLY001658,FLT0013463,219,Mechanical Issue
DLY001659,FLT0013465,69,Airport Operations
DLY001660,FLT0013474,71,Security
DLY001661,FLT0013486,208,Air Traffic Control
DLY001662,FLT0013506,187,Air Traffic Control
DLY001663,FLT0013508,199,Security
DLY001664,FLT0013517,197,Crew Availability
DLY001665,FLT0013535,34,Security
DLY001666,FLT0013538,114,Air Traffic Control
DLY001667,FLT0013539,198,Mechanical Issue
DLY001668,FLT0013547,148,Late Aircraft Arrival
DLY001669,FLT0013548,18,Airport Operations
DLY001670,FLT0013549,134,Late Aircraft Arrival
DLY001671,FLT0013550,115,Security
DLY001672,FLT0013554,200,Crew Availability
DLY001673,FLT0013577,169,Late Aircraft Arrival
DLY001674,FLT0013579,88,Mechanical Issue
DLY001675,FLT0013586,184,Security
DLY001676,FLT0013587,171,Security
DLY001677,FLT0013591,67,Weather
DLY001678,FLT0013595,108,Air Traffic Control
DLY001679,FLT0013617,164,Mechanical Issue
DLY001680,FLT0013619,189,Mechanical Issue
DLY001681,FLT0013621,213,Security
DLY001682,FLT0013643,84,Security
DLY001683,FLT0013653,202,Mechanical Issue
DLY001684,FLT0013654,213,Mechanical Issue
DLY001685,FLT0013661,44,Air Traffic Control
DLY001686,FLT0013668,79,Air Traffic Control
DLY001687,FLT0013695,95,Air Traffic Control
DLY001688,FLT0013699,185,Security
DLY001689,FLT0013706,96,Crew Availability
DLY001690,FLT0013710,158,Weather
DLY001691,FLT0013716,132,Airport Operations
DLY001692,FLT0013719,80,Weather
DLY001693,FLT0013720,225,Security
DLY001694,FLT0013742,97,Security
DLY001695,FLT0013751,129,Airport Operations
DLY001696,FLT0013760,123,Air Traffic Control
DLY001697,FLT0013782,229,Security
DLY001698,FLT0013799,185,Weather
DLY001699,FLT0013809,50,Security
DLY001700,FLT0013811,233,Airport Operations
DLY001701,FLT0013814,134,Airport Operations
DLY001702,FLT0013821,217,Airport Operations
DLY001703,FLT0013823,174,Air Traffic Control
DLY001704,FLT0013830,93,Late Aircraft Arrival
DLY001705,FLT0013837,18,Crew Availability
DLY001706,FLT0013875,102,Late Aircraft Arrival
DLY001707,FLT0013885,89,Mechanical Issue
DLY001708,FLT0013917,29,Late Aircraft Arrival
DLY001709,FLT0013948,64,Mechanical Issue
DLY001710,FLT0013949,143,Security
DLY001711,FLT0013959,24,Crew Availability
DLY001712,FLT0013968,211,Late Aircraft Arrival
DLY001713,FLT0013986,83,Security
DLY001714,FLT0013996,40,Crew Availability
DLY001715,FLT0013997,106,Airport Operations
DLY001716,FLT0014008,15,Security
DLY001717,FLT0014011,179,Air Traffic Control
DLY001718,FLT0014039,181,Late Aircraft Arrival
DLY001719,FLT0014040,226,Mechanical Issue
DLY001720,FLT0014047,181,Air Traffic Control
DLY001721,FLT0014049,198,Air Traffic Control
DLY001722,FLT0014060,223,Security
DLY001723,FLT0014063,125,Crew Availability
DLY001724,FLT0014083,168,Air Traffic Control
DLY001725,FLT0014089,23,Airport Operations
DLY001726,FLT0014090,39,Weather
DLY001727,FLT0014092,155,Late Aircraft Arrival
DLY001728,FLT0014109,234,Late Aircraft Arrival
DLY001729,FLT0014125,84,Airport Operations
DLY001730,FLT0014131,158,Airport Operations
DLY001731,FLT0014142,92,Crew Availability
DLY001732,FLT0014151,83,Airport Operations
DLY001733,FLT0014157,132,Air Traffic Control
DLY001734,FLT0014165,50,Crew Availability
DLY001735,FLT0014182,92,Weather
DLY001736,FLT0014186,114,Crew Availability
DLY001737,FLT0014187,215,Late Aircraft Arrival
DLY001738,FLT0014197,231,Weather
DLY001739,FLT0014198,220,Weather
DLY001740,FLT0014219,117,Security
DLY001741,FLT0014222,162,Airport Operations
DLY001742,FLT0014239,99,Airport Operations
DLY001743,FLT0014242,143,Airport Operations
DLY001744,FLT0014249,94,Crew Availability
DLY001745,FLT0014256,41,Crew Availability
DLY001746,FLT0014262,46,Crew Availability
DLY001747,FLT0014264,235,Airport Operations
DLY001748,FLT0014269,40,Crew Availability
DLY001749,FLT0014275,69,Crew Availability
DLY001750,FLT0014279,212,Weather
DLY001751,FLT0014290,211,Mechanical Issue
DLY001752,FLT0014305,150,Crew Availability
DLY001753,FLT0014313,227,Security
DLY001754,FLT0014316,97,Mechanical Issue
DLY001755,FLT0014322,226,Late Aircraft Arrival
DLY001756,FLT0014323,82,Weather
DLY001757,FLT0014327,44,Weather
DLY001758,FLT0014333,74,Security
DLY001759,FLT0014344,239,Airport Operations
DLY001760,FLT0014345,148,Late Aircraft Arrival
DLY001761,FLT0014351,177,Weather
DLY001762,FLT0014362,184,Crew Availability
DLY001763,FLT0014368,197,Security
DLY001764,FLT0014374,223,Late Aircraft Arrival
DLY001765,FLT0014378,137,Security
DLY001766,FLT0014381,192,Security
DLY001767,FLT0014382,104,Air Traffic Control
DLY001768,FLT0014383,46,Airport Operations
DLY001769,FLT0014389,169,Crew Availability
DLY001770,FLT0014390,122,Weather
DLY001771,FLT0014391,212,Airport Operations
DLY001772,FLT0014394,97,Airport Operations
DLY001773,FLT0014399,126,Air Traffic Control
DLY001774,FLT0014401,16,Security
DLY001775,FLT0014403,82,Air Traffic Control
DLY001776,FLT0014437,171,Air Traffic Control
DLY001777,FLT0014443,165,Security
DLY001778,FLT0014448,108,Mechanical Issue
DLY001779,FLT0014455,146,Crew Availability
DLY001780,FLT0014468,19,Mechanical Issue
DLY001781,FLT0014481,127,Weather
DLY001782,FLT0014497,31,Airport Operations
DLY001783,FLT0014507,73,Air Traffic Control
DLY001784,FLT0014508,46,Crew Availability
DLY001785,FLT0014510,116,Security
DLY001786,FLT0014512,65,Weather
DLY001787,FLT0014529,156,Weather
DLY001788,FLT0014530,119,Airport Operations
DLY001789,FLT0014533,78,Airport Operations
DLY001790,FLT0014534,119,Security
DLY001791,FLT0014540,170,Late Aircraft Arrival
DLY001792,FLT0014549,110,Mechanical Issue
DLY001793,FLT0014550,113,Air Traffic Control
DLY001794,FLT0014551,154,Weather
DLY001795,FLT0014556,204,Crew Availability
DLY001796,FLT0014563,65,Security
DLY001797,FLT0014578,236,Air Traffic Control
DLY001798,FLT0014584,60,Weather
DLY001799,FLT0014612,116,Late Aircraft Arrival
DLY001800,FLT0014615,55,Weather
DLY001801,FLT0014623,94,Mechanical Issue
DLY001802,FLT0014632,64,Weather
DLY001803,FLT0014649,212,Airport Operations
DLY001804,FLT0014654,210,Security
DLY001805,FLT0014667,114,Crew Availability
DLY001806,FLT0014673,153,Security
DLY001807,FLT0014682,149,Weather
DLY001808,FLT0014683,110,Crew Availability
DLY001809,FLT0014688,226,Weather
DLY001810,FLT0014702,193,Crew Availability
DLY001811,FLT0014715,117,Security
DLY001812,FLT0014718,204,Late Aircraft Arrival
DLY001813,FLT0014719,174,Airport Operations
DLY001814,FLT0014733,194,Mechanical Issue
DLY001815,FLT0014775,117,Security
DLY001816,FLT0014778,178,Late Aircraft Arrival
DLY001817,FLT0014780,175,Air Traffic Control
DLY001818,FLT0014800,165,Late Aircraft Arrival
DLY001819,FLT0014801,43,Crew Availability
DLY001820,FLT0014807,193,Weather
DLY001821,FLT0014822,71,Late Aircraft Arrival
DLY001822,FLT0014825,97,Crew Availability
DLY001823,FLT0014830,162,Late Aircraft Arrival
DLY001824,FLT0014834,121,Air Traffic Control
DLY001825,FLT0014835,176,Weather
DLY001826,FLT0014845,88,Crew Availability
DLY001827,FLT0014862,142,Mechanical Issue
DLY001828,FLT0014868,164,Late Aircraft Arrival
DLY001829,FLT0014872,152,Crew Availability
DLY001830,FLT0014875,223,Weather
DLY001831,FLT0014877,218,Mechanical Issue
DLY001832,FLT0014879,205,Air Traffic Control
DLY001833,FLT0014894,157,Late Aircraft Arrival
DLY001834,FLT0014898,150,Mechanical Issue
DLY001835,FLT0014907,45,Weather
DLY001836,FLT0014913,103,Mechanical Issue
DLY001837,FLT0014924,50,Late Aircraft Arrival
DLY001838,FLT0014932,111,Weather
DLY001839,FLT0014936,46,Airport Operations
DLY001840,FLT0014953,32,Security
DLY001841,FLT0014962,100,Security
DLY001842,FLT0014966,75,Late Aircraft Arrival
DLY001843,FLT0014971,44,Late Aircraft Arrival
DLY001844,FLT0014976,154,Late Aircraft Arrival
DLY001845,FLT0014977,220,Airport Operations
DLY001846,FLT0014979,205,Security
DLY001847,FLT0014993,213,Late Aircraft Arrival
DLY001848,FLT0014998,31,Security
DLY001849,FLT0015000,127,Late Aircraft Arrival
DLY001850,FLT0015006,45,Crew Availability
DLY001851,FLT0015027,201,Weather
DLY001852,FLT0015040,177,Security
DLY001853,FLT0015041,21,Crew Availability
DLY001854,FLT0015049,161,Security
DLY001855,FLT0015054,234,Airport Operations
DLY001856,FLT0015065,62,Airport Operations
DLY001857,FLT0015088,129,Crew Availability
DLY001858,FLT0015089,235,Mechanical Issue
DLY001859,FLT0015093,81,Mechanical Issue
DLY001860,FLT0015098,81,Mechanical Issue
DLY001861,FLT0015099,116,Weather
DLY001862,FLT0015113,210,Airport Operations
DLY001863,FLT0015123,181,Weather
DLY001864,FLT0015127,161,Weather
DLY001865,FLT0015138,182,Crew Availability
DLY001866,FLT0015139,125,Airport Operations
DLY001867,FLT0015145,49,Security
DLY001868,FLT0015146,59,Late Aircraft Arrival
DLY001869,FLT0015165,55,Air Traffic Control
DLY001870,FLT0015167,52,Airport Operations
DLY001871,FLT0015174,76,Weather
DLY001872,FLT0015175,92,Crew Availability
DLY001873,FLT0015176,222,Air Traffic Control
DLY001874,FLT0015212,210,Air Traffic Control
DLY001875,FLT0015220,150,Crew Availability
DLY001876,FLT0015221,67,Air Traffic Control
DLY001877,FLT0015225,203,Airport Operations
DLY001878,FLT0015232,61,Crew Availability
DLY001879,FLT0015239,119,Weather
DLY001880,FLT0015243,127,Mechanical Issue
DLY001881,FLT0015254,108,Mechanical Issue
DLY001882,FLT0015270,231,Crew Availability
DLY001883,FLT0015294,48,Crew Availability
DLY001884,FLT0015304,110,Crew Availability
DLY001885,FLT0015305,23,Security
DLY001886,FLT0015309,66,Airport Operations
DLY001887,FLT0015340,181,Security
DLY001888,FLT0015341,224,Air Traffic Control
DLY001889,FLT0015342,160,Weather
DLY001890,FLT0015348,45,Airport Operations
DLY001891,FLT0015351,157,Weather
DLY001892,FLT0015362,173,Airport Operations
DLY001893,FLT0015370,23,Crew Availability
DLY001894,FLT0015383,183,Crew Availability
DLY001895,FLT0015388,28,Weather
DLY001896,FLT0015389,136,Late Aircraft Arrival
DLY001897,FLT0015402,17,Security
DLY001898,FLT0015405,70,Airport Operations
DLY001899,FLT0015412,26,Mechanical Issue
DLY001900,FLT0015423,227,Crew Availability
DLY001901,FLT0015424,159,Airport Operations
DLY001902,FLT0015432,120,Mechanical Issue
DLY001903,FLT0015440,221,Weather
DLY001904,FLT0015442,188,Weather
DLY001905,FLT0015443,228,Crew Availability
DLY001906,FLT0015453,93,Crew Availability
DLY001907,FLT0015455,43,Crew Availability
DLY001908,FLT0015465,47,Weather
DLY001909,FLT0015472,84,Mechanical Issue
DLY001910,FLT0015495,51,Late Aircraft Arrival
DLY001911,FLT0015515,43,Air Traffic Control
DLY001912,FLT0015518,173,Crew Availability
DLY001913,FLT0015520,48,Crew Availability
DLY001914,FLT0015530,57,Late Aircraft Arrival
DLY001915,FLT0015533,153,Crew Availability
DLY001916,FLT0015535,233,Air Traffic Control
DLY001917,FLT0015545,133,Weather
DLY001918,FLT0015558,184,Mechanical Issue
DLY001919,FLT0015561,173,Air Traffic Control
DLY001920,FLT0015564,190,Late Aircraft Arrival
DLY001921,FLT0015572,159,Security
DLY001922,FLT0015573,104,Airport Operations
DLY001923,FLT0015586,238,Crew Availability
DLY001924,FLT0015625,201,Late Aircraft Arrival
DLY001925,FLT0015632,225,Air Traffic Control
DLY001926,FLT0015636,143,Air Traffic Control
DLY001927,FLT0015637,24,Weather
DLY001928,FLT0015646,235,Late Aircraft Arrival
DLY001929,FLT0015653,16,Mechanical Issue
DLY001930,FLT0015654,121,Late Aircraft Arrival
DLY001931,FLT0015655,69,Late Aircraft Arrival
DLY001932,FLT0015660,107,Air Traffic Control
DLY001933,FLT0015661,168,Airport Operations
DLY001934,FLT0015664,34,Late Aircraft Arrival
DLY001935,FLT0015667,101,Mechanical Issue
DLY001936,FLT0015687,127,Mechanical Issue
DLY001937,FLT0015688,15,Weather
DLY001938,FLT0015692,191,Airport Operations
DLY001939,FLT0015699,228,Weather
DLY001940,FLT0015701,152,Air Traffic Control
DLY001941,FLT0015702,114,Late Aircraft Arrival
DLY001942,FLT0015708,115,Air Traffic Control
DLY001943,FLT0015709,146,Air Traffic Control
DLY001944,FLT0015732,134,Late Aircraft Arrival
DLY001945,FLT0015742,43,Crew Availability
DLY001946,FLT0015751,237,Late Aircraft Arrival
DLY001947,FLT0015757,66,Air Traffic Control
DLY001948,FLT0015764,233,Airport Operations
DLY001949,FLT0015807,238,Late Aircraft Arrival
DLY001950,FLT0015810,144,Weather
DLY001951,FLT0015815,94,Weather
DLY001952,FLT0015837,101,Crew Availability
DLY001953,FLT0015846,75,Crew Availability
DLY001954,FLT0015857,177,Airport Operations
DLY001955,FLT0015862,172,Mechanical Issue
DLY001956,FLT0015865,41,Weather
DLY001957,FLT0015884,203,Crew Availability
DLY001958,FLT0015895,70,Security
DLY001959,FLT0015897,118,Security
DLY001960,FLT0015906,133,Air Traffic Control
DLY001961,FLT0015920,208,Late Aircraft Arrival
DLY001962,FLT0015937,133,Weather
DLY001963,FLT0015943,149,Security
DLY001964,FLT0015956,102,Security
DLY001965,FLT0015972,68,Crew Availability
DLY001966,FLT0015978,153,Crew Availability
DLY001967,FLT0015984,29,Air Traffic Control
DLY001968,FLT0015987,125,Air Traffic Control
DLY001969,FLT0015995,202,Airport Operations
DLY001970,FLT0015998,21,Weather
DLY001971,FLT0016033,178,Mechanical Issue
DLY001972,FLT0016049,125,Crew Availability
DLY001973,FLT0016053,164,Weather
DLY001974,FLT0016063,210,Late Aircraft Arrival
DLY001975,FLT0016066,16,Security
DLY001976,FLT0016088,41,Late Aircraft Arrival
DLY001977,FLT0016098,224,Mechanical Issue
DLY001978,FLT0016103,72,Security
DLY001979,FLT0016104,51,Crew Availability
DLY001980,FLT0016106,91,Late Aircraft Arrival
DLY001981,FLT0016109,187,Crew Availability
DLY001982,FLT0016124,160,Crew Availability
DLY001983,FLT0016131,25,Airport Operations
DLY001984,FLT0016135,25,Air Traffic Control
DLY001985,FLT0016136,107,Airport Operations
DLY001986,FLT0016150,90,Security
DLY001987,FLT0016159,22,Late Aircraft Arrival
DLY001988,FLT0016188,43,Weather
DLY001989,FLT0016198,54,Air Traffic Control
DLY001990,FLT0016199,54,Late Aircraft Arrival
DLY001991,FLT0016212,82,Security
DLY001992,FLT0016218,44,Air Traffic Control
DLY001993,FLT0016222,102,Weather
DLY001994,FLT0016232,35,Security
DLY001995,FLT0016235,229,Security
DLY001996,FLT0016239,58,Late Aircraft Arrival
DLY001997,FLT0016246,118,Weather
DLY001998,FLT0016247,134,Mechanical Issue
DLY001999,FLT0016256,86,Late Aircraft Arrival
DLY002000,FLT0016261,141,Mechanical Issue
DLY002001,FLT0016266,90,Weather
DLY002002,FLT0016285,57,Air Traffic Control
DLY002003,FLT0016288,145,Late Aircraft Arrival
DLY002004,FLT0016297,111,Air Traffic Control
DLY002005,FLT0016314,166,Late Aircraft Arrival
DLY002006,FLT0016315,131,Security
DLY002007,FLT0016321,89,Airport Operations
DLY002008,FLT0016323,75,Crew Availability
DLY002009,FLT0016327,116,Mechanical Issue
DLY002010,FLT0016337,154,Mechanical Issue
DLY002011,FLT0016347,198,Airport Operations
DLY002012,FLT0016369,63,Mechanical Issue
DLY002013,FLT0016373,70,Late Aircraft Arrival
DLY002014,FLT0016421,140,Air Traffic Control
DLY002015,FLT0016424,104,Late Aircraft Arrival
DLY002016,FLT0016438,232,Crew Availability
DLY002017,FLT0016468,151,Air Traffic Control
DLY002018,FLT0016478,74,Crew Availability
DLY002019,FLT0016485,115,Air Traffic Control
DLY002020,FLT0016493,226,Late Aircraft Arrival
DLY002021,FLT0016498,232,Crew Availability
DLY002022,FLT0016501,218,Crew Availability
DLY002023,FLT0016503,214,Late Aircraft Arrival
DLY002024,FLT0016506,142,Airport Operations
DLY002025,FLT0016514,153,Late Aircraft Arrival
DLY002026,FLT0016528,151,Weather
DLY002027,FLT0016531,34,Weather
DLY002028,FLT0016532,127,Air Traffic Control
DLY002029,FLT0016534,94,Weather
DLY002030,FLT0016542,229,Mechanical Issue
DLY002031,FLT0016545,54,Late Aircraft Arrival
DLY002032,FLT0016550,182,Air Traffic Control
DLY002033,FLT0016551,100,Late Aircraft Arrival
DLY002034,FLT0016560,135,Air Traffic Control
DLY002035,FLT0016566,106,Airport Operations
DLY002036,FLT0016568,51,Late Aircraft Arrival
DLY002037,FLT0016569,162,Crew Availability
DLY002038,FLT0016576,142,Mechanical Issue
DLY002039,FLT0016580,16,Late Aircraft Arrival
DLY002040,FLT0016598,57,Air Traffic Control
DLY002041,FLT0016605,108,Security
DLY002042,FLT0016610,180,Air Traffic Control
DLY002043,FLT0016612,107,Weather
DLY002044,FLT0016627,134,Airport Operations
DLY002045,FLT0016630,177,Air Traffic Control
DLY002046,FLT0016653,74,Late Aircraft Arrival
DLY002047,FLT0016668,226,Security
DLY002048,FLT0016682,34,Airport Operations
DLY002049,FLT0016702,72,Crew Availability
DLY002050,FLT0016711,188,Mechanical Issue
DLY002051,FLT0016720,32,Airport Operations
DLY002052,FLT0016729,109,Air Traffic Control
DLY002053,FLT0016770,109,Crew Availability
DLY002054,FLT0016792,114,Security
DLY002055,FLT0016801,119,Air Traffic Control
DLY002056,FLT0016804,108,Mechanical Issue
DLY002057,FLT0016849,116,Mechanical Issue
DLY002058,FLT0016857,142,Late Aircraft Arrival
DLY002059,FLT0016858,193,Security
DLY002060,FLT0016861,39,Crew Availability
DLY002061,FLT0016877,89,Airport Operations
DLY002062,FLT0016905,234,Late Aircraft Arrival
DLY002063,FLT0016918,56,Mechanical Issue
DLY002064,FLT0016922,164,Mechanical Issue
DLY002065,FLT0016928,230,Late Aircraft Arrival
DLY002066,FLT0016929,117,Airport Operations
DLY002067,FLT0016946,130,Air Traffic Control
DLY002068,FLT0016949,129,Weather
DLY002069,FLT0016950,153,Air Traffic Control
DLY002070,FLT0016953,104,Mechanical Issue
DLY002071,FLT0016955,231,Mechanical Issue
DLY002072,FLT0016968,68,Crew Availability
DLY002073,FLT0016971,214,Air Traffic Control
DLY002074,FLT0016974,75,Weather
DLY002075,FLT0016976,84,Mechanical Issue
DLY002076,FLT0016991,50,Security
DLY002077,FLT0016992,96,Air Traffic Control
DLY002078,FLT0017018,67,Security
DLY002079,FLT0017029,93,Air Traffic Control
DLY002080,FLT0017046,108,Air Traffic Control
DLY002081,FLT0017054,31,Air Traffic Control
DLY002082,FLT0017059,58,Security
DLY002083,FLT0017061,128,Crew Availability
DLY002084,FLT0017062,106,Weather
DLY002085,FLT0017063,239,Weather
DLY002086,FLT0017072,209,Crew Availability
DLY002087,FLT0017081,40,Weather
DLY002088,FLT0017093,81,Weather
DLY002089,FLT0017094,217,Airport Operations
DLY002090,FLT0017108,45,Late Aircraft Arrival
DLY002091,FLT0017112,70,Mechanical Issue
DLY002092,FLT0017120,17,Air Traffic Control
DLY002093,FLT0017125,200,Airport Operations
DLY002094,FLT0017131,22,Crew Availability
DLY002095,FLT0017134,94,Airport Operations
DLY002096,FLT0017138,43,Security
DLY002097,FLT0017142,108,Airport Operations
DLY002098,FLT0017143,160,Air Traffic Control
DLY002099,FLT0017146,91,Security
DLY002100,FLT0017161,80,Late Aircraft Arrival
DLY002101,FLT0017162,230,Airport Operations
DLY002102,FLT0017195,175,Air Traffic Control
DLY002103,FLT0017200,106,Air Traffic Control
DLY002104,FLT0017214,88,Late Aircraft Arrival
DLY002105,FLT0017248,152,Mechanical Issue
DLY002106,FLT0017250,210,Security
DLY002107,FLT0017284,163,Crew Availability
DLY002108,FLT0017294,111,Security
DLY002109,FLT0017301,219,Mechanical Issue
DLY002110,FLT0017309,233,Weather
DLY002111,FLT0017314,212,Air Traffic Control
DLY002112,FLT0017316,89,Weather
DLY002113,FLT0017327,223,Weather
DLY002114,FLT0017329,212,Airport Operations
DLY002115,FLT0017335,79,Weather
DLY002116,FLT0017336,55,Crew Availability
DLY002117,FLT0017343,156,Air Traffic Control
DLY002118,FLT0017351,185,Weather
DLY002119,FLT0017356,71,Crew Availability
DLY002120,FLT0017362,157,Airport Operations
DLY002121,FLT0017372,67,Crew Availability
DLY002122,FLT0017384,118,Security
DLY002123,FLT0017396,228,Mechanical Issue
DLY002124,FLT0017399,185,Airport Operations
DLY002125,FLT0017404,191,Security
DLY002126,FLT0017409,92,Weather
DLY002127,FLT0017411,26,Airport Operations
DLY002128,FLT0017415,236,Security
DLY002129,FLT0017419,76,Security
DLY002130,FLT0017427,222,Security
DLY002131,FLT0017433,85,Airport Operations
DLY002132,FLT0017436,235,Late Aircraft Arrival
DLY002133,FLT0017441,15,Security
DLY002134,FLT0017444,43,Late Aircraft Arrival
DLY002135,FLT0017447,164,Weather
DLY002136,FLT0017464,141,Airport Operations
DLY002137,FLT0017470,151,Late Aircraft Arrival
DLY002138,FLT0017473,107,Weather
DLY002139,FLT0017476,114,Airport Operations
DLY002140,FLT0017493,73,Airport Operations
DLY002141,FLT0017498,36,Mechanical Issue
DLY002142,FLT0017517,224,Security
DLY002143,FLT0017526,235,Security
DLY002144,FLT0017537,231,Weather
DLY002145,FLT0017544,196,Airport Operations
DLY002146,FLT0017557,107,Weather
DLY002147,FLT0017561,82,Weather
DLY002148,FLT0017562,73,Weather
DLY002149,FLT0017567,220,Late Aircraft Arrival
DLY002150,FLT0017570,200,Airport Operations
DLY002151,FLT0017574,33,Mechanical Issue
DLY002152,FLT0017576,231,Mechanical Issue
DLY002153,FLT0017581,121,Airport Operations
DLY002154,FLT0017582,139,Crew Availability
DLY002155,FLT0017584,233,Late Aircraft Arrival
DLY002156,FLT0017595,23,Security
DLY002157,FLT0017601,201,Weather
DLY002158,FLT0017602,209,Security
DLY002159,FLT0017604,81,Airport Operations
DLY002160,FLT0017606,219,Security
DLY002161,FLT0017613,230,Mechanical Issue
DLY002162,FLT0017615,61,Late Aircraft Arrival
DLY002163,FLT0017626,45,Security
DLY002164,FLT0017645,45,Security
DLY002165,FLT0017663,128,Air Traffic Control
DLY002166,FLT0017667,33,Mechanical Issue
DLY002167,FLT0017671,153,Airport Operations
DLY002168,FLT0017678,47,Air Traffic Control
DLY002169,FLT0017686,229,Security
DLY002170,FLT0017687,37,Security
DLY002171,FLT0017692,232,Security
DLY002172,FLT0017693,185,Weather
DLY002173,FLT0017695,228,Airport Operations
DLY002174,FLT0017703,70,Late Aircraft Arrival
DLY002175,FLT0017706,118,Weather
DLY002176,FLT0017709,142,Late Aircraft Arrival
DLY002177,FLT0017712,139,Weather
DLY002178,FLT0017726,87,Airport Operations
DLY002179,FLT0017733,22,Late Aircraft Arrival
DLY002180,FLT0017738,191,Crew Availability
DLY002181,FLT0017742,52,Security
DLY002182,FLT0017744,212,Crew Availability
DLY002183,FLT0017749,139,Air Traffic Control
DLY002184,FLT0017753,170,Air Traffic Control
DLY002185,FLT0017769,141,Mechanical Issue
DLY002186,FLT0017772,134,Security
DLY002187,FLT0017776,44,Security
DLY002188,FLT0017777,98,Crew Availability
DLY002189,FLT0017781,67,Late Aircraft Arrival
DLY002190,FLT0017782,33,Late Aircraft Arrival
DLY002191,FLT0017791,222,Crew Availability
DLY002192,FLT0017793,20,Air Traffic Control
DLY002193,FLT0017803,47,Weather
DLY002194,FLT0017815,154,Mechanical Issue
DLY002195,FLT0017821,18,Crew Availability
DLY002196,FLT0017824,151,Airport Operations
DLY002197,FLT0017827,63,Air Traffic Control
DLY002198,FLT0017836,192,Late Aircraft Arrival
DLY002199,FLT0017839,166,Mechanical Issue
DLY002200,FLT0017857,147,Late Aircraft Arrival
DLY002201,FLT0017861,96,Crew Availability
DLY002202,FLT0017866,49,Security
DLY002203,FLT0017868,162,Late Aircraft Arrival
DLY002204,FLT0017875,227,Mechanical Issue
DLY002205,FLT0017891,219,Late Aircraft Arrival
DLY002206,FLT0017900,124,Air Traffic Control
DLY002207,FLT0017902,163,Weather
DLY002208,FLT0017905,227,Weather
DLY002209,FLT0017908,105,Air Traffic Control
DLY002210,FLT0017927,166,Air Traffic Control
DLY002211,FLT0017929,58,Airport Operations
DLY002212,FLT0017940,112,Late Aircraft Arrival
DLY002213,FLT0017960,108,Mechanical Issue
DLY002214,FLT0017961,128,Airport Operations
DLY002215,FLT0017966,15,Air Traffic Control
DLY002216,FLT0017969,213,Crew Availability
DLY002217,FLT0017971,158,Crew Availability
DLY002218,FLT0017973,168,Security
DLY002219,FLT0017974,209,Late Aircraft Arrival
DLY002220,FLT0017980,227,Weather
DLY002221,FLT0017997,48,Airport Operations
DLY002222,FLT0017998,235,Security
DLY002223,FLT0018000,86,Security
DLY002224,FLT0018009,19,Air Traffic Control
DLY002225,FLT0018012,83,Weather
DLY002226,FLT0018017,108,Air Traffic Control
DLY002227,FLT0018033,25,Late Aircraft Arrival
DLY002228,FLT0018041,86,Crew Availability
DLY002229,FLT0018053,144,Airport Operations
DLY002230,FLT0018054,214,Late Aircraft Arrival
DLY002231,FLT0018057,233,Air Traffic Control
DLY002232,FLT0018064,159,Security
DLY002233,FLT0018065,100,Crew Availability
DLY002234,FLT0018085,69,Airport Operations
DLY002235,FLT0018097,182,Crew Availability
DLY002236,FLT0018108,40,Late Aircraft Arrival
DLY002237,FLT0018109,131,Late Aircraft Arrival
DLY002238,FLT0018123,82,Mechanical Issue
DLY002239,FLT0018139,91,Crew Availability
DLY002240,FLT0018142,137,Crew Availability
DLY002241,FLT0018145,112,Crew Availability
DLY002242,FLT0018149,144,Air Traffic Control
DLY002243,FLT0018150,134,Late Aircraft Arrival
DLY002244,FLT0018152,171,Air Traffic Control
DLY002245,FLT0018155,74,Crew Availability
DLY002246,FLT0018159,16,Mechanical Issue
DLY002247,FLT0018167,204,Weather
DLY002248,FLT0018170,230,Air Traffic Control
DLY002249,FLT0018172,34,Crew Availability
DLY002250,FLT0018173,231,Weather
DLY002251,FLT0018179,59,Weather
DLY002252,FLT0018195,99,Mechanical Issue
DLY002253,FLT0018203,151,Air Traffic Control
DLY002254,FLT0018223,176,Air Traffic Control
DLY002255,FLT0018230,214,Mechanical Issue
DLY002256,FLT0018234,182,Airport Operations
DLY002257,FLT0018236,112,Late Aircraft Arrival
DLY002258,FLT0018237,164,Air Traffic Control
DLY002259,FLT0018244,71,Weather
DLY002260,FLT0018255,96,Security
DLY002261,FLT0018260,235,Mechanical Issue
DLY002262,FLT0018261,223,Crew Availability
DLY002263,FLT0018295,184,Security
DLY002264,FLT0018298,97,Mechanical Issue
DLY002265,FLT0018299,165,Mechanical Issue
DLY002266,FLT0018309,134,Air Traffic Control
DLY002267,FLT0018323,103,Crew Availability
DLY002268,FLT0018329,102,Mechanical Issue
DLY002269,FLT0018332,38,Crew Availability
DLY002270,FLT0018337,96,Weather
DLY002271,FLT0018341,85,Weather
DLY002272,FLT0018348,166,Mechanical Issue
DLY002273,FLT0018354,71,Airport Operations
DLY002274,FLT0018357,73,Security
DLY002275,FLT0018358,81,Late Aircraft Arrival
DLY002276,FLT0018368,105,Airport Operations
DLY002277,FLT0018369,230,Weather
DLY002278,FLT0018382,204,Security
DLY002279,FLT0018389,156,Air Traffic Control
DLY002280,FLT0018390,143,Mechanical Issue
DLY002281,FLT0018391,163,Air Traffic Control
DLY002282,FLT0018406,239,Crew Availability
DLY002283,FLT0018411,121,Weather
DLY002284,FLT0018418,185,Security
DLY002285,FLT0018419,55,Mechanical Issue
DLY002286,FLT0018426,160,Weather
DLY002287,FLT0018427,182,Mechanical Issue
DLY002288,FLT0018429,156,Mechanical Issue
DLY002289,FLT0018436,238,Weather
DLY002290,FLT0018440,19,Late Aircraft Arrival
DLY002291,FLT0018455,114,Late Aircraft Arrival
DLY002292,FLT0018468,91,Mechanical Issue
DLY002293,FLT0018473,54,Weather
DLY002294,FLT0018489,205,Mechanical Issue
DLY002295,FLT0018513,78,Security
DLY002296,FLT0018516,228,Late Aircraft Arrival
DLY002297,FLT0018520,207,Airport Operations
DLY002298,FLT0018522,145,Airport Operations
DLY002299,FLT0018525,142,Security
DLY002300,FLT0018529,41,Weather
DLY002301,FLT0018538,203,Security
DLY002302,FLT0018545,170,Air Traffic Control
DLY002303,FLT0018554,29,Airport Operations
DLY002304,FLT0018562,104,Weather
DLY002305,FLT0018571,22,Weather
DLY002306,FLT0018576,191,Mechanical Issue
DLY002307,FLT0018578,107,Security
DLY002308,FLT0018582,83,Mechanical Issue
DLY002309,FLT0018585,94,Crew Availability
DLY002310,FLT0018595,84,Airport Operations
DLY002311,FLT0018600,57,Crew Availability
DLY002312,FLT0018603,232,Airport Operations
DLY002313,FLT0018609,121,Late Aircraft Arrival
DLY002314,FLT0018615,220,Airport Operations
DLY002315,FLT0018624,125,Airport Operations
DLY002316,FLT0018627,161,Security
DLY002317,FLT0018632,23,Weather
DLY002318,FLT0018634,217,Airport Operations
DLY002319,FLT0018639,52,Mechanical Issue
DLY002320,FLT0018640,80,Late Aircraft Arrival
DLY002321,FLT0018645,131,Air Traffic Control
DLY002322,FLT0018651,126,Crew Availability
DLY002323,FLT0018659,179,Mechanical Issue
DLY002324,FLT0018660,54,Security
DLY002325,FLT0018665,228,Mechanical Issue
DLY002326,FLT0018672,81,Air Traffic Control
DLY002327,FLT0018683,150,Crew Availability
DLY002328,FLT0018707,170,Mechanical Issue
DLY002329,FLT0018724,143,Airport Operations
DLY002330,FLT0018731,234,Weather
DLY002331,FLT0018733,120,Late Aircraft Arrival
DLY002332,FLT0018752,71,Crew Availability
DLY002333,FLT0018760,233,Crew Availability
DLY002334,FLT0018762,168,Mechanical Issue
DLY002335,FLT0018780,217,Security
DLY002336,FLT0018785,52,Security
DLY002337,FLT0018817,152,Air Traffic Control
DLY002338,FLT0018822,108,Weather
DLY002339,FLT0018823,88,Security
DLY002340,FLT0018834,150,Weather
DLY002341,FLT0018842,215,Weather
DLY002342,FLT0018850,213,Mechanical Issue
DLY002343,FLT0018869,160,Late Aircraft Arrival
DLY002344,FLT0018873,212,Crew Availability
DLY002345,FLT0018882,138,Mechanical Issue
DLY002346,FLT0018900,233,Security
DLY002347,FLT0018915,37,Late Aircraft Arrival
DLY002348,FLT0018916,69,Air Traffic Control
DLY002349,FLT0018927,27,Air Traffic Control
DLY002350,FLT0018934,57,Late Aircraft Arrival
DLY002351,FLT0018935,162,Airport Operations
DLY002352,FLT0018940,128,Crew Availability
DLY002353,FLT0018947,224,Airport Operations
DLY002354,FLT0018957,151,Air Traffic Control
DLY002355,FLT0018965,37,Weather
DLY002356,FLT0018966,209,Crew Availability
DLY002357,FLT0018979,209,Late Aircraft Arrival
DLY002358,FLT0018995,214,Airport Operations
DLY002359,FLT0018999,157,Airport Operations
DLY002360,FLT0019003,144,Air Traffic Control
DLY002361,FLT0019006,71,Late Aircraft Arrival
DLY002362,FLT0019026,73,Security
DLY002363,FLT0019040,119,Air Traffic Control
DLY002364,FLT0019041,102,Weather
DLY002365,FLT0019043,48,Late Aircraft Arrival
DLY002366,FLT0019055,64,Crew Availability
DLY002367,FLT0019062,113,Weather
DLY002368,FLT0019076,191,Weather
DLY002369,FLT0019084,152,Crew Availability
DLY002370,FLT0019089,173,Weather
DLY002371,FLT0019110,193,Weather
DLY002372,FLT0019111,127,Airport Operations
DLY002373,FLT0019114,118,Weather
DLY002374,FLT0019123,55,Late Aircraft Arrival
DLY002375,FLT0019146,153,Crew Availability
DLY002376,FLT0019176,70,Weather
DLY002377,FLT0019177,103,Crew Availability
DLY002378,FLT0019185,86,Security
DLY002379,FLT0019198,111,Air Traffic Control
DLY002380,FLT0019215,20,Air Traffic Control
DLY002381,FLT0019216,189,Mechanical Issue
DLY002382,FLT0019227,180,Crew Availability
DLY002383,FLT0019231,239,Crew Availability
DLY002384,FLT0019232,225,Late Aircraft Arrival
DLY002385,FLT0019236,166,Weather
DLY002386,FLT0019238,28,Mechanical Issue
DLY002387,FLT0019274,152,Airport Operations
DLY002388,FLT0019275,27,Air Traffic Control
DLY002389,FLT0019282,107,Security
DLY002390,FLT0019298,171,Air Traffic Control
DLY002391,FLT0019305,172,Late Aircraft Arrival
DLY002392,FLT0019309,197,Late Aircraft Arrival
DLY002393,FLT0019316,172,Mechanical Issue
DLY002394,FLT0019339,149,Mechanical Issue
DLY002395,FLT0019346,118,Mechanical Issue
DLY002396,FLT0019348,236,Air Traffic Control
DLY002397,FLT0019353,78,Late Aircraft Arrival
DLY002398,FLT0019358,75,Airport Operations
DLY002399,FLT0019360,190,Air Traffic Control
DLY002400,FLT0019370,112,Security
DLY002401,FLT0019382,30,Crew Availability
DLY002402,FLT0019385,145,Security
DLY002403,FLT0019388,239,Weather
DLY002404,FLT0019394,210,Security
DLY002405,FLT0019408,232,Security
DLY002406,FLT0019410,28,Crew Availability
DLY002407,FLT0019411,80,Airport Operations
DLY002408,FLT0019422,144,Airport Operations
DLY002409,FLT0019451,169,Airport Operations
DLY002410,FLT0019456,129,Weather
DLY002411,FLT0019457,137,Late Aircraft Arrival
DLY002412,FLT0019467,19,Late Aircraft Arrival
DLY002413,FLT0019471,59,Late Aircraft Arrival
DLY002414,FLT0019478,121,Security
DLY002415,FLT0019502,31,Airport Operations
DLY002416,FLT0019514,46,Airport Operations
DLY002417,FLT0019535,54,Security
DLY002418,FLT0019539,229,Security
DLY002419,FLT0019550,112,Security
DLY002420,FLT0019568,17,Late Aircraft Arrival
DLY002421,FLT0019569,224,Air Traffic Control
DLY002422,FLT0019586,157,Airport Operations
DLY002423,FLT0019593,88,Crew Availability
DLY002424,FLT0019597,201,Air Traffic Control
DLY002425,FLT0019599,176,Weather
DLY002426,FLT0019618,227,Weather
DLY002427,FLT0019626,28,Airport Operations
DLY002428,FLT0019651,239,Weather
DLY002429,FLT0019655,39,Mechanical Issue
DLY002430,FLT0019656,126,Airport Operations
DLY002431,FLT0019667,141,Air Traffic Control
DLY002432,FLT0019673,145,Weather
DLY002433,FLT0019695,78,Late Aircraft Arrival
DLY002434,FLT0019699,145,Airport Operations
DLY002435,FLT0019754,133,Weather
DLY002436,FLT0019755,226,Crew Availability
DLY002437,FLT0019768,177,Air Traffic Control
DLY002438,FLT0019769,142,Airport Operations
DLY002439,FLT0019776,180,Mechanical Issue
DLY002440,FLT0019797,145,Weather
DLY002441,FLT0019801,36,Air Traffic Control
DLY002442,FLT0019808,42,Airport Operations
DLY002443,FLT0019829,236,Weather
DLY002444,FLT0019844,80,Crew Availability
DLY002445,FLT0019849,177,Airport Operations
DLY002446,FLT0019858,157,Mechanical Issue
DLY002447,FLT0019866,202,Airport Operations
DLY002448,FLT0019888,227,Crew Availability
DLY002449,FLT0019894,77,Air Traffic Control
DLY002450,FLT0019901,56,Mechanical Issue
DLY002451,FLT0019902,99,Weather
DLY002452,FLT0019906,179,Mechanical Issue
DLY002453,FLT0019922,182,Air Traffic Control
DLY002454,FLT0019938,127,Mechanical Issue
DLY002455,FLT0019943,130,Late Aircraft Arrival
DLY002456,FLT0019966,45,Airport Operations
DLY002457,FLT0019972,121,Mechanical Issue
DLY002458,FLT0019980,113,Security
DLY002459,FLT0019987,61,Air Traffic Control
DLY002460,FLT0020009,211,Air Traffic Control
DLY002461,FLT0020027,135,Air Traffic Control
DLY002462,FLT0020030,189,Late Aircraft Arrival
DLY002463,FLT0020033,138,Mechanical Issue
DLY002464,FLT0020035,81,Mechanical Issue
DLY002465,FLT0020043,208,Airport Operations
DLY002466,FLT0020048,232,Weather
DLY002467,FLT0020057,117,Crew Availability
DLY002468,FLT0020066,230,Mechanical Issue
DLY002469,FLT0020086,187,Late Aircraft Arrival
DLY002470,FLT0020089,52,Late Aircraft Arrival
DLY002471,FLT0020091,201,Security
DLY002472,FLT0020100,161,Weather
DLY002473,FLT0020105,233,Security
DLY002474,FLT0020109,41,Airport Operations
DLY002475,FLT0020116,206,Airport Operations
DLY002476,FLT0020141,71,Crew Availability
DLY002477,FLT0020149,156,Security
DLY002478,FLT0020155,132,Airport Operations
DLY002479,FLT0020157,126,Security
DLY002480,FLT0020180,108,Weather
DLY002481,FLT0020184,121,Weather
DLY002482,FLT0020187,211,Late Aircraft Arrival
DLY002483,FLT0020205,227,Mechanical Issue
DLY002484,FLT0020208,163,Crew Availability
DLY002485,FLT0020211,164,Airport Operations
DLY002486,FLT0020222,161,Airport Operations
DLY002487,FLT0020224,101,Mechanical Issue
DLY002488,FLT0020226,108,Crew Availability
DLY002489,FLT0020231,114,Weather
DLY002490,FLT0020250,79,Late Aircraft Arrival
DLY002491,FLT0020254,214,Crew Availability
DLY002492,FLT0020272,235,Air Traffic Control
DLY002493,FLT0020273,61,Security
DLY002494,FLT0020285,238,Crew Availability
DLY002495,FLT0020297,35,Crew Availability
DLY002496,FLT0020359,53,Airport Operations
DLY002497,FLT0020371,25,Late Aircraft Arrival
DLY002498,FLT0020393,80,Security
DLY002499,FLT0020400,114,Mechanical Issue
DLY002500,FLT0020414,172,Air Traffic Control
DLY002501,FLT0020426,109,Weather
DLY002502,FLT0020441,173,Late Aircraft Arrival
DLY002503,FLT0020442,133,Crew Availability
DLY002504,FLT0020450,225,Airport Operations
DLY002505,FLT0020467,132,Air Traffic Control
DLY002506,FLT0020469,27,Air Traffic Control
DLY002507,FLT0020476,15,Crew Availability
DLY002508,FLT0020478,27,Late Aircraft Arrival
DLY002509,FLT0020500,15,Air Traffic Control
DLY002510,FLT0020501,112,Airport Operations
DLY002511,FLT0020507,197,Late Aircraft Arrival
DLY002512,FLT0020531,30,Late Aircraft Arrival
DLY002513,FLT0020532,218,Air Traffic Control
DLY002514,FLT0020536,217,Airport Operations
DLY002515,FLT0020541,140,Air Traffic Control
DLY002516,FLT0020544,75,Mechanical Issue
DLY002517,FLT0020549,123,Crew Availability
DLY002518,FLT0020554,219,Weather
DLY002519,FLT0020558,90,Air Traffic Control
DLY002520,FLT0020563,122,Airport Operations
DLY002521,FLT0020565,76,Airport Operations
DLY002522,FLT0020568,175,Weather
DLY002523,FLT0020569,80,Late Aircraft Arrival
DLY002524,FLT0020583,231,Crew Availability
DLY002525,FLT0020585,84,Security
DLY002526,FLT0020650,41,Late Aircraft Arrival
DLY002527,FLT0020651,40,Air Traffic Control
DLY002528,FLT0020660,171,Late Aircraft Arrival
DLY002529,FLT0020677,138,Mechanical Issue
DLY002530,FLT0020678,207,Weather
DLY002531,FLT0020682,114,Mechanical Issue
DLY002532,FLT0020700,35,Crew Availability
DLY002533,FLT0020711,93,Crew Availability
DLY002534,FLT0020718,16,Security
DLY002535,FLT0020729,130,Security
DLY002536,FLT0020739,34,Security
DLY002537,FLT0020748,74,Mechanical Issue
DLY002538,FLT0020761,104,Security
DLY002539,FLT0020774,178,Security
DLY002540,FLT0020798,171,Weather
DLY002541,FLT0020809,96,Air Traffic Control
DLY002542,FLT0020832,91,Air Traffic Control
DLY002543,FLT0020837,159,Mechanical Issue
DLY002544,FLT0020847,158,Crew Availability
DLY002545,FLT0020850,38,Air Traffic Control
DLY002546,FLT0020855,77,Weather
DLY002547,FLT0020859,108,Mechanical Issue
DLY002548,FLT0020861,185,Crew Availability
DLY002549,FLT0020864,36,Mechanical Issue
DLY002550,FLT0020865,197,Crew Availability
DLY002551,FLT0020867,75,Air Traffic Control
DLY002552,FLT0020877,102,Mechanical Issue
DLY002553,FLT0020882,148,Mechanical Issue
DLY002554,FLT0020888,189,Weather
DLY002555,FLT0020899,175,Late Aircraft Arrival
DLY002556,FLT0020920,69,Airport Operations
DLY002557,FLT0020928,93,Mechanical Issue
DLY002558,FLT0020932,137,Mechanical Issue
DLY002559,FLT0020948,201,Air Traffic Control
DLY002560,FLT0020959,185,Air Traffic Control
DLY002561,FLT0020977,17,Airport Operations
DLY002562,FLT0020990,122,Crew Availability
DLY002563,FLT0020996,42,Late Aircraft Arrival
DLY002564,FLT0020997,194,Crew Availability
DLY002565,FLT0021013,183,Crew Availability
DLY002566,FLT0021014,177,Air Traffic Control
DLY002567,FLT0021022,121,Mechanical Issue
DLY002568,FLT0021034,83,Mechanical Issue
DLY002569,FLT0021036,71,Mechanical Issue
DLY002570,FLT0021038,184,Crew Availability
DLY002571,FLT0021040,180,Weather
DLY002572,FLT0021046,176,Crew Availability
DLY002573,FLT0021051,218,Airport Operations
DLY002574,FLT0021060,142,Crew Availability
DLY002575,FLT0021063,67,Late Aircraft Arrival
DLY002576,FLT0021078,235,Late Aircraft Arrival
DLY002577,FLT0021092,175,Crew Availability
DLY002578,FLT0021094,90,Airport Operations
DLY002579,FLT0021096,158,Late Aircraft Arrival
DLY002580,FLT0021106,115,Security
DLY002581,FLT0021112,161,Weather
DLY002582,FLT0021125,138,Mechanical Issue
DLY002583,FLT0021143,204,Late Aircraft Arrival
DLY002584,FLT0021146,65,Airport Operations
DLY002585,FLT0021149,156,Late Aircraft Arrival
DLY002586,FLT0021150,96,Crew Availability
DLY002587,FLT0021152,232,Weather
DLY002588,FLT0021154,181,Security
DLY002589,FLT0021160,108,Late Aircraft Arrival
DLY002590,FLT0021165,220,Airport Operations
DLY002591,FLT0021169,56,Air Traffic Control
DLY002592,FLT0021182,99,Crew Availability
DLY002593,FLT0021185,50,Airport Operations
DLY002594,FLT0021186,122,Security
DLY002595,FLT0021208,68,Security
DLY002596,FLT0021220,155,Weather
DLY002597,FLT0021238,151,Security
DLY002598,FLT0021244,236,Airport Operations
DLY002599,FLT0021246,95,Air Traffic Control
DLY002600,FLT0021267,119,Airport Operations
DLY002601,FLT0021274,61,Security
DLY002602,FLT0021275,217,Weather
DLY002603,FLT0021281,220,Crew Availability
DLY002604,FLT0021290,77,Air Traffic Control
DLY002605,FLT0021305,190,Security
DLY002606,FLT0021306,111,Security
DLY002607,FLT0021318,210,Air Traffic Control
DLY002608,FLT0021319,19,Airport Operations
DLY002609,FLT0021324,124,Late Aircraft Arrival
DLY002610,FLT0021333,202,Airport Operations
DLY002611,FLT0021340,56,Late Aircraft Arrival
DLY002612,FLT0021341,239,Airport Operations
DLY002613,FLT0021344,128,Mechanical Issue
DLY002614,FLT0021347,170,Air Traffic Control
DLY002615,FLT0021360,116,Late Aircraft Arrival
DLY002616,FLT0021361,231,Security
DLY002617,FLT0021363,174,Late Aircraft Arrival
DLY002618,FLT0021400,183,Late Aircraft Arrival
DLY002619,FLT0021413,41,Air Traffic Control
DLY002620,FLT0021418,229,Late Aircraft Arrival
DLY002621,FLT0021428,100,Weather
DLY002622,FLT0021439,184,Crew Availability
DLY002623,FLT0021444,168,Late Aircraft Arrival
DLY002624,FLT0021456,154,Crew Availability
DLY002625,FLT0021463,76,Airport Operations
DLY002626,FLT0021470,25,Security
DLY002627,FLT0021485,139,Security
DLY002628,FLT0021488,212,Airport Operations
DLY002629,FLT0021501,182,Late Aircraft Arrival
DLY002630,FLT0021510,202,Airport Operations
DLY002631,FLT0021528,194,Airport Operations
DLY002632,FLT0021531,224,Crew Availability
DLY002633,FLT0021547,48,Air Traffic Control
DLY002634,FLT0021566,216,Weather
DLY002635,FLT0021567,224,Weather
DLY002636,FLT0021577,155,Mechanical Issue
DLY002637,FLT0021586,62,Airport Operations
DLY002638,FLT0021597,152,Air Traffic Control
DLY002639,FLT0021599,231,Air Traffic Control
DLY002640,FLT0021602,106,Crew Availability
DLY002641,FLT0021603,203,Mechanical Issue
DLY002642,FLT0021607,120,Late Aircraft Arrival
DLY002643,FLT0021620,47,Crew Availability
DLY002644,FLT0021626,34,Mechanical Issue
DLY002645,FLT0021629,100,Weather
DLY002646,FLT0021633,216,Late Aircraft Arrival
DLY002647,FLT0021636,221,Air Traffic Control
DLY002648,FLT0021639,227,Crew Availability
DLY002649,FLT0021645,109,Mechanical Issue
DLY002650,FLT0021650,115,Late Aircraft Arrival
DLY002651,FLT0021651,179,Late Aircraft Arrival
DLY002652,FLT0021652,124,Security
DLY002653,FLT0021656,120,Crew Availability
DLY002654,FLT0021660,74,Weather
DLY002655,FLT0021661,151,Air Traffic Control
DLY002656,FLT0021664,77,Weather
DLY002657,FLT0021665,86,Security
DLY002658,FLT0021669,217,Air Traffic Control
DLY002659,FLT0021671,229,Crew Availability
DLY002660,FLT0021674,236,Crew Availability
DLY002661,FLT0021677,77,Airport Operations
DLY002662,FLT0021688,96,Crew Availability
DLY002663,FLT0021690,22,Mechanical Issue
DLY002664,FLT0021693,230,Crew Availability
DLY002665,FLT0021724,41,Crew Availability
DLY002666,FLT0021732,203,Crew Availability
DLY002667,FLT0021733,102,Air Traffic Control
DLY002668,FLT0021734,115,Mechanical Issue
DLY002669,FLT0021735,50,Airport Operations
DLY002670,FLT0021737,233,Weather
DLY002671,FLT0021742,164,Security
DLY002672,FLT0021749,46,Mechanical Issue
DLY002673,FLT0021758,230,Late Aircraft Arrival
DLY002674,FLT0021769,15,Airport Operations
DLY002675,FLT0021770,23,Air Traffic Control
DLY002676,FLT0021772,85,Security
DLY002677,FLT0021778,107,Airport Operations
DLY002678,FLT0021781,17,Weather
DLY002679,FLT0021782,156,Late Aircraft Arrival
DLY002680,FLT0021783,54,Weather
DLY002681,FLT0021789,75,Mechanical Issue
DLY002682,FLT0021809,22,Late Aircraft Arrival
DLY002683,FLT0021817,96,Airport Operations
DLY002684,FLT0021818,116,Security
DLY002685,FLT0021819,60,Security
DLY002686,FLT0021823,31,Air Traffic Control
DLY002687,FLT0021824,57,Crew Availability
DLY002688,FLT0021826,81,Mechanical Issue
DLY002689,FLT0021840,128,Mechanical Issue
DLY002690,FLT0021852,197,Air Traffic Control
DLY002691,FLT0021862,229,Air Traffic Control
DLY002692,FLT0021866,70,Mechanical Issue
DLY002693,FLT0021876,173,Weather
DLY002694,FLT0021880,139,Mechanical Issue
DLY002695,FLT0021884,128,Crew Availability
DLY002696,FLT0021889,205,Security
DLY002697,FLT0021892,97,Late Aircraft Arrival
DLY002698,FLT0021899,62,Airport Operations
DLY002699,FLT0021902,139,Mechanical Issue
DLY002700,FLT0021907,33,Security
DLY002701,FLT0021910,89,Late Aircraft Arrival
DLY002702,FLT0021915,228,Airport Operations
DLY002703,FLT0021916,212,Late Aircraft Arrival
DLY002704,FLT0021933,59,Late Aircraft Arrival
DLY002705,FLT0021934,174,Mechanical Issue
DLY002706,FLT0021949,181,Airport Operations
DLY002707,FLT0021953,55,Late Aircraft Arrival
DLY002708,FLT0021969,96,Airport Operations
DLY002709,FLT0021982,168,Late Aircraft Arrival
DLY002710,FLT0021987,63,Mechanical Issue
DLY002711,FLT0021989,62,Airport Operations
DLY002712,FLT0021996,27,Airport Operations
DLY002713,FLT0022004,139,Crew Availability
DLY002714,FLT0022005,72,Security
DLY002715,FLT0022013,146,Crew Availability
DLY002716,FLT0022016,159,Security
DLY002717,FLT0022018,173,Mechanical Issue
DLY002718,FLT0022025,216,Crew Availability
DLY002719,FLT0022027,217,Mechanical Issue
DLY002720,FLT0022028,113,Mechanical Issue
DLY002721,FLT0022029,130,Air Traffic Control
DLY002722,FLT0022042,179,Mechanical Issue
DLY002723,FLT0022045,166,Security
DLY002724,FLT0022046,54,Late Aircraft Arrival
DLY002725,FLT0022047,222,Weather
DLY002726,FLT0022057,155,Crew Availability
DLY002727,FLT0022080,190,Security
DLY002728,FLT0022082,19,Late Aircraft Arrival
DLY002729,FLT0022086,89,Late Aircraft Arrival
DLY002730,FLT0022108,205,Late Aircraft Arrival
DLY002731,FLT0022127,26,Air Traffic Control
DLY002732,FLT0022132,157,Security
DLY002733,FLT0022134,180,Crew Availability
DLY002734,FLT0022141,122,Security
DLY002735,FLT0022143,80,Late Aircraft Arrival
DLY002736,FLT0022157,78,Weather
DLY002737,FLT0022161,154,Airport Operations
DLY002738,FLT0022174,207,Airport Operations
DLY002739,FLT0022175,61,Weather
DLY002740,FLT0022185,114,Weather
DLY002741,FLT0022187,45,Security
DLY002742,FLT0022190,177,Airport Operations
DLY002743,FLT0022195,165,Late Aircraft Arrival
DLY002744,FLT0022202,208,Security
DLY002745,FLT0022205,147,Airport Operations
DLY002746,FLT0022207,107,Airport Operations
DLY002747,FLT0022208,207,Airport Operations
DLY002748,FLT0022246,107,Airport Operations
DLY002749,FLT0022247,40,Late Aircraft Arrival
DLY002750,FLT0022261,180,Security
DLY002751,FLT0022286,100,Air Traffic Control
DLY002752,FLT0022306,44,Airport Operations
DLY002753,FLT0022311,217,Air Traffic Control
DLY002754,FLT0022333,60,Weather
DLY002755,FLT0022339,208,Mechanical Issue
DLY002756,FLT0022365,36,Weather
DLY002757,FLT0022366,214,Security
DLY002758,FLT0022368,189,Airport Operations
DLY002759,FLT0022371,52,Air Traffic Control
DLY002760,FLT0022377,84,Mechanical Issue
DLY002761,FLT0022383,212,Mechanical Issue
DLY002762,FLT0022390,178,Security
DLY002763,FLT0022391,30,Late Aircraft Arrival
DLY002764,FLT0022408,153,Crew Availability
DLY002765,FLT0022412,152,Late Aircraft Arrival
DLY002766,FLT0022416,122,Late Aircraft Arrival
DLY002767,FLT0022434,193,Late Aircraft Arrival
DLY002768,FLT0022443,142,Mechanical Issue
DLY002769,FLT0022447,90,Crew Availability
DLY002770,FLT0022452,118,Air Traffic Control
DLY002771,FLT0022455,102,Mechanical Issue
DLY002772,FLT0022459,101,Security
DLY002773,FLT0022463,145,Late Aircraft Arrival
DLY002774,FLT0022477,24,Weather
DLY002775,FLT0022479,118,Mechanical Issue
DLY002776,FLT0022484,101,Mechanical Issue
DLY002777,FLT0022488,179,Security
DLY002778,FLT0022496,98,Air Traffic Control
DLY002779,FLT0022505,195,Late Aircraft Arrival
DLY002780,FLT0022522,229,Airport Operations
DLY002781,FLT0022524,77,Air Traffic Control
DLY002782,FLT0022533,71,Mechanical Issue
DLY002783,FLT0022537,131,Airport Operations
DLY002784,FLT0022538,145,Weather
DLY002785,FLT0022540,88,Weather
DLY002786,FLT0022544,56,Crew Availability
DLY002787,FLT0022551,205,Air Traffic Control
DLY002788,FLT0022554,105,Crew Availability
DLY002789,FLT0022561,88,Airport Operations
DLY002790,FLT0022572,57,Late Aircraft Arrival
DLY002791,FLT0022575,25,Mechanical Issue
DLY002792,FLT0022578,43,Weather
DLY002793,FLT0022580,84,Airport Operations
DLY002794,FLT0022581,195,Security
DLY002795,FLT0022584,26,Mechanical Issue
DLY002796,FLT0022598,186,Crew Availability
DLY002797,FLT0022607,207,Crew Availability
DLY002798,FLT0022617,38,Late Aircraft Arrival
DLY002799,FLT0022623,154,Air Traffic Control
DLY002800,FLT0022631,123,Weather
DLY002801,FLT0022641,135,Late Aircraft Arrival
DLY002802,FLT0022647,153,Weather
DLY002803,FLT0022652,147,Air Traffic Control
DLY002804,FLT0022662,212,Crew Availability
DLY002805,FLT0022665,214,Late Aircraft Arrival
DLY002806,FLT0022667,87,Late Aircraft Arrival
DLY002807,FLT0022672,135,Late Aircraft Arrival
DLY002808,FLT0022676,28,Airport Operations
DLY002809,FLT0022685,222,Air Traffic Control
DLY002810,FLT0022690,200,Late Aircraft Arrival
DLY002811,FLT0022700,173,Airport Operations
DLY002812,FLT0022704,118,Late Aircraft Arrival
DLY002813,FLT0022705,144,Airport Operations
DLY002814,FLT0022715,27,Security
DLY002815,FLT0022717,207,Weather
DLY002816,FLT0022725,92,Late Aircraft Arrival
DLY002817,FLT0022731,213,Air Traffic Control
DLY002818,FLT0022738,195,Air Traffic Control
DLY002819,FLT0022747,235,Late Aircraft Arrival
DLY002820,FLT0022749,120,Security
DLY002821,FLT0022750,57,Weather
DLY002822,FLT0022751,18,Crew Availability
DLY002823,FLT0022762,94,Weather
DLY002824,FLT0022767,235,Late Aircraft Arrival
DLY002825,FLT0022769,192,Mechanical Issue
DLY002826,FLT0022786,233,Security
DLY002827,FLT0022800,178,Crew Availability
DLY002828,FLT0022821,107,Airport Operations
DLY002829,FLT0022824,209,Weather
DLY002830,FLT0022839,137,Crew Availability
DLY002831,FLT0022840,38,Late Aircraft Arrival
DLY002832,FLT0022844,126,Airport Operations
DLY002833,FLT0022849,215,Airport Operations
DLY002834,FLT0022858,176,Security
DLY002835,FLT0022861,43,Air Traffic Control
DLY002836,FLT0022870,94,Airport Operations
DLY002837,FLT0022881,76,Crew Availability
DLY002838,FLT0022895,54,Crew Availability
DLY002839,FLT0022897,230,Weather
DLY002840,FLT0022907,61,Mechanical Issue
DLY002841,FLT0022931,18,Airport Operations
DLY002842,FLT0022932,64,Mechanical Issue
DLY002843,FLT0022934,110,Weather
DLY002844,FLT0022937,139,Air Traffic Control
DLY002845,FLT0022949,41,Security
DLY002846,FLT0022958,44,Weather
DLY002847,FLT0022964,57,Mechanical Issue
DLY002848,FLT0022967,38,Air Traffic Control
DLY002849,FLT0022976,61,Air Traffic Control
DLY002850,FLT0022982,88,Mechanical Issue
DLY002851,FLT0023013,184,Security
DLY002852,FLT0023014,63,Weather
DLY002853,FLT0023016,103,Airport Operations
DLY002854,FLT0023018,204,Airport Operations
DLY002855,FLT0023036,67,Crew Availability
DLY002856,FLT0023048,154,Mechanical Issue
DLY002857,FLT0023049,183,Late Aircraft Arrival
DLY002858,FLT0023055,207,Security
DLY002859,FLT0023058,219,Airport Operations
DLY002860,FLT0023060,51,Late Aircraft Arrival
DLY002861,FLT0023094,99,Late Aircraft Arrival
DLY002862,FLT0023106,213,Airport Operations
DLY002863,FLT0023117,149,Crew Availability
DLY002864,FLT0023118,70,Late Aircraft Arrival
DLY002865,FLT0023135,163,Late Aircraft Arrival
DLY002866,FLT0023148,168,Airport Operations
DLY002867,FLT0023171,104,Airport Operations
DLY002868,FLT0023176,150,Mechanical Issue
DLY002869,FLT0023193,211,Mechanical Issue
DLY002870,FLT0023194,175,Crew Availability
DLY002871,FLT0023195,158,Security
DLY002872,FLT0023203,83,Crew Availability
DLY002873,FLT0023207,137,Security
DLY002874,FLT0023208,224,Crew Availability
DLY002875,FLT0023216,173,Airport Operations
DLY002876,FLT0023238,38,Crew Availability
DLY002877,FLT0023249,206,Airport Operations
DLY002878,FLT0023254,128,Airport Operations
DLY002879,FLT0023255,94,Late Aircraft Arrival
DLY002880,FLT0023258,114,Security
DLY002881,FLT0023262,190,Airport Operations
DLY002882,FLT0023263,212,Late Aircraft Arrival
DLY002883,FLT0023264,225,Weather
DLY002884,FLT0023269,183,Airport Operations
DLY002885,FLT0023282,136,Mechanical Issue
DLY002886,FLT0023287,94,Airport Operations
DLY002887,FLT0023302,31,Crew Availability
DLY002888,FLT0023317,61,Late Aircraft Arrival
DLY002889,FLT0023334,106,Weather
DLY002890,FLT0023336,34,Airport Operations
DLY002891,FLT0023339,151,Late Aircraft Arrival
DLY002892,FLT0023343,32,Mechanical Issue
DLY002893,FLT0023346,110,Weather
DLY002894,FLT0023360,123,Late Aircraft Arrival
DLY002895,FLT0023361,170,Crew Availability
DLY002896,FLT0023366,161,Airport Operations
DLY002897,FLT0023390,128,Security
DLY002898,FLT0023391,231,Air Traffic Control
DLY002899,FLT0023393,128,Weather
DLY002900,FLT0023403,49,Mechanical Issue
DLY002901,FLT0023408,33,Late Aircraft Arrival
DLY002902,FLT0023421,237,Weather
DLY002903,FLT0023435,229,Weather
DLY002904,FLT0023442,203,Crew Availability
DLY002905,FLT0023453,231,Late Aircraft Arrival
DLY002906,FLT0023457,113,Crew Availability
DLY002907,FLT0023463,112,Weather
DLY002908,FLT0023465,43,Weather
DLY002909,FLT0023467,237,Weather
DLY002910,FLT0023468,148,Weather
DLY002911,FLT0023485,236,Weather
DLY002912,FLT0023487,231,Late Aircraft Arrival
DLY002913,FLT0023508,44,Airport Operations
DLY002914,FLT0023520,62,Airport Operations
DLY002915,FLT0023528,189,Weather
DLY002916,FLT0023544,67,Mechanical Issue
DLY002917,FLT0023546,140,Weather
DLY002918,FLT0023548,110,Airport Operations
DLY002919,FLT0023549,33,Mechanical Issue
DLY002920,FLT0023576,173,Weather
DLY002921,FLT0023586,78,Mechanical Issue
DLY002922,FLT0023609,106,Crew Availability
DLY002923,FLT0023614,144,Air Traffic Control
DLY002924,FLT0023617,198,Weather
DLY002925,FLT0023633,139,Security
DLY002926,FLT0023646,26,Mechanical Issue
DLY002927,FLT0023659,42,Air Traffic Control
DLY002928,FLT0023661,16,Airport Operations
DLY002929,FLT0023664,75,Mechanical Issue
DLY002930,FLT0023666,174,Mechanical Issue
DLY002931,FLT0023680,158,Late Aircraft Arrival
DLY002932,FLT0023690,128,Airport Operations
DLY002933,FLT0023705,146,Mechanical Issue
DLY002934,FLT0023707,68,Weather
DLY002935,FLT0023715,27,Late Aircraft Arrival
DLY002936,FLT0023716,40,Security
DLY002937,FLT0023738,110,Mechanical Issue
DLY002938,FLT0023752,81,Crew Availability
DLY002939,FLT0023783,234,Crew Availability
DLY002940,FLT0023790,119,Weather
DLY002941,FLT0023794,211,Weather
DLY002942,FLT0023804,185,Weather
DLY002943,FLT0023817,103,Late Aircraft Arrival
DLY002944,FLT0023818,202,Security
DLY002945,FLT0023856,60,Weather
DLY002946,FLT0023864,235,Security
DLY002947,FLT0023882,99,Late Aircraft Arrival
DLY002948,FLT0023899,195,Weather
DLY002949,FLT0023908,223,Airport Operations
DLY002950,FLT0023913,97,Late Aircraft Arrival
DLY002951,FLT0023914,130,Late Aircraft Arrival
DLY002952,FLT0023948,162,Weather
DLY002953,FLT0023958,175,Weather
DLY002954,FLT0023959,125,Weather
DLY002955,FLT0023960,216,Crew Availability
DLY002956,FLT0023965,28,Security
DLY002957,FLT0023968,116,Airport Operations
DLY002958,FLT0023977,113,Crew Availability
DLY002959,FLT0023994,161,Security
DLY002960,FLT0023996,201,Mechanical Issue
DLY002961,FLT0024003,210,Late Aircraft Arrival
DLY002962,FLT0024014,46,Security
DLY002963,FLT0024017,150,Late Aircraft Arrival
DLY002964,FLT0024023,40,Airport Operations
DLY002965,FLT0024025,160,Security
DLY002966,FLT0024035,79,Airport Operations
DLY002967,FLT0024040,50,Security
DLY002968,FLT0024045,20,Air Traffic Control
DLY002969,FLT0024055,154,Air Traffic Control
DLY002970,FLT0024065,151,Mechanical Issue
DLY002971,FLT0024070,124,Crew Availability
DLY002972,FLT0024091,218,Mechanical Issue
DLY002973,FLT0024103,205,Crew Availability
DLY002974,FLT0024107,182,Airport Operations
DLY002975,FLT0024120,58,Crew Availability
DLY002976,FLT0024128,206,Late Aircraft Arrival
DLY002977,FLT0024130,191,Airport Operations
DLY002978,FLT0024131,134,Air Traffic Control
DLY002979,FLT0024136,47,Air Traffic Control
DLY002980,FLT0024144,200,Security
DLY002981,FLT0024145,86,Late Aircraft Arrival
DLY002982,FLT0024152,41,Security
DLY002983,FLT0024154,29,Weather
DLY002984,FLT0024163,163,Late Aircraft Arrival
DLY002985,FLT0024169,44,Security
DLY002986,FLT0024177,143,Mechanical Issue
DLY002987,FLT0024194,35,Air Traffic Control
DLY002988,FLT0024198,213,Late Aircraft Arrival
DLY002989,FLT0024202,233,Mechanical Issue
DLY002990,FLT0024204,41,Security
DLY002991,FLT0024211,94,Airport Operations
DLY002992,FLT0024212,215,Air Traffic Control
DLY002993,FLT0024213,164,Crew Availability
DLY002994,FLT0024219,41,Airport Operations
DLY002995,FLT0024223,179,Weather
DLY002996,FLT0024234,26,Late Aircraft Arrival
DLY002997,FLT0024240,208,Weather
DLY002998,FLT0024254,152,Crew Availability
DLY002999,FLT0024255,147,Airport Operations
DLY003000,FLT0024262,56,Air Traffic Control
DLY003001,FLT0024278,130,Late Aircraft Arrival
DLY003002,FLT0024281,185,Airport Operations
DLY003003,FLT0024286,233,Mechanical Issue
DLY003004,FLT0024298,28,Air Traffic Control
DLY003005,FLT0024301,32,Weather
DLY003006,FLT0024304,149,Air Traffic Control
DLY003007,FLT0024307,70,Air Traffic Control
DLY003008,FLT0024318,168,Late Aircraft Arrival
DLY003009,FLT0024325,52,Late Aircraft Arrival
DLY003010,FLT0024326,185,Airport Operations
DLY003011,FLT0024332,56,Mechanical Issue
DLY003012,FLT0024333,16,Crew Availability
DLY003013,FLT0024334,79,Crew Availability
DLY003014,FLT0024341,210,Crew Availability
DLY003015,FLT0024349,164,Late Aircraft Arrival
DLY003016,FLT0024363,152,Weather
DLY003017,FLT0024364,226,Late Aircraft Arrival
DLY003018,FLT0024367,217,Weather
DLY003019,FLT0024371,206,Mechanical Issue
DLY003020,FLT0024372,162,Weather
DLY003021,FLT0024381,119,Crew Availability
DLY003022,FLT0024387,203,Weather
DLY003023,FLT0024389,52,Airport Operations
DLY003024,FLT0024402,180,Crew Availability
DLY003025,FLT0024404,235,Security
DLY003026,FLT0024406,29,Late Aircraft Arrival
DLY003027,FLT0024410,42,Air Traffic Control
DLY003028,FLT0024412,123,Air Traffic Control
DLY003029,FLT0024418,143,Crew Availability
DLY003030,FLT0024434,216,Late Aircraft Arrival
DLY003031,FLT0024444,78,Late Aircraft Arrival
DLY003032,FLT0024448,73,Crew Availability
DLY003033,FLT0024451,32,Airport Operations
DLY003034,FLT0024467,214,Security
DLY003035,FLT0024481,34,Crew Availability
DLY003036,FLT0024483,52,Late Aircraft Arrival
DLY003037,FLT0024491,103,Airport Operations
DLY003038,FLT0024498,36,Air Traffic Control
DLY003039,FLT0024511,21,Late Aircraft Arrival
DLY003040,FLT0024513,142,Crew Availability
DLY003041,FLT0024524,158,Weather
DLY003042,FLT0024539,196,Crew Availability
DLY003043,FLT0024570,209,Crew Availability
DLY003044,FLT0024574,74,Security
DLY003045,FLT0024589,81,Mechanical Issue
DLY003046,FLT0024599,226,Crew Availability
DLY003047,FLT0024612,67,Late Aircraft Arrival
DLY003048,FLT0024615,50,Late Aircraft Arrival
DLY003049,FLT0024628,197,Mechanical Issue
DLY003050,FLT0024638,44,Air Traffic Control
DLY003051,FLT0024640,220,Late Aircraft Arrival
DLY003052,FLT0024651,135,Security
DLY003053,FLT0024654,82,Weather
DLY003054,FLT0024657,173,Crew Availability
DLY003055,FLT0024660,72,Airport Operations
DLY003056,FLT0024696,113,Air Traffic Control
DLY003057,FLT0024702,56,Airport Operations
DLY003058,FLT0024748,65,Security
DLY003059,FLT0024753,153,Security
DLY003060,FLT0024757,21,Airport Operations
DLY003061,FLT0024759,232,Late Aircraft Arrival
DLY003062,FLT0024764,27,Mechanical Issue
DLY003063,FLT0024765,196,Security
DLY003064,FLT0024779,81,Airport Operations
DLY003065,FLT0024780,110,Airport Operations
DLY003066,FLT0024798,192,Late Aircraft Arrival
DLY003067,FLT0024804,45,Crew Availability
DLY003068,FLT0024810,75,Air Traffic Control
DLY003069,FLT0024814,209,Crew Availability
DLY003070,FLT0024842,132,Weather
DLY003071,FLT0024849,74,Mechanical Issue
DLY003072,FLT0024852,71,Mechanical Issue
DLY003073,FLT0024853,36,Air Traffic Control
DLY003074,FLT0024855,184,Mechanical Issue
DLY003075,FLT0024860,98,Mechanical Issue
DLY003076,FLT0024864,49,Airport Operations
DLY003077,FLT0024872,202,Airport Operations
DLY003078,FLT0024875,152,Air Traffic Control
DLY003079,FLT0024891,41,Weather
DLY003080,FLT0024894,180,Security
DLY003081,FLT0024901,128,Airport Operations
DLY003082,FLT0024915,50,Late Aircraft Arrival
DLY003083,FLT0024922,24,Crew Availability
DLY003084,FLT0024923,105,Air Traffic Control
DLY003085,FLT0024926,203,Late Aircraft Arrival
DLY003086,FLT0024931,188,Late Aircraft Arrival
DLY003087,FLT0024940,145,Crew Availability
DLY003088,FLT0024961,114,Security
DLY003089,FLT0024966,156,Late Aircraft Arrival
DLY003090,FLT0024971,19,Security
DLY003091,FLT0024986,214,Weather
DLY003092,FLT0024993,69,Air Traffic Control
DLY003093,FLT0025001,130,Crew Availability
DLY003094,FLT0025020,103,Mechanical Issue
DLY003095,FLT0025037,222,Airport Operations
DLY003096,FLT0025038,222,Late Aircraft Arrival
DLY003097,FLT0025045,83,Airport Operations
DLY003098,FLT0025048,175,Crew Availability
DLY003099,FLT0025051,139,Weather
DLY003100,FLT0025061,215,Weather
DLY003101,FLT0025068,62,Security
DLY003102,FLT0025071,183,Crew Availability
DLY003103,FLT0025078,133,Air Traffic Control
DLY003104,FLT0025090,185,Airport Operations
DLY003105,FLT0025091,94,Weather
DLY003106,FLT0025092,145,Late Aircraft Arrival
DLY003107,FLT0025095,51,Late Aircraft Arrival
DLY003108,FLT0025096,120,Late Aircraft Arrival
DLY003109,FLT0025104,208,Airport Operations
DLY003110,FLT0025108,68,Weather
DLY003111,FLT0025124,131,Airport Operations
DLY003112,FLT0025130,92,Late Aircraft Arrival
DLY003113,FLT0025148,17,Air Traffic Control
DLY003114,FLT0025153,69,Air Traffic Control
DLY003115,FLT0025157,176,Air Traffic Control
DLY003116,FLT0025158,182,Security
DLY003117,FLT0025159,16,Mechanical Issue
DLY003118,FLT0025160,70,Air Traffic Control
DLY003119,FLT0025165,239,Airport Operations
DLY003120,FLT0025167,226,Airport Operations
DLY003121,FLT0025170,127,Mechanical Issue
DLY003122,FLT0025175,64,Air Traffic Control
DLY003123,FLT0025181,41,Weather
DLY003124,FLT0025182,154,Late Aircraft Arrival
DLY003125,FLT0025185,112,Mechanical Issue
DLY003126,FLT0025193,45,Crew Availability
DLY003127,FLT0025203,135,Airport Operations
DLY003128,FLT0025228,132,Security
DLY003129,FLT0025232,88,Late Aircraft Arrival
DLY003130,FLT0025233,182,Weather
DLY003131,FLT0025237,235,Late Aircraft Arrival
DLY003132,FLT0025242,37,Mechanical Issue
DLY003133,FLT0025257,96,Late Aircraft Arrival
DLY003134,FLT0025262,192,Air Traffic Control
DLY003135,FLT0025269,101,Weather
DLY003136,FLT0025270,26,Airport Operations
DLY003137,FLT0025271,233,Airport Operations
DLY003138,FLT0025277,143,Late Aircraft Arrival
DLY003139,FLT0025288,108,Crew Availability
DLY003140,FLT0025302,15,Weather
DLY003141,FLT0025310,108,Mechanical Issue
DLY003142,FLT0025313,117,Air Traffic Control
DLY003143,FLT0025323,20,Late Aircraft Arrival
DLY003144,FLT0025377,139,Security
DLY003145,FLT0025383,198,Air Traffic Control
DLY003146,FLT0025387,47,Mechanical Issue
DLY003147,FLT0025397,50,Airport Operations
DLY003148,FLT0025402,196,Weather
DLY003149,FLT0025408,42,Weather
DLY003150,FLT0025422,186,Late Aircraft Arrival
DLY003151,FLT0025444,151,Mechanical Issue
DLY003152,FLT0025447,35,Airport Operations
DLY003153,FLT0025456,130,Air Traffic Control
DLY003154,FLT0025480,142,Airport Operations
DLY003155,FLT0025495,36,Late Aircraft Arrival
DLY003156,FLT0025501,217,Crew Availability
DLY003157,FLT0025502,215,Air Traffic Control
DLY003158,FLT0025504,15,Mechanical Issue
DLY003159,FLT0025506,132,Airport Operations
DLY003160,FLT0025513,118,Air Traffic Control
DLY003161,FLT0025525,229,Late Aircraft Arrival
DLY003162,FLT0025534,56,Weather
DLY003163,FLT0025536,105,Security
DLY003164,FLT0025538,68,Airport Operations
DLY003165,FLT0025544,234,Crew Availability
DLY003166,FLT0025547,107,Air Traffic Control
DLY003167,FLT0025549,41,Security
DLY003168,FLT0025552,201,Weather
DLY003169,FLT0025555,161,Mechanical Issue
DLY003170,FLT0025563,41,Air Traffic Control
DLY003171,FLT0025572,190,Weather
DLY003172,FLT0025584,184,Late Aircraft Arrival
DLY003173,FLT0025587,122,Weather
DLY003174,FLT0025613,26,Weather
DLY003175,FLT0025616,228,Air Traffic Control
DLY003176,FLT0025635,111,Airport Operations
DLY003177,FLT0025638,219,Airport Operations
DLY003178,FLT0025643,209,Security
DLY003179,FLT0025648,81,Crew Availability
DLY003180,FLT0025662,130,Mechanical Issue
DLY003181,FLT0025679,30,Airport Operations
DLY003182,FLT0025682,126,Mechanical Issue
DLY003183,FLT0025685,166,Weather
DLY003184,FLT0025686,16,Mechanical Issue
DLY003185,FLT0025687,93,Security
DLY003186,FLT0025702,163,Mechanical Issue
DLY003187,FLT0025708,22,Crew Availability
DLY003188,FLT0025712,98,Late Aircraft Arrival
DLY003189,FLT0025726,58,Weather
DLY003190,FLT0025728,77,Mechanical Issue
DLY003191,FLT0025741,104,Crew Availability
DLY003192,FLT0025755,135,Weather
DLY003193,FLT0025757,81,Crew Availability
DLY003194,FLT0025768,127,Airport Operations
DLY003195,FLT0025784,148,Airport Operations
DLY003196,FLT0025789,85,Crew Availability
DLY003197,FLT0025793,135,Crew Availability
DLY003198,FLT0025805,62,Mechanical Issue
DLY003199,FLT0025808,50,Mechanical Issue
DLY003200,FLT0025814,133,Air Traffic Control
DLY003201,FLT0025816,71,Weather
DLY003202,FLT0025817,114,Late Aircraft Arrival
DLY003203,FLT0025833,117,Crew Availability
DLY003204,FLT0025838,88,Crew Availability
DLY003205,FLT0025860,96,Crew Availability
DLY003206,FLT0025865,97,Air Traffic Control
DLY003207,FLT0025867,98,Crew Availability
DLY003208,FLT0025888,20,Air Traffic Control
DLY003209,FLT0025890,195,Mechanical Issue
DLY003210,FLT0025899,197,Weather
DLY003211,FLT0025903,15,Crew Availability
DLY003212,FLT0025913,176,Airport Operations
DLY003213,FLT0025916,109,Weather
DLY003214,FLT0025936,134,Late Aircraft Arrival
DLY003215,FLT0025959,236,Air Traffic Control
DLY003216,FLT0025962,48,Airport Operations
DLY003217,FLT0025968,100,Crew Availability
DLY003218,FLT0025971,154,Weather
DLY003219,FLT0025977,171,Air Traffic Control
DLY003220,FLT0025981,200,Crew Availability
DLY003221,FLT0025982,52,Late Aircraft Arrival
DLY003222,FLT0026003,188,Air Traffic Control
DLY003223,FLT0026034,65,Air Traffic Control
DLY003224,FLT0026046,186,Crew Availability
DLY003225,FLT0026057,80,Weather
DLY003226,FLT0026067,201,Crew Availability
DLY003227,FLT0026068,190,Crew Availability
DLY003228,FLT0026070,180,Security
DLY003229,FLT0026078,68,Weather
DLY003230,FLT0026083,218,Late Aircraft Arrival
DLY003231,FLT0026090,71,Air Traffic Control
DLY003232,FLT0026095,206,Security
DLY003233,FLT0026100,217,Air Traffic Control
DLY003234,FLT0026106,153,Weather
DLY003235,FLT0026108,191,Mechanical Issue
DLY003236,FLT0026109,205,Airport Operations
DLY003237,FLT0026117,130,Airport Operations
DLY003238,FLT0026123,237,Security
DLY003239,FLT0026132,235,Weather
DLY003240,FLT0026134,202,Crew Availability
DLY003241,FLT0026150,159,Airport Operations
DLY003242,FLT0026155,20,Airport Operations
DLY003243,FLT0026162,98,Mechanical Issue
DLY003244,FLT0026172,233,Airport Operations
DLY003245,FLT0026173,122,Air Traffic Control
DLY003246,FLT0026179,106,Airport Operations
DLY003247,FLT0026188,62,Airport Operations
DLY003248,FLT0026193,29,Late Aircraft Arrival
DLY003249,FLT0026195,40,Crew Availability
DLY003250,FLT0026207,20,Airport Operations
DLY003251,FLT0026208,33,Air Traffic Control
DLY003252,FLT0026210,22,Crew Availability
DLY003253,FLT0026221,136,Mechanical Issue
DLY003254,FLT0026226,153,Late Aircraft Arrival
DLY003255,FLT0026232,161,Mechanical Issue
DLY003256,FLT0026248,98,Airport Operations
DLY003257,FLT0026259,189,Late Aircraft Arrival
DLY003258,FLT0026267,127,Security
DLY003259,FLT0026280,231,Crew Availability
DLY003260,FLT0026287,151,Airport Operations
DLY003261,FLT0026303,120,Security
DLY003262,FLT0026310,207,Mechanical Issue
DLY003263,FLT0026316,83,Air Traffic Control
DLY003264,FLT0026330,66,Crew Availability
DLY003265,FLT0026342,225,Security
DLY003266,FLT0026352,172,Air Traffic Control
DLY003267,FLT0026361,15,Security
DLY003268,FLT0026369,159,Mechanical Issue
DLY003269,FLT0026378,24,Late Aircraft Arrival
DLY003270,FLT0026400,166,Weather
DLY003271,FLT0026401,60,Late Aircraft Arrival
DLY003272,FLT0026418,159,Airport Operations
DLY003273,FLT0026436,129,Air Traffic Control
DLY003274,FLT0026452,207,Mechanical Issue
DLY003275,FLT0026453,166,Late Aircraft Arrival
DLY003276,FLT0026461,164,Late Aircraft Arrival
DLY003277,FLT0026480,44,Mechanical Issue
DLY003278,FLT0026482,40,Late Aircraft Arrival
DLY003279,FLT0026487,115,Late Aircraft Arrival
DLY003280,FLT0026500,168,Weather
DLY003281,FLT0026505,203,Security
DLY003282,FLT0026517,221,Air Traffic Control
DLY003283,FLT0026522,46,Mechanical Issue
DLY003284,FLT0026526,192,Air Traffic Control
DLY003285,FLT0026528,76,Airport Operations
DLY003286,FLT0026544,157,Mechanical Issue
DLY003287,FLT0026559,188,Weather
DLY003288,FLT0026563,76,Late Aircraft Arrival
DLY003289,FLT0026565,225,Airport Operations
DLY003290,FLT0026578,239,Weather
DLY003291,FLT0026583,192,Late Aircraft Arrival
DLY003292,FLT0026586,144,Security
DLY003293,FLT0026591,231,Mechanical Issue
DLY003294,FLT0026593,115,Security
DLY003295,FLT0026595,99,Airport Operations
DLY003296,FLT0026612,51,Security
DLY003297,FLT0026615,181,Weather
DLY003298,FLT0026617,234,Security
DLY003299,FLT0026622,178,Crew Availability
DLY003300,FLT0026624,99,Crew Availability
DLY003301,FLT0026630,146,Air Traffic Control
DLY003302,FLT0026638,216,Crew Availability
DLY003303,FLT0026640,154,Crew Availability
DLY003304,FLT0026641,141,Security
DLY003305,FLT0026650,31,Security
DLY003306,FLT0026651,71,Security
DLY003307,FLT0026652,83,Weather
DLY003308,FLT0026653,137,Airport Operations
DLY003309,FLT0026665,61,Mechanical Issue
DLY003310,FLT0026671,138,Air Traffic Control
DLY003311,FLT0026673,95,Weather
DLY003312,FLT0026680,108,Late Aircraft Arrival
DLY003313,FLT0026694,175,Crew Availability
DLY003314,FLT0026697,70,Weather
DLY003315,FLT0026700,51,Crew Availability
DLY003316,FLT0026716,77,Security
DLY003317,FLT0026718,46,Security
DLY003318,FLT0026719,223,Late Aircraft Arrival
DLY003319,FLT0026722,83,Late Aircraft Arrival
DLY003320,FLT0026743,153,Air Traffic Control
DLY003321,FLT0026744,212,Late Aircraft Arrival
DLY003322,FLT0026754,140,Airport Operations
DLY003323,FLT0026756,59,Mechanical Issue
DLY003324,FLT0026771,236,Mechanical Issue
DLY003325,FLT0026772,120,Security
DLY003326,FLT0026779,126,Crew Availability
DLY003327,FLT0026787,127,Security
DLY003328,FLT0026792,217,Crew Availability
DLY003329,FLT0026796,96,Airport Operations
DLY003330,FLT0026809,143,Weather
DLY003331,FLT0026815,56,Mechanical Issue
DLY003332,FLT0026819,176,Weather
DLY003333,FLT0026839,142,Air Traffic Control
DLY003334,FLT0026852,180,Weather
DLY003335,FLT0026869,56,Air Traffic Control
DLY003336,FLT0026899,165,Mechanical Issue
DLY003337,FLT0026913,136,Weather
DLY003338,FLT0026915,105,Crew Availability
DLY003339,FLT0026944,115,Airport Operations
DLY003340,FLT0026947,60,Mechanical Issue
DLY003341,FLT0026955,81,Late Aircraft Arrival
DLY003342,FLT0026970,90,Crew Availability
DLY003343,FLT0026972,24,Crew Availability
DLY003344,FLT0026981,97,Air Traffic Control
DLY003345,FLT0026986,232,Security
DLY003346,FLT0026990,189,Late Aircraft Arrival
DLY003347,FLT0027011,187,Crew Availability
DLY003348,FLT0027013,30,Security
DLY003349,FLT0027015,48,Weather
DLY003350,FLT0027035,44,Crew Availability
DLY003351,FLT0027048,45,Mechanical Issue
DLY003352,FLT0027061,237,Airport Operations
DLY003353,FLT0027063,147,Weather
DLY003354,FLT0027069,193,Weather
DLY003355,FLT0027073,147,Late Aircraft Arrival
DLY003356,FLT0027079,111,Air Traffic Control
DLY003357,FLT0027087,142,Weather
DLY003358,FLT0027101,77,Airport Operations
DLY003359,FLT0027104,211,Crew Availability
DLY003360,FLT0027118,205,Mechanical Issue
DLY003361,FLT0027131,194,Air Traffic Control
DLY003362,FLT0027134,215,Mechanical Issue
DLY003363,FLT0027152,104,Air Traffic Control
DLY003364,FLT0027165,228,Security
DLY003365,FLT0027180,91,Mechanical Issue
DLY003366,FLT0027188,171,Mechanical Issue
DLY003367,FLT0027191,69,Weather
DLY003368,FLT0027197,97,Late Aircraft Arrival
DLY003369,FLT0027200,59,Airport Operations
DLY003370,FLT0027215,185,Late Aircraft Arrival
DLY003371,FLT0027223,27,Mechanical Issue
DLY003372,FLT0027227,229,Crew Availability
DLY003373,FLT0027233,146,Crew Availability
DLY003374,FLT0027237,212,Security
DLY003375,FLT0027252,89,Airport Operations
DLY003376,FLT0027256,123,Mechanical Issue
DLY003377,FLT0027261,226,Air Traffic Control
DLY003378,FLT0027265,124,Mechanical Issue
DLY003379,FLT0027272,232,Airport Operations
DLY003380,FLT0027274,69,Security
DLY003381,FLT0027275,90,Security
DLY003382,FLT0027276,164,Crew Availability
DLY003383,FLT0027278,26,Airport Operations
DLY003384,FLT0027280,186,Air Traffic Control
DLY003385,FLT0027306,86,Airport Operations
DLY003386,FLT0027308,56,Late Aircraft Arrival
DLY003387,FLT0027325,155,Mechanical Issue
DLY003388,FLT0027328,27,Weather
DLY003389,FLT0027337,209,Mechanical Issue
DLY003390,FLT0027344,208,Air Traffic Control
DLY003391,FLT0027348,224,Weather
DLY003392,FLT0027358,119,Security
DLY003393,FLT0027372,130,Late Aircraft Arrival
DLY003394,FLT0027382,161,Mechanical Issue
DLY003395,FLT0027384,16,Airport Operations
DLY003396,FLT0027386,233,Air Traffic Control
DLY003397,FLT0027398,215,Weather
DLY003398,FLT0027407,45,Late Aircraft Arrival
DLY003399,FLT0027413,58,Crew Availability
DLY003400,FLT0027414,91,Security
DLY003401,FLT0027421,232,Air Traffic Control
DLY003402,FLT0027429,80,Weather
DLY003403,FLT0027433,114,Crew Availability
DLY003404,FLT0027438,33,Late Aircraft Arrival
DLY003405,FLT0027442,35,Mechanical Issue
DLY003406,FLT0027460,195,Late Aircraft Arrival
DLY003407,FLT0027474,54,Security
DLY003408,FLT0027478,121,Air Traffic Control
DLY003409,FLT0027489,129,Weather
DLY003410,FLT0027495,86,Airport Operations
DLY003411,FLT0027506,201,Airport Operations
DLY003412,FLT0027521,67,Late Aircraft Arrival
DLY003413,FLT0027528,210,Air Traffic Control
DLY003414,FLT0027537,41,Late Aircraft Arrival
DLY003415,FLT0027538,147,Mechanical Issue
DLY003416,FLT0027544,18,Late Aircraft Arrival
DLY003417,FLT0027552,225,Crew Availability
DLY003418,FLT0027554,27,Security
DLY003419,FLT0027556,95,Security
DLY003420,FLT0027562,195,Crew Availability
DLY003421,FLT0027569,154,Airport Operations
DLY003422,FLT0027576,185,Air Traffic Control
DLY003423,FLT0027579,194,Air Traffic Control
DLY003424,FLT0027605,234,Late Aircraft Arrival
DLY003425,FLT0027649,118,Crew Availability
DLY003426,FLT0027657,196,Air Traffic Control
DLY003427,FLT0027667,93,Weather
DLY003428,FLT0027682,81,Security
DLY003429,FLT0027706,190,Weather
DLY003430,FLT0027710,222,Weather
DLY003431,FLT0027717,171,Weather
DLY003432,FLT0027731,38,Late Aircraft Arrival
DLY003433,FLT0027737,134,Security
DLY003434,FLT0027740,96,Airport Operations
DLY003435,FLT0027757,74,Air Traffic Control
DLY003436,FLT0027774,29,Late Aircraft Arrival
DLY003437,FLT0027775,130,Late Aircraft Arrival
DLY003438,FLT0027783,179,Airport Operations
DLY003439,FLT0027785,197,Security
DLY003440,FLT0027787,117,Late Aircraft Arrival
DLY003441,FLT0027792,153,Air Traffic Control
DLY003442,FLT0027793,177,Security
DLY003443,FLT0027796,37,Late Aircraft Arrival
DLY003444,FLT0027806,90,Late Aircraft Arrival
DLY003445,FLT0027807,213,Mechanical Issue
DLY003446,FLT0027813,31,Air Traffic Control
DLY003447,FLT0027818,94,Mechanical Issue
DLY003448,FLT0027823,15,Airport Operations
DLY003449,FLT0027828,169,Airport Operations
DLY003450,FLT0027842,42,Security
DLY003451,FLT0027846,112,Late Aircraft Arrival
DLY003452,FLT0027847,109,Security
DLY003453,FLT0027860,218,Late Aircraft Arrival
DLY003454,FLT0027867,178,Weather
DLY003455,FLT0027876,63,Mechanical Issue
DLY003456,FLT0027881,204,Crew Availability
DLY003457,FLT0027883,121,Airport Operations
DLY003458,FLT0027887,24,Security
DLY003459,FLT0027894,107,Mechanical Issue
DLY003460,FLT0027903,58,Security
DLY003461,FLT0027907,170,Air Traffic Control
DLY003462,FLT0027908,208,Crew Availability
DLY003463,FLT0027910,109,Weather
DLY003464,FLT0027911,77,Mechanical Issue
DLY003465,FLT0027913,128,Mechanical Issue
DLY003466,FLT0027918,29,Airport Operations
DLY003467,FLT0027929,159,Crew Availability
DLY003468,FLT0027930,55,Airport Operations
DLY003469,FLT0027932,204,Security
DLY003470,FLT0027933,26,Airport Operations
DLY003471,FLT0027937,231,Airport Operations
DLY003472,FLT0027940,228,Mechanical Issue
DLY003473,FLT0027950,117,Mechanical Issue
DLY003474,FLT0027956,45,Late Aircraft Arrival
DLY003475,FLT0027959,93,Crew Availability
DLY003476,FLT0027967,31,Crew Availability
DLY003477,FLT0027979,55,Crew Availability
DLY003478,FLT0027984,161,Weather
DLY003479,FLT0027997,160,Security
DLY003480,FLT0027998,165,Late Aircraft Arrival
DLY003481,FLT0028007,155,Air Traffic Control
DLY003482,FLT0028013,35,Mechanical Issue
DLY003483,FLT0028018,101,Security
DLY003484,FLT0028045,143,Mechanical Issue
DLY003485,FLT0028050,238,Airport Operations
DLY003486,FLT0028054,195,Air Traffic Control
DLY003487,FLT0028062,101,Mechanical Issue
DLY003488,FLT0028063,103,Mechanical Issue
DLY003489,FLT0028067,178,Air Traffic Control
DLY003490,FLT0028070,224,Airport Operations
DLY003491,FLT0028087,117,Airport Operations
DLY003492,FLT0028095,23,Security
DLY003493,FLT0028103,32,Mechanical Issue
DLY003494,FLT0028108,28,Airport Operations
DLY003495,FLT0028109,226,Air Traffic Control
DLY003496,FLT0028116,171,Weather
DLY003497,FLT0028131,49,Weather
DLY003498,FLT0028147,90,Weather
DLY003499,FLT0028148,57,Weather
DLY003500,FLT0028157,75,Mechanical Issue
DLY003501,FLT0028160,45,Airport Operations
DLY003502,FLT0028164,118,Air Traffic Control
DLY003503,FLT0028165,96,Crew Availability
DLY003504,FLT0028186,50,Mechanical Issue
DLY003505,FLT0028190,75,Airport Operations
DLY003506,FLT0028192,155,Crew Availability
DLY003507,FLT0028201,153,Late Aircraft Arrival
DLY003508,FLT0028204,46,Security
DLY003509,FLT0028216,53,Crew Availability
DLY003510,FLT0028219,80,Weather
DLY003511,FLT0028232,45,Mechanical Issue
DLY003512,FLT0028239,165,Security
DLY003513,FLT0028240,198,Crew Availability
DLY003514,FLT0028242,49,Crew Availability
DLY003515,FLT0028246,109,Weather
DLY003516,FLT0028252,34,Mechanical Issue
DLY003517,FLT0028254,65,Mechanical Issue
DLY003518,FLT0028255,180,Late Aircraft Arrival
DLY003519,FLT0028276,221,Air Traffic Control
DLY003520,FLT0028278,154,Weather
DLY003521,FLT0028284,158,Air Traffic Control
DLY003522,FLT0028285,82,Mechanical Issue
DLY003523,FLT0028287,233,Weather
DLY003524,FLT0028296,199,Air Traffic Control
DLY003525,FLT0028300,138,Late Aircraft Arrival
DLY003526,FLT0028301,133,Crew Availability
DLY003527,FLT0028304,144,Security
DLY003528,FLT0028353,233,Security
DLY003529,FLT0028357,123,Security
DLY003530,FLT0028358,17,Airport Operations
DLY003531,FLT0028359,78,Airport Operations
DLY003532,FLT0028364,146,Mechanical Issue
DLY003533,FLT0028381,116,Mechanical Issue
DLY003534,FLT0028395,172,Airport Operations
DLY003535,FLT0028396,122,Mechanical Issue
DLY003536,FLT0028405,219,Crew Availability
DLY003537,FLT0028409,113,Crew Availability
DLY003538,FLT0028413,125,Security
DLY003539,FLT0028422,22,Late Aircraft Arrival
DLY003540,FLT0028429,100,Security
DLY003541,FLT0028432,162,Security
DLY003542,FLT0028449,122,Crew Availability
DLY003543,FLT0028458,86,Security
DLY003544,FLT0028459,151,Late Aircraft Arrival
DLY003545,FLT0028462,22,Crew Availability
DLY003546,FLT0028463,193,Air Traffic Control
DLY003547,FLT0028464,182,Late Aircraft Arrival
DLY003548,FLT0028480,92,Mechanical Issue
DLY003549,FLT0028481,191,Weather
DLY003550,FLT0028499,61,Weather
DLY003551,FLT0028503,21,Mechanical Issue
DLY003552,FLT0028513,22,Security
DLY003553,FLT0028537,23,Security
DLY003554,FLT0028538,73,Mechanical Issue
DLY003555,FLT0028559,171,Mechanical Issue
DLY003556,FLT0028563,42,Mechanical Issue
DLY003557,FLT0028564,164,Airport Operations
DLY003558,FLT0028567,192,Weather
DLY003559,FLT0028578,27,Airport Operations
DLY003560,FLT0028590,64,Mechanical Issue
DLY003561,FLT0028592,174,Late Aircraft Arrival
DLY003562,FLT0028593,103,Mechanical Issue
DLY003563,FLT0028596,88,Airport Operations
DLY003564,FLT0028600,238,Security
DLY003565,FLT0028602,15,Airport Operations
DLY003566,FLT0028610,55,Late Aircraft Arrival
DLY003567,FLT0028646,66,Airport Operations
DLY003568,FLT0028650,145,Airport Operations
DLY003569,FLT0028656,232,Security
DLY003570,FLT0028659,82,Mechanical Issue
DLY003571,FLT0028660,22,Crew Availability
DLY003572,FLT0028666,237,Weather
DLY003573,FLT0028679,115,Mechanical Issue
DLY003574,FLT0028683,167,Late Aircraft Arrival
DLY003575,FLT0028688,123,Mechanical Issue
DLY003576,FLT0028697,211,Air Traffic Control
DLY003577,FLT0028700,191,Airport Operations
DLY003578,FLT0028702,128,Air Traffic Control
DLY003579,FLT0028709,65,Security
DLY003580,FLT0028713,224,Air Traffic Control
DLY003581,FLT0028719,168,Air Traffic Control
DLY003582,FLT0028738,153,Weather
DLY003583,FLT0028749,196,Crew Availability
DLY003584,FLT0028751,139,Weather
DLY003585,FLT0028752,112,Security
DLY003586,FLT0028790,123,Weather
DLY003587,FLT0028791,145,Air Traffic Control
DLY003588,FLT0028794,169,Mechanical Issue
DLY003589,FLT0028796,115,Weather
DLY003590,FLT0028808,181,Late Aircraft Arrival
DLY003591,FLT0028830,96,Airport Operations
DLY003592,FLT0028847,37,Security
DLY003593,FLT0028853,187,Crew Availability
DLY003594,FLT0028855,230,Security
DLY003595,FLT0028861,31,Weather
DLY003596,FLT0028863,150,Security
DLY003597,FLT0028868,88,Air Traffic Control
DLY003598,FLT0028874,31,Security
DLY003599,FLT0028878,156,Mechanical Issue
DLY003600,FLT0028884,155,Crew Availability
DLY003601,FLT0028885,215,Mechanical Issue
DLY003602,FLT0028891,63,Security
DLY003603,FLT0028894,226,Mechanical Issue
DLY003604,FLT0028900,157,Airport Operations
DLY003605,FLT0028905,57,Late Aircraft Arrival
DLY003606,FLT0028907,191,Security
DLY003607,FLT0028915,69,Weather
DLY003608,FLT0028927,65,Airport Operations
DLY003609,FLT0028929,17,Airport Operations
DLY003610,FLT0028946,120,Late Aircraft Arrival
DLY003611,FLT0028956,105,Crew Availability
DLY003612,FLT0028979,44,Weather
DLY003613,FLT0028983,40,Crew Availability
DLY003614,FLT0028987,206,Airport Operations
DLY003615,FLT0028991,193,Airport Operations
DLY003616,FLT0028995,40,Mechanical Issue
DLY003617,FLT0029008,88,Late Aircraft Arrival
DLY003618,FLT0029016,79,Weather
DLY003619,FLT0029023,30,Late Aircraft Arrival
DLY003620,FLT0029034,212,Air Traffic Control
DLY003621,FLT0029041,113,Airport Operations
DLY003622,FLT0029056,135,Air Traffic Control
DLY003623,FLT0029062,148,Air Traffic Control
DLY003624,FLT0029063,110,Crew Availability
DLY003625,FLT0029065,213,Airport Operations
DLY003626,FLT0029090,173,Mechanical Issue
DLY003627,FLT0029092,98,Air Traffic Control
DLY003628,FLT0029096,81,Crew Availability
DLY003629,FLT0029102,222,Air Traffic Control
DLY003630,FLT0029106,79,Air Traffic Control
DLY003631,FLT0029110,180,Security
DLY003632,FLT0029113,148,Late Aircraft Arrival
DLY003633,FLT0029114,145,Late Aircraft Arrival
DLY003634,FLT0029131,78,Late Aircraft Arrival
DLY003635,FLT0029133,204,Security
DLY003636,FLT0029138,37,Air Traffic Control
DLY003637,FLT0029168,113,Late Aircraft Arrival
DLY003638,FLT0029184,93,Late Aircraft Arrival
DLY003639,FLT0029188,167,Late Aircraft Arrival
DLY003640,FLT0029191,233,Air Traffic Control
DLY003641,FLT0029192,84,Air Traffic Control
DLY003642,FLT0029203,16,Mechanical Issue
DLY003643,FLT0029222,210,Mechanical Issue
DLY003644,FLT0029233,88,Crew Availability
DLY003645,FLT0029241,28,Weather
DLY003646,FLT0029242,138,Crew Availability
DLY003647,FLT0029243,174,Crew Availability
DLY003648,FLT0029245,86,Late Aircraft Arrival
DLY003649,FLT0029253,124,Mechanical Issue
DLY003650,FLT0029264,148,Security
DLY003651,FLT0029266,137,Air Traffic Control
DLY003652,FLT0029300,204,Late Aircraft Arrival
DLY003653,FLT0029306,208,Mechanical Issue
DLY003654,FLT0029311,230,Crew Availability
DLY003655,FLT0029319,124,Mechanical Issue
DLY003656,FLT0029329,46,Crew Availability
DLY003657,FLT0029338,70,Crew Availability
DLY003658,FLT0029339,86,Late Aircraft Arrival
DLY003659,FLT0029352,117,Late Aircraft Arrival
DLY003660,FLT0029359,17,Late Aircraft Arrival
DLY003661,FLT0029360,210,Air Traffic Control
DLY003662,FLT0029367,168,Airport Operations
DLY003663,FLT0029380,161,Airport Operations
DLY003664,FLT0029391,126,Airport Operations
DLY003665,FLT0029427,53,Mechanical Issue
DLY003666,FLT0029436,41,Weather
DLY003667,FLT0029444,194,Mechanical Issue
DLY003668,FLT0029446,125,Weather
DLY003669,FLT0029450,69,Weather
DLY003670,FLT0029452,180,Security
DLY003671,FLT0029459,59,Security
DLY003672,FLT0029462,97,Weather
DLY003673,FLT0029476,129,Late Aircraft Arrival
DLY003674,FLT0029484,167,Crew Availability
DLY003675,FLT0029489,93,Mechanical Issue
DLY003676,FLT0029492,204,Late Aircraft Arrival
DLY003677,FLT0029511,17,Air Traffic Control
DLY003678,FLT0029515,174,Crew Availability
DLY003679,FLT0029523,188,Late Aircraft Arrival
DLY003680,FLT0029530,71,Security
DLY003681,FLT0029542,187,Weather
DLY003682,FLT0029550,184,Late Aircraft Arrival
DLY003683,FLT0029551,138,Airport Operations
DLY003684,FLT0029559,96,Airport Operations
DLY003685,FLT0029560,84,Air Traffic Control
DLY003686,FLT0029584,114,Air Traffic Control
DLY003687,FLT0029588,105,Airport Operations
DLY003688,FLT0029594,27,Air Traffic Control
DLY003689,FLT0029596,60,Weather
DLY003690,FLT0029636,122,Airport Operations
DLY003691,FLT0029650,186,Mechanical Issue
DLY003692,FLT0029662,172,Late Aircraft Arrival
DLY003693,FLT0029665,47,Security
DLY003694,FLT0029669,196,Late Aircraft Arrival
DLY003695,FLT0029671,122,Air Traffic Control
DLY003696,FLT0029679,53,Crew Availability
DLY003697,FLT0029695,185,Crew Availability
DLY003698,FLT0029702,18,Airport Operations
DLY003699,FLT0029707,185,Mechanical Issue
DLY003700,FLT0029713,24,Airport Operations
DLY003701,FLT0029724,180,Mechanical Issue
DLY003702,FLT0029734,162,Security
DLY003703,FLT0029752,104,Late Aircraft Arrival
DLY003704,FLT0029771,147,Late Aircraft Arrival
DLY003705,FLT0029785,121,Weather
DLY003706,FLT0029792,206,Weather
DLY003707,FLT0029805,214,Late Aircraft Arrival
DLY003708,FLT0029822,109,Crew Availability
DLY003709,FLT0029824,198,Crew Availability
DLY003710,FLT0029836,25,Weather
DLY003711,FLT0029839,120,Security
DLY003712,FLT0029840,38,Crew Availability
DLY003713,FLT0029861,222,Crew Availability
DLY003714,FLT0029867,86,Mechanical Issue
DLY003715,FLT0029876,50,Airport Operations
DLY003716,FLT0029906,87,Crew Availability
DLY003717,FLT0029912,210,Security
DLY003718,FLT0029923,155,Security
DLY003719,FLT0029943,104,Airport Operations
DLY003720,FLT0029944,33,Mechanical Issue
DLY003721,FLT0029945,62,Late Aircraft Arrival
DLY003722,FLT0029951,135,Airport Operations
DLY003723,FLT0029953,155,Crew Availability
DLY003724,FLT0029956,47,Weather
DLY003725,FLT0029967,214,Airport Operations
DLY003726,FLT0029970,104,Air Traffic Control
DLY003727,FLT0029980,215,Mechanical Issue
DLY003728,FLT0029984,182,Airport Operations
DLY003729,FLT0029994,18,Late Aircraft Arrival
DLY003730,FLT0030002,186,Mechanical Issue
DLY003731,FLT0030004,206,Mechanical Issue
DLY003732,FLT0030005,143,Airport Operations
DLY003733,FLT0030011,49,Security
DLY003734,FLT0030022,224,Weather
DLY003735,FLT0030024,45,Airport Operations
DLY003736,FLT0030028,232,Crew Availability
DLY003737,FLT0030039,230,Airport Operations
DLY003738,FLT0030043,150,Crew Availability
DLY003739,FLT0030044,76,Air Traffic Control
DLY003740,FLT0030048,232,Late Aircraft Arrival
DLY003741,FLT0030064,42,Airport Operations
DLY003742,FLT0030071,223,Airport Operations
DLY003743,FLT0030081,147,Security
DLY003744,FLT0030088,16,Mechanical Issue
DLY003745,FLT0030096,67,Late Aircraft Arrival
DLY003746,FLT0030098,145,Late Aircraft Arrival
DLY003747,FLT0030105,238,Airport Operations
DLY003748,FLT0030108,180,Air Traffic Control
DLY003749,FLT0030111,177,Airport Operations
DLY003750,FLT0030115,93,Crew Availability
DLY003751,FLT0030119,114,Airport Operations
DLY003752,FLT0030125,170,Airport Operations
DLY003753,FLT0030142,184,Security
DLY003754,FLT0030151,111,Security
DLY003755,FLT0030161,61,Mechanical Issue
DLY003756,FLT0030169,69,Weather
DLY003757,FLT0030170,83,Weather
DLY003758,FLT0030173,155,Weather
DLY003759,FLT0030182,234,Security
DLY003760,FLT0030191,223,Air Traffic Control
DLY003761,FLT0030218,44,Mechanical Issue
DLY003762,FLT0030224,149,Air Traffic Control
DLY003763,FLT0030227,189,Security
DLY003764,FLT0030230,237,Crew Availability
DLY003765,FLT0030232,31,Airport Operations
DLY003766,FLT0030235,123,Mechanical Issue
DLY003767,FLT0030243,192,Security
DLY003768,FLT0030248,26,Security
DLY003769,FLT0030254,76,Air Traffic Control
DLY003770,FLT0030261,209,Crew Availability
DLY003771,FLT0030263,177,Mechanical Issue
DLY003772,FLT0030275,174,Airport Operations
DLY003773,FLT0030276,124,Mechanical Issue
DLY003774,FLT0030294,122,Late Aircraft Arrival
DLY003775,FLT0030301,150,Crew Availability
DLY003776,FLT0030323,158,Air Traffic Control
DLY003777,FLT0030328,193,Security
DLY003778,FLT0030334,52,Air Traffic Control
DLY003779,FLT0030336,58,Security
DLY003780,FLT0030343,141,Security
DLY003781,FLT0030352,139,Air Traffic Control
DLY003782,FLT0030353,121,Weather
DLY003783,FLT0030358,187,Air Traffic Control
DLY003784,FLT0030366,81,Weather
DLY003785,FLT0030371,143,Mechanical Issue
DLY003786,FLT0030374,16,Late Aircraft Arrival
DLY003787,FLT0030377,192,Crew Availability
DLY003788,FLT0030378,166,Late Aircraft Arrival
DLY003789,FLT0030394,143,Crew Availability
DLY003790,FLT0030402,171,Airport Operations
DLY003791,FLT0030424,105,Weather
DLY003792,FLT0030437,149,Crew Availability
DLY003793,FLT0030442,90,Weather
DLY003794,FLT0030460,132,Security
DLY003795,FLT0030465,17,Airport Operations
DLY003796,FLT0030473,161,Mechanical Issue
DLY003797,FLT0030479,229,Late Aircraft Arrival
DLY003798,FLT0030483,65,Weather
DLY003799,FLT0030497,29,Weather
DLY003800,FLT0030514,111,Air Traffic Control
DLY003801,FLT0030519,37,Late Aircraft Arrival
DLY003802,FLT0030520,231,Mechanical Issue
DLY003803,FLT0030524,29,Airport Operations
DLY003804,FLT0030535,180,Mechanical Issue
DLY003805,FLT0030536,160,Airport Operations
DLY003806,FLT0030543,49,Mechanical Issue
DLY003807,FLT0030558,114,Weather
DLY003808,FLT0030559,103,Crew Availability
DLY003809,FLT0030577,73,Late Aircraft Arrival
DLY003810,FLT0030581,42,Air Traffic Control
DLY003811,FLT0030595,233,Weather
DLY003812,FLT0030598,70,Air Traffic Control
DLY003813,FLT0030602,119,Airport Operations
DLY003814,FLT0030610,218,Security
DLY003815,FLT0030615,215,Crew Availability
DLY003816,FLT0030617,40,Airport Operations
DLY003817,FLT0030619,38,Late Aircraft Arrival
DLY003818,FLT0030635,24,Security
DLY003819,FLT0030637,184,Late Aircraft Arrival
DLY003820,FLT0030646,232,Mechanical Issue
DLY003821,FLT0030665,112,Late Aircraft Arrival
DLY003822,FLT0030671,206,Airport Operations
DLY003823,FLT0030686,205,Late Aircraft Arrival
DLY003824,FLT0030698,188,Security
DLY003825,FLT0030699,160,Crew Availability
DLY003826,FLT0030708,234,Mechanical Issue
DLY003827,FLT0030711,143,Crew Availability
DLY003828,FLT0030715,168,Air Traffic Control
DLY003829,FLT0030716,224,Late Aircraft Arrival
DLY003830,FLT0030724,118,Mechanical Issue
DLY003831,FLT0030730,31,Airport Operations
DLY003832,FLT0030734,115,Crew Availability
DLY003833,FLT0030749,154,Airport Operations
DLY003834,FLT0030750,91,Air Traffic Control
DLY003835,FLT0030773,186,Weather
DLY003836,FLT0030784,91,Weather
DLY003837,FLT0030786,83,Airport Operations
DLY003838,FLT0030787,144,Crew Availability
DLY003839,FLT0030788,200,Weather
DLY003840,FLT0030791,37,Airport Operations
DLY003841,FLT0030809,133,Air Traffic Control
DLY003842,FLT0030827,115,Air Traffic Control
DLY003843,FLT0030840,132,Security
DLY003844,FLT0030858,39,Security
DLY003845,FLT0030873,200,Late Aircraft Arrival
DLY003846,FLT0030892,170,Late Aircraft Arrival
DLY003847,FLT0030897,175,Weather
DLY003848,FLT0030909,105,Air Traffic Control
DLY003849,FLT0030914,93,Security
DLY003850,FLT0030920,115,Air Traffic Control
DLY003851,FLT0030932,94,Weather
DLY003852,FLT0030936,142,Mechanical Issue
DLY003853,FLT0030940,173,Security
DLY003854,FLT0030944,116,Weather
DLY003855,FLT0030947,219,Weather
DLY003856,FLT0030962,27,Airport Operations
DLY003857,FLT0030967,143,Airport Operations
DLY003858,FLT0030968,112,Security
DLY003859,FLT0030969,236,Weather
DLY003860,FLT0030979,78,Crew Availability
DLY003861,FLT0030985,47,Security
DLY003862,FLT0030993,155,Air Traffic Control
DLY003863,FLT0030998,198,Mechanical Issue
DLY003864,FLT0031004,26,Security
DLY003865,FLT0031009,122,Airport Operations
DLY003866,FLT0031013,57,Weather
DLY003867,FLT0031015,112,Airport Operations
DLY003868,FLT0031018,22,Crew Availability
DLY003869,FLT0031019,145,Crew Availability
DLY003870,FLT0031028,132,Weather
DLY003871,FLT0031036,23,Crew Availability
DLY003872,FLT0031040,31,Weather
DLY003873,FLT0031045,128,Security
DLY003874,FLT0031047,102,Airport Operations
DLY003875,FLT0031065,17,Security
DLY003876,FLT0031069,223,Late Aircraft Arrival
DLY003877,FLT0031071,195,Mechanical Issue
DLY003878,FLT0031080,77,Airport Operations
DLY003879,FLT0031092,120,Security
DLY003880,FLT0031094,113,Late Aircraft Arrival
DLY003881,FLT0031098,168,Crew Availability
DLY003882,FLT0031120,231,Airport Operations
DLY003883,FLT0031124,63,Mechanical Issue
DLY003884,FLT0031126,150,Mechanical Issue
DLY003885,FLT0031146,208,Crew Availability
DLY003886,FLT0031159,229,Security
DLY003887,FLT0031164,79,Security
DLY003888,FLT0031168,27,Crew Availability
DLY003889,FLT0031180,152,Late Aircraft Arrival
DLY003890,FLT0031195,113,Mechanical Issue
DLY003891,FLT0031208,40,Security
DLY003892,FLT0031211,103,Weather
DLY003893,FLT0031214,197,Airport Operations
DLY003894,FLT0031219,120,Weather
DLY003895,FLT0031221,79,Late Aircraft Arrival
DLY003896,FLT0031229,19,Security
DLY003897,FLT0031233,71,Crew Availability
DLY003898,FLT0031254,189,Weather
DLY003899,FLT0031276,115,Weather
DLY003900,FLT0031278,89,Airport Operations
DLY003901,FLT0031287,16,Airport Operations
DLY003902,FLT0031294,45,Airport Operations
DLY003903,FLT0031295,166,Weather
DLY003904,FLT0031296,64,Weather
DLY003905,FLT0031308,86,Crew Availability
DLY003906,FLT0031322,147,Airport Operations
DLY003907,FLT0031324,153,Airport Operations
DLY003908,FLT0031332,83,Air Traffic Control
DLY003909,FLT0031336,201,Air Traffic Control
DLY003910,FLT0031375,113,Airport Operations
DLY003911,FLT0031378,229,Weather
DLY003912,FLT0031394,120,Air Traffic Control
DLY003913,FLT0031397,231,Airport Operations
DLY003914,FLT0031398,195,Crew Availability
DLY003915,FLT0031399,22,Security
DLY003916,FLT0031404,138,Late Aircraft Arrival
DLY003917,FLT0031410,36,Weather
DLY003918,FLT0031424,63,Late Aircraft Arrival
DLY003919,FLT0031429,54,Air Traffic Control
DLY003920,FLT0031436,136,Weather
DLY003921,FLT0031489,84,Mechanical Issue
DLY003922,FLT0031498,213,Air Traffic Control
DLY003923,FLT0031504,145,Mechanical Issue
DLY003924,FLT0031512,190,Mechanical Issue
DLY003925,FLT0031515,46,Air Traffic Control
DLY003926,FLT0031521,38,Crew Availability
DLY003927,FLT0031524,197,Air Traffic Control
DLY003928,FLT0031527,100,Weather
DLY003929,FLT0031579,189,Air Traffic Control
DLY003930,FLT0031583,208,Weather
DLY003931,FLT0031585,157,Weather
DLY003932,FLT0031590,96,Air Traffic Control
DLY003933,FLT0031597,89,Late Aircraft Arrival
DLY003934,FLT0031598,45,Mechanical Issue
DLY003935,FLT0031605,72,Air Traffic Control
DLY003936,FLT0031610,144,Weather
DLY003937,FLT0031611,94,Mechanical Issue
DLY003938,FLT0031622,91,Weather
DLY003939,FLT0031627,38,Late Aircraft Arrival
DLY003940,FLT0031630,153,Weather
DLY003941,FLT0031633,98,Airport Operations
DLY003942,FLT0031638,68,Late Aircraft Arrival
DLY003943,FLT0031640,143,Late Aircraft Arrival
DLY003944,FLT0031644,80,Crew Availability
DLY003945,FLT0031655,30,Security
DLY003946,FLT0031656,204,Late Aircraft Arrival
DLY003947,FLT0031686,93,Late Aircraft Arrival
DLY003948,FLT0031694,91,Security
DLY003949,FLT0031706,232,Airport Operations
DLY003950,FLT0031714,205,Airport Operations
DLY003951,FLT0031728,189,Air Traffic Control
DLY003952,FLT0031733,223,Airport Operations
DLY003953,FLT0031737,81,Airport Operations
DLY003954,FLT0031739,90,Security
DLY003955,FLT0031742,147,Weather
DLY003956,FLT0031745,146,Mechanical Issue
DLY003957,FLT0031762,204,Security
DLY003958,FLT0031769,32,Security
DLY003959,FLT0031781,101,Mechanical Issue
DLY003960,FLT0031790,130,Weather
DLY003961,FLT0031791,38,Airport Operations
DLY003962,FLT0031793,205,Airport Operations
DLY003963,FLT0031794,122,Mechanical Issue
DLY003964,FLT0031797,183,Mechanical Issue
DLY003965,FLT0031801,51,Air Traffic Control
DLY003966,FLT0031836,27,Weather
DLY003967,FLT0031850,134,Crew Availability
DLY003968,FLT0031859,132,Mechanical Issue
DLY003969,FLT0031865,168,Security
DLY003970,FLT0031869,120,Airport Operations
DLY003971,FLT0031872,49,Crew Availability
DLY003972,FLT0031875,175,Mechanical Issue
DLY003973,FLT0031881,230,Security
DLY003974,FLT0031884,201,Air Traffic Control
DLY003975,FLT0031887,167,Late Aircraft Arrival
DLY003976,FLT0031889,223,Security
DLY003977,FLT0031893,226,Airport Operations
DLY003978,FLT0031915,19,Late Aircraft Arrival
DLY003979,FLT0031920,121,Crew Availability
DLY003980,FLT0031922,186,Crew Availability
DLY003981,FLT0031935,158,Weather
DLY003982,FLT0031936,78,Crew Availability
DLY003983,FLT0031940,123,Mechanical Issue
DLY003984,FLT0031944,99,Crew Availability
DLY003985,FLT0031947,77,Weather
DLY003986,FLT0031959,193,Late Aircraft Arrival
DLY003987,FLT0031963,187,Security
DLY003988,FLT0031965,69,Weather
DLY003989,FLT0031976,125,Airport Operations
DLY003990,FLT0031987,69,Airport Operations
DLY003991,FLT0031994,145,Weather
DLY003992,FLT0031996,135,Mechanical Issue
DLY003993,FLT0032009,86,Security
DLY003994,FLT0032020,150,Airport Operations
DLY003995,FLT0032022,153,Security
DLY003996,FLT0032027,224,Weather
DLY003997,FLT0032038,130,Crew Availability
DLY003998,FLT0032044,208,Air Traffic Control
DLY003999,FLT0032049,191,Mechanical Issue
DLY004000,FLT0032054,231,Late Aircraft Arrival
DLY004001,FLT0032057,79,Weather
DLY004002,FLT0032072,22,Mechanical Issue
DLY004003,FLT0032073,227,Airport Operations
DLY004004,FLT0032075,101,Air Traffic Control
DLY004005,FLT0032077,165,Airport Operations
DLY004006,FLT0032093,92,Weather
DLY004007,FLT0032097,47,Weather
DLY004008,FLT0032104,99,Crew Availability
DLY004009,FLT0032121,142,Mechanical Issue
DLY004010,FLT0032133,217,Crew Availability
DLY004011,FLT0032144,141,Late Aircraft Arrival
DLY004012,FLT0032151,204,Air Traffic Control
DLY004013,FLT0032155,56,Weather
DLY004014,FLT0032164,44,Weather
DLY004015,FLT0032185,26,Crew Availability
DLY004016,FLT0032186,37,Mechanical Issue
DLY004017,FLT0032187,61,Air Traffic Control
DLY004018,FLT0032197,136,Airport Operations
DLY004019,FLT0032216,152,Weather
DLY004020,FLT0032218,47,Mechanical Issue
DLY004021,FLT0032219,19,Crew Availability
DLY004022,FLT0032223,213,Airport Operations
DLY004023,FLT0032227,211,Air Traffic Control
DLY004024,FLT0032233,139,Security
DLY004025,FLT0032241,48,Airport Operations
DLY004026,FLT0032248,142,Air Traffic Control
DLY004027,FLT0032257,227,Mechanical Issue
DLY004028,FLT0032294,20,Mechanical Issue
DLY004029,FLT0032300,61,Mechanical Issue
DLY004030,FLT0032334,136,Mechanical Issue
DLY004031,FLT0032337,165,Late Aircraft Arrival
DLY004032,FLT0032344,78,Airport Operations
DLY004033,FLT0032345,223,Mechanical Issue
DLY004034,FLT0032348,219,Mechanical Issue
DLY004035,FLT0032352,157,Air Traffic Control
DLY004036,FLT0032353,102,Airport Operations
DLY004037,FLT0032355,48,Late Aircraft Arrival
DLY004038,FLT0032385,90,Crew Availability
DLY004039,FLT0032391,179,Weather
DLY004040,FLT0032392,119,Weather
DLY004041,FLT0032395,114,Weather
DLY004042,FLT0032401,39,Mechanical Issue
DLY004043,FLT0032414,99,Airport Operations
DLY004044,FLT0032417,68,Weather
DLY004045,FLT0032428,212,Weather
DLY004046,FLT0032436,143,Airport Operations
DLY004047,FLT0032438,113,Late Aircraft Arrival
DLY004048,FLT0032439,122,Weather
DLY004049,FLT0032446,125,Late Aircraft Arrival
DLY004050,FLT0032454,42,Security
DLY004051,FLT0032458,171,Air Traffic Control
DLY004052,FLT0032480,208,Air Traffic Control
DLY004053,FLT0032483,64,Air Traffic Control
DLY004054,FLT0032490,98,Weather
DLY004055,FLT0032495,135,Air Traffic Control
DLY004056,FLT0032498,149,Crew Availability
DLY004057,FLT0032514,121,Security
DLY004058,FLT0032515,126,Mechanical Issue
DLY004059,FLT0032519,189,Late Aircraft Arrival
DLY004060,FLT0032534,48,Security
DLY004061,FLT0032537,202,Mechanical Issue
DLY004062,FLT0032549,77,Crew Availability
DLY004063,FLT0032550,175,Weather
DLY004064,FLT0032559,110,Air Traffic Control
DLY004065,FLT0032569,52,Air Traffic Control
DLY004066,FLT0032572,137,Mechanical Issue
DLY004067,FLT0032595,148,Security
DLY004068,FLT0032607,35,Mechanical Issue
DLY004069,FLT0032612,229,Late Aircraft Arrival
DLY004070,FLT0032617,145,Mechanical Issue
DLY004071,FLT0032643,31,Crew Availability
DLY004072,FLT0032647,206,Air Traffic Control
DLY004073,FLT0032656,28,Airport Operations
DLY004074,FLT0032675,63,Airport Operations
DLY004075,FLT0032690,222,Weather
DLY004076,FLT0032705,107,Weather
DLY004077,FLT0032718,150,Airport Operations
DLY004078,FLT0032734,49,Airport Operations
DLY004079,FLT0032751,201,Late Aircraft Arrival
DLY004080,FLT0032756,123,Air Traffic Control
DLY004081,FLT0032758,147,Late Aircraft Arrival
DLY004082,FLT0032759,183,Mechanical Issue
DLY004083,FLT0032761,200,Weather
DLY004084,FLT0032762,198,Crew Availability
DLY004085,FLT0032769,223,Security
DLY004086,FLT0032802,91,Crew Availability
DLY004087,FLT0032811,223,Air Traffic Control
DLY004088,FLT0032821,230,Air Traffic Control
DLY004089,FLT0032827,125,Mechanical Issue
DLY004090,FLT0032836,164,Late Aircraft Arrival
DLY004091,FLT0032867,192,Late Aircraft Arrival
DLY004092,FLT0032872,233,Weather
DLY004093,FLT0032898,18,Airport Operations
DLY004094,FLT0032908,68,Weather
DLY004095,FLT0032910,42,Airport Operations
DLY004096,FLT0032911,133,Crew Availability
DLY004097,FLT0032913,167,Late Aircraft Arrival
DLY004098,FLT0032924,153,Air Traffic Control
DLY004099,FLT0032933,21,Mechanical Issue
DLY004100,FLT0032950,167,Crew Availability
DLY004101,FLT0032956,200,Security
DLY004102,FLT0032964,123,Late Aircraft Arrival
DLY004103,FLT0032974,69,Mechanical Issue
DLY004104,FLT0032979,104,Late Aircraft Arrival
DLY004105,FLT0032980,231,Mechanical Issue
DLY004106,FLT0032986,108,Air Traffic Control
DLY004107,FLT0032990,78,Security
DLY004108,FLT0033030,136,Security
DLY004109,FLT0033034,43,Crew Availability
DLY004110,FLT0033035,232,Crew Availability
DLY004111,FLT0033038,36,Airport Operations
DLY004112,FLT0033043,146,Late Aircraft Arrival
DLY004113,FLT0033052,129,Weather
DLY004114,FLT0033055,140,Late Aircraft Arrival
DLY004115,FLT0033085,212,Crew Availability
DLY004116,FLT0033116,73,Weather
DLY004117,FLT0033123,187,Security
DLY004118,FLT0033136,92,Air Traffic Control
DLY004119,FLT0033138,143,Security
DLY004120,FLT0033140,130,Crew Availability
DLY004121,FLT0033155,82,Airport Operations
DLY004122,FLT0033163,225,Crew Availability
DLY004123,FLT0033164,191,Mechanical Issue
DLY004124,FLT0033166,222,Security
DLY004125,FLT0033172,231,Security
DLY004126,FLT0033185,203,Late Aircraft Arrival
DLY004127,FLT0033188,63,Mechanical Issue
DLY004128,FLT0033189,33,Crew Availability
DLY004129,FLT0033211,213,Airport Operations
DLY004130,FLT0033226,67,Mechanical Issue
DLY004131,FLT0033232,235,Security
DLY004132,FLT0033233,112,Security
DLY004133,FLT0033240,127,Weather
DLY004134,FLT0033241,112,Airport Operations
DLY004135,FLT0033245,42,Crew Availability
DLY004136,FLT0033254,134,Crew Availability
DLY004137,FLT0033260,191,Crew Availability
DLY004138,FLT0033267,41,Late Aircraft Arrival
DLY004139,FLT0033277,189,Airport Operations
DLY004140,FLT0033289,209,Late Aircraft Arrival
DLY004141,FLT0033312,139,Crew Availability
DLY004142,FLT0033314,114,Late Aircraft Arrival
DLY004143,FLT0033315,45,Airport Operations
DLY004144,FLT0033319,18,Weather
DLY004145,FLT0033325,99,Late Aircraft Arrival
DLY004146,FLT0033331,200,Security
DLY004147,FLT0033343,102,Mechanical Issue
DLY004148,FLT0033351,194,Mechanical Issue
DLY004149,FLT0033356,185,Security
DLY004150,FLT0033360,84,Mechanical Issue
DLY004151,FLT0033364,39,Security
DLY004152,FLT0033367,119,Mechanical Issue
DLY004153,FLT0033368,184,Air Traffic Control
DLY004154,FLT0033374,152,Air Traffic Control
DLY004155,FLT0033380,161,Crew Availability
DLY004156,FLT0033382,17,Late Aircraft Arrival
DLY004157,FLT0033384,193,Mechanical Issue
DLY004158,FLT0033397,68,Airport Operations
DLY004159,FLT0033402,93,Security
DLY004160,FLT0033409,141,Airport Operations
DLY004161,FLT0033431,237,Late Aircraft Arrival
DLY004162,FLT0033437,232,Security
DLY004163,FLT0033439,22,Crew Availability
DLY004164,FLT0033441,181,Weather
DLY004165,FLT0033450,232,Weather
DLY004166,FLT0033459,179,Airport Operations
DLY004167,FLT0033482,174,Weather
DLY004168,FLT0033485,106,Airport Operations
DLY004169,FLT0033496,185,Air Traffic Control
DLY004170,FLT0033499,57,Late Aircraft Arrival
DLY004171,FLT0033506,178,Security
DLY004172,FLT0033509,176,Security
DLY004173,FLT0033512,85,Security
DLY004174,FLT0033519,65,Crew Availability
DLY004175,FLT0033522,213,Late Aircraft Arrival
DLY004176,FLT0033526,86,Airport Operations
DLY004177,FLT0033536,145,Airport Operations
DLY004178,FLT0033543,37,Airport Operations
DLY004179,FLT0033548,123,Air Traffic Control
DLY004180,FLT0033573,110,Late Aircraft Arrival
DLY004181,FLT0033574,24,Airport Operations
DLY004182,FLT0033581,176,Airport Operations
DLY004183,FLT0033591,64,Crew Availability
DLY004184,FLT0033592,172,Air Traffic Control
DLY004185,FLT0033617,75,Mechanical Issue
DLY004186,FLT0033640,72,Air Traffic Control
DLY004187,FLT0033646,143,Airport Operations
DLY004188,FLT0033669,224,Air Traffic Control
DLY004189,FLT0033670,16,Crew Availability
DLY004190,FLT0033675,228,Airport Operations
DLY004191,FLT0033711,15,Late Aircraft Arrival
DLY004192,FLT0033712,74,Mechanical Issue
DLY004193,FLT0033715,45,Airport Operations
DLY004194,FLT0033716,16,Security
DLY004195,FLT0033722,202,Mechanical Issue
DLY004196,FLT0033724,232,Crew Availability
DLY004197,FLT0033730,71,Mechanical Issue
DLY004198,FLT0033733,223,Mechanical Issue
DLY004199,FLT0033743,239,Mechanical Issue
DLY004200,FLT0033745,145,Late Aircraft Arrival
DLY004201,FLT0033788,83,Airport Operations
DLY004202,FLT0033789,118,Security
DLY004203,FLT0033793,186,Mechanical Issue
DLY004204,FLT0033844,35,Mechanical Issue
DLY004205,FLT0033862,87,Mechanical Issue
DLY004206,FLT0033869,186,Security
DLY004207,FLT0033870,201,Late Aircraft Arrival
DLY004208,FLT0033873,119,Air Traffic Control
DLY004209,FLT0033891,159,Security
DLY004210,FLT0033898,223,Security
DLY004211,FLT0033904,148,Weather
DLY004212,FLT0033909,30,Security
DLY004213,FLT0033923,25,Airport Operations
DLY004214,FLT0033925,180,Air Traffic Control
DLY004215,FLT0033926,82,Airport Operations
DLY004216,FLT0033944,121,Air Traffic Control
DLY004217,FLT0033947,178,Late Aircraft Arrival
DLY004218,FLT0033958,42,Air Traffic Control
DLY004219,FLT0033970,100,Late Aircraft Arrival
DLY004220,FLT0033996,182,Weather
DLY004221,FLT0033998,174,Mechanical Issue
DLY004222,FLT0033999,67,Airport Operations
DLY004223,FLT0034003,161,Air Traffic Control
DLY004224,FLT0034007,162,Late Aircraft Arrival
DLY004225,FLT0034048,83,Security
DLY004226,FLT0034054,141,Airport Operations
DLY004227,FLT0034058,29,Airport Operations
DLY004228,FLT0034066,84,Security
DLY004229,FLT0034071,159,Airport Operations
DLY004230,FLT0034091,191,Airport Operations
DLY004231,FLT0034094,124,Late Aircraft Arrival
DLY004232,FLT0034096,71,Air Traffic Control
DLY004233,FLT0034098,16,Security
DLY004234,FLT0034104,165,Airport Operations
DLY004235,FLT0034107,185,Air Traffic Control
DLY004236,FLT0034108,191,Mechanical Issue
DLY004237,FLT0034109,198,Air Traffic Control
DLY004238,FLT0034117,210,Security
DLY004239,FLT0034124,60,Weather
DLY004240,FLT0034133,48,Crew Availability
DLY004241,FLT0034141,110,Crew Availability
DLY004242,FLT0034148,62,Crew Availability
DLY004243,FLT0034159,20,Airport Operations
DLY004244,FLT0034167,189,Weather
DLY004245,FLT0034174,38,Weather
DLY004246,FLT0034179,203,Mechanical Issue
DLY004247,FLT0034185,181,Security
DLY004248,FLT0034186,152,Air Traffic Control
DLY004249,FLT0034196,176,Late Aircraft Arrival
DLY004250,FLT0034201,49,Weather
DLY004251,FLT0034206,87,Security
DLY004252,FLT0034209,145,Security
DLY004253,FLT0034219,111,Air Traffic Control
DLY004254,FLT0034231,77,Late Aircraft Arrival
DLY004255,FLT0034244,88,Security
DLY004256,FLT0034266,33,Security
DLY004257,FLT0034268,182,Air Traffic Control
DLY004258,FLT0034292,29,Security
DLY004259,FLT0034298,16,Late Aircraft Arrival
DLY004260,FLT0034304,131,Security
DLY004261,FLT0034314,175,Crew Availability
DLY004262,FLT0034318,109,Security
DLY004263,FLT0034332,88,Mechanical Issue
DLY004264,FLT0034342,207,Weather
DLY004265,FLT0034354,105,Airport Operations
DLY004266,FLT0034366,141,Air Traffic Control
DLY004267,FLT0034371,66,Mechanical Issue
DLY004268,FLT0034374,236,Airport Operations
DLY004269,FLT0034379,158,Air Traffic Control
DLY004270,FLT0034380,166,Security
DLY004271,FLT0034383,118,Airport Operations
DLY004272,FLT0034385,103,Airport Operations
DLY004273,FLT0034410,153,Mechanical Issue
DLY004274,FLT0034421,158,Security
DLY004275,FLT0034422,24,Security
DLY004276,FLT0034437,17,Mechanical Issue
DLY004277,FLT0034452,63,Air Traffic Control
DLY004278,FLT0034463,146,Late Aircraft Arrival
DLY004279,FLT0034466,195,Air Traffic Control
DLY004280,FLT0034467,99,Late Aircraft Arrival
DLY004281,FLT0034474,80,Late Aircraft Arrival
DLY004282,FLT0034489,20,Mechanical Issue
DLY004283,FLT0034494,88,Air Traffic Control
DLY004284,FLT0034498,238,Security
DLY004285,FLT0034504,52,Weather
DLY004286,FLT0034511,177,Airport Operations
DLY004287,FLT0034527,51,Weather
DLY004288,FLT0034529,136,Weather
DLY004289,FLT0034533,181,Airport Operations
DLY004290,FLT0034534,105,Crew Availability
DLY004291,FLT0034565,148,Weather
DLY004292,FLT0034571,47,Mechanical Issue
DLY004293,FLT0034577,46,Weather
DLY004294,FLT0034584,168,Security
DLY004295,FLT0034589,194,Crew Availability
DLY004296,FLT0034595,239,Late Aircraft Arrival
DLY004297,FLT0034598,41,Late Aircraft Arrival
DLY004298,FLT0034599,20,Late Aircraft Arrival
DLY004299,FLT0034625,57,Mechanical Issue
DLY004300,FLT0034633,42,Airport Operations
DLY004301,FLT0034643,56,Security
DLY004302,FLT0034647,62,Crew Availability
DLY004303,FLT0034650,157,Security
DLY004304,FLT0034657,27,Weather
DLY004305,FLT0034658,168,Security
DLY004306,FLT0034661,185,Mechanical Issue
DLY004307,FLT0034671,124,Crew Availability
DLY004308,FLT0034672,69,Crew Availability
DLY004309,FLT0034679,88,Security
DLY004310,FLT0034681,123,Air Traffic Control
DLY004311,FLT0034682,163,Airport Operations
DLY004312,FLT0034712,67,Weather
DLY004313,FLT0034740,188,Security
DLY004314,FLT0034742,239,Crew Availability
DLY004315,FLT0034746,146,Airport Operations
DLY004316,FLT0034770,80,Late Aircraft Arrival
DLY004317,FLT0034779,165,Weather
DLY004318,FLT0034785,112,Crew Availability
DLY004319,FLT0034803,61,Crew Availability
DLY004320,FLT0034807,177,Security
DLY004321,FLT0034817,151,Mechanical Issue
DLY004322,FLT0034828,187,Mechanical Issue
DLY004323,FLT0034834,184,Security
DLY004324,FLT0034837,211,Security
DLY004325,FLT0034838,167,Security
DLY004326,FLT0034846,94,Late Aircraft Arrival
DLY004327,FLT0034853,212,Air Traffic Control
DLY004328,FLT0034859,20,Late Aircraft Arrival
DLY004329,FLT0034860,232,Airport Operations
DLY004330,FLT0034864,213,Airport Operations
DLY004331,FLT0034870,196,Air Traffic Control
DLY004332,FLT0034877,64,Security
DLY004333,FLT0034879,68,Weather
DLY004334,FLT0034880,112,Airport Operations
DLY004335,FLT0034894,102,Crew Availability
DLY004336,FLT0034899,104,Crew Availability
DLY004337,FLT0034919,221,Late Aircraft Arrival
DLY004338,FLT0034920,53,Late Aircraft Arrival
DLY004339,FLT0034932,94,Security
DLY004340,FLT0034945,36,Security
DLY004341,FLT0034953,112,Air Traffic Control
DLY004342,FLT0034955,76,Weather
DLY004343,FLT0034960,228,Air Traffic Control
DLY004344,FLT0034971,206,Weather
DLY004345,FLT0034972,70,Security
DLY004346,FLT0034973,18,Weather
DLY004347,FLT0034976,112,Mechanical Issue
DLY004348,FLT0034995,43,Mechanical Issue
DLY004349,FLT0035009,77,Mechanical Issue
DLY004350,FLT0035032,119,Mechanical Issue
DLY004351,FLT0035043,142,Weather
DLY004352,FLT0035044,63,Mechanical Issue
DLY004353,FLT0035050,230,Weather
DLY004354,FLT0035051,193,Security
DLY004355,FLT0035056,128,Late Aircraft Arrival
DLY004356,FLT0035071,126,Late Aircraft Arrival
DLY004357,FLT0035077,151,Air Traffic Control
DLY004358,FLT0035079,168,Late Aircraft Arrival
DLY004359,FLT0035082,129,Airport Operations
DLY004360,FLT0035085,97,Air Traffic Control
DLY004361,FLT0035115,92,Air Traffic Control
DLY004362,FLT0035121,200,Crew Availability
DLY004363,FLT0035139,162,Air Traffic Control
DLY004364,FLT0035140,218,Mechanical Issue
DLY004365,FLT0035152,191,Air Traffic Control
DLY004366,FLT0035154,28,Airport Operations
DLY004367,FLT0035155,208,Crew Availability
DLY004368,FLT0035157,143,Air Traffic Control
DLY004369,FLT0035161,88,Airport Operations
DLY004370,FLT0035167,104,Weather
DLY004371,FLT0035169,232,Weather
DLY004372,FLT0035171,30,Late Aircraft Arrival
DLY004373,FLT0035187,89,Mechanical Issue
DLY004374,FLT0035204,162,Airport Operations
DLY004375,FLT0035208,157,Weather
DLY004376,FLT0035213,18,Late Aircraft Arrival
DLY004377,FLT0035215,129,Airport Operations
DLY004378,FLT0035218,184,Crew Availability
DLY004379,FLT0035259,193,Crew Availability
DLY004380,FLT0035260,234,Weather
DLY004381,FLT0035264,213,Air Traffic Control
DLY004382,FLT0035276,161,Airport Operations
DLY004383,FLT0035290,201,Air Traffic Control
DLY004384,FLT0035294,153,Security
DLY004385,FLT0035305,92,Crew Availability
DLY004386,FLT0035316,215,Weather
DLY004387,FLT0035352,145,Late Aircraft Arrival
DLY004388,FLT0035353,107,Weather
DLY004389,FLT0035380,142,Air Traffic Control
DLY004390,FLT0035381,217,Weather
DLY004391,FLT0035389,16,Crew Availability
DLY004392,FLT0035395,48,Weather
DLY004393,FLT0035404,168,Security
DLY004394,FLT0035411,212,Mechanical Issue
DLY004395,FLT0035417,230,Air Traffic Control
DLY004396,FLT0035422,108,Airport Operations
DLY004397,FLT0035437,41,Airport Operations
DLY004398,FLT0035440,230,Airport Operations
DLY004399,FLT0035444,189,Mechanical Issue
DLY004400,FLT0035454,31,Late Aircraft Arrival
DLY004401,FLT0035472,204,Security
DLY004402,FLT0035494,115,Security
DLY004403,FLT0035496,200,Mechanical Issue
DLY004404,FLT0035503,173,Weather
DLY004405,FLT0035507,20,Weather
DLY004406,FLT0035509,94,Air Traffic Control
DLY004407,FLT0035513,238,Weather
DLY004408,FLT0035518,74,Security
DLY004409,FLT0035524,139,Late Aircraft Arrival
DLY004410,FLT0035534,227,Late Aircraft Arrival
DLY004411,FLT0035552,225,Security
DLY004412,FLT0035563,205,Security
DLY004413,FLT0035568,51,Air Traffic Control
DLY004414,FLT0035581,155,Airport Operations
DLY004415,FLT0035582,55,Security
DLY004416,FLT0035585,70,Air Traffic Control
DLY004417,FLT0035590,197,Air Traffic Control
DLY004418,FLT0035592,199,Late Aircraft Arrival
DLY004419,FLT0035597,48,Security
DLY004420,FLT0035598,183,Late Aircraft Arrival
DLY004421,FLT0035614,57,Airport Operations
DLY004422,FLT0035625,221,Air Traffic Control
DLY004423,FLT0035629,137,Mechanical Issue
DLY004424,FLT0035635,223,Late Aircraft Arrival
DLY004425,FLT0035636,47,Security
DLY004426,FLT0035639,178,Late Aircraft Arrival
DLY004427,FLT0035644,46,Air Traffic Control
DLY004428,FLT0035651,34,Airport Operations
DLY004429,FLT0035667,146,Airport Operations
DLY004430,FLT0035676,232,Security
DLY004431,FLT0035677,211,Airport Operations
DLY004432,FLT0035708,181,Air Traffic Control
DLY004433,FLT0035711,42,Airport Operations
DLY004434,FLT0035712,57,Late Aircraft Arrival
DLY004435,FLT0035721,17,Mechanical Issue
DLY004436,FLT0035726,184,Air Traffic Control
DLY004437,FLT0035727,46,Security
DLY004438,FLT0035730,193,Late Aircraft Arrival
DLY004439,FLT0035748,26,Airport Operations
DLY004440,FLT0035755,46,Mechanical Issue
DLY004441,FLT0035758,88,Mechanical Issue
DLY004442,FLT0035762,88,Weather
DLY004443,FLT0035765,89,Air Traffic Control
DLY004444,FLT0035769,231,Crew Availability
DLY004445,FLT0035777,162,Crew Availability
DLY004446,FLT0035781,35,Airport Operations
DLY004447,FLT0035785,104,Mechanical Issue
DLY004448,FLT0035787,231,Weather
DLY004449,FLT0035791,145,Airport Operations
DLY004450,FLT0035798,212,Crew Availability
DLY004451,FLT0035816,93,Late Aircraft Arrival
DLY004452,FLT0035820,102,Late Aircraft Arrival
DLY004453,FLT0035825,67,Airport Operations
DLY004454,FLT0035865,239,Late Aircraft Arrival
DLY004455,FLT0035867,81,Weather
DLY004456,FLT0035889,162,Crew Availability
DLY004457,FLT0035892,199,Air Traffic Control
DLY004458,FLT0035893,115,Airport Operations
DLY004459,FLT0035898,88,Air Traffic Control
DLY004460,FLT0035906,145,Security
DLY004461,FLT0035911,220,Security
DLY004462,FLT0035912,28,Security
DLY004463,FLT0035945,138,Late Aircraft Arrival
DLY004464,FLT0035955,192,Security
DLY004465,FLT0035958,63,Crew Availability
DLY004466,FLT0035959,176,Airport Operations
DLY004467,FLT0035961,222,Weather
DLY004468,FLT0035967,179,Weather
DLY004469,FLT0035982,69,Weather
DLY004470,FLT0035996,72,Late Aircraft Arrival
DLY004471,FLT0035998,228,Crew Availability
DLY004472,FLT0036005,191,Mechanical Issue
DLY004473,FLT0036009,126,Crew Availability
DLY004474,FLT0036010,87,Late Aircraft Arrival
DLY004475,FLT0036039,16,Airport Operations
DLY004476,FLT0036057,44,Weather
DLY004477,FLT0036067,97,Security
DLY004478,FLT0036068,15,Crew Availability
DLY004479,FLT0036073,231,Crew Availability
DLY004480,FLT0036084,78,Late Aircraft Arrival
DLY004481,FLT0036089,136,Weather
DLY004482,FLT0036095,138,Late Aircraft Arrival
DLY004483,FLT0036111,113,Mechanical Issue
DLY004484,FLT0036115,230,Weather
DLY004485,FLT0036116,56,Crew Availability
DLY004486,FLT0036124,238,Weather
DLY004487,FLT0036141,15,Airport Operations
DLY004488,FLT0036150,46,Mechanical Issue
DLY004489,FLT0036163,98,Air Traffic Control
DLY004490,FLT0036172,161,Crew Availability
DLY004491,FLT0036179,228,Security
DLY004492,FLT0036185,215,Mechanical Issue
DLY004493,FLT0036207,117,Security
DLY004494,FLT0036212,195,Crew Availability
DLY004495,FLT0036239,132,Security
DLY004496,FLT0036250,45,Security
DLY004497,FLT0036251,139,Weather
DLY004498,FLT0036254,217,Weather
DLY004499,FLT0036256,134,Late Aircraft Arrival
DLY004500,FLT0036258,41,Late Aircraft Arrival
DLY004501,FLT0036279,71,Security
DLY004502,FLT0036288,172,Air Traffic Control
DLY004503,FLT0036295,190,Security
DLY004504,FLT0036304,125,Mechanical Issue
DLY004505,FLT0036305,61,Late Aircraft Arrival
DLY004506,FLT0036312,228,Air Traffic Control
DLY004507,FLT0036329,227,Mechanical Issue
DLY004508,FLT0036334,23,Air Traffic Control
DLY004509,FLT0036344,199,Weather
DLY004510,FLT0036347,68,Airport Operations
DLY004511,FLT0036350,111,Mechanical Issue
DLY004512,FLT0036379,118,Crew Availability
DLY004513,FLT0036394,196,Mechanical Issue
DLY004514,FLT0036406,190,Airport Operations
DLY004515,FLT0036433,29,Security
DLY004516,FLT0036436,163,Crew Availability
DLY004517,FLT0036444,128,Airport Operations
DLY004518,FLT0036446,166,Airport Operations
DLY004519,FLT0036460,40,Weather
DLY004520,FLT0036464,126,Airport Operations
DLY004521,FLT0036465,122,Mechanical Issue
DLY004522,FLT0036472,147,Late Aircraft Arrival
DLY004523,FLT0036474,27,Weather
DLY004524,FLT0036491,161,Airport Operations
DLY004525,FLT0036495,123,Crew Availability
DLY004526,FLT0036501,189,Airport Operations
DLY004527,FLT0036505,220,Weather
DLY004528,FLT0036514,59,Airport Operations
DLY004529,FLT0036522,19,Air Traffic Control
DLY004530,FLT0036530,234,Mechanical Issue
DLY004531,FLT0036536,182,Mechanical Issue
DLY004532,FLT0036537,91,Late Aircraft Arrival
DLY004533,FLT0036541,168,Crew Availability
DLY004534,FLT0036551,205,Mechanical Issue
DLY004535,FLT0036552,188,Security
DLY004536,FLT0036574,190,Weather
DLY004537,FLT0036581,188,Airport Operations
DLY004538,FLT0036585,184,Security
DLY004539,FLT0036591,85,Airport Operations
DLY004540,FLT0036611,222,Airport Operations
DLY004541,FLT0036630,219,Air Traffic Control
DLY004542,FLT0036641,137,Air Traffic Control
DLY004543,FLT0036649,234,Air Traffic Control
DLY004544,FLT0036657,155,Late Aircraft Arrival
DLY004545,FLT0036671,214,Late Aircraft Arrival
DLY004546,FLT0036675,35,Air Traffic Control
DLY004547,FLT0036681,187,Air Traffic Control
DLY004548,FLT0036682,131,Weather
DLY004549,FLT0036691,128,Weather
DLY004550,FLT0036701,239,Mechanical Issue
DLY004551,FLT0036713,129,Airport Operations
DLY004552,FLT0036717,26,Security
DLY004553,FLT0036722,180,Airport Operations
DLY004554,FLT0036727,133,Mechanical Issue
DLY004555,FLT0036728,170,Weather
DLY004556,FLT0036733,17,Weather
DLY004557,FLT0036749,167,Air Traffic Control
DLY004558,FLT0036750,208,Crew Availability
DLY004559,FLT0036777,188,Security
DLY004560,FLT0036780,100,Crew Availability
DLY004561,FLT0036784,51,Airport Operations
DLY004562,FLT0036785,112,Late Aircraft Arrival
DLY004563,FLT0036800,224,Airport Operations
DLY004564,FLT0036812,176,Late Aircraft Arrival
DLY004565,FLT0036816,220,Airport Operations
DLY004566,FLT0036828,199,Weather
DLY004567,FLT0036845,182,Air Traffic Control
DLY004568,FLT0036867,98,Late Aircraft Arrival
DLY004569,FLT0036869,211,Airport Operations
DLY004570,FLT0036872,166,Air Traffic Control
DLY004571,FLT0036890,115,Mechanical Issue
DLY004572,FLT0036900,132,Weather
DLY004573,FLT0036903,70,Late Aircraft Arrival
DLY004574,FLT0036906,140,Air Traffic Control
DLY004575,FLT0036912,214,Airport Operations
DLY004576,FLT0036927,80,Mechanical Issue
DLY004577,FLT0036928,61,Air Traffic Control
DLY004578,FLT0036930,141,Mechanical Issue
DLY004579,FLT0036941,223,Security
DLY004580,FLT0036946,142,Crew Availability
DLY004581,FLT0036950,64,Security
DLY004582,FLT0036952,116,Airport Operations
DLY004583,FLT0036956,232,Weather
DLY004584,FLT0036963,123,Weather
DLY004585,FLT0036971,152,Air Traffic Control
DLY004586,FLT0036978,15,Air Traffic Control
DLY004587,FLT0036985,192,Airport Operations
DLY004588,FLT0036988,39,Mechanical Issue
DLY004589,FLT0036990,181,Crew Availability
DLY004590,FLT0036999,229,Late Aircraft Arrival
DLY004591,FLT0037011,133,Weather
DLY004592,FLT0037017,84,Late Aircraft Arrival
DLY004593,FLT0037030,143,Crew Availability
DLY004594,FLT0037032,81,Security
DLY004595,FLT0037033,237,Mechanical Issue
DLY004596,FLT0037040,196,Air Traffic Control
DLY004597,FLT0037051,138,Security
DLY004598,FLT0037055,211,Air Traffic Control
DLY004599,FLT0037058,197,Late Aircraft Arrival
DLY004600,FLT0037069,166,Crew Availability
DLY004601,FLT0037074,127,Mechanical Issue
DLY004602,FLT0037075,239,Security
DLY004603,FLT0037082,54,Crew Availability
DLY004604,FLT0037097,61,Weather
DLY004605,FLT0037112,125,Late Aircraft Arrival
DLY004606,FLT0037115,105,Security
DLY004607,FLT0037117,81,Weather
DLY004608,FLT0037131,19,Mechanical Issue
DLY004609,FLT0037136,173,Air Traffic Control
DLY004610,FLT0037182,25,Crew Availability
DLY004611,FLT0037183,115,Airport Operations
DLY004612,FLT0037185,24,Crew Availability
DLY004613,FLT0037187,147,Mechanical Issue
DLY004614,FLT0037205,48,Mechanical Issue
DLY004615,FLT0037206,28,Air Traffic Control
DLY004616,FLT0037210,75,Airport Operations
DLY004617,FLT0037216,15,Late Aircraft Arrival
DLY004618,FLT0037217,80,Airport Operations
DLY004619,FLT0037230,178,Mechanical Issue
DLY004620,FLT0037233,104,Security
DLY004621,FLT0037245,192,Weather
DLY004622,FLT0037249,60,Weather
DLY004623,FLT0037266,123,Late Aircraft Arrival
DLY004624,FLT0037284,237,Air Traffic Control
DLY004625,FLT0037290,172,Airport Operations
DLY004626,FLT0037299,93,Mechanical Issue
DLY004627,FLT0037301,57,Crew Availability
DLY004628,FLT0037304,212,Crew Availability
DLY004629,FLT0037331,30,Airport Operations
DLY004630,FLT0037335,154,Airport Operations
DLY004631,FLT0037336,154,Mechanical Issue
DLY004632,FLT0037343,216,Late Aircraft Arrival
DLY004633,FLT0037345,131,Weather
DLY004634,FLT0037346,162,Security
DLY004635,FLT0037347,23,Weather
DLY004636,FLT0037349,38,Air Traffic Control
DLY004637,FLT0037352,167,Airport Operations
DLY004638,FLT0037365,75,Weather
DLY004639,FLT0037366,85,Security
DLY004640,FLT0037374,179,Weather
DLY004641,FLT0037382,64,Airport Operations
DLY004642,FLT0037389,121,Air Traffic Control
DLY004643,FLT0037395,75,Air Traffic Control
DLY004644,FLT0037396,200,Mechanical Issue
DLY004645,FLT0037404,210,Airport Operations
DLY004646,FLT0037409,36,Crew Availability
DLY004647,FLT0037413,56,Mechanical Issue
DLY004648,FLT0037414,110,Air Traffic Control
DLY004649,FLT0037424,86,Crew Availability
DLY004650,FLT0037432,123,Late Aircraft Arrival
DLY004651,FLT0037441,217,Crew Availability
DLY004652,FLT0037442,215,Security
DLY004653,FLT0037445,202,Air Traffic Control
DLY004654,FLT0037452,51,Mechanical Issue
DLY004655,FLT0037456,89,Air Traffic Control
DLY004656,FLT0037457,106,Airport Operations
DLY004657,FLT0037476,162,Weather
DLY004658,FLT0037485,121,Security
DLY004659,FLT0037491,96,Late Aircraft Arrival
DLY004660,FLT0037492,56,Airport Operations
DLY004661,FLT0037538,170,Mechanical Issue
DLY004662,FLT0037548,229,Security
DLY004663,FLT0037553,236,Mechanical Issue
DLY004664,FLT0037572,37,Airport Operations
DLY004665,FLT0037594,16,Airport Operations
DLY004666,FLT0037596,236,Security
DLY004667,FLT0037599,198,Weather
DLY004668,FLT0037601,69,Late Aircraft Arrival
DLY004669,FLT0037605,180,Mechanical Issue
DLY004670,FLT0037617,165,Weather
DLY004671,FLT0037634,186,Crew Availability
DLY004672,FLT0037637,195,Mechanical Issue
DLY004673,FLT0037645,62,Crew Availability
DLY004674,FLT0037646,175,Airport Operations
DLY004675,FLT0037651,198,Weather
DLY004676,FLT0037654,147,Security
DLY004677,FLT0037662,217,Late Aircraft Arrival
DLY004678,FLT0037681,91,Mechanical Issue
DLY004679,FLT0037689,235,Air Traffic Control
DLY004680,FLT0037709,47,Late Aircraft Arrival
DLY004681,FLT0037712,68,Mechanical Issue
DLY004682,FLT0037713,47,Crew Availability
DLY004683,FLT0037725,141,Security
DLY004684,FLT0037732,125,Late Aircraft Arrival
DLY004685,FLT0037756,171,Mechanical Issue
DLY004686,FLT0037759,120,Weather
DLY004687,FLT0037760,191,Security
DLY004688,FLT0037768,179,Weather
DLY004689,FLT0037772,230,Security
DLY004690,FLT0037774,220,Late Aircraft Arrival
DLY004691,FLT0037796,71,Airport Operations
DLY004692,FLT0037807,228,Security
DLY004693,FLT0037829,39,Weather
DLY004694,FLT0037831,97,Air Traffic Control
DLY004695,FLT0037838,16,Weather
DLY004696,FLT0037843,18,Airport Operations
DLY004697,FLT0037845,166,Crew Availability
DLY004698,FLT0037847,93,Mechanical Issue
DLY004699,FLT0037848,95,Crew Availability
DLY004700,FLT0037849,178,Crew Availability
DLY004701,FLT0037856,32,Airport Operations
DLY004702,FLT0037858,125,Security
DLY004703,FLT0037869,121,Security
DLY004704,FLT0037872,227,Air Traffic Control
DLY004705,FLT0037884,225,Crew Availability
DLY004706,FLT0037885,170,Late Aircraft Arrival
DLY004707,FLT0037887,143,Weather
DLY004708,FLT0037889,168,Airport Operations
DLY004709,FLT0037907,212,Crew Availability
DLY004710,FLT0037908,150,Air Traffic Control
DLY004711,FLT0037913,213,Mechanical Issue
DLY004712,FLT0037914,159,Air Traffic Control
DLY004713,FLT0037923,142,Security
DLY004714,FLT0037928,91,Mechanical Issue
DLY004715,FLT0037936,53,Crew Availability
DLY004716,FLT0037940,48,Air Traffic Control
DLY004717,FLT0037952,58,Late Aircraft Arrival
DLY004718,FLT0037954,160,Airport Operations
DLY004719,FLT0037963,96,Air Traffic Control
DLY004720,FLT0037988,76,Mechanical Issue
DLY004721,FLT0037995,110,Security
DLY004722,FLT0038025,30,Weather
DLY004723,FLT0038030,206,Mechanical Issue
DLY004724,FLT0038045,76,Crew Availability
DLY004725,FLT0038056,191,Security
DLY004726,FLT0038070,82,Air Traffic Control
DLY004727,FLT0038074,180,Crew Availability
DLY004728,FLT0038087,43,Crew Availability
DLY004729,FLT0038092,170,Airport Operations
DLY004730,FLT0038102,208,Airport Operations
DLY004731,FLT0038108,131,Air Traffic Control
DLY004732,FLT0038125,136,Weather
DLY004733,FLT0038126,53,Late Aircraft Arrival
DLY004734,FLT0038151,184,Mechanical Issue
DLY004735,FLT0038152,49,Crew Availability
DLY004736,FLT0038176,188,Crew Availability
DLY004737,FLT0038197,74,Airport Operations
DLY004738,FLT0038200,104,Late Aircraft Arrival
DLY004739,FLT0038204,42,Security
DLY004740,FLT0038224,177,Air Traffic Control
DLY004741,FLT0038251,155,Air Traffic Control
DLY004742,FLT0038257,18,Crew Availability
DLY004743,FLT0038283,71,Crew Availability
DLY004744,FLT0038286,194,Mechanical Issue
DLY004745,FLT0038288,54,Air Traffic Control
DLY004746,FLT0038308,134,Late Aircraft Arrival
DLY004747,FLT0038309,76,Airport Operations
DLY004748,FLT0038314,163,Late Aircraft Arrival
DLY004749,FLT0038335,197,Crew Availability
DLY004750,FLT0038337,100,Airport Operations
DLY004751,FLT0038351,91,Crew Availability
DLY004752,FLT0038376,201,Air Traffic Control
DLY004753,FLT0038397,124,Mechanical Issue
DLY004754,FLT0038404,70,Crew Availability
DLY004755,FLT0038410,189,Crew Availability
DLY004756,FLT0038412,234,Late Aircraft Arrival
DLY004757,FLT0038424,176,Crew Availability
DLY004758,FLT0038436,113,Late Aircraft Arrival
DLY004759,FLT0038449,172,Mechanical Issue
DLY004760,FLT0038463,134,Air Traffic Control
DLY004761,FLT0038465,82,Late Aircraft Arrival
DLY004762,FLT0038468,88,Weather
DLY004763,FLT0038477,210,Airport Operations
DLY004764,FLT0038482,194,Late Aircraft Arrival
DLY004765,FLT0038483,120,Airport Operations
DLY004766,FLT0038484,95,Air Traffic Control
DLY004767,FLT0038506,118,Crew Availability
DLY004768,FLT0038519,74,Late Aircraft Arrival
DLY004769,FLT0038531,179,Mechanical Issue
DLY004770,FLT0038532,63,Air Traffic Control
DLY004771,FLT0038552,156,Weather
DLY004772,FLT0038555,178,Crew Availability
DLY004773,FLT0038563,101,Late Aircraft Arrival
DLY004774,FLT0038578,48,Air Traffic Control
DLY004775,FLT0038580,153,Security
DLY004776,FLT0038590,60,Late Aircraft Arrival
DLY004777,FLT0038592,168,Weather
DLY004778,FLT0038602,145,Weather
DLY004779,FLT0038608,186,Air Traffic Control
DLY004780,FLT0038616,67,Weather
DLY004781,FLT0038630,222,Weather
DLY004782,FLT0038632,102,Mechanical Issue
DLY004783,FLT0038646,129,Crew Availability
DLY004784,FLT0038655,18,Late Aircraft Arrival
DLY004785,FLT0038660,47,Late Aircraft Arrival
DLY004786,FLT0038663,40,Mechanical Issue
DLY004787,FLT0038667,23,Security
DLY004788,FLT0038669,159,Crew Availability
DLY004789,FLT0038675,118,Airport Operations
DLY004790,FLT0038679,91,Mechanical Issue
DLY004791,FLT0038688,207,Weather
DLY004792,FLT0038708,90,Security
DLY004793,FLT0038724,130,Crew Availability
DLY004794,FLT0038733,130,Air Traffic Control
DLY004795,FLT0038764,22,Air Traffic Control
DLY004796,FLT0038772,93,Airport Operations
DLY004797,FLT0038792,164,Crew Availability
DLY004798,FLT0038799,116,Airport Operations
DLY004799,FLT0038811,218,Late Aircraft Arrival
DLY004800,FLT0038814,188,Air Traffic Control
DLY004801,FLT0038820,117,Security
DLY004802,FLT0038835,179,Late Aircraft Arrival
DLY004803,FLT0038840,77,Late Aircraft Arrival
DLY004804,FLT0038850,38,Late Aircraft Arrival
DLY004805,FLT0038859,49,Crew Availability
DLY004806,FLT0038863,110,Mechanical Issue
DLY004807,FLT0038867,184,Security
DLY004808,FLT0038871,132,Late Aircraft Arrival
DLY004809,FLT0038873,190,Air Traffic Control
DLY004810,FLT0038878,90,Crew Availability
DLY004811,FLT0038883,152,Air Traffic Control
DLY004812,FLT0038898,96,Air Traffic Control
DLY004813,FLT0038905,130,Weather
DLY004814,FLT0038908,60,Airport Operations
DLY004815,FLT0038909,162,Security
DLY004816,FLT0038917,179,Security
DLY004817,FLT0038919,107,Airport Operations
DLY004818,FLT0038926,44,Mechanical Issue
DLY004819,FLT0038934,104,Airport Operations
DLY004820,FLT0038938,123,Airport Operations
DLY004821,FLT0038942,94,Air Traffic Control
DLY004822,FLT0038946,203,Late Aircraft Arrival
DLY004823,FLT0038948,223,Weather
DLY004824,FLT0038978,225,Security
DLY004825,FLT0038985,228,Weather
DLY004826,FLT0039009,127,Mechanical Issue
DLY004827,FLT0039018,70,Weather
DLY004828,FLT0039027,178,Airport Operations
DLY004829,FLT0039040,220,Weather
DLY004830,FLT0039042,215,Airport Operations
DLY004831,FLT0039046,228,Security
DLY004832,FLT0039049,99,Weather
DLY004833,FLT0039053,96,Security
DLY004834,FLT0039073,103,Airport Operations
DLY004835,FLT0039096,139,Mechanical Issue
DLY004836,FLT0039100,151,Mechanical Issue
DLY004837,FLT0039106,218,Weather
DLY004838,FLT0039116,144,Mechanical Issue
DLY004839,FLT0039132,28,Weather
DLY004840,FLT0039133,39,Air Traffic Control
DLY004841,FLT0039136,68,Airport Operations
DLY004842,FLT0039142,200,Air Traffic Control
DLY004843,FLT0039148,206,Crew Availability
DLY004844,FLT0039149,97,Air Traffic Control
DLY004845,FLT0039151,33,Crew Availability
DLY004846,FLT0039152,51,Mechanical Issue
DLY004847,FLT0039154,211,Crew Availability
DLY004848,FLT0039179,178,Late Aircraft Arrival
DLY004849,FLT0039182,202,Weather
DLY004850,FLT0039187,143,Crew Availability
DLY004851,FLT0039194,225,Mechanical Issue
DLY004852,FLT0039204,80,Weather
DLY004853,FLT0039205,77,Air Traffic Control
DLY004854,FLT0039217,229,Weather
DLY004855,FLT0039227,35,Late Aircraft Arrival
DLY004856,FLT0039238,137,Security
DLY004857,FLT0039250,101,Air Traffic Control
DLY004858,FLT0039262,211,Air Traffic Control
DLY004859,FLT0039267,44,Weather
DLY004860,FLT0039268,83,Late Aircraft Arrival
DLY004861,FLT0039279,50,Crew Availability
DLY004862,FLT0039283,196,Airport Operations
DLY004863,FLT0039299,74,Airport Operations
DLY004864,FLT0039301,230,Mechanical Issue
DLY004865,FLT0039302,15,Air Traffic Control
DLY004866,FLT0039305,100,Crew Availability
DLY004867,FLT0039313,123,Air Traffic Control
DLY004868,FLT0039318,55,Late Aircraft Arrival
DLY004869,FLT0039326,184,Crew Availability
DLY004870,FLT0039338,109,Weather
DLY004871,FLT0039357,163,Airport Operations
DLY004872,FLT0039364,227,Late Aircraft Arrival
DLY004873,FLT0039368,32,Airport Operations
DLY004874,FLT0039379,208,Crew Availability
DLY004875,FLT0039389,95,Security
DLY004876,FLT0039393,78,Security
DLY004877,FLT0039397,234,Mechanical Issue
DLY004878,FLT0039410,105,Security
DLY004879,FLT0039422,25,Air Traffic Control
DLY004880,FLT0039426,84,Airport Operations
DLY004881,FLT0039427,219,Late Aircraft Arrival
DLY004882,FLT0039428,40,Mechanical Issue
DLY004883,FLT0039440,156,Security
DLY004884,FLT0039447,97,Security
DLY004885,FLT0039450,226,Mechanical Issue
DLY004886,FLT0039454,24,Air Traffic Control
DLY004887,FLT0039456,49,Mechanical Issue
DLY004888,FLT0039459,216,Late Aircraft Arrival
DLY004889,FLT0039467,111,Air Traffic Control
DLY004890,FLT0039474,38,Mechanical Issue
DLY004891,FLT0039478,176,Crew Availability
DLY004892,FLT0039479,138,Late Aircraft Arrival
DLY004893,FLT0039497,109,Mechanical Issue
DLY004894,FLT0039500,57,Crew Availability
DLY004895,FLT0039501,46,Late Aircraft Arrival
DLY004896,FLT0039504,26,Air Traffic Control
DLY004897,FLT0039507,161,Airport Operations
DLY004898,FLT0039513,66,Weather
DLY004899,FLT0039519,234,Crew Availability
DLY004900,FLT0039523,81,Security
DLY004901,FLT0039530,216,Security
DLY004902,FLT0039535,160,Air Traffic Control
DLY004903,FLT0039546,231,Mechanical Issue
DLY004904,FLT0039548,54,Mechanical Issue
DLY004905,FLT0039549,49,Late Aircraft Arrival
DLY004906,FLT0039559,232,Airport Operations
DLY004907,FLT0039568,33,Security
DLY004908,FLT0039585,122,Crew Availability
DLY004909,FLT0039589,45,Security
DLY004910,FLT0039590,160,Security
DLY004911,FLT0039595,95,Late Aircraft Arrival
DLY004912,FLT0039598,132,Late Aircraft Arrival
DLY004913,FLT0039601,64,Mechanical Issue
DLY004914,FLT0039602,239,Late Aircraft Arrival
DLY004915,FLT0039604,206,Crew Availability
DLY004916,FLT0039618,239,Security
DLY004917,FLT0039622,180,Mechanical Issue
DLY004918,FLT0039628,129,Air Traffic Control
DLY004919,FLT0039633,159,Security
DLY004920,FLT0039636,35,Airport Operations
DLY004921,FLT0039645,78,Late Aircraft Arrival
DLY004922,FLT0039664,117,Security
DLY004923,FLT0039676,197,Weather
DLY004924,FLT0039677,108,Air Traffic Control
DLY004925,FLT0039681,155,Security
DLY004926,FLT0039693,112,Security
DLY004927,FLT0039709,22,Airport Operations
DLY004928,FLT0039710,226,Weather
DLY004929,FLT0039731,186,Late Aircraft Arrival
DLY004930,FLT0039735,192,Weather
DLY004931,FLT0039746,208,Security
DLY004932,FLT0039748,79,Security
DLY004933,FLT0039751,47,Crew Availability
DLY004934,FLT0039757,79,Crew Availability
DLY004935,FLT0039763,209,Mechanical Issue
DLY004936,FLT0039772,207,Air Traffic Control
DLY004937,FLT0039806,235,Crew Availability
DLY004938,FLT0039814,143,Airport Operations
DLY004939,FLT0039815,78,Mechanical Issue
DLY004940,FLT0039818,136,Airport Operations
DLY004941,FLT0039824,218,Mechanical Issue
DLY004942,FLT0039836,114,Weather
DLY004943,FLT0039845,180,Airport Operations
DLY004944,FLT0039851,192,Weather
DLY004945,FLT0039855,206,Late Aircraft Arrival
DLY004946,FLT0039876,47,Late Aircraft Arrival
DLY004947,FLT0039880,191,Mechanical Issue
DLY004948,FLT0039887,128,Air Traffic Control
DLY004949,FLT0039893,133,Security
DLY004950,FLT0039906,48,Air Traffic Control
DLY004951,FLT0039913,150,Weather
DLY004952,FLT0039919,239,Late Aircraft Arrival
DLY004953,FLT0039929,110,Airport Operations
DLY004954,FLT0039930,149,Weather
DLY004955,FLT0039934,74,Airport Operations
DLY004956,FLT0039936,157,Security
DLY004957,FLT0039939,34,Weather
DLY004958,FLT0039943,54,Airport Operations
DLY004959,FLT0039958,215,Mechanical Issue
DLY004960,FLT0039959,31,Crew Availability
DLY004961,FLT0039988,83,Airport Operations
DLY004962,FLT0039995,69,Crew Availability
DLY004963,FLT0040007,156,Security
DLY004964,FLT0040012,170,Weather
DLY004965,FLT0040014,150,Air Traffic Control
DLY004966,FLT0040016,74,Airport Operations
DLY004967,FLT0040030,227,Weather
DLY004968,FLT0040032,164,Air Traffic Control
DLY004969,FLT0040034,67,Air Traffic Control
DLY004970,FLT0040035,142,Airport Operations
DLY004971,FLT0040039,210,Weather
DLY004972,FLT0040043,84,Airport Operations
DLY004973,FLT0040048,227,Airport Operations
DLY004974,FLT0040053,50,Security
DLY004975,FLT0040068,71,Mechanical Issue
DLY004976,FLT0040084,42,Weather
DLY004977,FLT0040086,139,Mechanical Issue
DLY004978,FLT0040115,173,Airport Operations
DLY004979,FLT0040120,139,Crew Availability
DLY004980,FLT0040153,25,Crew Availability
DLY004981,FLT0040169,193,Mechanical Issue
DLY004982,FLT0040170,80,Mechanical Issue
DLY004983,FLT0040186,23,Crew Availability
DLY004984,FLT0040191,88,Security
DLY004985,FLT0040196,131,Mechanical Issue
DLY004986,FLT0040200,64,Crew Availability
DLY004987,FLT0040214,218,Air Traffic Control
DLY004988,FLT0040227,116,Crew Availability
DLY004989,FLT0040235,89,Weather
DLY004990,FLT0040244,58,Late Aircraft Arrival
DLY004991,FLT0040247,223,Weather
DLY004992,FLT0040251,223,Security
DLY004993,FLT0040252,136,Weather
DLY004994,FLT0040255,187,Mechanical Issue
DLY004995,FLT0040261,150,Crew Availability
DLY004996,FLT0040263,40,Mechanical Issue
DLY004997,FLT0040273,171,Mechanical Issue
DLY004998,FLT0040293,38,Late Aircraft Arrival
DLY004999,FLT0040299,44,Mechanical Issue
DLY005000,FLT0040304,132,Weather
DLY005001,FLT0040320,119,Weather
DLY005002,FLT0040321,117,Crew Availability
DLY005003,FLT0040326,74,Airport Operations
DLY005004,FLT0040332,23,Weather
DLY005005,FLT0040335,185,Weather
DLY005006,FLT0040336,166,Weather
DLY005007,FLT0040341,53,Weather
DLY005008,FLT0040342,119,Security
DLY005009,FLT0040345,135,Late Aircraft Arrival
DLY005010,FLT0040361,114,Late Aircraft Arrival
DLY005011,FLT0040363,144,Airport Operations
DLY005012,FLT0040368,158,Security
DLY005013,FLT0040396,236,Late Aircraft Arrival
DLY005014,FLT0040405,175,Air Traffic Control
DLY005015,FLT0040410,105,Late Aircraft Arrival
DLY005016,FLT0040428,46,Airport Operations
DLY005017,FLT0040430,15,Late Aircraft Arrival
DLY005018,FLT0040451,26,Late Aircraft Arrival
DLY005019,FLT0040457,94,Late Aircraft Arrival
DLY005020,FLT0040478,80,Mechanical Issue
DLY005021,FLT0040480,153,Airport Operations
DLY005022,FLT0040483,165,Mechanical Issue
DLY005023,FLT0040487,173,Mechanical Issue
DLY005024,FLT0040490,97,Security
DLY005025,FLT0040523,234,Security
DLY005026,FLT0040526,183,Air Traffic Control
DLY005027,FLT0040532,216,Late Aircraft Arrival
DLY005028,FLT0040535,191,Weather
DLY005029,FLT0040536,155,Airport Operations
DLY005030,FLT0040544,108,Security
DLY005031,FLT0040550,153,Crew Availability
DLY005032,FLT0040590,48,Crew Availability
DLY005033,FLT0040598,19,Security
DLY005034,FLT0040601,140,Late Aircraft Arrival
DLY005035,FLT0040604,34,Air Traffic Control
DLY005036,FLT0040606,23,Airport Operations
DLY005037,FLT0040618,235,Airport Operations
DLY005038,FLT0040634,40,Late Aircraft Arrival
DLY005039,FLT0040643,207,Air Traffic Control
DLY005040,FLT0040651,57,Weather
DLY005041,FLT0040665,158,Late Aircraft Arrival
DLY005042,FLT0040670,90,Weather
DLY005043,FLT0040689,73,Weather
DLY005044,FLT0040693,62,Weather
DLY005045,FLT0040695,77,Security
DLY005046,FLT0040699,122,Weather
DLY005047,FLT0040700,74,Weather
DLY005048,FLT0040736,105,Weather
DLY005049,FLT0040751,124,Crew Availability
DLY005050,FLT0040761,132,Weather
DLY005051,FLT0040779,118,Crew Availability
DLY005052,FLT0040799,106,Mechanical Issue
DLY005053,FLT0040804,114,Mechanical Issue
DLY005054,FLT0040809,163,Airport Operations
DLY005055,FLT0040815,191,Airport Operations
DLY005056,FLT0040831,128,Air Traffic Control
DLY005057,FLT0040845,96,Late Aircraft Arrival
DLY005058,FLT0040855,161,Crew Availability
DLY005059,FLT0040858,172,Security
DLY005060,FLT0040860,235,Weather
DLY005061,FLT0040868,201,Late Aircraft Arrival
DLY005062,FLT0040869,72,Air Traffic Control
DLY005063,FLT0040877,166,Crew Availability
DLY005064,FLT0040887,186,Mechanical Issue
DLY005065,FLT0040899,149,Late Aircraft Arrival
DLY005066,FLT0040903,173,Crew Availability
DLY005067,FLT0040907,175,Weather
DLY005068,FLT0040908,76,Air Traffic Control
DLY005069,FLT0040937,55,Crew Availability
DLY005070,FLT0040954,86,Security
DLY005071,FLT0040961,230,Security
DLY005072,FLT0040963,219,Air Traffic Control
DLY005073,FLT0040985,141,Airport Operations
DLY005074,FLT0041000,141,Air Traffic Control
DLY005075,FLT0041001,21,Airport Operations
DLY005076,FLT0041002,173,Air Traffic Control
DLY005077,FLT0041003,185,Weather
DLY005078,FLT0041012,229,Late Aircraft Arrival
DLY005079,FLT0041035,149,Mechanical Issue
DLY005080,FLT0041040,110,Late Aircraft Arrival
DLY005081,FLT0041044,120,Security
DLY005082,FLT0041048,110,Weather
DLY005083,FLT0041051,68,Security
DLY005084,FLT0041052,153,Security
DLY005085,FLT0041053,238,Security
DLY005086,FLT0041058,211,Security
DLY005087,FLT0041061,210,Security
DLY005088,FLT0041063,102,Late Aircraft Arrival
DLY005089,FLT0041064,115,Security
DLY005090,FLT0041067,195,Mechanical Issue
DLY005091,FLT0041075,84,Air Traffic Control
DLY005092,FLT0041089,32,Security
DLY005093,FLT0041097,53,Crew Availability
DLY005094,FLT0041101,143,Weather
DLY005095,FLT0041102,106,Mechanical Issue
DLY005096,FLT0041109,75,Airport Operations
DLY005097,FLT0041128,153,Crew Availability
DLY005098,FLT0041135,150,Weather
DLY005099,FLT0041149,231,Crew Availability
DLY005100,FLT0041153,113,Late Aircraft Arrival
DLY005101,FLT0041159,115,Mechanical Issue
DLY005102,FLT0041163,239,Security
DLY005103,FLT0041167,219,Crew Availability
DLY005104,FLT0041170,180,Airport Operations
DLY005105,FLT0041177,50,Airport Operations
DLY005106,FLT0041178,187,Airport Operations
DLY005107,FLT0041182,214,Security
DLY005108,FLT0041185,234,Airport Operations
DLY005109,FLT0041187,15,Air Traffic Control
DLY005110,FLT0041191,99,Airport Operations
DLY005111,FLT0041197,219,Airport Operations
DLY005112,FLT0041206,57,Mechanical Issue
DLY005113,FLT0041207,175,Airport Operations
DLY005114,FLT0041208,69,Crew Availability
DLY005115,FLT0041210,119,Mechanical Issue
DLY005116,FLT0041216,34,Late Aircraft Arrival
DLY005117,FLT0041224,111,Security
DLY005118,FLT0041225,142,Security
DLY005119,FLT0041229,90,Mechanical Issue
DLY005120,FLT0041256,97,Mechanical Issue
DLY005121,FLT0041264,217,Mechanical Issue
DLY005122,FLT0041265,73,Security
DLY005123,FLT0041293,113,Security
DLY005124,FLT0041297,237,Security
DLY005125,FLT0041303,46,Mechanical Issue
DLY005126,FLT0041307,62,Late Aircraft Arrival
DLY005127,FLT0041324,234,Crew Availability
DLY005128,FLT0041327,169,Security
DLY005129,FLT0041338,228,Weather
DLY005130,FLT0041351,234,Crew Availability
DLY005131,FLT0041364,42,Airport Operations
DLY005132,FLT0041368,105,Crew Availability
DLY005133,FLT0041391,190,Late Aircraft Arrival
DLY005134,FLT0041401,223,Security
DLY005135,FLT0041407,209,Mechanical Issue
DLY005136,FLT0041412,83,Crew Availability
DLY005137,FLT0041417,19,Weather
DLY005138,FLT0041420,157,Crew Availability
DLY005139,FLT0041428,198,Air Traffic Control
DLY005140,FLT0041435,122,Security
DLY005141,FLT0041439,45,Crew Availability
DLY005142,FLT0041452,182,Security
DLY005143,FLT0041453,94,Airport Operations
DLY005144,FLT0041456,78,Security
DLY005145,FLT0041460,219,Airport Operations
DLY005146,FLT0041462,220,Air Traffic Control
DLY005147,FLT0041467,58,Weather
DLY005148,FLT0041480,104,Crew Availability
DLY005149,FLT0041488,68,Weather
DLY005150,FLT0041490,28,Late Aircraft Arrival
DLY005151,FLT0041494,62,Air Traffic Control
DLY005152,FLT0041516,182,Mechanical Issue
DLY005153,FLT0041522,69,Late Aircraft Arrival
DLY005154,FLT0041523,54,Weather
DLY005155,FLT0041528,132,Mechanical Issue
DLY005156,FLT0041542,203,Late Aircraft Arrival
DLY005157,FLT0041549,53,Airport Operations
DLY005158,FLT0041550,223,Security
DLY005159,FLT0041555,76,Airport Operations
DLY005160,FLT0041573,32,Air Traffic Control
DLY005161,FLT0041585,53,Weather
DLY005162,FLT0041586,217,Airport Operations
DLY005163,FLT0041611,55,Crew Availability
DLY005164,FLT0041612,35,Weather
DLY005165,FLT0041618,40,Weather
DLY005166,FLT0041626,207,Weather
DLY005167,FLT0041643,156,Airport Operations
DLY005168,FLT0041675,191,Mechanical Issue
DLY005169,FLT0041678,193,Weather
DLY005170,FLT0041714,200,Late Aircraft Arrival
DLY005171,FLT0041740,159,Mechanical Issue
DLY005172,FLT0041761,140,Security
DLY005173,FLT0041764,210,Security
DLY005174,FLT0041768,176,Air Traffic Control
DLY005175,FLT0041773,91,Crew Availability
DLY005176,FLT0041777,223,Security
DLY005177,FLT0041780,42,Security
DLY005178,FLT0041782,99,Mechanical Issue
DLY005179,FLT0041796,199,Mechanical Issue
DLY005180,FLT0041806,131,Late Aircraft Arrival
DLY005181,FLT0041809,100,Mechanical Issue
DLY005182,FLT0041815,185,Late Aircraft Arrival
DLY005183,FLT0041818,40,Air Traffic Control
DLY005184,FLT0041822,32,Late Aircraft Arrival
DLY005185,FLT0041827,187,Airport Operations
DLY005186,FLT0041828,15,Airport Operations
DLY005187,FLT0041836,235,Air Traffic Control
DLY005188,FLT0041839,77,Weather
DLY005189,FLT0041841,239,Late Aircraft Arrival
DLY005190,FLT0041850,206,Airport Operations
DLY005191,FLT0041852,138,Airport Operations
DLY005192,FLT0041863,187,Airport Operations
DLY005193,FLT0041875,86,Mechanical Issue
DLY005194,FLT0041896,111,Airport Operations
DLY005195,FLT0041897,130,Late Aircraft Arrival
DLY005196,FLT0041900,35,Air Traffic Control
DLY005197,FLT0041908,42,Security
DLY005198,FLT0041911,209,Weather
DLY005199,FLT0041924,19,Security
DLY005200,FLT0041926,119,Weather
DLY005201,FLT0041931,107,Airport Operations
DLY005202,FLT0041933,85,Crew Availability
DLY005203,FLT0041940,70,Late Aircraft Arrival
DLY005204,FLT0041943,131,Air Traffic Control
DLY005205,FLT0041944,125,Mechanical Issue
DLY005206,FLT0041955,31,Late Aircraft Arrival
DLY005207,FLT0041956,215,Security
DLY005208,FLT0041961,143,Air Traffic Control
DLY005209,FLT0041972,168,Mechanical Issue
DLY005210,FLT0041984,17,Airport Operations
DLY005211,FLT0042003,95,Air Traffic Control
DLY005212,FLT0042007,188,Airport Operations
DLY005213,FLT0042028,73,Late Aircraft Arrival
DLY005214,FLT0042037,216,Crew Availability
DLY005215,FLT0042040,33,Mechanical Issue
DLY005216,FLT0042043,135,Late Aircraft Arrival
DLY005217,FLT0042045,129,Air Traffic Control
DLY005218,FLT0042049,190,Mechanical Issue
DLY005219,FLT0042054,59,Crew Availability
DLY005220,FLT0042067,44,Security
DLY005221,FLT0042110,59,Late Aircraft Arrival
DLY005222,FLT0042121,21,Weather
DLY005223,FLT0042135,174,Crew Availability
DLY005224,FLT0042168,79,Air Traffic Control
DLY005225,FLT0042170,205,Security
DLY005226,FLT0042172,174,Airport Operations
DLY005227,FLT0042190,36,Weather
DLY005228,FLT0042191,224,Crew Availability
DLY005229,FLT0042193,35,Security
DLY005230,FLT0042194,155,Security
DLY005231,FLT0042199,97,Weather
DLY005232,FLT0042206,144,Mechanical Issue
DLY005233,FLT0042208,60,Air Traffic Control
DLY005234,FLT0042220,122,Security
DLY005235,FLT0042222,138,Mechanical Issue
DLY005236,FLT0042230,50,Weather
DLY005237,FLT0042233,108,Crew Availability
DLY005238,FLT0042235,169,Security
DLY005239,FLT0042237,19,Air Traffic Control
DLY005240,FLT0042248,34,Air Traffic Control
DLY005241,FLT0042258,231,Security
DLY005242,FLT0042282,83,Late Aircraft Arrival
DLY005243,FLT0042295,200,Airport Operations
DLY005244,FLT0042305,206,Crew Availability
DLY005245,FLT0042310,191,Security
DLY005246,FLT0042321,145,Security
DLY005247,FLT0042330,184,Crew Availability
DLY005248,FLT0042336,134,Airport Operations
DLY005249,FLT0042342,30,Mechanical Issue
DLY005250,FLT0042349,92,Air Traffic Control
DLY005251,FLT0042353,112,Late Aircraft Arrival
DLY005252,FLT0042355,118,Airport Operations
DLY005253,FLT0042380,190,Mechanical Issue
DLY005254,FLT0042391,68,Mechanical Issue
DLY005255,FLT0042392,94,Weather
DLY005256,FLT0042395,149,Weather
DLY005257,FLT0042400,217,Weather
DLY005258,FLT0042403,152,Air Traffic Control
DLY005259,FLT0042404,25,Crew Availability
DLY005260,FLT0042412,99,Late Aircraft Arrival
DLY005261,FLT0042416,236,Crew Availability
DLY005262,FLT0042435,108,Late Aircraft Arrival
DLY005263,FLT0042437,116,Security
DLY005264,FLT0042447,239,Weather
DLY005265,FLT0042451,205,Air Traffic Control
DLY005266,FLT0042453,219,Weather
DLY005267,FLT0042459,18,Mechanical Issue
DLY005268,FLT0042465,100,Mechanical Issue
DLY005269,FLT0042470,110,Late Aircraft Arrival
DLY005270,FLT0042471,94,Airport Operations
DLY005271,FLT0042479,38,Weather
DLY005272,FLT0042487,209,Air Traffic Control
DLY005273,FLT0042540,159,Mechanical Issue
DLY005274,FLT0042542,47,Crew Availability
DLY005275,FLT0042543,173,Security
DLY005276,FLT0042550,198,Weather
DLY005277,FLT0042553,227,Airport Operations
DLY005278,FLT0042572,71,Crew Availability
DLY005279,FLT0042578,21,Late Aircraft Arrival
DLY005280,FLT0042583,187,Crew Availability
DLY005281,FLT0042584,186,Airport Operations
DLY005282,FLT0042590,220,Late Aircraft Arrival
DLY005283,FLT0042591,200,Crew Availability
DLY005284,FLT0042667,54,Weather
DLY005285,FLT0042675,198,Security
DLY005286,FLT0042677,175,Late Aircraft Arrival
DLY005287,FLT0042685,69,Weather
DLY005288,FLT0042692,139,Weather
DLY005289,FLT0042703,195,Security
DLY005290,FLT0042711,210,Weather
DLY005291,FLT0042715,178,Late Aircraft Arrival
DLY005292,FLT0042719,130,Airport Operations
DLY005293,FLT0042734,55,Air Traffic Control
DLY005294,FLT0042738,205,Mechanical Issue
DLY005295,FLT0042755,150,Mechanical Issue
DLY005296,FLT0042760,85,Crew Availability
DLY005297,FLT0042768,220,Airport Operations
DLY005298,FLT0042776,108,Late Aircraft Arrival
DLY005299,FLT0042795,202,Mechanical Issue
DLY005300,FLT0042797,39,Mechanical Issue
DLY005301,FLT0042814,42,Mechanical Issue
DLY005302,FLT0042822,190,Mechanical Issue
DLY005303,FLT0042828,158,Airport Operations
DLY005304,FLT0042835,209,Mechanical Issue
DLY005305,FLT0042847,120,Weather
DLY005306,FLT0042850,234,Security
DLY005307,FLT0042862,219,Crew Availability
DLY005308,FLT0042868,49,Airport Operations
DLY005309,FLT0042878,55,Crew Availability
DLY005310,FLT0042880,61,Security
DLY005311,FLT0042882,84,Crew Availability
DLY005312,FLT0042887,220,Weather
DLY005313,FLT0042889,139,Weather
DLY005314,FLT0042899,134,Air Traffic Control
DLY005315,FLT0042911,230,Late Aircraft Arrival
DLY005316,FLT0042916,62,Airport Operations
DLY005317,FLT0042921,153,Crew Availability
DLY005318,FLT0042923,183,Security
DLY005319,FLT0042925,183,Late Aircraft Arrival
DLY005320,FLT0042938,153,Air Traffic Control
DLY005321,FLT0042956,36,Weather
DLY005322,FLT0042957,47,Crew Availability
DLY005323,FLT0042962,166,Late Aircraft Arrival
DLY005324,FLT0042968,120,Crew Availability
DLY005325,FLT0042969,123,Air Traffic Control
DLY005326,FLT0042971,170,Security
DLY005327,FLT0042974,40,Weather
DLY005328,FLT0042993,154,Crew Availability
DLY005329,FLT0042997,178,Crew Availability
DLY005330,FLT0042999,61,Security
DLY005331,FLT0043004,128,Air Traffic Control
DLY005332,FLT0043005,219,Security
DLY005333,FLT0043008,218,Late Aircraft Arrival
DLY005334,FLT0043014,60,Security
DLY005335,FLT0043026,205,Weather
DLY005336,FLT0043034,229,Weather
DLY005337,FLT0043046,100,Late Aircraft Arrival
DLY005338,FLT0043048,91,Airport Operations
DLY005339,FLT0043071,187,Security
DLY005340,FLT0043078,150,Crew Availability
DLY005341,FLT0043083,49,Crew Availability
DLY005342,FLT0043084,153,Air Traffic Control
DLY005343,FLT0043086,90,Airport Operations
DLY005344,FLT0043096,102,Weather
DLY005345,FLT0043099,211,Airport Operations
DLY005346,FLT0043100,207,Security
DLY005347,FLT0043101,31,Late Aircraft Arrival
DLY005348,FLT0043103,148,Late Aircraft Arrival
DLY005349,FLT0043110,31,Airport Operations
DLY005350,FLT0043116,62,Crew Availability
DLY005351,FLT0043117,220,Late Aircraft Arrival
DLY005352,FLT0043135,185,Late Aircraft Arrival
DLY005353,FLT0043148,149,Late Aircraft Arrival
DLY005354,FLT0043150,85,Security
DLY005355,FLT0043168,53,Airport Operations
DLY005356,FLT0043170,158,Air Traffic Control
DLY005357,FLT0043171,41,Weather
DLY005358,FLT0043172,215,Security
DLY005359,FLT0043173,199,Mechanical Issue
DLY005360,FLT0043176,123,Mechanical Issue
DLY005361,FLT0043178,212,Weather
DLY005362,FLT0043188,55,Air Traffic Control
DLY005363,FLT0043198,183,Late Aircraft Arrival
DLY005364,FLT0043199,95,Airport Operations
DLY005365,FLT0043208,123,Air Traffic Control
DLY005366,FLT0043209,19,Air Traffic Control
DLY005367,FLT0043226,134,Weather
DLY005368,FLT0043233,37,Mechanical Issue
DLY005369,FLT0043237,228,Late Aircraft Arrival
DLY005370,FLT0043239,155,Crew Availability
DLY005371,FLT0043244,151,Air Traffic Control
DLY005372,FLT0043252,191,Mechanical Issue
DLY005373,FLT0043259,147,Airport Operations
DLY005374,FLT0043267,28,Weather
DLY005375,FLT0043269,174,Air Traffic Control
DLY005376,FLT0043285,40,Air Traffic Control
DLY005377,FLT0043288,52,Airport Operations
DLY005378,FLT0043289,177,Weather
DLY005379,FLT0043298,118,Crew Availability
DLY005380,FLT0043305,178,Crew Availability
DLY005381,FLT0043307,49,Weather
DLY005382,FLT0043311,16,Airport Operations
DLY005383,FLT0043314,236,Late Aircraft Arrival
DLY005384,FLT0043315,170,Crew Availability
DLY005385,FLT0043318,56,Weather
DLY005386,FLT0043335,219,Mechanical Issue
DLY005387,FLT0043343,17,Airport Operations
DLY005388,FLT0043361,204,Late Aircraft Arrival
DLY005389,FLT0043375,169,Weather
DLY005390,FLT0043389,34,Airport Operations
DLY005391,FLT0043391,61,Security
DLY005392,FLT0043399,189,Weather
DLY005393,FLT0043409,189,Weather
DLY005394,FLT0043415,166,Late Aircraft Arrival
DLY005395,FLT0043427,225,Mechanical Issue
DLY005396,FLT0043432,239,Airport Operations
DLY005397,FLT0043437,207,Air Traffic Control
DLY005398,FLT0043451,35,Late Aircraft Arrival
DLY005399,FLT0043455,230,Mechanical Issue
DLY005400,FLT0043475,168,Mechanical Issue
DLY005401,FLT0043478,125,Airport Operations
DLY005402,FLT0043479,217,Security
DLY005403,FLT0043481,125,Late Aircraft Arrival
DLY005404,FLT0043486,168,Air Traffic Control
DLY005405,FLT0043487,169,Airport Operations
DLY005406,FLT0043506,200,Weather
DLY005407,FLT0043510,37,Crew Availability
DLY005408,FLT0043538,84,Crew Availability
DLY005409,FLT0043540,108,Security
DLY005410,FLT0043541,126,Weather
DLY005411,FLT0043543,167,Air Traffic Control
DLY005412,FLT0043549,98,Late Aircraft Arrival
DLY005413,FLT0043553,90,Mechanical Issue
DLY005414,FLT0043563,161,Security
DLY005415,FLT0043567,220,Weather
DLY005416,FLT0043569,64,Security
DLY005417,FLT0043572,67,Crew Availability
DLY005418,FLT0043576,127,Mechanical Issue
DLY005419,FLT0043580,105,Weather
DLY005420,FLT0043597,124,Crew Availability
DLY005421,FLT0043602,55,Late Aircraft Arrival
DLY005422,FLT0043611,15,Air Traffic Control
DLY005423,FLT0043627,230,Weather
DLY005424,FLT0043634,141,Mechanical Issue
DLY005425,FLT0043641,55,Late Aircraft Arrival
DLY005426,FLT0043666,69,Weather
DLY005427,FLT0043674,215,Mechanical Issue
DLY005428,FLT0043681,168,Mechanical Issue
DLY005429,FLT0043683,143,Crew Availability
DLY005430,FLT0043687,162,Air Traffic Control
DLY005431,FLT0043697,142,Mechanical Issue
DLY005432,FLT0043708,95,Air Traffic Control
DLY005433,FLT0043724,45,Airport Operations
DLY005434,FLT0043729,199,Security
DLY005435,FLT0043743,70,Late Aircraft Arrival
DLY005436,FLT0043746,21,Crew Availability
DLY005437,FLT0043765,223,Late Aircraft Arrival
DLY005438,FLT0043772,232,Security
DLY005439,FLT0043775,219,Airport Operations
DLY005440,FLT0043776,238,Mechanical Issue
DLY005441,FLT0043777,150,Airport Operations
DLY005442,FLT0043798,197,Mechanical Issue
DLY005443,FLT0043808,162,Mechanical Issue
DLY005444,FLT0043814,138,Late Aircraft Arrival
DLY005445,FLT0043819,148,Crew Availability
DLY005446,FLT0043823,24,Airport Operations
DLY005447,FLT0043829,113,Mechanical Issue
DLY005448,FLT0043844,209,Late Aircraft Arrival
DLY005449,FLT0043847,51,Crew Availability
DLY005450,FLT0043858,196,Airport Operations
DLY005451,FLT0043882,65,Late Aircraft Arrival
DLY005452,FLT0043884,89,Air Traffic Control
DLY005453,FLT0043890,68,Late Aircraft Arrival
DLY005454,FLT0043901,17,Late Aircraft Arrival
DLY005455,FLT0043910,144,Airport Operations
DLY005456,FLT0043913,226,Security
DLY005457,FLT0043919,142,Crew Availability
DLY005458,FLT0043930,38,Late Aircraft Arrival
DLY005459,FLT0043933,225,Airport Operations
DLY005460,FLT0043936,152,Weather
DLY005461,FLT0043938,24,Late Aircraft Arrival
DLY005462,FLT0043942,233,Crew Availability
DLY005463,FLT0043945,226,Air Traffic Control
DLY005464,FLT0043955,195,Airport Operations
DLY005465,FLT0043956,236,Weather
DLY005466,FLT0043963,57,Mechanical Issue
DLY005467,FLT0043971,72,Mechanical Issue
DLY005468,FLT0043977,27,Crew Availability
DLY005469,FLT0043978,26,Security
DLY005470,FLT0044000,56,Mechanical Issue
DLY005471,FLT0044027,74,Mechanical Issue
DLY005472,FLT0044037,105,Security
DLY005473,FLT0044038,145,Airport Operations
DLY005474,FLT0044051,71,Airport Operations
DLY005475,FLT0044063,58,Weather
DLY005476,FLT0044070,137,Late Aircraft Arrival
DLY005477,FLT0044087,187,Air Traffic Control
DLY005478,FLT0044092,26,Weather
DLY005479,FLT0044093,117,Air Traffic Control
DLY005480,FLT0044095,153,Air Traffic Control
DLY005481,FLT0044098,195,Security
DLY005482,FLT0044105,130,Mechanical Issue
DLY005483,FLT0044106,171,Mechanical Issue
DLY005484,FLT0044108,41,Late Aircraft Arrival
DLY005485,FLT0044114,198,Mechanical Issue
DLY005486,FLT0044115,22,Airport Operations
DLY005487,FLT0044122,110,Crew Availability
DLY005488,FLT0044128,79,Airport Operations
DLY005489,FLT0044132,221,Weather
DLY005490,FLT0044137,197,Late Aircraft Arrival
DLY005491,FLT0044140,68,Air Traffic Control
DLY005492,FLT0044144,225,Air Traffic Control
DLY005493,FLT0044156,52,Weather
DLY005494,FLT0044189,145,Crew Availability
DLY005495,FLT0044199,160,Weather
DLY005496,FLT0044204,63,Late Aircraft Arrival
DLY005497,FLT0044205,175,Late Aircraft Arrival
DLY005498,FLT0044244,239,Crew Availability
DLY005499,FLT0044248,217,Mechanical Issue
DLY005500,FLT0044281,81,Mechanical Issue
DLY005501,FLT0044282,78,Air Traffic Control
DLY005502,FLT0044289,211,Air Traffic Control
DLY005503,FLT0044299,238,Security
DLY005504,FLT0044300,100,Crew Availability
DLY005505,FLT0044307,232,Mechanical Issue
DLY005506,FLT0044315,107,Mechanical Issue
DLY005507,FLT0044323,62,Air Traffic Control
DLY005508,FLT0044330,106,Airport Operations
DLY005509,FLT0044351,15,Security
DLY005510,FLT0044356,207,Mechanical Issue
DLY005511,FLT0044357,217,Airport Operations
DLY005512,FLT0044359,85,Weather
DLY005513,FLT0044367,112,Mechanical Issue
DLY005514,FLT0044368,192,Air Traffic Control
DLY005515,FLT0044373,229,Security
DLY005516,FLT0044380,27,Mechanical Issue
DLY005517,FLT0044424,64,Security
DLY005518,FLT0044437,45,Airport Operations
DLY005519,FLT0044440,66,Airport Operations
DLY005520,FLT0044443,139,Security
DLY005521,FLT0044454,60,Air Traffic Control
DLY005522,FLT0044458,154,Crew Availability
DLY005523,FLT0044465,24,Airport Operations
DLY005524,FLT0044474,16,Crew Availability
DLY005525,FLT0044481,203,Mechanical Issue
DLY005526,FLT0044484,33,Airport Operations
DLY005527,FLT0044492,108,Late Aircraft Arrival
DLY005528,FLT0044496,82,Air Traffic Control
DLY005529,FLT0044498,223,Mechanical Issue
DLY005530,FLT0044501,216,Air Traffic Control
DLY005531,FLT0044510,129,Airport Operations
DLY005532,FLT0044525,152,Late Aircraft Arrival
DLY005533,FLT0044535,95,Security
DLY005534,FLT0044544,19,Airport Operations
DLY005535,FLT0044547,157,Mechanical Issue
DLY005536,FLT0044550,48,Weather
DLY005537,FLT0044572,20,Air Traffic Control
DLY005538,FLT0044587,51,Weather
DLY005539,FLT0044590,77,Air Traffic Control
DLY005540,FLT0044597,150,Security
DLY005541,FLT0044599,127,Mechanical Issue
DLY005542,FLT0044603,100,Mechanical Issue
DLY005543,FLT0044604,223,Mechanical Issue
DLY005544,FLT0044618,141,Mechanical Issue
DLY005545,FLT0044623,73,Late Aircraft Arrival
DLY005546,FLT0044633,187,Security
DLY005547,FLT0044635,207,Security
DLY005548,FLT0044648,109,Airport Operations
DLY005549,FLT0044661,193,Crew Availability
DLY005550,FLT0044672,198,Crew Availability
DLY005551,FLT0044673,229,Late Aircraft Arrival
DLY005552,FLT0044674,104,Late Aircraft Arrival
DLY005553,FLT0044679,209,Air Traffic Control
DLY005554,FLT0044684,197,Air Traffic Control
DLY005555,FLT0044687,89,Mechanical Issue
DLY005556,FLT0044692,229,Crew Availability
DLY005557,FLT0044695,225,Air Traffic Control
DLY005558,FLT0044706,34,Air Traffic Control
DLY005559,FLT0044711,131,Late Aircraft Arrival
DLY005560,FLT0044712,78,Mechanical Issue
DLY005561,FLT0044719,16,Crew Availability
DLY005562,FLT0044722,83,Late Aircraft Arrival
DLY005563,FLT0044725,168,Weather
DLY005564,FLT0044736,239,Weather
DLY005565,FLT0044743,174,Crew Availability
DLY005566,FLT0044747,179,Security
DLY005567,FLT0044752,123,Crew Availability
DLY005568,FLT0044755,136,Security
DLY005569,FLT0044756,79,Airport Operations
DLY005570,FLT0044762,169,Air Traffic Control
DLY005571,FLT0044768,59,Security
DLY005572,FLT0044773,48,Airport Operations
DLY005573,FLT0044780,137,Weather
DLY005574,FLT0044783,46,Airport Operations
DLY005575,FLT0044794,234,Crew Availability
DLY005576,FLT0044796,170,Airport Operations
DLY005577,FLT0044797,142,Security
DLY005578,FLT0044806,75,Late Aircraft Arrival
DLY005579,FLT0044814,188,Weather
DLY005580,FLT0044822,163,Airport Operations
DLY005581,FLT0044832,189,Weather
DLY005582,FLT0044842,170,Late Aircraft Arrival
DLY005583,FLT0044852,115,Mechanical Issue
DLY005584,FLT0044871,62,Mechanical Issue
DLY005585,FLT0044873,47,Security
DLY005586,FLT0044875,174,Weather
DLY005587,FLT0044883,75,Airport Operations
DLY005588,FLT0044886,77,Weather
DLY005589,FLT0044901,147,Mechanical Issue
DLY005590,FLT0044906,218,Security
DLY005591,FLT0044911,127,Security
DLY005592,FLT0044914,130,Late Aircraft Arrival
DLY005593,FLT0044923,223,Air Traffic Control
DLY005594,FLT0044926,113,Weather
DLY005595,FLT0044941,139,Air Traffic Control
DLY005596,FLT0044943,128,Airport Operations
DLY005597,FLT0044967,56,Air Traffic Control
DLY005598,FLT0044976,188,Mechanical Issue
DLY005599,FLT0044988,223,Weather
DLY005600,FLT0044992,147,Crew Availability
DLY005601,FLT0044995,30,Mechanical Issue
DLY005602,FLT0045006,162,Mechanical Issue
DLY005603,FLT0045008,190,Security
DLY005604,FLT0045025,223,Weather
DLY005605,FLT0045041,73,Weather
DLY005606,FLT0045046,144,Air Traffic Control
DLY005607,FLT0045047,27,Air Traffic Control
DLY005608,FLT0045048,171,Late Aircraft Arrival
DLY005609,FLT0045049,202,Airport Operations
DLY005610,FLT0045051,75,Crew Availability
DLY005611,FLT0045054,110,Mechanical Issue
DLY005612,FLT0045061,60,Airport Operations
DLY005613,FLT0045070,122,Air Traffic Control
DLY005614,FLT0045074,233,Weather
DLY005615,FLT0045080,179,Airport Operations
DLY005616,FLT0045081,42,Crew Availability
DLY005617,FLT0045086,174,Crew Availability
DLY005618,FLT0045091,192,Weather
DLY005619,FLT0045094,161,Air Traffic Control
DLY005620,FLT0045100,187,Airport Operations
DLY005621,FLT0045122,33,Air Traffic Control
DLY005622,FLT0045126,87,Crew Availability
DLY005623,FLT0045140,125,Crew Availability
DLY005624,FLT0045141,123,Security
DLY005625,FLT0045147,233,Late Aircraft Arrival
DLY005626,FLT0045167,188,Air Traffic Control
DLY005627,FLT0045192,192,Late Aircraft Arrival
DLY005628,FLT0045206,102,Mechanical Issue
DLY005629,FLT0045210,168,Mechanical Issue
DLY005630,FLT0045211,180,Crew Availability
DLY005631,FLT0045217,232,Air Traffic Control
DLY005632,FLT0045225,157,Crew Availability
DLY005633,FLT0045226,30,Late Aircraft Arrival
DLY005634,FLT0045228,174,Air Traffic Control
DLY005635,FLT0045231,29,Weather
DLY005636,FLT0045234,78,Airport Operations
DLY005637,FLT0045246,175,Airport Operations
DLY005638,FLT0045257,144,Late Aircraft Arrival
DLY005639,FLT0045259,131,Late Aircraft Arrival
DLY005640,FLT0045266,33,Late Aircraft Arrival
DLY005641,FLT0045267,174,Crew Availability
DLY005642,FLT0045274,77,Crew Availability
DLY005643,FLT0045302,220,Weather
DLY005644,FLT0045312,40,Weather
DLY005645,FLT0045319,80,Air Traffic Control
DLY005646,FLT0045324,49,Airport Operations
DLY005647,FLT0045328,34,Weather
DLY005648,FLT0045331,76,Crew Availability
DLY005649,FLT0045335,25,Weather
DLY005650,FLT0045366,221,Security
DLY005651,FLT0045367,165,Weather
DLY005652,FLT0045378,175,Crew Availability
DLY005653,FLT0045385,51,Airport Operations
DLY005654,FLT0045386,120,Late Aircraft Arrival
DLY005655,FLT0045389,27,Security
DLY005656,FLT0045390,76,Weather
DLY005657,FLT0045392,123,Weather
DLY005658,FLT0045401,90,Late Aircraft Arrival
DLY005659,FLT0045407,145,Crew Availability
DLY005660,FLT0045423,25,Security
DLY005661,FLT0045432,186,Security
DLY005662,FLT0045433,28,Crew Availability
DLY005663,FLT0045450,108,Airport Operations
DLY005664,FLT0045452,143,Airport Operations
DLY005665,FLT0045463,147,Late Aircraft Arrival
DLY005666,FLT0045467,204,Airport Operations
DLY005667,FLT0045478,153,Late Aircraft Arrival
DLY005668,FLT0045481,70,Mechanical Issue
DLY005669,FLT0045488,117,Crew Availability
DLY005670,FLT0045491,113,Air Traffic Control
DLY005671,FLT0045513,129,Security
DLY005672,FLT0045524,86,Late Aircraft Arrival
DLY005673,FLT0045534,236,Crew Availability
DLY005674,FLT0045536,131,Airport Operations
DLY005675,FLT0045542,222,Late Aircraft Arrival
DLY005676,FLT0045543,77,Mechanical Issue
DLY005677,FLT0045554,29,Weather
DLY005678,FLT0045555,39,Weather
DLY005679,FLT0045557,199,Crew Availability
DLY005680,FLT0045569,139,Security
DLY005681,FLT0045574,219,Weather
DLY005682,FLT0045587,115,Airport Operations
DLY005683,FLT0045591,187,Weather
DLY005684,FLT0045592,223,Crew Availability
DLY005685,FLT0045600,154,Weather
DLY005686,FLT0045606,133,Late Aircraft Arrival
DLY005687,FLT0045618,172,Security
DLY005688,FLT0045620,230,Air Traffic Control
DLY005689,FLT0045626,161,Weather
DLY005690,FLT0045658,48,Mechanical Issue
DLY005691,FLT0045676,191,Air Traffic Control
DLY005692,FLT0045691,104,Late Aircraft Arrival
DLY005693,FLT0045705,171,Weather
DLY005694,FLT0045707,180,Airport Operations
DLY005695,FLT0045729,18,Mechanical Issue
DLY005696,FLT0045736,91,Security
DLY005697,FLT0045741,18,Late Aircraft Arrival
DLY005698,FLT0045747,69,Weather
DLY005699,FLT0045750,171,Late Aircraft Arrival
DLY005700,FLT0045752,111,Air Traffic Control
DLY005701,FLT0045763,16,Late Aircraft Arrival
DLY005702,FLT0045764,198,Air Traffic Control
DLY005703,FLT0045770,192,Weather
DLY005704,FLT0045773,98,Crew Availability
DLY005705,FLT0045784,113,Air Traffic Control
DLY005706,FLT0045792,107,Mechanical Issue
DLY005707,FLT0045795,224,Mechanical Issue
DLY005708,FLT0045798,173,Airport Operations
DLY005709,FLT0045802,72,Airport Operations
DLY005710,FLT0045807,143,Security
DLY005711,FLT0045814,19,Security
DLY005712,FLT0045826,126,Crew Availability
DLY005713,FLT0045831,124,Airport Operations
DLY005714,FLT0045840,175,Mechanical Issue
DLY005715,FLT0045843,37,Airport Operations
DLY005716,FLT0045861,214,Late Aircraft Arrival
DLY005717,FLT0045863,223,Air Traffic Control
DLY005718,FLT0045874,183,Mechanical Issue
DLY005719,FLT0045876,93,Crew Availability
DLY005720,FLT0045879,157,Weather
DLY005721,FLT0045880,88,Security
DLY005722,FLT0045887,63,Crew Availability
DLY005723,FLT0045913,141,Mechanical Issue
DLY005724,FLT0045918,61,Mechanical Issue
DLY005725,FLT0045919,200,Security
DLY005726,FLT0045920,65,Security
DLY005727,FLT0045962,46,Air Traffic Control
DLY005728,FLT0045969,129,Security
DLY005729,FLT0045991,164,Air Traffic Control
DLY005730,FLT0046000,161,Air Traffic Control
DLY005731,FLT0046001,163,Crew Availability
DLY005732,FLT0046021,173,Security
DLY005733,FLT0046024,58,Air Traffic Control
DLY005734,FLT0046029,179,Air Traffic Control
DLY005735,FLT0046037,145,Crew Availability
DLY005736,FLT0046038,60,Security
DLY005737,FLT0046054,72,Mechanical Issue
DLY005738,FLT0046064,68,Crew Availability
DLY005739,FLT0046069,170,Air Traffic Control
DLY005740,FLT0046071,21,Air Traffic Control
DLY005741,FLT0046088,30,Weather
DLY005742,FLT0046099,227,Airport Operations
DLY005743,FLT0046103,161,Airport Operations
DLY005744,FLT0046107,199,Crew Availability
DLY005745,FLT0046117,183,Weather
DLY005746,FLT0046123,192,Air Traffic Control
DLY005747,FLT0046124,189,Weather
DLY005748,FLT0046135,140,Late Aircraft Arrival
DLY005749,FLT0046139,129,Mechanical Issue
DLY005750,FLT0046143,49,Late Aircraft Arrival
DLY005751,FLT0046149,225,Security
DLY005752,FLT0046154,25,Weather
DLY005753,FLT0046156,73,Weather
DLY005754,FLT0046161,99,Air Traffic Control
DLY005755,FLT0046169,170,Air Traffic Control
DLY005756,FLT0046181,53,Air Traffic Control
DLY005757,FLT0046207,217,Crew Availability
DLY005758,FLT0046214,180,Security
DLY005759,FLT0046226,81,Crew Availability
DLY005760,FLT0046238,202,Security
DLY005761,FLT0046245,126,Air Traffic Control
DLY005762,FLT0046260,89,Airport Operations
DLY005763,FLT0046264,110,Crew Availability
DLY005764,FLT0046268,239,Weather
DLY005765,FLT0046287,86,Air Traffic Control
DLY005766,FLT0046295,91,Late Aircraft Arrival
DLY005767,FLT0046304,102,Weather
DLY005768,FLT0046307,22,Air Traffic Control
DLY005769,FLT0046323,58,Security
DLY005770,FLT0046325,102,Crew Availability
DLY005771,FLT0046329,185,Mechanical Issue
DLY005772,FLT0046340,132,Late Aircraft Arrival
DLY005773,FLT0046347,143,Late Aircraft Arrival
DLY005774,FLT0046348,182,Air Traffic Control
DLY005775,FLT0046376,27,Crew Availability
DLY005776,FLT0046380,122,Mechanical Issue
DLY005777,FLT0046386,134,Late Aircraft Arrival
DLY005778,FLT0046389,115,Late Aircraft Arrival
DLY005779,FLT0046390,226,Weather
DLY005780,FLT0046408,143,Late Aircraft Arrival
DLY005781,FLT0046411,136,Late Aircraft Arrival
DLY005782,FLT0046418,38,Crew Availability
DLY005783,FLT0046432,54,Crew Availability
DLY005784,FLT0046433,104,Security
DLY005785,FLT0046442,100,Air Traffic Control
DLY005786,FLT0046445,113,Air Traffic Control
DLY005787,FLT0046454,20,Security
DLY005788,FLT0046455,168,Mechanical Issue
DLY005789,FLT0046463,143,Crew Availability
DLY005790,FLT0046469,63,Airport Operations
DLY005791,FLT0046474,144,Late Aircraft Arrival
DLY005792,FLT0046479,59,Airport Operations
DLY005793,FLT0046480,117,Security
DLY005794,FLT0046486,219,Crew Availability
DLY005795,FLT0046487,165,Airport Operations
DLY005796,FLT0046506,86,Mechanical Issue
DLY005797,FLT0046517,64,Airport Operations
DLY005798,FLT0046518,42,Security
DLY005799,FLT0046530,141,Airport Operations
DLY005800,FLT0046534,164,Security
DLY005801,FLT0046543,123,Airport Operations
DLY005802,FLT0046544,49,Weather
DLY005803,FLT0046563,94,Mechanical Issue
DLY005804,FLT0046565,214,Weather
DLY005805,FLT0046581,159,Weather
DLY005806,FLT0046589,200,Airport Operations
DLY005807,FLT0046598,57,Weather
DLY005808,FLT0046605,109,Air Traffic Control
DLY005809,FLT0046618,125,Airport Operations
DLY005810,FLT0046628,156,Late Aircraft Arrival
DLY005811,FLT0046638,94,Mechanical Issue
DLY005812,FLT0046644,219,Late Aircraft Arrival
DLY005813,FLT0046661,226,Crew Availability
DLY005814,FLT0046664,193,Late Aircraft Arrival
DLY005815,FLT0046668,83,Crew Availability
DLY005816,FLT0046669,174,Mechanical Issue
DLY005817,FLT0046686,84,Late Aircraft Arrival
DLY005818,FLT0046688,111,Airport Operations
DLY005819,FLT0046696,126,Mechanical Issue
DLY005820,FLT0046700,206,Mechanical Issue
DLY005821,FLT0046706,47,Air Traffic Control
DLY005822,FLT0046715,118,Security
DLY005823,FLT0046720,202,Airport Operations
DLY005824,FLT0046722,44,Late Aircraft Arrival
DLY005825,FLT0046737,19,Crew Availability
DLY005826,FLT0046745,138,Airport Operations
DLY005827,FLT0046752,199,Airport Operations
DLY005828,FLT0046756,227,Weather
DLY005829,FLT0046763,165,Crew Availability
DLY005830,FLT0046765,103,Late Aircraft Arrival
DLY005831,FLT0046783,128,Security
DLY005832,FLT0046809,187,Airport Operations
DLY005833,FLT0046822,112,Airport Operations
DLY005834,FLT0046824,187,Late Aircraft Arrival
DLY005835,FLT0046844,212,Mechanical Issue
DLY005836,FLT0046857,128,Late Aircraft Arrival
DLY005837,FLT0046862,192,Crew Availability
DLY005838,FLT0046863,168,Weather
DLY005839,FLT0046883,168,Crew Availability
DLY005840,FLT0046884,40,Crew Availability
DLY005841,FLT0046893,157,Weather
DLY005842,FLT0046897,81,Airport Operations
DLY005843,FLT0046907,215,Air Traffic Control
DLY005844,FLT0046911,75,Crew Availability
DLY005845,FLT0046925,235,Mechanical Issue
DLY005846,FLT0046943,228,Security
DLY005847,FLT0046947,143,Crew Availability
DLY005848,FLT0046954,116,Air Traffic Control
DLY005849,FLT0046974,60,Air Traffic Control
DLY005850,FLT0046980,145,Airport Operations
DLY005851,FLT0046981,199,Airport Operations
DLY005852,FLT0046982,37,Weather
DLY005853,FLT0046983,34,Late Aircraft Arrival
DLY005854,FLT0046996,39,Air Traffic Control
DLY005855,FLT0047002,70,Mechanical Issue
DLY005856,FLT0047005,111,Weather
DLY005857,FLT0047006,166,Security
DLY005858,FLT0047007,126,Airport Operations
DLY005859,FLT0047011,90,Mechanical Issue
DLY005860,FLT0047018,122,Mechanical Issue
DLY005861,FLT0047021,68,Mechanical Issue
DLY005862,FLT0047022,230,Crew Availability
DLY005863,FLT0047043,104,Late Aircraft Arrival
DLY005864,FLT0047047,178,Late Aircraft Arrival
DLY005865,FLT0047052,125,Air Traffic Control
DLY005866,FLT0047054,226,Weather
DLY005867,FLT0047056,228,Air Traffic Control
DLY005868,FLT0047058,117,Late Aircraft Arrival
DLY005869,FLT0047067,132,Late Aircraft Arrival
DLY005870,FLT0047074,110,Mechanical Issue
DLY005871,FLT0047088,163,Security
DLY005872,FLT0047091,17,Airport Operations
DLY005873,FLT0047100,183,Late Aircraft Arrival
DLY005874,FLT0047113,123,Weather
DLY005875,FLT0047123,161,Security
DLY005876,FLT0047127,44,Mechanical Issue
DLY005877,FLT0047146,149,Crew Availability
DLY005878,FLT0047148,124,Crew Availability
DLY005879,FLT0047154,45,Mechanical Issue
DLY005880,FLT0047161,195,Mechanical Issue
DLY005881,FLT0047162,155,Weather
DLY005882,FLT0047166,123,Airport Operations
DLY005883,FLT0047175,179,Airport Operations
DLY005884,FLT0047177,232,Airport Operations
DLY005885,FLT0047178,135,Weather
DLY005886,FLT0047203,67,Mechanical Issue
DLY005887,FLT0047216,75,Security
DLY005888,FLT0047237,114,Crew Availability
DLY005889,FLT0047239,232,Crew Availability
DLY005890,FLT0047242,78,Air Traffic Control
DLY005891,FLT0047272,44,Airport Operations
DLY005892,FLT0047275,218,Late Aircraft Arrival
DLY005893,FLT0047286,45,Security
DLY005894,FLT0047291,166,Crew Availability
DLY005895,FLT0047297,58,Airport Operations
DLY005896,FLT0047299,201,Weather
DLY005897,FLT0047317,16,Late Aircraft Arrival
DLY005898,FLT0047320,62,Late Aircraft Arrival
DLY005899,FLT0047331,119,Airport Operations
DLY005900,FLT0047339,225,Weather
DLY005901,FLT0047344,111,Crew Availability
DLY005902,FLT0047347,165,Security
DLY005903,FLT0047349,64,Airport Operations
DLY005904,FLT0047351,173,Late Aircraft Arrival
DLY005905,FLT0047361,20,Weather
DLY005906,FLT0047363,164,Security
DLY005907,FLT0047372,156,Weather
DLY005908,FLT0047376,118,Late Aircraft Arrival
DLY005909,FLT0047379,151,Late Aircraft Arrival
DLY005910,FLT0047394,192,Weather
DLY005911,FLT0047410,105,Air Traffic Control
DLY005912,FLT0047422,205,Crew Availability
DLY005913,FLT0047434,237,Security
DLY005914,FLT0047438,183,Crew Availability
DLY005915,FLT0047440,65,Late Aircraft Arrival
DLY005916,FLT0047455,233,Weather
DLY005917,FLT0047467,28,Air Traffic Control
DLY005918,FLT0047469,58,Crew Availability
DLY005919,FLT0047479,225,Security
DLY005920,FLT0047480,86,Mechanical Issue
DLY005921,FLT0047481,68,Late Aircraft Arrival
DLY005922,FLT0047489,138,Airport Operations
DLY005923,FLT0047490,208,Mechanical Issue
DLY005924,FLT0047497,231,Airport Operations
DLY005925,FLT0047503,23,Weather
DLY005926,FLT0047506,95,Airport Operations
DLY005927,FLT0047517,194,Airport Operations
DLY005928,FLT0047521,42,Crew Availability
DLY005929,FLT0047536,152,Crew Availability
DLY005930,FLT0047543,35,Weather
DLY005931,FLT0047547,24,Mechanical Issue
DLY005932,FLT0047565,34,Airport Operations
DLY005933,FLT0047566,36,Crew Availability
DLY005934,FLT0047574,163,Weather
DLY005935,FLT0047577,209,Weather
DLY005936,FLT0047584,45,Security
DLY005937,FLT0047588,232,Weather
DLY005938,FLT0047595,142,Air Traffic Control
DLY005939,FLT0047600,128,Airport Operations
DLY005940,FLT0047602,92,Security
DLY005941,FLT0047609,72,Air Traffic Control
DLY005942,FLT0047619,117,Mechanical Issue
DLY005943,FLT0047625,21,Weather
DLY005944,FLT0047631,238,Mechanical Issue
DLY005945,FLT0047632,171,Crew Availability
DLY005946,FLT0047650,224,Weather
DLY005947,FLT0047656,117,Airport Operations
DLY005948,FLT0047662,133,Weather
DLY005949,FLT0047665,179,Air Traffic Control
DLY005950,FLT0047673,90,Crew Availability
DLY005951,FLT0047677,211,Late Aircraft Arrival
DLY005952,FLT0047678,97,Weather
DLY005953,FLT0047680,132,Late Aircraft Arrival
DLY005954,FLT0047696,214,Security
DLY005955,FLT0047698,159,Air Traffic Control
DLY005956,FLT0047699,184,Security
DLY005957,FLT0047700,239,Crew Availability
DLY005958,FLT0047703,80,Airport Operations
DLY005959,FLT0047705,223,Late Aircraft Arrival
DLY005960,FLT0047713,49,Mechanical Issue
DLY005961,FLT0047717,35,Air Traffic Control
DLY005962,FLT0047721,170,Late Aircraft Arrival
DLY005963,FLT0047722,217,Weather
DLY005964,FLT0047723,79,Mechanical Issue
DLY005965,FLT0047729,169,Late Aircraft Arrival
DLY005966,FLT0047730,90,Crew Availability
DLY005967,FLT0047738,179,Mechanical Issue
DLY005968,FLT0047739,194,Airport Operations
DLY005969,FLT0047742,176,Late Aircraft Arrival
DLY005970,FLT0047747,113,Airport Operations
DLY005971,FLT0047753,35,Crew Availability
DLY005972,FLT0047795,182,Security
DLY005973,FLT0047797,168,Air Traffic Control
DLY005974,FLT0047807,93,Airport Operations
DLY005975,FLT0047809,147,Mechanical Issue
DLY005976,FLT0047811,49,Crew Availability
DLY005977,FLT0047821,237,Mechanical Issue
DLY005978,FLT0047833,212,Mechanical Issue
DLY005979,FLT0047853,166,Late Aircraft Arrival
DLY005980,FLT0047868,219,Mechanical Issue
DLY005981,FLT0047870,76,Airport Operations
DLY005982,FLT0047876,15,Crew Availability
DLY005983,FLT0047893,94,Mechanical Issue
DLY005984,FLT0047900,204,Airport Operations
DLY005985,FLT0047902,24,Security
DLY005986,FLT0047903,60,Security
DLY005987,FLT0047909,208,Air Traffic Control
DLY005988,FLT0047919,63,Airport Operations
DLY005989,FLT0047921,186,Late Aircraft Arrival
DLY005990,FLT0047939,43,Weather
DLY005991,FLT0047940,153,Weather
DLY005992,FLT0047950,62,Security
DLY005993,FLT0047952,116,Air Traffic Control
DLY005994,FLT0047990,218,Crew Availability
DLY005995,FLT0048003,95,Security
DLY005996,FLT0048050,139,Air Traffic Control
DLY005997,FLT0048052,91,Late Aircraft Arrival
DLY005998,FLT0048067,115,Weather
DLY005999,FLT0048075,19,Air Traffic Control
DLY006000,FLT0048081,186,Security
DLY006001,FLT0048083,121,Mechanical Issue
DLY006002,FLT0048084,205,Airport Operations
DLY006003,FLT0048099,229,Weather
DLY006004,FLT0048109,159,Late Aircraft Arrival
DLY006005,FLT0048114,144,Mechanical Issue
DLY006006,FLT0048118,35,Crew Availability
DLY006007,FLT0048130,51,Airport Operations
DLY006008,FLT0048134,120,Air Traffic Control
DLY006009,FLT0048135,169,Mechanical Issue
DLY006010,FLT0048143,182,Security
DLY006011,FLT0048145,35,Security
DLY006012,FLT0048150,56,Late Aircraft Arrival
DLY006013,FLT0048177,142,Crew Availability
DLY006014,FLT0048196,199,Airport Operations
DLY006015,FLT0048203,55,Mechanical Issue
DLY006016,FLT0048221,136,Mechanical Issue
DLY006017,FLT0048228,217,Air Traffic Control
DLY006018,FLT0048249,184,Late Aircraft Arrival
DLY006019,FLT0048251,173,Air Traffic Control
DLY006020,FLT0048255,86,Security
DLY006021,FLT0048256,119,Crew Availability
DLY006022,FLT0048299,100,Crew Availability
DLY006023,FLT0048317,239,Mechanical Issue
DLY006024,FLT0048319,22,Weather
DLY006025,FLT0048320,156,Mechanical Issue
DLY006026,FLT0048339,17,Crew Availability
DLY006027,FLT0048343,75,Weather
DLY006028,FLT0048353,41,Mechanical Issue
DLY006029,FLT0048364,95,Airport Operations
DLY006030,FLT0048365,163,Late Aircraft Arrival
DLY006031,FLT0048369,51,Crew Availability
DLY006032,FLT0048370,64,Late Aircraft Arrival
DLY006033,FLT0048378,41,Late Aircraft Arrival
DLY006034,FLT0048381,49,Crew Availability
DLY006035,FLT0048386,95,Airport Operations
DLY006036,FLT0048394,45,Airport Operations
DLY006037,FLT0048397,93,Mechanical Issue
DLY006038,FLT0048409,148,Weather
DLY006039,FLT0048419,230,Airport Operations
DLY006040,FLT0048428,141,Security
DLY006041,FLT0048429,202,Late Aircraft Arrival
DLY006042,FLT0048458,193,Weather
DLY006043,FLT0048481,229,Mechanical Issue
DLY006044,FLT0048496,66,Crew Availability
DLY006045,FLT0048498,25,Weather
DLY006046,FLT0048510,234,Crew Availability
DLY006047,FLT0048513,61,Late Aircraft Arrival
DLY006048,FLT0048517,166,Airport Operations
DLY006049,FLT0048543,35,Crew Availability
DLY006050,FLT0048556,222,Mechanical Issue
DLY006051,FLT0048565,223,Crew Availability
DLY006052,FLT0048572,209,Security
DLY006053,FLT0048605,40,Security
DLY006054,FLT0048609,134,Security
DLY006055,FLT0048610,204,Security
DLY006056,FLT0048611,67,Air Traffic Control
DLY006057,FLT0048618,113,Crew Availability
DLY006058,FLT0048624,186,Late Aircraft Arrival
DLY006059,FLT0048626,124,Late Aircraft Arrival
DLY006060,FLT0048632,190,Late Aircraft Arrival
DLY006061,FLT0048633,135,Crew Availability
DLY006062,FLT0048638,227,Late Aircraft Arrival
DLY006063,FLT0048645,67,Air Traffic Control
DLY006064,FLT0048650,96,Airport Operations
DLY006065,FLT0048651,31,Security
DLY006066,FLT0048662,210,Airport Operations
DLY006067,FLT0048674,67,Air Traffic Control
DLY006068,FLT0048682,173,Mechanical Issue
DLY006069,FLT0048684,107,Mechanical Issue
DLY006070,FLT0048685,84,Crew Availability
DLY006071,FLT0048693,34,Security
DLY006072,FLT0048705,103,Late Aircraft Arrival
DLY006073,FLT0048713,170,Late Aircraft Arrival
DLY006074,FLT0048719,86,Crew Availability
DLY006075,FLT0048741,82,Air Traffic Control
DLY006076,FLT0048744,67,Crew Availability
DLY006077,FLT0048753,162,Air Traffic Control
DLY006078,FLT0048754,17,Security
DLY006079,FLT0048761,113,Mechanical Issue
DLY006080,FLT0048764,201,Airport Operations
DLY006081,FLT0048790,216,Mechanical Issue
DLY006082,FLT0048793,99,Security
DLY006083,FLT0048794,30,Mechanical Issue
DLY006084,FLT0048802,232,Crew Availability
DLY006085,FLT0048819,142,Late Aircraft Arrival
DLY006086,FLT0048825,203,Security
DLY006087,FLT0048842,49,Late Aircraft Arrival
DLY006088,FLT0048853,123,Crew Availability
DLY006089,FLT0048860,121,Security
DLY006090,FLT0048864,184,Airport Operations
DLY006091,FLT0048868,139,Security
DLY006092,FLT0048884,206,Air Traffic Control
DLY006093,FLT0048891,31,Late Aircraft Arrival
DLY006094,FLT0048896,78,Late Aircraft Arrival
DLY006095,FLT0048900,226,Crew Availability
DLY006096,FLT0048904,95,Weather
DLY006097,FLT0048914,129,Late Aircraft Arrival
DLY006098,FLT0048924,161,Air Traffic Control
DLY006099,FLT0048931,86,Weather
DLY006100,FLT0048960,235,Air Traffic Control
DLY006101,FLT0048970,103,Weather
DLY006102,FLT0048981,180,Airport Operations
DLY006103,FLT0048988,191,Air Traffic Control
DLY006104,FLT0049000,223,Late Aircraft Arrival
DLY006105,FLT0049009,110,Weather
DLY006106,FLT0049012,219,Airport Operations
DLY006107,FLT0049016,58,Security
DLY006108,FLT0049031,176,Late Aircraft Arrival
DLY006109,FLT0049044,135,Weather
DLY006110,FLT0049069,110,Late Aircraft Arrival
DLY006111,FLT0049070,114,Security
DLY006112,FLT0049072,210,Weather
DLY006113,FLT0049074,191,Mechanical Issue
DLY006114,FLT0049084,236,Mechanical Issue
DLY006115,FLT0049094,215,Security
DLY006116,FLT0049095,236,Air Traffic Control
DLY006117,FLT0049099,71,Late Aircraft Arrival
DLY006118,FLT0049104,25,Crew Availability
DLY006119,FLT0049109,95,Air Traffic Control
DLY006120,FLT0049115,131,Crew Availability
DLY006121,FLT0049123,173,Weather
DLY006122,FLT0049128,156,Airport Operations
DLY006123,FLT0049131,93,Air Traffic Control
DLY006124,FLT0049139,216,Late Aircraft Arrival
DLY006125,FLT0049149,48,Weather
DLY006126,FLT0049151,157,Mechanical Issue
DLY006127,FLT0049153,43,Crew Availability
DLY006128,FLT0049163,126,Crew Availability
DLY006129,FLT0049181,174,Security
DLY006130,FLT0049188,200,Crew Availability
DLY006131,FLT0049192,91,Late Aircraft Arrival
DLY006132,FLT0049194,218,Weather
DLY006133,FLT0049195,232,Late Aircraft Arrival
DLY006134,FLT0049208,69,Airport Operations
DLY006135,FLT0049216,103,Security
DLY006136,FLT0049217,107,Air Traffic Control
DLY006137,FLT0049218,127,Security
DLY006138,FLT0049229,152,Crew Availability
DLY006139,FLT0049233,179,Late Aircraft Arrival
DLY006140,FLT0049255,169,Late Aircraft Arrival
DLY006141,FLT0049265,112,Mechanical Issue
DLY006142,FLT0049267,40,Weather
DLY006143,FLT0049269,122,Crew Availability
DLY006144,FLT0049272,215,Weather
DLY006145,FLT0049275,16,Airport Operations
DLY006146,FLT0049277,212,Crew Availability
DLY006147,FLT0049278,157,Airport Operations
DLY006148,FLT0049283,112,Air Traffic Control
DLY006149,FLT0049287,161,Mechanical Issue
DLY006150,FLT0049290,76,Weather
DLY006151,FLT0049293,67,Crew Availability
DLY006152,FLT0049313,95,Security
DLY006153,FLT0049314,191,Air Traffic Control
DLY006154,FLT0049321,181,Air Traffic Control
DLY006155,FLT0049342,144,Weather
DLY006156,FLT0049344,19,Airport Operations
DLY006157,FLT0049349,50,Air Traffic Control
DLY006158,FLT0049350,182,Crew Availability
DLY006159,FLT0049355,114,Airport Operations
DLY006160,FLT0049364,186,Crew Availability
DLY006161,FLT0049368,191,Crew Availability
DLY006162,FLT0049372,179,Airport Operations
DLY006163,FLT0049379,28,Security
DLY006164,FLT0049383,90,Security
DLY006165,FLT0049385,16,Airport Operations
DLY006166,FLT0049391,130,Security
DLY006167,FLT0049393,148,Crew Availability
DLY006168,FLT0049397,212,Late Aircraft Arrival
DLY006169,FLT0049400,236,Air Traffic Control
DLY006170,FLT0049406,185,Airport Operations
DLY006171,FLT0049413,30,Crew Availability
DLY006172,FLT0049415,168,Security
DLY006173,FLT0049421,101,Air Traffic Control
DLY006174,FLT0049423,33,Mechanical Issue
DLY006175,FLT0049426,200,Crew Availability
DLY006176,FLT0049437,177,Weather
DLY006177,FLT0049461,207,Weather
DLY006178,FLT0049463,183,Airport Operations
DLY006179,FLT0049466,16,Security
DLY006180,FLT0049467,235,Airport Operations
DLY006181,FLT0049474,133,Mechanical Issue
DLY006182,FLT0049489,103,Crew Availability
DLY006183,FLT0049495,55,Air Traffic Control
DLY006184,FLT0049508,154,Airport Operations
DLY006185,FLT0049509,45,Weather
DLY006186,FLT0049511,79,Late Aircraft Arrival
DLY006187,FLT0049514,193,Mechanical Issue
DLY006188,FLT0049524,106,Security
DLY006189,FLT0049528,19,Late Aircraft Arrival
DLY006190,FLT0049539,214,Late Aircraft Arrival
DLY006191,FLT0049544,64,Air Traffic Control
DLY006192,FLT0049579,192,Mechanical Issue
DLY006193,FLT0049580,77,Late Aircraft Arrival
DLY006194,FLT0049586,154,Mechanical Issue
DLY006195,FLT0049591,63,Late Aircraft Arrival
DLY006196,FLT0049601,40,Air Traffic Control
DLY006197,FLT0049603,38,Late Aircraft Arrival
DLY006198,FLT0049607,71,Weather
DLY006199,FLT0049622,151,Air Traffic Control
DLY006200,FLT0049634,136,Air Traffic Control
DLY006201,FLT0049645,186,Mechanical Issue
DLY006202,FLT0049649,211,Airport Operations
DLY006203,FLT0049656,150,Crew Availability
DLY006204,FLT0049663,167,Mechanical Issue
DLY006205,FLT0049669,141,Late Aircraft Arrival
DLY006206,FLT0049670,232,Weather
DLY006207,FLT0049671,92,Crew Availability
DLY006208,FLT0049673,62,Crew Availability
DLY006209,FLT0049676,182,Crew Availability
DLY006210,FLT0049680,165,Air Traffic Control
DLY006211,FLT0049687,160,Mechanical Issue
DLY006212,FLT0049696,187,Airport Operations
DLY006213,FLT0049698,43,Crew Availability
DLY006214,FLT0049712,34,Mechanical Issue
DLY006215,FLT0049735,151,Weather
DLY006216,FLT0049743,55,Mechanical Issue
DLY006217,FLT0049752,177,Air Traffic Control
DLY006218,FLT0049753,182,Weather
DLY006219,FLT0049754,45,Security
DLY006220,FLT0049755,23,Mechanical Issue
DLY006221,FLT0049764,100,Crew Availability
DLY006222,FLT0049770,105,Weather
DLY006223,FLT0049772,168,Mechanical Issue
DLY006224,FLT0049773,220,Late Aircraft Arrival
DLY006225,FLT0049775,165,Air Traffic Control
DLY006226,FLT0049789,144,Crew Availability
DLY006227,FLT0049790,53,Airport Operations
DLY006228,FLT0049792,69,Weather
DLY006229,FLT0049797,94,Weather
DLY006230,FLT0049801,181,Mechanical Issue
DLY006231,FLT0049807,59,Crew Availability
DLY006232,FLT0049812,93,Late Aircraft Arrival
DLY006233,FLT0049824,148,Late Aircraft Arrival
DLY006234,FLT0049844,165,Late Aircraft Arrival
DLY006235,FLT0049864,75,Security
DLY006236,FLT0049869,72,Weather
DLY006237,FLT0049873,135,Weather
DLY006238,FLT0049893,154,Mechanical Issue
DLY006239,FLT0049894,113,Air Traffic Control
DLY006240,FLT0049896,15,Security
DLY006241,FLT0049901,162,Crew Availability
DLY006242,FLT0049906,122,Weather
DLY006243,FLT0049908,125,Mechanical Issue
DLY006244,FLT0049920,16,Mechanical Issue
DLY006245,FLT0049922,22,Airport Operations
DLY006246,FLT0049927,136,Late Aircraft Arrival
DLY006247,FLT0049929,43,Airport Operations
DLY006248,FLT0049934,42,Security
DLY006249,FLT0049946,69,Late Aircraft Arrival
DLY006250,FLT0049950,15,Mechanical Issue
DLY006251,FLT0049954,101,Mechanical Issue
DLY006252,FLT0049966,92,Crew Availability
DLY006253,FLT0049969,102,Air Traffic Control
DLY006254,FLT0049980,169,Late Aircraft Arrival
DLY006255,FLT0049986,190,Airport Operations
DLY006256,FLT0049988,221,Security
DLY006257,FLT0050001,111,Mechanical Issue
DLY006258,FLT0050004,40,Mechanical Issue
DLY006259,FLT0050006,190,Mechanical Issue
DLY006260,FLT0050019,78,Late Aircraft Arrival
DLY006261,FLT0050021,106,Late Aircraft Arrival
DLY006262,FLT0050034,19,Late Aircraft Arrival
DLY006263,FLT0050039,221,Security
DLY006264,FLT0050040,30,Weather
DLY006265,FLT0050042,141,Air Traffic Control
DLY006266,FLT0050043,19,Late Aircraft Arrival
DLY006267,FLT0050044,219,Crew Availability
DLY006268,FLT0050046,52,Weather
DLY006269,FLT0050048,152,Crew Availability
DLY006270,FLT0050065,121,Crew Availability
DLY006271,FLT0050069,44,Mechanical Issue
DLY006272,FLT0050074,176,Late Aircraft Arrival
DLY006273,FLT0050083,225,Crew Availability
DLY006274,FLT0050086,165,Security
DLY006275,FLT0050087,104,Airport Operations
DLY006276,FLT0050102,16,Crew Availability
DLY006277,FLT0050129,171,Airport Operations
DLY006278,FLT0050131,133,Airport Operations
DLY006279,FLT0050133,105,Air Traffic Control
DLY006280,FLT0050136,221,Weather
DLY006281,FLT0050138,76,Airport Operations
DLY006282,FLT0050151,21,Late Aircraft Arrival
DLY006283,FLT0050154,200,Late Aircraft Arrival
DLY006284,FLT0050164,144,Air Traffic Control
DLY006285,FLT0050169,158,Airport Operations
DLY006286,FLT0050183,215,Mechanical Issue
DLY006287,FLT0050209,128,Security
DLY006288,FLT0050216,166,Crew Availability
DLY006289,FLT0050220,40,Late Aircraft Arrival
DLY006290,FLT0050221,61,Security
DLY006291,FLT0050225,72,Airport Operations
DLY006292,FLT0050243,29,Air Traffic Control
DLY006293,FLT0050248,61,Mechanical Issue
DLY006294,FLT0050255,23,Security
DLY006295,FLT0050259,50,Mechanical Issue
DLY006296,FLT0050263,38,Weather
DLY006297,FLT0050266,228,Crew Availability
DLY006298,FLT0050276,181,Air Traffic Control
DLY006299,FLT0050278,129,Crew Availability
DLY006300,FLT0050283,100,Late Aircraft Arrival
DLY006301,FLT0050287,140,Airport Operations
DLY006302,FLT0050293,81,Crew Availability
DLY006303,FLT0050294,49,Crew Availability
DLY006304,FLT0050300,89,Air Traffic Control
DLY006305,FLT0050308,107,Mechanical Issue
DLY006306,FLT0050314,159,Crew Availability
DLY006307,FLT0050334,218,Air Traffic Control
DLY006308,FLT0050340,222,Weather
DLY006309,FLT0050369,20,Late Aircraft Arrival
DLY006310,FLT0050381,139,Crew Availability
DLY006311,FLT0050382,198,Crew Availability
DLY006312,FLT0050386,137,Weather
DLY006313,FLT0050394,89,Airport Operations
DLY006314,FLT0050396,57,Mechanical Issue
DLY006315,FLT0050420,212,Airport Operations
DLY006316,FLT0050425,100,Late Aircraft Arrival
DLY006317,FLT0050428,166,Security
DLY006318,FLT0050430,24,Mechanical Issue
DLY006319,FLT0050434,123,Weather
DLY006320,FLT0050440,200,Airport Operations
DLY006321,FLT0050443,229,Security
DLY006322,FLT0050445,123,Late Aircraft Arrival
DLY006323,FLT0050451,119,Crew Availability
DLY006324,FLT0050461,78,Mechanical Issue
DLY006325,FLT0050469,224,Air Traffic Control
DLY006326,FLT0050470,232,Security
DLY006327,FLT0050479,108,Air Traffic Control
DLY006328,FLT0050498,99,Weather
DLY006329,FLT0050506,115,Weather
DLY006330,FLT0050519,197,Late Aircraft Arrival
DLY006331,FLT0050524,196,Weather
DLY006332,FLT0050531,53,Mechanical Issue
DLY006333,FLT0050556,74,Late Aircraft Arrival
DLY006334,FLT0050558,98,Late Aircraft Arrival
DLY006335,FLT0050561,35,Airport Operations
DLY006336,FLT0050575,162,Crew Availability
DLY006337,FLT0050577,198,Late Aircraft Arrival
DLY006338,FLT0050584,228,Weather
DLY006339,FLT0050608,16,Weather
DLY006340,FLT0050615,171,Weather
DLY006341,FLT0050616,84,Air Traffic Control
DLY006342,FLT0050621,27,Security
DLY006343,FLT0050626,22,Air Traffic Control
DLY006344,FLT0050631,77,Late Aircraft Arrival
DLY006345,FLT0050640,141,Weather
DLY006346,FLT0050647,80,Air Traffic Control
DLY006347,FLT0050648,170,Airport Operations
DLY006348,FLT0050658,234,Crew Availability
DLY006349,FLT0050659,182,Security
DLY006350,FLT0050665,183,Airport Operations
DLY006351,FLT0050669,139,Security
DLY006352,FLT0050681,59,Mechanical Issue
DLY006353,FLT0050682,92,Weather
DLY006354,FLT0050683,180,Airport Operations
DLY006355,FLT0050687,212,Mechanical Issue
DLY006356,FLT0050698,198,Weather
DLY006357,FLT0050717,97,Airport Operations
DLY006358,FLT0050736,192,Weather
DLY006359,FLT0050769,151,Airport Operations
DLY006360,FLT0050770,146,Crew Availability
DLY006361,FLT0050771,123,Crew Availability
DLY006362,FLT0050776,181,Airport Operations
DLY006363,FLT0050781,56,Late Aircraft Arrival
DLY006364,FLT0050788,97,Airport Operations
DLY006365,FLT0050798,52,Weather
DLY006366,FLT0050802,198,Crew Availability
DLY006367,FLT0050808,217,Weather
DLY006368,FLT0050809,134,Late Aircraft Arrival
DLY006369,FLT0050818,41,Security
DLY006370,FLT0050822,81,Airport Operations
DLY006371,FLT0050824,78,Late Aircraft Arrival
DLY006372,FLT0050833,104,Airport Operations
DLY006373,FLT0050837,103,Mechanical Issue
DLY006374,FLT0050844,230,Security
DLY006375,FLT0050850,238,Late Aircraft Arrival
DLY006376,FLT0050855,177,Airport Operations
DLY006377,FLT0050869,30,Mechanical Issue
DLY006378,FLT0050873,172,Mechanical Issue
DLY006379,FLT0050877,159,Airport Operations
DLY006380,FLT0050879,166,Weather
DLY006381,FLT0050890,116,Airport Operations
DLY006382,FLT0050908,201,Security
DLY006383,FLT0050909,28,Security
DLY006384,FLT0050912,172,Air Traffic Control
DLY006385,FLT0050918,48,Airport Operations
DLY006386,FLT0050919,177,Weather
DLY006387,FLT0050924,221,Airport Operations
DLY006388,FLT0050925,139,Air Traffic Control
DLY006389,FLT0050943,87,Late Aircraft Arrival
DLY006390,FLT0050954,19,Air Traffic Control
DLY006391,FLT0050971,137,Airport Operations
DLY006392,FLT0050982,173,Late Aircraft Arrival
DLY006393,FLT0050983,155,Air Traffic Control
DLY006394,FLT0050992,166,Airport Operations
DLY006395,FLT0050994,146,Airport Operations
DLY006396,FLT0050995,216,Air Traffic Control
DLY006397,FLT0051006,180,Security
DLY006398,FLT0051023,72,Weather
DLY006399,FLT0051033,135,Late Aircraft Arrival
DLY006400,FLT0051040,106,Security
DLY006401,FLT0051050,226,Crew Availability
DLY006402,FLT0051054,114,Mechanical Issue
DLY006403,FLT0051058,172,Late Aircraft Arrival
DLY006404,FLT0051060,183,Airport Operations
DLY006405,FLT0051067,79,Mechanical Issue
DLY006406,FLT0051100,155,Weather
DLY006407,FLT0051108,37,Crew Availability
DLY006408,FLT0051109,99,Crew Availability
DLY006409,FLT0051110,189,Weather
DLY006410,FLT0051121,63,Late Aircraft Arrival
DLY006411,FLT0051123,94,Crew Availability
DLY006412,FLT0051124,140,Air Traffic Control
DLY006413,FLT0051125,239,Mechanical Issue
DLY006414,FLT0051128,239,Security
DLY006415,FLT0051135,103,Airport Operations
DLY006416,FLT0051136,223,Crew Availability
DLY006417,FLT0051137,86,Weather
DLY006418,FLT0051140,210,Mechanical Issue
DLY006419,FLT0051141,23,Weather
DLY006420,FLT0051155,132,Security
DLY006421,FLT0051164,183,Airport Operations
DLY006422,FLT0051166,106,Mechanical Issue
DLY006423,FLT0051167,125,Late Aircraft Arrival
DLY006424,FLT0051177,44,Late Aircraft Arrival
DLY006425,FLT0051185,96,Mechanical Issue
DLY006426,FLT0051193,59,Security
DLY006427,FLT0051198,113,Security
DLY006428,FLT0051203,204,Late Aircraft Arrival
DLY006429,FLT0051211,84,Weather
DLY006430,FLT0051214,155,Airport Operations
DLY006431,FLT0051216,178,Mechanical Issue
DLY006432,FLT0051219,198,Air Traffic Control
DLY006433,FLT0051224,87,Airport Operations
DLY006434,FLT0051274,204,Air Traffic Control
DLY006435,FLT0051283,93,Crew Availability
DLY006436,FLT0051297,63,Airport Operations
DLY006437,FLT0051308,143,Security
DLY006438,FLT0051309,208,Airport Operations
DLY006439,FLT0051314,173,Security
DLY006440,FLT0051315,207,Late Aircraft Arrival
DLY006441,FLT0051325,101,Weather
DLY006442,FLT0051330,58,Late Aircraft Arrival
DLY006443,FLT0051336,80,Airport Operations
DLY006444,FLT0051338,144,Security
DLY006445,FLT0051342,184,Weather
DLY006446,FLT0051363,90,Crew Availability
DLY006447,FLT0051364,148,Weather
DLY006448,FLT0051367,175,Airport Operations
DLY006449,FLT0051370,106,Security
DLY006450,FLT0051381,133,Security
DLY006451,FLT0051428,223,Late Aircraft Arrival
DLY006452,FLT0051432,29,Airport Operations
DLY006453,FLT0051440,111,Crew Availability
DLY006454,FLT0051457,212,Airport Operations
DLY006455,FLT0051479,133,Air Traffic Control
DLY006456,FLT0051480,172,Mechanical Issue
DLY006457,FLT0051490,224,Airport Operations
DLY006458,FLT0051504,215,Airport Operations
DLY006459,FLT0051506,140,Mechanical Issue
DLY006460,FLT0051510,106,Mechanical Issue
DLY006461,FLT0051520,66,Air Traffic Control
DLY006462,FLT0051527,193,Air Traffic Control
DLY006463,FLT0051533,223,Crew Availability
DLY006464,FLT0051535,213,Weather
DLY006465,FLT0051578,171,Air Traffic Control
DLY006466,FLT0051581,45,Airport Operations
DLY006467,FLT0051592,97,Crew Availability
DLY006468,FLT0051595,195,Mechanical Issue
DLY006469,FLT0051597,208,Airport Operations
DLY006470,FLT0051605,127,Weather
DLY006471,FLT0051623,129,Air Traffic Control
DLY006472,FLT0051638,61,Air Traffic Control
DLY006473,FLT0051648,67,Airport Operations
DLY006474,FLT0051654,216,Airport Operations
DLY006475,FLT0051670,59,Mechanical Issue
DLY006476,FLT0051677,68,Late Aircraft Arrival
DLY006477,FLT0051678,64,Crew Availability
DLY006478,FLT0051682,90,Mechanical Issue
DLY006479,FLT0051690,210,Weather
DLY006480,FLT0051698,42,Airport Operations
DLY006481,FLT0051700,21,Weather
DLY006482,FLT0051701,98,Weather
DLY006483,FLT0051708,62,Weather
DLY006484,FLT0051710,55,Weather
DLY006485,FLT0051724,68,Late Aircraft Arrival
DLY006486,FLT0051732,15,Late Aircraft Arrival
DLY006487,FLT0051735,236,Security
DLY006488,FLT0051738,71,Mechanical Issue
DLY006489,FLT0051744,51,Late Aircraft Arrival
DLY006490,FLT0051758,197,Late Aircraft Arrival
DLY006491,FLT0051759,61,Weather
DLY006492,FLT0051773,158,Late Aircraft Arrival
DLY006493,FLT0051779,117,Security
DLY006494,FLT0051786,38,Security
DLY006495,FLT0051790,141,Mechanical Issue
DLY006496,FLT0051794,107,Late Aircraft Arrival
DLY006497,FLT0051798,188,Mechanical Issue
DLY006498,FLT0051829,47,Late Aircraft Arrival
DLY006499,FLT0051857,128,Air Traffic Control
DLY006500,FLT0051870,196,Crew Availability
DLY006501,FLT0051892,68,Air Traffic Control
DLY006502,FLT0051897,205,Security
DLY006503,FLT0051906,97,Airport Operations
DLY006504,FLT0051912,166,Mechanical Issue
DLY006505,FLT0051919,237,Crew Availability
DLY006506,FLT0051920,178,Security
DLY006507,FLT0051921,69,Late Aircraft Arrival
DLY006508,FLT0051922,96,Late Aircraft Arrival
DLY006509,FLT0051926,181,Crew Availability
DLY006510,FLT0051944,199,Mechanical Issue
DLY006511,FLT0051954,75,Late Aircraft Arrival
DLY006512,FLT0051955,217,Late Aircraft Arrival
DLY006513,FLT0051976,109,Weather
DLY006514,FLT0051980,50,Security
DLY006515,FLT0051988,190,Security
DLY006516,FLT0051990,58,Weather
DLY006517,FLT0051998,185,Weather
DLY006518,FLT0052016,75,Air Traffic Control
DLY006519,FLT0052018,70,Security
DLY006520,FLT0052023,197,Airport Operations
DLY006521,FLT0052036,23,Late Aircraft Arrival
DLY006522,FLT0052040,154,Weather
DLY006523,FLT0052041,53,Mechanical Issue
DLY006524,FLT0052046,195,Weather
DLY006525,FLT0052054,88,Crew Availability
DLY006526,FLT0052064,239,Crew Availability
DLY006527,FLT0052072,152,Airport Operations
DLY006528,FLT0052075,35,Airport Operations
DLY006529,FLT0052085,198,Air Traffic Control
DLY006530,FLT0052088,49,Security
DLY006531,FLT0052091,48,Security
DLY006532,FLT0052113,160,Air Traffic Control
DLY006533,FLT0052130,25,Air Traffic Control
DLY006534,FLT0052134,120,Airport Operations
DLY006535,FLT0052139,136,Weather
DLY006536,FLT0052153,37,Crew Availability
DLY006537,FLT0052157,16,Airport Operations
DLY006538,FLT0052173,194,Weather
DLY006539,FLT0052175,155,Late Aircraft Arrival
DLY006540,FLT0052176,192,Late Aircraft Arrival
DLY006541,FLT0052200,73,Security
DLY006542,FLT0052205,217,Late Aircraft Arrival
DLY006543,FLT0052214,226,Air Traffic Control
DLY006544,FLT0052219,178,Mechanical Issue
DLY006545,FLT0052224,51,Air Traffic Control
DLY006546,FLT0052233,117,Weather
DLY006547,FLT0052238,123,Late Aircraft Arrival
DLY006548,FLT0052239,215,Air Traffic Control
DLY006549,FLT0052241,203,Weather
DLY006550,FLT0052256,196,Mechanical Issue
DLY006551,FLT0052265,116,Airport Operations
DLY006552,FLT0052272,177,Airport Operations
DLY006553,FLT0052285,135,Late Aircraft Arrival
DLY006554,FLT0052305,119,Crew Availability
DLY006555,FLT0052310,167,Air Traffic Control
DLY006556,FLT0052314,189,Mechanical Issue
DLY006557,FLT0052320,75,Crew Availability
DLY006558,FLT0052326,169,Air Traffic Control
DLY006559,FLT0052327,77,Security
DLY006560,FLT0052333,203,Late Aircraft Arrival
DLY006561,FLT0052342,200,Mechanical Issue
DLY006562,FLT0052344,84,Weather
DLY006563,FLT0052352,130,Weather
DLY006564,FLT0052355,206,Late Aircraft Arrival
DLY006565,FLT0052356,130,Air Traffic Control
DLY006566,FLT0052359,133,Air Traffic Control
DLY006567,FLT0052370,126,Mechanical Issue
DLY006568,FLT0052371,188,Air Traffic Control
DLY006569,FLT0052372,31,Weather
DLY006570,FLT0052376,38,Airport Operations
DLY006571,FLT0052380,212,Air Traffic Control
DLY006572,FLT0052390,34,Airport Operations
DLY006573,FLT0052393,183,Mechanical Issue
DLY006574,FLT0052397,22,Late Aircraft Arrival
DLY006575,FLT0052400,48,Weather
DLY006576,FLT0052424,202,Security
DLY006577,FLT0052425,80,Airport Operations
DLY006578,FLT0052446,36,Air Traffic Control
DLY006579,FLT0052460,209,Crew Availability
DLY006580,FLT0052464,63,Air Traffic Control
DLY006581,FLT0052468,47,Weather
DLY006582,FLT0052485,115,Air Traffic Control
DLY006583,FLT0052490,40,Air Traffic Control
DLY006584,FLT0052497,210,Security
DLY006585,FLT0052503,171,Late Aircraft Arrival
DLY006586,FLT0052506,193,Security
DLY006587,FLT0052509,104,Mechanical Issue
DLY006588,FLT0052512,89,Late Aircraft Arrival
DLY006589,FLT0052527,36,Crew Availability
DLY006590,FLT0052531,67,Security
DLY006591,FLT0052532,167,Crew Availability
DLY006592,FLT0052537,152,Mechanical Issue
DLY006593,FLT0052542,65,Mechanical Issue
DLY006594,FLT0052553,114,Airport Operations
DLY006595,FLT0052562,112,Security
DLY006596,FLT0052590,18,Late Aircraft Arrival
DLY006597,FLT0052643,169,Mechanical Issue
DLY006598,FLT0052644,210,Weather
DLY006599,FLT0052645,172,Airport Operations
DLY006600,FLT0052657,109,Airport Operations
DLY006601,FLT0052662,108,Airport Operations
DLY006602,FLT0052667,75,Air Traffic Control
DLY006603,FLT0052670,212,Airport Operations
DLY006604,FLT0052673,181,Late Aircraft Arrival
DLY006605,FLT0052674,36,Crew Availability
DLY006606,FLT0052675,101,Weather
DLY006607,FLT0052684,74,Airport Operations
DLY006608,FLT0052696,203,Weather
DLY006609,FLT0052705,189,Mechanical Issue
DLY006610,FLT0052714,20,Weather
DLY006611,FLT0052730,137,Airport Operations
DLY006612,FLT0052731,26,Mechanical Issue
DLY006613,FLT0052735,125,Mechanical Issue
DLY006614,FLT0052740,116,Airport Operations
DLY006615,FLT0052761,98,Mechanical Issue
DLY006616,FLT0052778,93,Airport Operations
DLY006617,FLT0052789,210,Airport Operations
DLY006618,FLT0052800,212,Late Aircraft Arrival
DLY006619,FLT0052805,115,Late Aircraft Arrival
DLY006620,FLT0052822,141,Weather
DLY006621,FLT0052824,204,Late Aircraft Arrival
DLY006622,FLT0052826,117,Mechanical Issue
DLY006623,FLT0052842,74,Air Traffic Control
DLY006624,FLT0052847,120,Security
DLY006625,FLT0052856,167,Air Traffic Control
DLY006626,FLT0052864,151,Weather
DLY006627,FLT0052877,74,Security
DLY006628,FLT0052900,81,Weather
DLY006629,FLT0052911,32,Airport Operations
DLY006630,FLT0052912,217,Air Traffic Control
DLY006631,FLT0052927,239,Weather
DLY006632,FLT0052934,190,Airport Operations
DLY006633,FLT0052938,130,Mechanical Issue
DLY006634,FLT0052940,157,Weather
DLY006635,FLT0052942,102,Crew Availability
DLY006636,FLT0052952,138,Security
DLY006637,FLT0052956,231,Weather
DLY006638,FLT0052957,116,Late Aircraft Arrival
DLY006639,FLT0052960,106,Weather
DLY006640,FLT0052972,188,Late Aircraft Arrival
DLY006641,FLT0052974,164,Crew Availability
DLY006642,FLT0052977,94,Airport Operations
DLY006643,FLT0052982,100,Airport Operations
DLY006644,FLT0052987,17,Air Traffic Control
DLY006645,FLT0052988,99,Crew Availability
DLY006646,FLT0052992,25,Weather
DLY006647,FLT0052998,96,Late Aircraft Arrival
DLY006648,FLT0053004,200,Air Traffic Control
DLY006649,FLT0053007,87,Security
DLY006650,FLT0053014,51,Air Traffic Control
DLY006651,FLT0053033,120,Mechanical Issue
DLY006652,FLT0053035,194,Crew Availability
DLY006653,FLT0053036,208,Weather
DLY006654,FLT0053040,207,Airport Operations
DLY006655,FLT0053054,221,Weather
DLY006656,FLT0053057,30,Weather
DLY006657,FLT0053063,132,Crew Availability
DLY006658,FLT0053073,132,Security
DLY006659,FLT0053076,48,Weather
DLY006660,FLT0053091,115,Airport Operations
DLY006661,FLT0053103,187,Crew Availability
DLY006662,FLT0053104,30,Late Aircraft Arrival
DLY006663,FLT0053122,47,Weather
DLY006664,FLT0053123,219,Crew Availability
DLY006665,FLT0053130,141,Crew Availability
DLY006666,FLT0053131,91,Weather
DLY006667,FLT0053133,201,Mechanical Issue
DLY006668,FLT0053141,205,Security
DLY006669,FLT0053142,163,Mechanical Issue
DLY006670,FLT0053147,215,Security
DLY006671,FLT0053154,54,Airport Operations
DLY006672,FLT0053161,57,Weather
DLY006673,FLT0053164,169,Mechanical Issue
DLY006674,FLT0053170,106,Airport Operations
DLY006675,FLT0053180,148,Air Traffic Control
DLY006676,FLT0053188,141,Crew Availability
DLY006677,FLT0053190,26,Late Aircraft Arrival
DLY006678,FLT0053198,24,Mechanical Issue
DLY006679,FLT0053214,48,Crew Availability
DLY006680,FLT0053218,36,Air Traffic Control
DLY006681,FLT0053224,159,Security
DLY006682,FLT0053231,39,Crew Availability
DLY006683,FLT0053241,220,Security
DLY006684,FLT0053244,35,Weather
DLY006685,FLT0053247,141,Crew Availability
DLY006686,FLT0053254,73,Security
DLY006687,FLT0053264,76,Airport Operations
DLY006688,FLT0053295,26,Crew Availability
DLY006689,FLT0053308,144,Crew Availability
DLY006690,FLT0053309,85,Mechanical Issue
DLY006691,FLT0053321,147,Late Aircraft Arrival
DLY006692,FLT0053335,200,Security
DLY006693,FLT0053337,19,Airport Operations
DLY006694,FLT0053343,231,Weather
DLY006695,FLT0053344,34,Airport Operations
DLY006696,FLT0053366,148,Late Aircraft Arrival
DLY006697,FLT0053368,146,Crew Availability
DLY006698,FLT0053371,104,Security
DLY006699,FLT0053373,150,Airport Operations
DLY006700,FLT0053376,231,Late Aircraft Arrival
DLY006701,FLT0053379,175,Security
DLY006702,FLT0053388,113,Crew Availability
DLY006703,FLT0053390,195,Crew Availability
DLY006704,FLT0053396,41,Mechanical Issue
DLY006705,FLT0053404,20,Crew Availability
DLY006706,FLT0053407,21,Air Traffic Control
DLY006707,FLT0053408,225,Late Aircraft Arrival
DLY006708,FLT0053413,91,Crew Availability
DLY006709,FLT0053415,74,Late Aircraft Arrival
DLY006710,FLT0053423,104,Mechanical Issue
DLY006711,FLT0053433,174,Late Aircraft Arrival
DLY006712,FLT0053438,182,Late Aircraft Arrival
DLY006713,FLT0053445,198,Airport Operations
DLY006714,FLT0053449,54,Security
DLY006715,FLT0053451,195,Crew Availability
DLY006716,FLT0053453,124,Air Traffic Control
DLY006717,FLT0053456,70,Airport Operations
DLY006718,FLT0053466,76,Crew Availability
DLY006719,FLT0053472,29,Mechanical Issue
DLY006720,FLT0053489,219,Late Aircraft Arrival
DLY006721,FLT0053496,237,Mechanical Issue
DLY006722,FLT0053503,91,Security
DLY006723,FLT0053513,122,Weather
DLY006724,FLT0053514,236,Weather
DLY006725,FLT0053520,96,Security
DLY006726,FLT0053521,22,Security
DLY006727,FLT0053533,95,Security
DLY006728,FLT0053534,50,Crew Availability
DLY006729,FLT0053536,170,Late Aircraft Arrival
DLY006730,FLT0053537,231,Airport Operations
DLY006731,FLT0053538,23,Late Aircraft Arrival
DLY006732,FLT0053541,27,Crew Availability
DLY006733,FLT0053543,68,Late Aircraft Arrival
DLY006734,FLT0053555,51,Late Aircraft Arrival
DLY006735,FLT0053557,19,Late Aircraft Arrival
DLY006736,FLT0053559,63,Weather
DLY006737,FLT0053584,72,Security
DLY006738,FLT0053586,212,Security
DLY006739,FLT0053614,170,Crew Availability
DLY006740,FLT0053616,24,Crew Availability
DLY006741,FLT0053622,130,Airport Operations
DLY006742,FLT0053623,68,Security
DLY006743,FLT0053628,101,Crew Availability
DLY006744,FLT0053629,175,Security
DLY006745,FLT0053635,55,Air Traffic Control
DLY006746,FLT0053637,189,Air Traffic Control
DLY006747,FLT0053641,121,Air Traffic Control
DLY006748,FLT0053664,210,Air Traffic Control
DLY006749,FLT0053671,99,Mechanical Issue
DLY006750,FLT0053685,72,Weather
DLY006751,FLT0053688,96,Late Aircraft Arrival
DLY006752,FLT0053715,116,Crew Availability
DLY006753,FLT0053720,199,Airport Operations
DLY006754,FLT0053725,79,Late Aircraft Arrival
DLY006755,FLT0053732,120,Air Traffic Control
DLY006756,FLT0053733,194,Mechanical Issue
DLY006757,FLT0053752,148,Security
DLY006758,FLT0053765,239,Crew Availability
DLY006759,FLT0053766,100,Security
DLY006760,FLT0053793,135,Crew Availability
DLY006761,FLT0053813,173,Security
DLY006762,FLT0053816,180,Late Aircraft Arrival
DLY006763,FLT0053828,85,Air Traffic Control
DLY006764,FLT0053831,110,Security
DLY006765,FLT0053837,200,Security
DLY006766,FLT0053848,131,Security
DLY006767,FLT0053851,100,Late Aircraft Arrival
DLY006768,FLT0053852,170,Airport Operations
DLY006769,FLT0053855,229,Mechanical Issue
DLY006770,FLT0053861,104,Weather
DLY006771,FLT0053873,103,Weather
DLY006772,FLT0053877,223,Crew Availability
DLY006773,FLT0053879,128,Weather
DLY006774,FLT0053897,114,Weather
DLY006775,FLT0053898,35,Weather
DLY006776,FLT0053899,41,Late Aircraft Arrival
DLY006777,FLT0053912,167,Security
DLY006778,FLT0053913,162,Weather
DLY006779,FLT0053917,91,Weather
DLY006780,FLT0053935,81,Mechanical Issue
DLY006781,FLT0053940,218,Air Traffic Control
DLY006782,FLT0053944,168,Airport Operations
DLY006783,FLT0053949,218,Late Aircraft Arrival
DLY006784,FLT0053953,86,Late Aircraft Arrival
DLY006785,FLT0053956,142,Late Aircraft Arrival
DLY006786,FLT0053975,207,Late Aircraft Arrival
DLY006787,FLT0053977,199,Mechanical Issue
DLY006788,FLT0053978,52,Late Aircraft Arrival
DLY006789,FLT0053979,29,Airport Operations
DLY006790,FLT0054017,232,Mechanical Issue
DLY006791,FLT0054026,195,Security
DLY006792,FLT0054028,238,Weather
DLY006793,FLT0054033,99,Crew Availability
DLY006794,FLT0054038,202,Air Traffic Control
DLY006795,FLT0054042,115,Air Traffic Control
DLY006796,FLT0054058,78,Security
DLY006797,FLT0054081,73,Crew Availability
DLY006798,FLT0054091,174,Airport Operations
DLY006799,FLT0054099,206,Air Traffic Control
DLY006800,FLT0054103,38,Weather
DLY006801,FLT0054112,117,Airport Operations
DLY006802,FLT0054136,19,Airport Operations
DLY006803,FLT0054141,58,Mechanical Issue
DLY006804,FLT0054151,85,Security
DLY006805,FLT0054152,33,Weather
DLY006806,FLT0054153,166,Weather
DLY006807,FLT0054155,198,Weather
DLY006808,FLT0054158,149,Mechanical Issue
DLY006809,FLT0054159,178,Mechanical Issue
DLY006810,FLT0054165,202,Mechanical Issue
DLY006811,FLT0054168,152,Airport Operations
DLY006812,FLT0054178,234,Air Traffic Control
DLY006813,FLT0054179,108,Mechanical Issue
DLY006814,FLT0054180,174,Mechanical Issue
DLY006815,FLT0054181,168,Weather
DLY006816,FLT0054182,35,Airport Operations
DLY006817,FLT0054184,93,Airport Operations
DLY006818,FLT0054186,203,Mechanical Issue
DLY006819,FLT0054197,95,Air Traffic Control
DLY006820,FLT0054203,28,Mechanical Issue
DLY006821,FLT0054206,64,Security
DLY006822,FLT0054219,18,Security
DLY006823,FLT0054220,92,Air Traffic Control
DLY006824,FLT0054245,155,Airport Operations
DLY006825,FLT0054249,188,Crew Availability
DLY006826,FLT0054259,196,Air Traffic Control
DLY006827,FLT0054264,20,Air Traffic Control
DLY006828,FLT0054270,67,Mechanical Issue
DLY006829,FLT0054274,203,Late Aircraft Arrival
DLY006830,FLT0054304,114,Airport Operations
DLY006831,FLT0054314,160,Security
DLY006832,FLT0054316,151,Late Aircraft Arrival
DLY006833,FLT0054327,148,Crew Availability
DLY006834,FLT0054331,215,Security
DLY006835,FLT0054335,228,Air Traffic Control
DLY006836,FLT0054339,109,Mechanical Issue
DLY006837,FLT0054343,159,Late Aircraft Arrival
DLY006838,FLT0054349,135,Security
DLY006839,FLT0054376,173,Airport Operations
DLY006840,FLT0054377,183,Mechanical Issue
DLY006841,FLT0054379,137,Weather
DLY006842,FLT0054399,100,Mechanical Issue
DLY006843,FLT0054404,73,Mechanical Issue
DLY006844,FLT0054418,173,Security
DLY006845,FLT0054420,178,Mechanical Issue
DLY006846,FLT0054428,129,Security
DLY006847,FLT0054434,200,Mechanical Issue
DLY006848,FLT0054442,155,Mechanical Issue
DLY006849,FLT0054446,177,Weather
DLY006850,FLT0054460,217,Security
DLY006851,FLT0054466,97,Airport Operations
DLY006852,FLT0054468,83,Mechanical Issue
DLY006853,FLT0054475,94,Mechanical Issue
DLY006854,FLT0054501,31,Crew Availability
DLY006855,FLT0054504,209,Security
DLY006856,FLT0054517,17,Late Aircraft Arrival
DLY006857,FLT0054548,119,Airport Operations
DLY006858,FLT0054551,165,Crew Availability
DLY006859,FLT0054554,128,Air Traffic Control
DLY006860,FLT0054560,206,Crew Availability
DLY006861,FLT0054565,134,Airport Operations
DLY006862,FLT0054569,150,Weather
DLY006863,FLT0054575,229,Air Traffic Control
DLY006864,FLT0054596,105,Crew Availability
DLY006865,FLT0054599,63,Air Traffic Control
DLY006866,FLT0054602,214,Late Aircraft Arrival
DLY006867,FLT0054608,41,Crew Availability
DLY006868,FLT0054618,78,Mechanical Issue
DLY006869,FLT0054657,108,Security
DLY006870,FLT0054665,148,Late Aircraft Arrival
DLY006871,FLT0054674,232,Mechanical Issue
DLY006872,FLT0054676,64,Airport Operations
DLY006873,FLT0054683,68,Security
DLY006874,FLT0054685,145,Security
DLY006875,FLT0054692,123,Weather
DLY006876,FLT0054697,109,Security
DLY006877,FLT0054699,18,Crew Availability
DLY006878,FLT0054719,98,Airport Operations
DLY006879,FLT0054739,36,Crew Availability
DLY006880,FLT0054743,226,Mechanical Issue
DLY006881,FLT0054745,50,Airport Operations
DLY006882,FLT0054760,36,Weather
DLY006883,FLT0054778,19,Airport Operations
DLY006884,FLT0054780,192,Weather
DLY006885,FLT0054785,164,Late Aircraft Arrival
DLY006886,FLT0054789,65,Mechanical Issue
DLY006887,FLT0054801,102,Air Traffic Control
DLY006888,FLT0054805,142,Mechanical Issue
DLY006889,FLT0054808,104,Security
DLY006890,FLT0054810,195,Late Aircraft Arrival
DLY006891,FLT0054812,89,Crew Availability
DLY006892,FLT0054827,90,Weather
DLY006893,FLT0054839,158,Mechanical Issue
DLY006894,FLT0054858,227,Mechanical Issue
DLY006895,FLT0054871,126,Crew Availability
DLY006896,FLT0054872,216,Airport Operations
DLY006897,FLT0054873,227,Mechanical Issue
DLY006898,FLT0054880,190,Mechanical Issue
DLY006899,FLT0054882,139,Mechanical Issue
DLY006900,FLT0054891,130,Mechanical Issue
DLY006901,FLT0054893,34,Crew Availability
DLY006902,FLT0054902,192,Crew Availability
DLY006903,FLT0054904,205,Airport Operations
DLY006904,FLT0054908,25,Air Traffic Control
DLY006905,FLT0054910,213,Airport Operations
DLY006906,FLT0054914,17,Weather
DLY006907,FLT0054921,134,Weather
DLY006908,FLT0054938,25,Crew Availability
DLY006909,FLT0054942,141,Crew Availability
DLY006910,FLT0054950,39,Air Traffic Control
DLY006911,FLT0054952,186,Late Aircraft Arrival
DLY006912,FLT0054973,72,Air Traffic Control
DLY006913,FLT0054988,102,Airport Operations
DLY006914,FLT0054989,153,Weather
DLY006915,FLT0054994,190,Mechanical Issue
DLY006916,FLT0055019,66,Mechanical Issue
DLY006917,FLT0055028,212,Weather
DLY006918,FLT0055039,145,Mechanical Issue
DLY006919,FLT0055041,147,Late Aircraft Arrival
DLY006920,FLT0055042,124,Late Aircraft Arrival
DLY006921,FLT0055045,56,Air Traffic Control
DLY006922,FLT0055046,73,Weather
DLY006923,FLT0055052,219,Security
DLY006924,FLT0055053,92,Weather
DLY006925,FLT0055056,209,Weather
DLY006926,FLT0055065,191,Air Traffic Control
DLY006927,FLT0055066,170,Security
DLY006928,FLT0055072,39,Crew Availability
DLY006929,FLT0055079,82,Security
DLY006930,FLT0055096,157,Weather
DLY006931,FLT0055101,188,Security
DLY006932,FLT0055111,69,Airport Operations
DLY006933,FLT0055112,202,Airport Operations
DLY006934,FLT0055115,209,Mechanical Issue
DLY006935,FLT0055146,163,Airport Operations
DLY006936,FLT0055152,188,Airport Operations
DLY006937,FLT0055154,29,Air Traffic Control
DLY006938,FLT0055158,75,Security
DLY006939,FLT0055162,69,Crew Availability
DLY006940,FLT0055164,34,Mechanical Issue
DLY006941,FLT0055167,198,Crew Availability
DLY006942,FLT0055173,206,Late Aircraft Arrival
DLY006943,FLT0055174,34,Air Traffic Control
DLY006944,FLT0055179,193,Security
DLY006945,FLT0055205,158,Crew Availability
DLY006946,FLT0055209,146,Late Aircraft Arrival
DLY006947,FLT0055217,204,Weather
DLY006948,FLT0055218,103,Late Aircraft Arrival
DLY006949,FLT0055241,152,Security
DLY006950,FLT0055247,228,Late Aircraft Arrival
DLY006951,FLT0055249,36,Air Traffic Control
DLY006952,FLT0055254,30,Crew Availability
DLY006953,FLT0055256,146,Security
DLY006954,FLT0055263,136,Weather
DLY006955,FLT0055265,137,Weather
DLY006956,FLT0055274,159,Late Aircraft Arrival
DLY006957,FLT0055275,119,Air Traffic Control
DLY006958,FLT0055277,76,Airport Operations
DLY006959,FLT0055279,128,Airport Operations
DLY006960,FLT0055291,25,Security
DLY006961,FLT0055293,19,Crew Availability
DLY006962,FLT0055298,29,Air Traffic Control
DLY006963,FLT0055301,214,Security
DLY006964,FLT0055318,159,Air Traffic Control
DLY006965,FLT0055327,86,Late Aircraft Arrival
DLY006966,FLT0055334,140,Crew Availability
DLY006967,FLT0055335,144,Crew Availability
DLY006968,FLT0055358,16,Air Traffic Control
DLY006969,FLT0055364,175,Airport Operations
DLY006970,FLT0055386,210,Mechanical Issue
DLY006971,FLT0055387,48,Airport Operations
DLY006972,FLT0055388,217,Late Aircraft Arrival
DLY006973,FLT0055399,54,Crew Availability
DLY006974,FLT0055425,80,Security
DLY006975,FLT0055434,41,Security
DLY006976,FLT0055441,35,Weather
DLY006977,FLT0055447,201,Airport Operations
DLY006978,FLT0055449,198,Weather
DLY006979,FLT0055450,211,Security
DLY006980,FLT0055456,220,Security
DLY006981,FLT0055463,87,Security
DLY006982,FLT0055464,231,Air Traffic Control
DLY006983,FLT0055467,119,Weather
DLY006984,FLT0055470,132,Crew Availability
DLY006985,FLT0055477,99,Air Traffic Control
DLY006986,FLT0055484,26,Airport Operations
DLY006987,FLT0055488,135,Weather
DLY006988,FLT0055535,217,Late Aircraft Arrival
DLY006989,FLT0055544,185,Air Traffic Control
DLY006990,FLT0055551,216,Airport Operations
DLY006991,FLT0055555,201,Security
DLY006992,FLT0055561,84,Airport Operations
DLY006993,FLT0055563,182,Airport Operations
DLY006994,FLT0055570,22,Crew Availability
DLY006995,FLT0055572,192,Crew Availability
DLY006996,FLT0055574,165,Late Aircraft Arrival
DLY006997,FLT0055594,99,Security
DLY006998,FLT0055595,205,Security
DLY006999,FLT0055602,170,Air Traffic Control
DLY007000,FLT0055606,152,Late Aircraft Arrival
DLY007001,FLT0055613,72,Air Traffic Control
DLY007002,FLT0055637,114,Crew Availability
DLY007003,FLT0055647,223,Security
DLY007004,FLT0055670,193,Air Traffic Control
DLY007005,FLT0055671,226,Air Traffic Control
DLY007006,FLT0055672,119,Late Aircraft Arrival
DLY007007,FLT0055683,56,Crew Availability
DLY007008,FLT0055684,218,Airport Operations
DLY007009,FLT0055705,106,Security
DLY007010,FLT0055707,102,Air Traffic Control
DLY007011,FLT0055715,117,Security
DLY007012,FLT0055725,224,Airport Operations
DLY007013,FLT0055745,198,Weather
DLY007014,FLT0055796,15,Security
DLY007015,FLT0055803,121,Air Traffic Control
DLY007016,FLT0055804,69,Security
DLY007017,FLT0055809,131,Late Aircraft Arrival
DLY007018,FLT0055817,147,Mechanical Issue
DLY007019,FLT0055818,34,Security
DLY007020,FLT0055836,79,Air Traffic Control
DLY007021,FLT0055841,40,Airport Operations
DLY007022,FLT0055846,78,Late Aircraft Arrival
DLY007023,FLT0055851,163,Airport Operations
DLY007024,FLT0055858,229,Air Traffic Control
DLY007025,FLT0055862,100,Late Aircraft Arrival
DLY007026,FLT0055871,232,Air Traffic Control
DLY007027,FLT0055880,109,Late Aircraft Arrival
DLY007028,FLT0055905,163,Air Traffic Control
DLY007029,FLT0055908,52,Weather
DLY007030,FLT0055913,133,Late Aircraft Arrival
DLY007031,FLT0055916,34,Weather
DLY007032,FLT0055931,101,Air Traffic Control
DLY007033,FLT0055939,108,Air Traffic Control
DLY007034,FLT0055947,64,Crew Availability
DLY007035,FLT0055953,180,Late Aircraft Arrival
DLY007036,FLT0055984,221,Airport Operations
DLY007037,FLT0055989,82,Late Aircraft Arrival
DLY007038,FLT0055994,18,Mechanical Issue
DLY007039,FLT0056004,209,Security
DLY007040,FLT0056005,54,Late Aircraft Arrival
DLY007041,FLT0056014,142,Crew Availability
DLY007042,FLT0056024,106,Security
DLY007043,FLT0056034,222,Air Traffic Control
DLY007044,FLT0056036,94,Security
DLY007045,FLT0056042,161,Air Traffic Control
DLY007046,FLT0056043,25,Airport Operations
DLY007047,FLT0056063,31,Mechanical Issue
DLY007048,FLT0056072,136,Weather
DLY007049,FLT0056073,149,Airport Operations
DLY007050,FLT0056081,102,Crew Availability
DLY007051,FLT0056083,68,Security
DLY007052,FLT0056084,78,Security
DLY007053,FLT0056087,153,Late Aircraft Arrival
DLY007054,FLT0056090,213,Mechanical Issue
DLY007055,FLT0056091,146,Air Traffic Control
DLY007056,FLT0056092,206,Security
DLY007057,FLT0056093,65,Airport Operations
DLY007058,FLT0056094,210,Air Traffic Control
DLY007059,FLT0056105,139,Airport Operations
DLY007060,FLT0056115,118,Airport Operations
DLY007061,FLT0056116,125,Crew Availability
DLY007062,FLT0056128,205,Security
DLY007063,FLT0056143,37,Air Traffic Control
DLY007064,FLT0056144,152,Mechanical Issue
DLY007065,FLT0056148,64,Air Traffic Control
DLY007066,FLT0056150,58,Late Aircraft Arrival
DLY007067,FLT0056152,143,Air Traffic Control
DLY007068,FLT0056157,139,Security
DLY007069,FLT0056164,60,Security
DLY007070,FLT0056170,208,Air Traffic Control
DLY007071,FLT0056171,211,Air Traffic Control
DLY007072,FLT0056183,167,Air Traffic Control
DLY007073,FLT0056189,138,Weather
DLY007074,FLT0056191,32,Air Traffic Control
DLY007075,FLT0056192,107,Security
DLY007076,FLT0056193,23,Air Traffic Control
DLY007077,FLT0056199,134,Mechanical Issue
DLY007078,FLT0056201,190,Crew Availability
DLY007079,FLT0056216,203,Air Traffic Control
DLY007080,FLT0056230,16,Air Traffic Control
DLY007081,FLT0056237,206,Mechanical Issue
DLY007082,FLT0056239,29,Airport Operations
DLY007083,FLT0056261,203,Weather
DLY007084,FLT0056262,203,Weather
DLY007085,FLT0056265,183,Mechanical Issue
DLY007086,FLT0056268,34,Weather
DLY007087,FLT0056270,123,Airport Operations
DLY007088,FLT0056303,239,Weather
DLY007089,FLT0056311,143,Crew Availability
DLY007090,FLT0056312,75,Security
DLY007091,FLT0056314,214,Security
DLY007092,FLT0056320,200,Mechanical Issue
DLY007093,FLT0056340,116,Crew Availability
DLY007094,FLT0056343,157,Air Traffic Control
DLY007095,FLT0056358,110,Crew Availability
DLY007096,FLT0056363,192,Weather
DLY007097,FLT0056373,153,Security
DLY007098,FLT0056380,150,Security
DLY007099,FLT0056389,44,Air Traffic Control
DLY007100,FLT0056398,122,Late Aircraft Arrival
DLY007101,FLT0056404,158,Mechanical Issue
DLY007102,FLT0056439,214,Mechanical Issue
DLY007103,FLT0056453,139,Crew Availability
DLY007104,FLT0056468,193,Crew Availability
DLY007105,FLT0056475,182,Weather
DLY007106,FLT0056479,35,Mechanical Issue
DLY007107,FLT0056514,38,Air Traffic Control
DLY007108,FLT0056518,142,Mechanical Issue
DLY007109,FLT0056519,194,Security
DLY007110,FLT0056534,88,Crew Availability
DLY007111,FLT0056546,186,Security
DLY007112,FLT0056548,168,Crew Availability
DLY007113,FLT0056550,212,Airport Operations
DLY007114,FLT0056566,49,Weather
DLY007115,FLT0056572,196,Weather
DLY007116,FLT0056580,222,Mechanical Issue
DLY007117,FLT0056609,160,Security
DLY007118,FLT0056614,22,Late Aircraft Arrival
DLY007119,FLT0056616,15,Weather
DLY007120,FLT0056622,145,Late Aircraft Arrival
DLY007121,FLT0056638,150,Air Traffic Control
DLY007122,FLT0056640,87,Mechanical Issue
DLY007123,FLT0056644,186,Airport Operations
DLY007124,FLT0056664,159,Airport Operations
DLY007125,FLT0056665,52,Weather
DLY007126,FLT0056671,108,Weather
DLY007127,FLT0056673,152,Air Traffic Control
DLY007128,FLT0056674,57,Airport Operations
DLY007129,FLT0056699,88,Crew Availability
DLY007130,FLT0056709,38,Mechanical Issue
DLY007131,FLT0056730,68,Security
DLY007132,FLT0056732,41,Security
DLY007133,FLT0056737,29,Airport Operations
DLY007134,FLT0056745,235,Security
DLY007135,FLT0056748,70,Security
DLY007136,FLT0056760,75,Crew Availability
DLY007137,FLT0056764,133,Late Aircraft Arrival
DLY007138,FLT0056770,89,Air Traffic Control
DLY007139,FLT0056774,226,Weather
DLY007140,FLT0056776,113,Mechanical Issue
DLY007141,FLT0056779,197,Weather
DLY007142,FLT0056785,49,Late Aircraft Arrival
DLY007143,FLT0056789,157,Mechanical Issue
DLY007144,FLT0056802,52,Air Traffic Control
DLY007145,FLT0056804,70,Weather
DLY007146,FLT0056806,103,Crew Availability
DLY007147,FLT0056815,186,Late Aircraft Arrival
DLY007148,FLT0056817,228,Crew Availability
DLY007149,FLT0056820,86,Security
DLY007150,FLT0056835,108,Security
DLY007151,FLT0056847,154,Mechanical Issue
DLY007152,FLT0056849,165,Airport Operations
DLY007153,FLT0056853,106,Air Traffic Control
DLY007154,FLT0056855,194,Mechanical Issue
DLY007155,FLT0056864,221,Security
DLY007156,FLT0056872,151,Crew Availability
DLY007157,FLT0056873,44,Security
DLY007158,FLT0056877,69,Mechanical Issue
DLY007159,FLT0056895,195,Weather
DLY007160,FLT0056927,225,Mechanical Issue
DLY007161,FLT0056940,78,Late Aircraft Arrival
DLY007162,FLT0056945,96,Mechanical Issue
DLY007163,FLT0056950,227,Mechanical Issue
DLY007164,FLT0056970,197,Late Aircraft Arrival
DLY007165,FLT0056972,229,Crew Availability
DLY007166,FLT0056980,37,Security
DLY007167,FLT0056988,145,Crew Availability
DLY007168,FLT0056993,208,Air Traffic Control
DLY007169,FLT0057014,72,Crew Availability
DLY007170,FLT0057024,157,Weather
DLY007171,FLT0057026,134,Mechanical Issue
DLY007172,FLT0057033,223,Air Traffic Control
DLY007173,FLT0057035,171,Security
DLY007174,FLT0057042,86,Crew Availability
DLY007175,FLT0057054,192,Weather
DLY007176,FLT0057071,113,Mechanical Issue
DLY007177,FLT0057078,58,Mechanical Issue
DLY007178,FLT0057082,64,Crew Availability
DLY007179,FLT0057099,216,Air Traffic Control
DLY007180,FLT0057100,135,Airport Operations
DLY007181,FLT0057105,126,Crew Availability
DLY007182,FLT0057108,136,Crew Availability
DLY007183,FLT0057114,113,Late Aircraft Arrival
DLY007184,FLT0057118,132,Security
DLY007185,FLT0057124,120,Mechanical Issue
DLY007186,FLT0057133,135,Mechanical Issue
DLY007187,FLT0057142,40,Weather
DLY007188,FLT0057148,55,Security
DLY007189,FLT0057154,22,Airport Operations
DLY007190,FLT0057155,48,Weather
DLY007191,FLT0057174,198,Late Aircraft Arrival
DLY007192,FLT0057176,167,Crew Availability
DLY007193,FLT0057178,171,Mechanical Issue
DLY007194,FLT0057181,206,Air Traffic Control
DLY007195,FLT0057182,53,Security
DLY007196,FLT0057200,176,Air Traffic Control
DLY007197,FLT0057206,141,Air Traffic Control
DLY007198,FLT0057211,97,Late Aircraft Arrival
DLY007199,FLT0057251,20,Crew Availability
DLY007200,FLT0057255,101,Security
DLY007201,FLT0057261,70,Air Traffic Control
DLY007202,FLT0057266,63,Mechanical Issue
DLY007203,FLT0057268,33,Air Traffic Control
DLY007204,FLT0057277,174,Crew Availability
DLY007205,FLT0057285,224,Late Aircraft Arrival
DLY007206,FLT0057288,38,Crew Availability
DLY007207,FLT0057306,73,Mechanical Issue
DLY007208,FLT0057312,144,Mechanical Issue
DLY007209,FLT0057315,72,Weather
DLY007210,FLT0057321,214,Security
DLY007211,FLT0057322,159,Late Aircraft Arrival
DLY007212,FLT0057334,105,Air Traffic Control
DLY007213,FLT0057335,192,Late Aircraft Arrival
DLY007214,FLT0057336,214,Weather
DLY007215,FLT0057341,114,Late Aircraft Arrival
DLY007216,FLT0057343,42,Air Traffic Control
DLY007217,FLT0057344,59,Crew Availability
DLY007218,FLT0057345,174,Air Traffic Control
DLY007219,FLT0057350,75,Air Traffic Control
DLY007220,FLT0057358,178,Mechanical Issue
DLY007221,FLT0057370,20,Late Aircraft Arrival
DLY007222,FLT0057396,31,Air Traffic Control
DLY007223,FLT0057397,169,Air Traffic Control
DLY007224,FLT0057400,235,Mechanical Issue
DLY007225,FLT0057403,81,Weather
DLY007226,FLT0057410,99,Mechanical Issue
DLY007227,FLT0057411,169,Mechanical Issue
DLY007228,FLT0057417,125,Mechanical Issue
DLY007229,FLT0057424,239,Crew Availability
DLY007230,FLT0057452,217,Mechanical Issue
DLY007231,FLT0057454,193,Weather
DLY007232,FLT0057458,96,Crew Availability
DLY007233,FLT0057464,195,Weather
DLY007234,FLT0057465,66,Weather
DLY007235,FLT0057490,86,Air Traffic Control
DLY007236,FLT0057493,90,Airport Operations
DLY007237,FLT0057500,194,Weather
DLY007238,FLT0057509,200,Weather
DLY007239,FLT0057530,23,Late Aircraft Arrival
DLY007240,FLT0057545,99,Airport Operations
DLY007241,FLT0057551,66,Crew Availability
DLY007242,FLT0057557,167,Air Traffic Control
DLY007243,FLT0057561,41,Weather
DLY007244,FLT0057562,21,Air Traffic Control
DLY007245,FLT0057577,123,Weather
DLY007246,FLT0057585,76,Weather
DLY007247,FLT0057593,129,Crew Availability
DLY007248,FLT0057603,73,Mechanical Issue
DLY007249,FLT0057626,18,Late Aircraft Arrival
DLY007250,FLT0057629,197,Weather
DLY007251,FLT0057630,187,Crew Availability
DLY007252,FLT0057645,88,Air Traffic Control
DLY007253,FLT0057663,195,Airport Operations
DLY007254,FLT0057673,67,Security
DLY007255,FLT0057685,230,Weather
DLY007256,FLT0057699,234,Airport Operations
DLY007257,FLT0057701,21,Crew Availability
DLY007258,FLT0057705,123,Mechanical Issue
DLY007259,FLT0057719,24,Crew Availability
DLY007260,FLT0057724,29,Crew Availability
DLY007261,FLT0057732,140,Weather
DLY007262,FLT0057745,52,Crew Availability
DLY007263,FLT0057771,41,Airport Operations
DLY007264,FLT0057774,71,Mechanical Issue
DLY007265,FLT0057775,219,Weather
DLY007266,FLT0057787,208,Security
DLY007267,FLT0057794,86,Crew Availability
DLY007268,FLT0057797,86,Airport Operations
DLY007269,FLT0057806,96,Security
DLY007270,FLT0057807,81,Airport Operations
DLY007271,FLT0057820,21,Security
DLY007272,FLT0057828,15,Late Aircraft Arrival
DLY007273,FLT0057831,235,Security
DLY007274,FLT0057839,122,Security
DLY007275,FLT0057842,198,Air Traffic Control
DLY007276,FLT0057845,230,Mechanical Issue
DLY007277,FLT0057857,228,Security
DLY007278,FLT0057873,119,Late Aircraft Arrival
DLY007279,FLT0057882,220,Crew Availability
DLY007280,FLT0057883,236,Weather
DLY007281,FLT0057885,238,Crew Availability
DLY007282,FLT0057888,205,Mechanical Issue
DLY007283,FLT0057890,102,Airport Operations
DLY007284,FLT0057899,200,Crew Availability
DLY007285,FLT0057910,115,Airport Operations
DLY007286,FLT0057925,142,Security
DLY007287,FLT0057927,170,Airport Operations
DLY007288,FLT0057928,216,Crew Availability
DLY007289,FLT0057932,102,Airport Operations
DLY007290,FLT0057935,91,Security
DLY007291,FLT0057937,91,Late Aircraft Arrival
DLY007292,FLT0057945,228,Air Traffic Control
DLY007293,FLT0057961,146,Crew Availability
DLY007294,FLT0057964,19,Airport Operations
DLY007295,FLT0057966,148,Weather
DLY007296,FLT0057970,235,Security
DLY007297,FLT0057981,198,Mechanical Issue
DLY007298,FLT0058004,128,Crew Availability
DLY007299,FLT0058023,22,Weather
DLY007300,FLT0058031,16,Airport Operations
DLY007301,FLT0058041,17,Mechanical Issue
DLY007302,FLT0058050,223,Security
DLY007303,FLT0058056,204,Airport Operations
DLY007304,FLT0058060,155,Crew Availability
DLY007305,FLT0058067,181,Air Traffic Control
DLY007306,FLT0058071,201,Mechanical Issue
DLY007307,FLT0058083,143,Airport Operations
DLY007308,FLT0058085,159,Security
DLY007309,FLT0058103,138,Air Traffic Control
DLY007310,FLT0058105,153,Security
DLY007311,FLT0058116,104,Weather
DLY007312,FLT0058122,131,Airport Operations
DLY007313,FLT0058128,213,Mechanical Issue
DLY007314,FLT0058131,118,Late Aircraft Arrival
DLY007315,FLT0058136,107,Airport Operations
DLY007316,FLT0058141,87,Airport Operations
DLY007317,FLT0058149,92,Crew Availability
DLY007318,FLT0058154,197,Security
DLY007319,FLT0058156,136,Air Traffic Control
DLY007320,FLT0058159,154,Air Traffic Control
DLY007321,FLT0058166,130,Crew Availability
DLY007322,FLT0058167,211,Late Aircraft Arrival
DLY007323,FLT0058170,158,Crew Availability
DLY007324,FLT0058186,116,Airport Operations
DLY007325,FLT0058196,87,Crew Availability
DLY007326,FLT0058202,61,Crew Availability
DLY007327,FLT0058204,155,Crew Availability
DLY007328,FLT0058207,163,Crew Availability
DLY007329,FLT0058215,37,Airport Operations
DLY007330,FLT0058226,50,Late Aircraft Arrival
DLY007331,FLT0058230,104,Crew Availability
DLY007332,FLT0058235,197,Airport Operations
DLY007333,FLT0058237,190,Air Traffic Control
DLY007334,FLT0058241,20,Air Traffic Control
DLY007335,FLT0058244,29,Airport Operations
DLY007336,FLT0058245,123,Crew Availability
DLY007337,FLT0058250,25,Airport Operations
DLY007338,FLT0058254,228,Air Traffic Control
DLY007339,FLT0058255,161,Crew Availability
DLY007340,FLT0058271,179,Mechanical Issue
DLY007341,FLT0058272,62,Late Aircraft Arrival
DLY007342,FLT0058282,180,Late Aircraft Arrival
DLY007343,FLT0058283,47,Weather
DLY007344,FLT0058284,221,Late Aircraft Arrival
DLY007345,FLT0058316,139,Crew Availability
DLY007346,FLT0058318,57,Late Aircraft Arrival
DLY007347,FLT0058319,151,Airport Operations
DLY007348,FLT0058322,39,Air Traffic Control
DLY007349,FLT0058331,138,Weather
DLY007350,FLT0058337,166,Security
DLY007351,FLT0058340,99,Airport Operations
DLY007352,FLT0058344,237,Mechanical Issue
DLY007353,FLT0058348,231,Security
DLY007354,FLT0058350,140,Weather
DLY007355,FLT0058361,108,Mechanical Issue
DLY007356,FLT0058365,219,Crew Availability
DLY007357,FLT0058371,41,Late Aircraft Arrival
DLY007358,FLT0058377,148,Mechanical Issue
DLY007359,FLT0058382,126,Late Aircraft Arrival
DLY007360,FLT0058390,50,Air Traffic Control
DLY007361,FLT0058396,136,Airport Operations
DLY007362,FLT0058398,91,Mechanical Issue
DLY007363,FLT0058399,192,Crew Availability
DLY007364,FLT0058408,239,Mechanical Issue
DLY007365,FLT0058410,113,Security
DLY007366,FLT0058427,228,Security
DLY007367,FLT0058435,66,Crew Availability
DLY007368,FLT0058440,164,Crew Availability
DLY007369,FLT0058450,224,Airport Operations
DLY007370,FLT0058454,57,Crew Availability
DLY007371,FLT0058472,170,Crew Availability
DLY007372,FLT0058477,191,Security
DLY007373,FLT0058488,139,Crew Availability
DLY007374,FLT0058489,68,Security
DLY007375,FLT0058504,29,Late Aircraft Arrival
DLY007376,FLT0058506,45,Mechanical Issue
DLY007377,FLT0058515,188,Airport Operations
DLY007378,FLT0058524,69,Late Aircraft Arrival
DLY007379,FLT0058526,158,Weather
DLY007380,FLT0058532,60,Late Aircraft Arrival
DLY007381,FLT0058533,85,Airport Operations
DLY007382,FLT0058535,35,Crew Availability
DLY007383,FLT0058540,66,Mechanical Issue
DLY007384,FLT0058568,133,Crew Availability
DLY007385,FLT0058589,232,Mechanical Issue
DLY007386,FLT0058592,68,Weather
DLY007387,FLT0058595,125,Mechanical Issue
DLY007388,FLT0058596,40,Mechanical Issue
DLY007389,FLT0058598,147,Late Aircraft Arrival
DLY007390,FLT0058603,172,Weather
DLY007391,FLT0058611,224,Crew Availability
DLY007392,FLT0058620,175,Crew Availability
DLY007393,FLT0058627,185,Airport Operations
DLY007394,FLT0058651,170,Mechanical Issue
DLY007395,FLT0058657,224,Crew Availability
DLY007396,FLT0058665,199,Late Aircraft Arrival
DLY007397,FLT0058678,104,Weather
DLY007398,FLT0058680,66,Crew Availability
DLY007399,FLT0058696,69,Mechanical Issue
DLY007400,FLT0058704,56,Air Traffic Control
DLY007401,FLT0058715,181,Mechanical Issue
DLY007402,FLT0058717,97,Crew Availability
DLY007403,FLT0058737,104,Crew Availability
DLY007404,FLT0058740,56,Airport Operations
DLY007405,FLT0058742,61,Mechanical Issue
DLY007406,FLT0058765,118,Crew Availability
DLY007407,FLT0058772,65,Mechanical Issue
DLY007408,FLT0058773,230,Airport Operations
DLY007409,FLT0058782,190,Mechanical Issue
DLY007410,FLT0058802,36,Mechanical Issue
DLY007411,FLT0058805,50,Air Traffic Control
DLY007412,FLT0058806,154,Air Traffic Control
DLY007413,FLT0058818,211,Air Traffic Control
DLY007414,FLT0058825,184,Air Traffic Control
DLY007415,FLT0058828,224,Late Aircraft Arrival
DLY007416,FLT0058829,17,Security
DLY007417,FLT0058852,177,Crew Availability
DLY007418,FLT0058855,105,Crew Availability
DLY007419,FLT0058880,148,Air Traffic Control
DLY007420,FLT0058884,177,Mechanical Issue
DLY007421,FLT0058888,225,Security
DLY007422,FLT0058895,56,Crew Availability
DLY007423,FLT0058899,187,Airport Operations
DLY007424,FLT0058904,237,Late Aircraft Arrival
DLY007425,FLT0058906,43,Mechanical Issue
DLY007426,FLT0058922,156,Mechanical Issue
DLY007427,FLT0058927,179,Mechanical Issue
DLY007428,FLT0058933,152,Security
DLY007429,FLT0058945,210,Crew Availability
DLY007430,FLT0058978,156,Security
DLY007431,FLT0058980,103,Security
DLY007432,FLT0058981,184,Security
DLY007433,FLT0058983,55,Mechanical Issue
DLY007434,FLT0058990,161,Mechanical Issue
DLY007435,FLT0058997,19,Weather
DLY007436,FLT0059001,121,Air Traffic Control
DLY007437,FLT0059002,173,Airport Operations
DLY007438,FLT0059012,152,Air Traffic Control
DLY007439,FLT0059023,114,Mechanical Issue
DLY007440,FLT0059028,225,Late Aircraft Arrival
DLY007441,FLT0059040,222,Mechanical Issue
DLY007442,FLT0059047,34,Air Traffic Control
DLY007443,FLT0059052,92,Air Traffic Control
DLY007444,FLT0059068,159,Airport Operations
DLY007445,FLT0059070,212,Crew Availability
DLY007446,FLT0059079,104,Crew Availability
DLY007447,FLT0059082,33,Mechanical Issue
DLY007448,FLT0059103,126,Crew Availability
DLY007449,FLT0059135,92,Security
DLY007450,FLT0059136,227,Weather
DLY007451,FLT0059139,122,Security
DLY007452,FLT0059145,172,Air Traffic Control
DLY007453,FLT0059152,20,Weather
DLY007454,FLT0059157,83,Security
DLY007455,FLT0059160,103,Crew Availability
DLY007456,FLT0059161,188,Mechanical Issue
DLY007457,FLT0059164,150,Mechanical Issue
DLY007458,FLT0059173,135,Air Traffic Control
DLY007459,FLT0059177,149,Security
DLY007460,FLT0059207,187,Air Traffic Control
DLY007461,FLT0059209,160,Mechanical Issue
DLY007462,FLT0059215,222,Mechanical Issue
DLY007463,FLT0059233,46,Airport Operations
DLY007464,FLT0059256,149,Airport Operations
DLY007465,FLT0059259,192,Weather
DLY007466,FLT0059269,45,Security
DLY007467,FLT0059281,145,Late Aircraft Arrival
DLY007468,FLT0059282,235,Security
DLY007469,FLT0059286,101,Weather
DLY007470,FLT0059298,168,Airport Operations
DLY007471,FLT0059317,28,Mechanical Issue
DLY007472,FLT0059346,108,Weather
DLY007473,FLT0059348,181,Crew Availability
DLY007474,FLT0059360,34,Crew Availability
DLY007475,FLT0059366,221,Security
DLY007476,FLT0059367,134,Security
DLY007477,FLT0059368,74,Mechanical Issue
DLY007478,FLT0059372,157,Air Traffic Control
DLY007479,FLT0059374,228,Security
DLY007480,FLT0059377,19,Crew Availability
DLY007481,FLT0059384,234,Airport Operations
DLY007482,FLT0059394,146,Airport Operations
DLY007483,FLT0059400,38,Weather
DLY007484,FLT0059404,85,Weather
DLY007485,FLT0059405,93,Air Traffic Control
DLY007486,FLT0059413,146,Airport Operations
DLY007487,FLT0059439,60,Airport Operations
DLY007488,FLT0059446,80,Weather
DLY007489,FLT0059454,136,Late Aircraft Arrival
DLY007490,FLT0059467,219,Airport Operations
DLY007491,FLT0059475,132,Crew Availability
DLY007492,FLT0059476,86,Late Aircraft Arrival
DLY007493,FLT0059482,167,Airport Operations
DLY007494,FLT0059500,167,Airport Operations
DLY007495,FLT0059516,183,Mechanical Issue
DLY007496,FLT0059517,87,Security
DLY007497,FLT0059519,50,Security
DLY007498,FLT0059530,207,Weather
DLY007499,FLT0059532,58,Weather
DLY007500,FLT0059549,38,Late Aircraft Arrival
DLY007501,FLT0059560,102,Crew Availability
DLY007502,FLT0059568,80,Crew Availability
DLY007503,FLT0059569,151,Late Aircraft Arrival
DLY007504,FLT0059582,116,Mechanical Issue
DLY007505,FLT0059593,129,Air Traffic Control
DLY007506,FLT0059621,27,Late Aircraft Arrival
DLY007507,FLT0059631,26,Mechanical Issue
DLY007508,FLT0059646,29,Security
DLY007509,FLT0059647,135,Mechanical Issue
DLY007510,FLT0059651,178,Security
DLY007511,FLT0059656,44,Weather
DLY007512,FLT0059669,140,Airport Operations
DLY007513,FLT0059690,57,Security
DLY007514,FLT0059693,103,Crew Availability
DLY007515,FLT0059696,16,Airport Operations
DLY007516,FLT0059698,125,Crew Availability
DLY007517,FLT0059726,27,Late Aircraft Arrival
DLY007518,FLT0059728,32,Late Aircraft Arrival
DLY007519,FLT0059741,217,Mechanical Issue
DLY007520,FLT0059755,17,Weather
DLY007521,FLT0059763,118,Weather
DLY007522,FLT0059764,143,Late Aircraft Arrival
DLY007523,FLT0059767,189,Late Aircraft Arrival
DLY007524,FLT0059781,213,Airport Operations
DLY007525,FLT0059816,156,Late Aircraft Arrival
DLY007526,FLT0059824,22,Airport Operations
DLY007527,FLT0059830,236,Late Aircraft Arrival
DLY007528,FLT0059844,137,Weather
DLY007529,FLT0059846,49,Security
DLY007530,FLT0059860,207,Airport Operations
DLY007531,FLT0059866,60,Air Traffic Control
DLY007532,FLT0059868,206,Crew Availability
DLY007533,FLT0059869,99,Air Traffic Control
DLY007534,FLT0059870,235,Airport Operations
DLY007535,FLT0059873,182,Security
DLY007536,FLT0059878,66,Late Aircraft Arrival
DLY007537,FLT0059880,129,Mechanical Issue
DLY007538,FLT0059892,88,Crew Availability
DLY007539,FLT0059900,67,Mechanical Issue
DLY007540,FLT0059912,193,Mechanical Issue
DLY007541,FLT0059915,232,Crew Availability
DLY007542,FLT0059931,81,Crew Availability
DLY007543,FLT0059940,206,Late Aircraft Arrival
DLY007544,FLT0059942,222,Mechanical Issue
DLY007545,FLT0059952,202,Mechanical Issue
DLY007546,FLT0059957,84,Air Traffic Control
DLY007547,FLT0059958,61,Late Aircraft Arrival
DLY007548,FLT0059960,177,Security
DLY007549,FLT0059976,97,Air Traffic Control
DLY007550,FLT0059981,132,Crew Availability
DLY007551,FLT0059984,76,Airport Operations
DLY007552,FLT0059989,171,Mechanical Issue
DLY007553,FLT0059997,222,Airport Operations
DLY007554,FLT0060009,125,Weather
DLY007555,FLT0060014,79,Security
DLY007556,FLT0060032,35,Mechanical Issue
DLY007557,FLT0060037,31,Late Aircraft Arrival
DLY007558,FLT0060044,36,Mechanical Issue
DLY007559,FLT0060050,223,Crew Availability
DLY007560,FLT0060063,19,Crew Availability
DLY007561,FLT0060069,33,Crew Availability
DLY007562,FLT0060073,224,Late Aircraft Arrival
DLY007563,FLT0060074,46,Airport Operations
DLY007564,FLT0060086,26,Weather
DLY007565,FLT0060091,220,Mechanical Issue
DLY007566,FLT0060093,143,Mechanical Issue
DLY007567,FLT0060103,129,Airport Operations
DLY007568,FLT0060106,95,Airport Operations
DLY007569,FLT0060110,206,Mechanical Issue
DLY007570,FLT0060119,237,Weather
DLY007571,FLT0060126,92,Weather
DLY007572,FLT0060127,64,Airport Operations
DLY007573,FLT0060128,170,Crew Availability
DLY007574,FLT0060129,178,Late Aircraft Arrival
DLY007575,FLT0060134,96,Weather
DLY007576,FLT0060136,93,Late Aircraft Arrival
DLY007577,FLT0060139,24,Security
DLY007578,FLT0060154,143,Air Traffic Control
DLY007579,FLT0060161,85,Airport Operations
DLY007580,FLT0060171,157,Late Aircraft Arrival
DLY007581,FLT0060179,189,Security
DLY007582,FLT0060185,21,Mechanical Issue
DLY007583,FLT0060191,184,Mechanical Issue
DLY007584,FLT0060204,164,Air Traffic Control
DLY007585,FLT0060218,186,Crew Availability
DLY007586,FLT0060219,187,Late Aircraft Arrival
DLY007587,FLT0060223,75,Weather
DLY007588,FLT0060227,66,Air Traffic Control
DLY007589,FLT0060236,77,Mechanical Issue
DLY007590,FLT0060238,187,Late Aircraft Arrival
DLY007591,FLT0060239,76,Crew Availability
DLY007592,FLT0060240,26,Mechanical Issue
DLY007593,FLT0060245,109,Airport Operations
DLY007594,FLT0060255,207,Crew Availability
DLY007595,FLT0060257,196,Late Aircraft Arrival
DLY007596,FLT0060268,28,Weather
DLY007597,FLT0060313,102,Mechanical Issue
DLY007598,FLT0060324,168,Crew Availability
DLY007599,FLT0060396,193,Air Traffic Control
DLY007600,FLT0060416,19,Air Traffic Control
DLY007601,FLT0060420,150,Crew Availability
DLY007602,FLT0060422,210,Weather
DLY007603,FLT0060429,61,Crew Availability
DLY007604,FLT0060442,118,Air Traffic Control
DLY007605,FLT0060451,150,Airport Operations
DLY007606,FLT0060461,38,Crew Availability
DLY007607,FLT0060465,99,Air Traffic Control
DLY007608,FLT0060479,178,Airport Operations
DLY007609,FLT0060483,207,Security
DLY007610,FLT0060491,238,Crew Availability
DLY007611,FLT0060492,188,Airport Operations
DLY007612,FLT0060494,187,Late Aircraft Arrival
DLY007613,FLT0060497,177,Weather
DLY007614,FLT0060527,87,Weather
DLY007615,FLT0060528,223,Air Traffic Control
DLY007616,FLT0060532,235,Crew Availability
DLY007617,FLT0060533,112,Airport Operations
DLY007618,FLT0060538,144,Weather
DLY007619,FLT0060539,105,Air Traffic Control
DLY007620,FLT0060546,159,Security
DLY007621,FLT0060550,16,Mechanical Issue
DLY007622,FLT0060562,69,Mechanical Issue
DLY007623,FLT0060576,142,Late Aircraft Arrival
DLY007624,FLT0060577,34,Air Traffic Control
DLY007625,FLT0060580,23,Crew Availability
DLY007626,FLT0060582,202,Weather
DLY007627,FLT0060583,89,Air Traffic Control
DLY007628,FLT0060592,233,Airport Operations
DLY007629,FLT0060600,104,Crew Availability
DLY007630,FLT0060602,189,Late Aircraft Arrival
DLY007631,FLT0060627,24,Air Traffic Control
DLY007632,FLT0060634,119,Weather
DLY007633,FLT0060638,226,Crew Availability
DLY007634,FLT0060642,238,Weather
DLY007635,FLT0060643,175,Airport Operations
DLY007636,FLT0060649,145,Airport Operations
DLY007637,FLT0060652,183,Mechanical Issue
DLY007638,FLT0060663,193,Security
DLY007639,FLT0060676,25,Air Traffic Control
DLY007640,FLT0060677,221,Weather
DLY007641,FLT0060682,111,Airport Operations
DLY007642,FLT0060704,239,Airport Operations
DLY007643,FLT0060705,115,Weather
DLY007644,FLT0060709,57,Late Aircraft Arrival
DLY007645,FLT0060718,194,Crew Availability
DLY007646,FLT0060726,84,Weather
DLY007647,FLT0060733,27,Late Aircraft Arrival
DLY007648,FLT0060737,170,Airport Operations
DLY007649,FLT0060744,139,Late Aircraft Arrival
DLY007650,FLT0060748,26,Late Aircraft Arrival
DLY007651,FLT0060750,44,Airport Operations
DLY007652,FLT0060754,131,Crew Availability
DLY007653,FLT0060776,99,Security
DLY007654,FLT0060791,206,Weather
DLY007655,FLT0060793,220,Air Traffic Control
DLY007656,FLT0060799,133,Crew Availability
DLY007657,FLT0060801,43,Airport Operations
DLY007658,FLT0060802,169,Weather
DLY007659,FLT0060803,33,Weather
DLY007660,FLT0060808,65,Security
DLY007661,FLT0060821,207,Mechanical Issue
DLY007662,FLT0060825,54,Air Traffic Control
DLY007663,FLT0060826,196,Crew Availability
DLY007664,FLT0060827,39,Crew Availability
DLY007665,FLT0060847,64,Airport Operations
DLY007666,FLT0060848,43,Air Traffic Control
DLY007667,FLT0060849,146,Airport Operations
DLY007668,FLT0060864,184,Security
DLY007669,FLT0060879,52,Air Traffic Control
DLY007670,FLT0060880,74,Weather
DLY007671,FLT0060891,238,Crew Availability
DLY007672,FLT0060907,47,Security
DLY007673,FLT0060923,25,Crew Availability
DLY007674,FLT0060924,30,Airport Operations
DLY007675,FLT0060943,144,Late Aircraft Arrival
DLY007676,FLT0060953,173,Weather
DLY007677,FLT0060963,144,Weather
DLY007678,FLT0060970,68,Late Aircraft Arrival
DLY007679,FLT0060982,203,Mechanical Issue
DLY007680,FLT0060989,41,Mechanical Issue
DLY007681,FLT0060993,238,Crew Availability
DLY007682,FLT0060997,130,Crew Availability
DLY007683,FLT0061000,191,Mechanical Issue
DLY007684,FLT0061001,132,Weather
DLY007685,FLT0061008,83,Airport Operations
DLY007686,FLT0061014,203,Air Traffic Control
DLY007687,FLT0061021,103,Late Aircraft Arrival
DLY007688,FLT0061030,70,Airport Operations
DLY007689,FLT0061035,229,Late Aircraft Arrival
DLY007690,FLT0061044,104,Air Traffic Control
DLY007691,FLT0061045,224,Security
DLY007692,FLT0061059,17,Airport Operations
DLY007693,FLT0061072,181,Late Aircraft Arrival
DLY007694,FLT0061089,61,Mechanical Issue
DLY007695,FLT0061099,110,Weather
DLY007696,FLT0061108,206,Mechanical Issue
DLY007697,FLT0061111,70,Crew Availability
DLY007698,FLT0061119,99,Late Aircraft Arrival
DLY007699,FLT0061129,133,Mechanical Issue
DLY007700,FLT0061131,110,Mechanical Issue
DLY007701,FLT0061132,21,Late Aircraft Arrival
DLY007702,FLT0061137,98,Weather
DLY007703,FLT0061138,55,Weather
DLY007704,FLT0061141,197,Weather
DLY007705,FLT0061150,114,Late Aircraft Arrival
DLY007706,FLT0061174,217,Weather
DLY007707,FLT0061192,95,Weather
DLY007708,FLT0061194,188,Air Traffic Control
DLY007709,FLT0061213,156,Security
DLY007710,FLT0061224,227,Weather
DLY007711,FLT0061228,131,Mechanical Issue
DLY007712,FLT0061247,225,Weather
DLY007713,FLT0061249,31,Security
DLY007714,FLT0061250,232,Late Aircraft Arrival
DLY007715,FLT0061261,75,Late Aircraft Arrival
DLY007716,FLT0061271,133,Mechanical Issue
DLY007717,FLT0061278,106,Airport Operations
DLY007718,FLT0061291,18,Weather
DLY007719,FLT0061306,115,Late Aircraft Arrival
DLY007720,FLT0061310,83,Late Aircraft Arrival
DLY007721,FLT0061326,229,Mechanical Issue
DLY007722,FLT0061337,178,Security
DLY007723,FLT0061345,31,Security
DLY007724,FLT0061351,15,Weather
DLY007725,FLT0061366,62,Air Traffic Control
DLY007726,FLT0061371,84,Late Aircraft Arrival
DLY007727,FLT0061381,195,Weather
DLY007728,FLT0061388,158,Mechanical Issue
DLY007729,FLT0061405,205,Security
DLY007730,FLT0061409,167,Mechanical Issue
DLY007731,FLT0061416,226,Mechanical Issue
DLY007732,FLT0061418,148,Weather
DLY007733,FLT0061426,231,Security
DLY007734,FLT0061436,236,Security
DLY007735,FLT0061438,179,Security
DLY007736,FLT0061439,144,Security
DLY007737,FLT0061457,139,Mechanical Issue
DLY007738,FLT0061460,25,Mechanical Issue
DLY007739,FLT0061463,166,Airport Operations
DLY007740,FLT0061476,197,Late Aircraft Arrival
DLY007741,FLT0061490,128,Air Traffic Control
DLY007742,FLT0061496,46,Mechanical Issue
DLY007743,FLT0061497,65,Late Aircraft Arrival
DLY007744,FLT0061498,190,Crew Availability
DLY007745,FLT0061501,116,Airport Operations
DLY007746,FLT0061510,197,Air Traffic Control
DLY007747,FLT0061526,55,Airport Operations
DLY007748,FLT0061554,155,Crew Availability
DLY007749,FLT0061570,151,Crew Availability
DLY007750,FLT0061573,143,Late Aircraft Arrival
DLY007751,FLT0061575,17,Airport Operations
DLY007752,FLT0061579,171,Security
DLY007753,FLT0061614,54,Crew Availability
DLY007754,FLT0061640,106,Crew Availability
DLY007755,FLT0061642,205,Crew Availability
DLY007756,FLT0061654,202,Late Aircraft Arrival
DLY007757,FLT0061662,148,Weather
DLY007758,FLT0061665,193,Mechanical Issue
DLY007759,FLT0061670,174,Crew Availability
DLY007760,FLT0061679,27,Late Aircraft Arrival
DLY007761,FLT0061698,118,Mechanical Issue
DLY007762,FLT0061706,36,Crew Availability
DLY007763,FLT0061711,175,Mechanical Issue
DLY007764,FLT0061731,65,Weather
DLY007765,FLT0061736,27,Mechanical Issue
DLY007766,FLT0061737,100,Security
DLY007767,FLT0061739,205,Late Aircraft Arrival
DLY007768,FLT0061741,180,Crew Availability
DLY007769,FLT0061743,115,Crew Availability
DLY007770,FLT0061748,207,Airport Operations
DLY007771,FLT0061751,98,Airport Operations
DLY007772,FLT0061754,145,Air Traffic Control
DLY007773,FLT0061757,107,Mechanical Issue
DLY007774,FLT0061761,125,Late Aircraft Arrival
DLY007775,FLT0061769,155,Late Aircraft Arrival
DLY007776,FLT0061782,130,Airport Operations
DLY007777,FLT0061786,220,Mechanical Issue
DLY007778,FLT0061814,125,Airport Operations
DLY007779,FLT0061838,173,Air Traffic Control
DLY007780,FLT0061866,164,Crew Availability
DLY007781,FLT0061874,216,Crew Availability
DLY007782,FLT0061888,214,Airport Operations
DLY007783,FLT0061904,87,Crew Availability
DLY007784,FLT0061905,147,Late Aircraft Arrival
DLY007785,FLT0061913,86,Mechanical Issue
DLY007786,FLT0061915,63,Crew Availability
DLY007787,FLT0061917,80,Crew Availability
DLY007788,FLT0061925,162,Air Traffic Control
DLY007789,FLT0061927,91,Air Traffic Control
DLY007790,FLT0061928,217,Crew Availability
DLY007791,FLT0061933,27,Airport Operations
DLY007792,FLT0061934,147,Mechanical Issue
DLY007793,FLT0061941,232,Airport Operations
DLY007794,FLT0061957,114,Weather
DLY007795,FLT0061962,79,Crew Availability
DLY007796,FLT0061972,107,Crew Availability
DLY007797,FLT0061983,185,Crew Availability
DLY007798,FLT0061997,110,Late Aircraft Arrival
DLY007799,FLT0062030,235,Late Aircraft Arrival
DLY007800,FLT0062037,118,Crew Availability
DLY007801,FLT0062038,137,Air Traffic Control
DLY007802,FLT0062040,187,Late Aircraft Arrival
DLY007803,FLT0062048,42,Airport Operations
DLY007804,FLT0062050,224,Security
DLY007805,FLT0062072,210,Mechanical Issue
DLY007806,FLT0062074,190,Air Traffic Control
DLY007807,FLT0062110,30,Mechanical Issue
DLY007808,FLT0062119,148,Mechanical Issue
DLY007809,FLT0062126,64,Weather
DLY007810,FLT0062129,216,Security
DLY007811,FLT0062130,69,Weather
DLY007812,FLT0062131,93,Security
DLY007813,FLT0062132,138,Security
DLY007814,FLT0062140,190,Airport Operations
DLY007815,FLT0062142,189,Crew Availability
DLY007816,FLT0062148,131,Airport Operations
DLY007817,FLT0062150,138,Airport Operations
DLY007818,FLT0062154,60,Crew Availability
DLY007819,FLT0062205,174,Airport Operations
DLY007820,FLT0062206,59,Late Aircraft Arrival
DLY007821,FLT0062207,25,Mechanical Issue
DLY007822,FLT0062221,77,Late Aircraft Arrival
DLY007823,FLT0062229,178,Security
DLY007824,FLT0062230,101,Weather
DLY007825,FLT0062232,203,Late Aircraft Arrival
DLY007826,FLT0062240,177,Late Aircraft Arrival
DLY007827,FLT0062247,113,Late Aircraft Arrival
DLY007828,FLT0062248,148,Late Aircraft Arrival
DLY007829,FLT0062265,113,Airport Operations
DLY007830,FLT0062274,38,Weather
DLY007831,FLT0062282,186,Airport Operations
DLY007832,FLT0062289,214,Airport Operations
DLY007833,FLT0062325,88,Late Aircraft Arrival
DLY007834,FLT0062340,66,Airport Operations
DLY007835,FLT0062358,221,Security
DLY007836,FLT0062361,45,Crew Availability
DLY007837,FLT0062364,100,Crew Availability
DLY007838,FLT0062369,195,Air Traffic Control
DLY007839,FLT0062371,145,Air Traffic Control
DLY007840,FLT0062378,60,Weather
DLY007841,FLT0062390,214,Crew Availability
DLY007842,FLT0062396,112,Weather
DLY007843,FLT0062413,24,Late Aircraft Arrival
DLY007844,FLT0062417,203,Crew Availability
DLY007845,FLT0062420,45,Airport Operations
DLY007846,FLT0062428,51,Security
DLY007847,FLT0062433,158,Airport Operations
DLY007848,FLT0062460,236,Security
DLY007849,FLT0062469,120,Air Traffic Control
DLY007850,FLT0062497,145,Weather
DLY007851,FLT0062501,226,Airport Operations
DLY007852,FLT0062515,147,Security
DLY007853,FLT0062523,19,Mechanical Issue
DLY007854,FLT0062526,185,Security
DLY007855,FLT0062543,83,Security
DLY007856,FLT0062544,168,Mechanical Issue
DLY007857,FLT0062557,208,Air Traffic Control
DLY007858,FLT0062562,92,Crew Availability
DLY007859,FLT0062568,150,Airport Operations
DLY007860,FLT0062569,160,Late Aircraft Arrival
DLY007861,FLT0062572,27,Crew Availability
DLY007862,FLT0062591,120,Air Traffic Control
DLY007863,FLT0062595,155,Security
DLY007864,FLT0062607,165,Late Aircraft Arrival
DLY007865,FLT0062613,174,Late Aircraft Arrival
DLY007866,FLT0062615,38,Late Aircraft Arrival
DLY007867,FLT0062621,81,Airport Operations
DLY007868,FLT0062631,154,Mechanical Issue
DLY007869,FLT0062633,46,Air Traffic Control
DLY007870,FLT0062648,111,Air Traffic Control
DLY007871,FLT0062652,81,Security
DLY007872,FLT0062667,43,Weather
DLY007873,FLT0062673,22,Mechanical Issue
DLY007874,FLT0062676,33,Crew Availability
DLY007875,FLT0062687,62,Airport Operations
DLY007876,FLT0062698,146,Air Traffic Control
DLY007877,FLT0062703,84,Late Aircraft Arrival
DLY007878,FLT0062705,21,Late Aircraft Arrival
DLY007879,FLT0062711,158,Weather
DLY007880,FLT0062727,175,Airport Operations
DLY007881,FLT0062733,147,Weather
DLY007882,FLT0062745,26,Airport Operations
DLY007883,FLT0062753,118,Security
DLY007884,FLT0062757,143,Security
DLY007885,FLT0062763,177,Late Aircraft Arrival
DLY007886,FLT0062771,63,Mechanical Issue
DLY007887,FLT0062772,160,Mechanical Issue
DLY007888,FLT0062774,201,Security
DLY007889,FLT0062775,112,Late Aircraft Arrival
DLY007890,FLT0062779,174,Late Aircraft Arrival
DLY007891,FLT0062790,30,Crew Availability
DLY007892,FLT0062804,71,Air Traffic Control
DLY007893,FLT0062807,23,Mechanical Issue
DLY007894,FLT0062815,87,Airport Operations
DLY007895,FLT0062818,58,Crew Availability
DLY007896,FLT0062821,82,Airport Operations
DLY007897,FLT0062826,209,Security
DLY007898,FLT0062831,227,Weather
DLY007899,FLT0062832,98,Security
DLY007900,FLT0062840,39,Weather
DLY007901,FLT0062844,205,Crew Availability
DLY007902,FLT0062846,220,Late Aircraft Arrival
DLY007903,FLT0062852,24,Late Aircraft Arrival
DLY007904,FLT0062857,72,Crew Availability
DLY007905,FLT0062863,147,Weather
DLY007906,FLT0062878,55,Air Traffic Control
DLY007907,FLT0062886,222,Mechanical Issue
DLY007908,FLT0062900,203,Late Aircraft Arrival
DLY007909,FLT0062905,205,Security
DLY007910,FLT0062907,89,Crew Availability
DLY007911,FLT0062912,21,Crew Availability
DLY007912,FLT0062926,37,Mechanical Issue
DLY007913,FLT0062933,31,Crew Availability
DLY007914,FLT0062938,208,Weather
DLY007915,FLT0062940,149,Late Aircraft Arrival
DLY007916,FLT0062942,155,Late Aircraft Arrival
DLY007917,FLT0062943,121,Airport Operations
DLY007918,FLT0062944,118,Weather
DLY007919,FLT0062946,36,Late Aircraft Arrival
DLY007920,FLT0062956,137,Crew Availability
DLY007921,FLT0062963,239,Crew Availability
DLY007922,FLT0062969,113,Weather
DLY007923,FLT0062976,200,Weather
DLY007924,FLT0062986,226,Mechanical Issue
DLY007925,FLT0062989,103,Airport Operations
DLY007926,FLT0062998,222,Crew Availability
DLY007927,FLT0063016,166,Weather
DLY007928,FLT0063049,86,Mechanical Issue
DLY007929,FLT0063058,146,Weather
DLY007930,FLT0063064,148,Security
DLY007931,FLT0063067,213,Airport Operations
DLY007932,FLT0063080,198,Air Traffic Control
DLY007933,FLT0063096,97,Airport Operations
DLY007934,FLT0063098,203,Mechanical Issue
DLY007935,FLT0063100,70,Weather
DLY007936,FLT0063113,114,Air Traffic Control
DLY007937,FLT0063130,83,Crew Availability
DLY007938,FLT0063136,153,Mechanical Issue
DLY007939,FLT0063155,99,Late Aircraft Arrival
DLY007940,FLT0063160,25,Airport Operations
DLY007941,FLT0063169,81,Mechanical Issue
DLY007942,FLT0063183,205,Mechanical Issue
DLY007943,FLT0063198,188,Late Aircraft Arrival
DLY007944,FLT0063199,100,Air Traffic Control
DLY007945,FLT0063207,210,Airport Operations
DLY007946,FLT0063213,118,Weather
DLY007947,FLT0063217,104,Mechanical Issue
DLY007948,FLT0063220,158,Crew Availability
DLY007949,FLT0063228,193,Weather
DLY007950,FLT0063232,91,Air Traffic Control
DLY007951,FLT0063234,189,Air Traffic Control
DLY007952,FLT0063244,25,Late Aircraft Arrival
DLY007953,FLT0063247,79,Security
DLY007954,FLT0063252,182,Mechanical Issue
DLY007955,FLT0063259,215,Airport Operations
DLY007956,FLT0063260,124,Mechanical Issue
DLY007957,FLT0063269,82,Airport Operations
DLY007958,FLT0063286,26,Air Traffic Control
DLY007959,FLT0063288,42,Airport Operations
DLY007960,FLT0063294,136,Security
DLY007961,FLT0063296,172,Mechanical Issue
DLY007962,FLT0063298,238,Airport Operations
DLY007963,FLT0063300,150,Mechanical Issue
DLY007964,FLT0063307,82,Late Aircraft Arrival
DLY007965,FLT0063328,148,Security
DLY007966,FLT0063332,44,Weather
DLY007967,FLT0063334,213,Late Aircraft Arrival
DLY007968,FLT0063338,238,Mechanical Issue
DLY007969,FLT0063340,76,Airport Operations
DLY007970,FLT0063359,109,Crew Availability
DLY007971,FLT0063365,113,Air Traffic Control
DLY007972,FLT0063373,237,Mechanical Issue
DLY007973,FLT0063380,76,Mechanical Issue
DLY007974,FLT0063384,123,Mechanical Issue
DLY007975,FLT0063397,19,Mechanical Issue
DLY007976,FLT0063399,57,Late Aircraft Arrival
DLY007977,FLT0063405,27,Air Traffic Control
DLY007978,FLT0063425,86,Late Aircraft Arrival
DLY007979,FLT0063431,22,Security
DLY007980,FLT0063432,59,Weather
DLY007981,FLT0063444,114,Late Aircraft Arrival
DLY007982,FLT0063451,110,Crew Availability
DLY007983,FLT0063463,227,Weather
DLY007984,FLT0063465,85,Mechanical Issue
DLY007985,FLT0063466,16,Air Traffic Control
DLY007986,FLT0063468,78,Air Traffic Control
DLY007987,FLT0063469,171,Crew Availability
DLY007988,FLT0063474,142,Airport Operations
DLY007989,FLT0063479,136,Mechanical Issue
DLY007990,FLT0063485,54,Weather
DLY007991,FLT0063487,119,Late Aircraft Arrival
DLY007992,FLT0063489,29,Late Aircraft Arrival
DLY007993,FLT0063498,53,Security
DLY007994,FLT0063510,68,Mechanical Issue
DLY007995,FLT0063547,51,Mechanical Issue
DLY007996,FLT0063550,195,Late Aircraft Arrival
DLY007997,FLT0063551,237,Late Aircraft Arrival
DLY007998,FLT0063581,43,Air Traffic Control
DLY007999,FLT0063584,103,Late Aircraft Arrival
DLY008000,FLT0063593,157,Airport Operations
DLY008001,FLT0063603,134,Mechanical Issue
DLY008002,FLT0063616,146,Late Aircraft Arrival
DLY008003,FLT0063636,25,Air Traffic Control
DLY008004,FLT0063639,58,Security
DLY008005,FLT0063645,106,Air Traffic Control
DLY008006,FLT0063646,194,Security
DLY008007,FLT0063648,172,Air Traffic Control
DLY008008,FLT0063657,194,Air Traffic Control
DLY008009,FLT0063662,45,Crew Availability
DLY008010,FLT0063665,194,Airport Operations
DLY008011,FLT0063667,40,Mechanical Issue
DLY008012,FLT0063676,62,Security
DLY008013,FLT0063688,233,Weather
DLY008014,FLT0063690,93,Late Aircraft Arrival
DLY008015,FLT0063691,219,Air Traffic Control
DLY008016,FLT0063707,18,Airport Operations
DLY008017,FLT0063719,18,Crew Availability
DLY008018,FLT0063720,119,Weather
DLY008019,FLT0063723,159,Mechanical Issue
DLY008020,FLT0063725,231,Crew Availability
DLY008021,FLT0063731,26,Crew Availability
DLY008022,FLT0063770,53,Weather
DLY008023,FLT0063814,233,Airport Operations
DLY008024,FLT0063827,112,Airport Operations
DLY008025,FLT0063832,155,Security
DLY008026,FLT0063841,62,Security
DLY008027,FLT0063849,95,Late Aircraft Arrival
DLY008028,FLT0063852,115,Mechanical Issue
DLY008029,FLT0063856,149,Air Traffic Control
DLY008030,FLT0063869,224,Airport Operations
DLY008031,FLT0063886,24,Weather
DLY008032,FLT0063893,50,Crew Availability
DLY008033,FLT0063897,135,Air Traffic Control
DLY008034,FLT0063920,74,Mechanical Issue
DLY008035,FLT0063948,218,Air Traffic Control
DLY008036,FLT0063961,112,Weather
DLY008037,FLT0063978,191,Late Aircraft Arrival
DLY008038,FLT0063989,219,Airport Operations
DLY008039,FLT0064001,101,Security
DLY008040,FLT0064003,198,Air Traffic Control
DLY008041,FLT0064009,86,Security
DLY008042,FLT0064025,57,Crew Availability
DLY008043,FLT0064028,194,Security
DLY008044,FLT0064031,196,Security
DLY008045,FLT0064038,220,Mechanical Issue
DLY008046,FLT0064066,190,Mechanical Issue
DLY008047,FLT0064074,157,Weather
DLY008048,FLT0064075,239,Weather
DLY008049,FLT0064079,73,Air Traffic Control
DLY008050,FLT0064080,90,Security
DLY008051,FLT0064081,75,Mechanical Issue
DLY008052,FLT0064097,166,Late Aircraft Arrival
DLY008053,FLT0064106,99,Airport Operations
DLY008054,FLT0064118,137,Mechanical Issue
DLY008055,FLT0064137,123,Late Aircraft Arrival
DLY008056,FLT0064146,105,Weather
DLY008057,FLT0064158,110,Airport Operations
DLY008058,FLT0064167,78,Security
DLY008059,FLT0064186,176,Mechanical Issue
DLY008060,FLT0064187,203,Crew Availability
DLY008061,FLT0064190,221,Security
DLY008062,FLT0064195,206,Security
DLY008063,FLT0064202,140,Late Aircraft Arrival
DLY008064,FLT0064210,29,Crew Availability
DLY008065,FLT0064216,162,Mechanical Issue
DLY008066,FLT0064220,102,Mechanical Issue
DLY008067,FLT0064224,213,Weather
DLY008068,FLT0064227,51,Mechanical Issue
DLY008069,FLT0064233,218,Weather
DLY008070,FLT0064234,151,Mechanical Issue
DLY008071,FLT0064238,160,Crew Availability
DLY008072,FLT0064253,225,Mechanical Issue
DLY008073,FLT0064258,188,Crew Availability
DLY008074,FLT0064274,131,Security
DLY008075,FLT0064275,64,Crew Availability
DLY008076,FLT0064279,74,Airport Operations
DLY008077,FLT0064281,18,Mechanical Issue
DLY008078,FLT0064300,235,Crew Availability
DLY008079,FLT0064312,209,Late Aircraft Arrival
DLY008080,FLT0064314,111,Crew Availability
DLY008081,FLT0064317,214,Crew Availability
DLY008082,FLT0064320,191,Air Traffic Control
DLY008083,FLT0064326,96,Weather
DLY008084,FLT0064340,89,Airport Operations
DLY008085,FLT0064341,78,Weather
DLY008086,FLT0064343,106,Crew Availability
DLY008087,FLT0064353,226,Crew Availability
DLY008088,FLT0064354,165,Late Aircraft Arrival
DLY008089,FLT0064358,77,Airport Operations
DLY008090,FLT0064365,27,Crew Availability
DLY008091,FLT0064371,227,Mechanical Issue
DLY008092,FLT0064376,184,Late Aircraft Arrival
DLY008093,FLT0064394,162,Late Aircraft Arrival
DLY008094,FLT0064440,158,Security
DLY008095,FLT0064443,20,Late Aircraft Arrival
DLY008096,FLT0064448,140,Weather
DLY008097,FLT0064471,219,Air Traffic Control
DLY008098,FLT0064486,230,Late Aircraft Arrival
DLY008099,FLT0064509,39,Security
DLY008100,FLT0064514,64,Weather
DLY008101,FLT0064528,213,Security
DLY008102,FLT0064542,218,Security
DLY008103,FLT0064544,42,Security
DLY008104,FLT0064551,159,Air Traffic Control
DLY008105,FLT0064552,201,Weather
DLY008106,FLT0064565,69,Airport Operations
DLY008107,FLT0064570,166,Air Traffic Control
DLY008108,FLT0064581,225,Airport Operations
DLY008109,FLT0064583,15,Security
DLY008110,FLT0064597,223,Late Aircraft Arrival
DLY008111,FLT0064604,215,Crew Availability
DLY008112,FLT0064608,49,Weather
DLY008113,FLT0064609,51,Late Aircraft Arrival
DLY008114,FLT0064610,220,Crew Availability
DLY008115,FLT0064624,15,Weather
DLY008116,FLT0064636,194,Crew Availability
DLY008117,FLT0064642,192,Crew Availability
DLY008118,FLT0064643,115,Late Aircraft Arrival
DLY008119,FLT0064649,148,Crew Availability
DLY008120,FLT0064661,79,Mechanical Issue
DLY008121,FLT0064663,56,Airport Operations
DLY008122,FLT0064672,150,Security
DLY008123,FLT0064676,170,Weather
DLY008124,FLT0064677,153,Crew Availability
DLY008125,FLT0064678,175,Airport Operations
DLY008126,FLT0064680,157,Weather
DLY008127,FLT0064681,111,Weather
DLY008128,FLT0064687,84,Air Traffic Control
DLY008129,FLT0064688,213,Airport Operations
DLY008130,FLT0064694,25,Air Traffic Control
DLY008131,FLT0064697,107,Weather
DLY008132,FLT0064711,127,Security
DLY008133,FLT0064723,109,Crew Availability
DLY008134,FLT0064728,137,Crew Availability
DLY008135,FLT0064730,107,Air Traffic Control
DLY008136,FLT0064742,84,Security
DLY008137,FLT0064746,196,Air Traffic Control
DLY008138,FLT0064754,127,Airport Operations
DLY008139,FLT0064756,106,Weather
DLY008140,FLT0064769,65,Airport Operations
DLY008141,FLT0064779,56,Security
DLY008142,FLT0064780,22,Late Aircraft Arrival
DLY008143,FLT0064783,133,Weather
DLY008144,FLT0064790,37,Air Traffic Control
DLY008145,FLT0064791,131,Weather
DLY008146,FLT0064797,189,Late Aircraft Arrival
DLY008147,FLT0064807,32,Mechanical Issue
DLY008148,FLT0064839,127,Weather
DLY008149,FLT0064842,63,Airport Operations
DLY008150,FLT0064847,228,Late Aircraft Arrival
DLY008151,FLT0064860,57,Airport Operations
DLY008152,FLT0064861,91,Weather
DLY008153,FLT0064863,96,Weather
DLY008154,FLT0064886,38,Weather
DLY008155,FLT0064893,66,Crew Availability
DLY008156,FLT0064911,126,Security
DLY008157,FLT0064916,147,Air Traffic Control
DLY008158,FLT0064921,70,Late Aircraft Arrival
DLY008159,FLT0064928,195,Airport Operations
DLY008160,FLT0064930,193,Airport Operations
DLY008161,FLT0064935,146,Mechanical Issue
DLY008162,FLT0064936,105,Air Traffic Control
DLY008163,FLT0064937,210,Airport Operations
DLY008164,FLT0064938,181,Airport Operations
DLY008165,FLT0064951,64,Mechanical Issue
DLY008166,FLT0064964,210,Security
DLY008167,FLT0064972,186,Air Traffic Control
DLY008168,FLT0064975,23,Air Traffic Control
DLY008169,FLT0064987,92,Security
DLY008170,FLT0064991,169,Weather
DLY008171,FLT0064993,50,Air Traffic Control
DLY008172,FLT0064997,47,Crew Availability
DLY008173,FLT0065013,88,Mechanical Issue
DLY008174,FLT0065022,183,Crew Availability
DLY008175,FLT0065036,97,Crew Availability
DLY008176,FLT0065038,31,Late Aircraft Arrival
DLY008177,FLT0065046,164,Security
DLY008178,FLT0065051,184,Weather
DLY008179,FLT0065052,206,Crew Availability
DLY008180,FLT0065053,194,Weather
DLY008181,FLT0065056,77,Late Aircraft Arrival
DLY008182,FLT0065060,113,Crew Availability
DLY008183,FLT0065062,168,Crew Availability
DLY008184,FLT0065063,134,Weather
DLY008185,FLT0065070,54,Airport Operations
DLY008186,FLT0065076,118,Security
DLY008187,FLT0065080,112,Air Traffic Control
DLY008188,FLT0065086,53,Weather
DLY008189,FLT0065090,150,Crew Availability
DLY008190,FLT0065102,204,Mechanical Issue
DLY008191,FLT0065110,209,Late Aircraft Arrival
DLY008192,FLT0065139,189,Air Traffic Control
DLY008193,FLT0065153,94,Weather
DLY008194,FLT0065159,213,Mechanical Issue
DLY008195,FLT0065161,21,Airport Operations
DLY008196,FLT0065162,216,Crew Availability
DLY008197,FLT0065184,136,Airport Operations
DLY008198,FLT0065191,81,Weather
DLY008199,FLT0065194,178,Late Aircraft Arrival
DLY008200,FLT0065198,171,Mechanical Issue
DLY008201,FLT0065199,225,Airport Operations
DLY008202,FLT0065202,83,Airport Operations
DLY008203,FLT0065205,214,Crew Availability
DLY008204,FLT0065207,170,Security
DLY008205,FLT0065212,19,Airport Operations
DLY008206,FLT0065219,86,Mechanical Issue
DLY008207,FLT0065232,174,Air Traffic Control
DLY008208,FLT0065237,48,Crew Availability
DLY008209,FLT0065238,29,Crew Availability
DLY008210,FLT0065260,77,Weather
DLY008211,FLT0065265,213,Mechanical Issue
DLY008212,FLT0065273,51,Mechanical Issue
DLY008213,FLT0065274,91,Weather
DLY008214,FLT0065276,65,Security
DLY008215,FLT0065279,177,Airport Operations
DLY008216,FLT0065281,174,Air Traffic Control
DLY008217,FLT0065283,149,Crew Availability
DLY008218,FLT0065287,232,Late Aircraft Arrival
DLY008219,FLT0065291,103,Mechanical Issue
DLY008220,FLT0065300,112,Weather
DLY008221,FLT0065314,78,Weather
DLY008222,FLT0065319,175,Mechanical Issue
DLY008223,FLT0065323,46,Late Aircraft Arrival
DLY008224,FLT0065324,162,Late Aircraft Arrival
DLY008225,FLT0065327,64,Security
DLY008226,FLT0065336,127,Security
DLY008227,FLT0065342,159,Weather
DLY008228,FLT0065345,216,Crew Availability
DLY008229,FLT0065348,180,Late Aircraft Arrival
DLY008230,FLT0065361,117,Crew Availability
DLY008231,FLT0065365,124,Mechanical Issue
DLY008232,FLT0065382,184,Airport Operations
DLY008233,FLT0065396,97,Weather
DLY008234,FLT0065401,79,Air Traffic Control
DLY008235,FLT0065411,179,Crew Availability
DLY008236,FLT0065412,212,Security
DLY008237,FLT0065414,34,Weather
DLY008238,FLT0065415,39,Airport Operations
DLY008239,FLT0065423,198,Airport Operations
DLY008240,FLT0065428,192,Mechanical Issue
DLY008241,FLT0065434,93,Mechanical Issue
DLY008242,FLT0065445,189,Weather
DLY008243,FLT0065454,66,Late Aircraft Arrival
DLY008244,FLT0065457,158,Air Traffic Control
DLY008245,FLT0065479,226,Air Traffic Control
DLY008246,FLT0065490,114,Airport Operations
DLY008247,FLT0065506,109,Crew Availability
DLY008248,FLT0065528,157,Late Aircraft Arrival
DLY008249,FLT0065538,171,Weather
DLY008250,FLT0065541,150,Crew Availability
DLY008251,FLT0065544,184,Air Traffic Control
DLY008252,FLT0065550,25,Mechanical Issue
DLY008253,FLT0065555,46,Late Aircraft Arrival
DLY008254,FLT0065556,99,Crew Availability
DLY008255,FLT0065572,190,Security
DLY008256,FLT0065573,126,Air Traffic Control
DLY008257,FLT0065574,207,Weather
DLY008258,FLT0065578,184,Late Aircraft Arrival
DLY008259,FLT0065584,138,Weather
DLY008260,FLT0065586,100,Weather
DLY008261,FLT0065596,148,Air Traffic Control
DLY008262,FLT0065601,154,Mechanical Issue
DLY008263,FLT0065628,167,Security
DLY008264,FLT0065631,37,Airport Operations
DLY008265,FLT0065640,159,Weather
DLY008266,FLT0065646,22,Air Traffic Control
DLY008267,FLT0065647,107,Weather
DLY008268,FLT0065653,73,Mechanical Issue
DLY008269,FLT0065672,231,Late Aircraft Arrival
DLY008270,FLT0065685,178,Late Aircraft Arrival
DLY008271,FLT0065690,197,Security
DLY008272,FLT0065704,102,Airport Operations
DLY008273,FLT0065721,172,Air Traffic Control
DLY008274,FLT0065728,222,Crew Availability
DLY008275,FLT0065731,70,Airport Operations
DLY008276,FLT0065739,17,Security
DLY008277,FLT0065743,233,Mechanical Issue
DLY008278,FLT0065753,168,Mechanical Issue
DLY008279,FLT0065770,48,Crew Availability
DLY008280,FLT0065776,117,Late Aircraft Arrival
DLY008281,FLT0065781,217,Weather
DLY008282,FLT0065788,111,Mechanical Issue
DLY008283,FLT0065791,178,Air Traffic Control
DLY008284,FLT0065796,22,Airport Operations
DLY008285,FLT0065800,52,Late Aircraft Arrival
DLY008286,FLT0065803,23,Late Aircraft Arrival
DLY008287,FLT0065813,162,Air Traffic Control
DLY008288,FLT0065817,185,Late Aircraft Arrival
DLY008289,FLT0065825,74,Crew Availability
DLY008290,FLT0065829,145,Airport Operations
DLY008291,FLT0065831,164,Airport Operations
DLY008292,FLT0065834,151,Mechanical Issue
DLY008293,FLT0065842,16,Security
DLY008294,FLT0065848,184,Security
DLY008295,FLT0065851,197,Weather
DLY008296,FLT0065852,166,Security
DLY008297,FLT0065856,110,Crew Availability
DLY008298,FLT0065863,112,Crew Availability
DLY008299,FLT0065866,85,Air Traffic Control
DLY008300,FLT0065868,61,Late Aircraft Arrival
DLY008301,FLT0065872,116,Late Aircraft Arrival
DLY008302,FLT0065878,143,Air Traffic Control
DLY008303,FLT0065879,84,Airport Operations
DLY008304,FLT0065886,90,Air Traffic Control
DLY008305,FLT0065903,57,Air Traffic Control
DLY008306,FLT0065915,199,Crew Availability
DLY008307,FLT0065917,151,Late Aircraft Arrival
DLY008308,FLT0065928,165,Security
DLY008309,FLT0065943,95,Air Traffic Control
DLY008310,FLT0065945,112,Security
DLY008311,FLT0065947,132,Crew Availability
DLY008312,FLT0065950,19,Weather
DLY008313,FLT0065958,159,Crew Availability
DLY008314,FLT0065963,177,Mechanical Issue
DLY008315,FLT0065964,158,Airport Operations
DLY008316,FLT0065969,117,Security
DLY008317,FLT0065975,222,Mechanical Issue
DLY008318,FLT0065981,220,Security
DLY008319,FLT0065982,107,Weather
DLY008320,FLT0065985,79,Mechanical Issue
DLY008321,FLT0065994,164,Late Aircraft Arrival
DLY008322,FLT0066006,229,Weather
DLY008323,FLT0066009,220,Mechanical Issue
DLY008324,FLT0066021,92,Air Traffic Control
DLY008325,FLT0066026,232,Crew Availability
DLY008326,FLT0066035,25,Mechanical Issue
DLY008327,FLT0066038,230,Weather
DLY008328,FLT0066067,111,Security
DLY008329,FLT0066070,87,Mechanical Issue
DLY008330,FLT0066071,65,Air Traffic Control
DLY008331,FLT0066080,79,Security
DLY008332,FLT0066088,189,Mechanical Issue
DLY008333,FLT0066089,193,Air Traffic Control
DLY008334,FLT0066098,167,Security
DLY008335,FLT0066099,45,Crew Availability
DLY008336,FLT0066101,30,Crew Availability
DLY008337,FLT0066107,34,Mechanical Issue
DLY008338,FLT0066111,179,Mechanical Issue
DLY008339,FLT0066119,78,Mechanical Issue
DLY008340,FLT0066126,188,Airport Operations
DLY008341,FLT0066133,160,Crew Availability
DLY008342,FLT0066138,115,Weather
DLY008343,FLT0066143,165,Crew Availability
DLY008344,FLT0066154,161,Late Aircraft Arrival
DLY008345,FLT0066158,25,Security
DLY008346,FLT0066159,26,Mechanical Issue
DLY008347,FLT0066172,167,Weather
DLY008348,FLT0066175,102,Mechanical Issue
DLY008349,FLT0066180,193,Weather
DLY008350,FLT0066207,97,Weather
DLY008351,FLT0066215,35,Airport Operations
DLY008352,FLT0066243,117,Airport Operations
DLY008353,FLT0066251,214,Weather
DLY008354,FLT0066254,114,Air Traffic Control
DLY008355,FLT0066263,24,Late Aircraft Arrival
DLY008356,FLT0066280,239,Air Traffic Control
DLY008357,FLT0066283,61,Late Aircraft Arrival
DLY008358,FLT0066293,186,Late Aircraft Arrival
DLY008359,FLT0066298,85,Security
DLY008360,FLT0066302,91,Air Traffic Control
DLY008361,FLT0066303,74,Mechanical Issue
DLY008362,FLT0066309,17,Weather
DLY008363,FLT0066314,120,Late Aircraft Arrival
DLY008364,FLT0066319,85,Late Aircraft Arrival
DLY008365,FLT0066321,144,Security
DLY008366,FLT0066331,227,Airport Operations
DLY008367,FLT0066333,98,Security
DLY008368,FLT0066359,51,Airport Operations
DLY008369,FLT0066363,54,Airport Operations
DLY008370,FLT0066364,18,Air Traffic Control
DLY008371,FLT0066376,219,Air Traffic Control
DLY008372,FLT0066381,236,Late Aircraft Arrival
DLY008373,FLT0066414,133,Late Aircraft Arrival
DLY008374,FLT0066420,189,Mechanical Issue
DLY008375,FLT0066424,217,Mechanical Issue
DLY008376,FLT0066428,77,Air Traffic Control
DLY008377,FLT0066433,214,Mechanical Issue
DLY008378,FLT0066435,156,Air Traffic Control
DLY008379,FLT0066440,185,Crew Availability
DLY008380,FLT0066447,74,Air Traffic Control
DLY008381,FLT0066455,124,Late Aircraft Arrival
DLY008382,FLT0066465,160,Crew Availability
DLY008383,FLT0066466,153,Mechanical Issue
DLY008384,FLT0066471,131,Crew Availability
DLY008385,FLT0066481,118,Air Traffic Control
DLY008386,FLT0066485,223,Late Aircraft Arrival
DLY008387,FLT0066486,207,Mechanical Issue
DLY008388,FLT0066489,229,Airport Operations
DLY008389,FLT0066496,190,Security
DLY008390,FLT0066497,104,Late Aircraft Arrival
DLY008391,FLT0066502,168,Security
DLY008392,FLT0066548,128,Security
DLY008393,FLT0066549,169,Weather
DLY008394,FLT0066555,108,Weather
DLY008395,FLT0066558,52,Air Traffic Control
DLY008396,FLT0066568,81,Air Traffic Control
DLY008397,FLT0066577,80,Security
DLY008398,FLT0066582,106,Weather
DLY008399,FLT0066592,217,Security
DLY008400,FLT0066597,119,Mechanical Issue
DLY008401,FLT0066606,162,Air Traffic Control
DLY008402,FLT0066609,126,Airport Operations
DLY008403,FLT0066634,176,Weather
DLY008404,FLT0066647,97,Airport Operations
DLY008405,FLT0066654,100,Crew Availability
DLY008406,FLT0066662,112,Air Traffic Control
DLY008407,FLT0066666,122,Late Aircraft Arrival
DLY008408,FLT0066673,184,Late Aircraft Arrival
DLY008409,FLT0066678,178,Crew Availability
DLY008410,FLT0066683,164,Airport Operations
DLY008411,FLT0066684,80,Airport Operations
DLY008412,FLT0066685,144,Air Traffic Control
DLY008413,FLT0066686,67,Security
DLY008414,FLT0066687,48,Air Traffic Control
DLY008415,FLT0066693,115,Security
DLY008416,FLT0066707,168,Late Aircraft Arrival
DLY008417,FLT0066719,237,Security
DLY008418,FLT0066758,200,Air Traffic Control
DLY008419,FLT0066766,43,Crew Availability
DLY008420,FLT0066777,80,Air Traffic Control
DLY008421,FLT0066795,48,Security
DLY008422,FLT0066813,190,Late Aircraft Arrival
DLY008423,FLT0066823,202,Airport Operations
DLY008424,FLT0066824,33,Air Traffic Control
DLY008425,FLT0066829,233,Air Traffic Control
DLY008426,FLT0066852,146,Crew Availability
DLY008427,FLT0066857,184,Mechanical Issue
DLY008428,FLT0066889,78,Late Aircraft Arrival
DLY008429,FLT0066897,121,Mechanical Issue
DLY008430,FLT0066912,154,Late Aircraft Arrival
DLY008431,FLT0066916,237,Crew Availability
DLY008432,FLT0066926,238,Mechanical Issue
DLY008433,FLT0066931,200,Security
DLY008434,FLT0066939,174,Late Aircraft Arrival
DLY008435,FLT0066945,113,Air Traffic Control
DLY008436,FLT0066948,68,Security
DLY008437,FLT0066951,185,Late Aircraft Arrival
DLY008438,FLT0066957,236,Air Traffic Control
DLY008439,FLT0066958,61,Security
DLY008440,FLT0066959,108,Weather
DLY008441,FLT0066962,54,Weather
DLY008442,FLT0066976,230,Weather
DLY008443,FLT0066988,63,Late Aircraft Arrival
DLY008444,FLT0066996,55,Air Traffic Control
DLY008445,FLT0067003,141,Mechanical Issue
DLY008446,FLT0067010,182,Air Traffic Control
DLY008447,FLT0067022,112,Late Aircraft Arrival
DLY008448,FLT0067028,57,Crew Availability
DLY008449,FLT0067067,229,Crew Availability
DLY008450,FLT0067068,172,Air Traffic Control
DLY008451,FLT0067078,144,Security
DLY008452,FLT0067081,140,Air Traffic Control
DLY008453,FLT0067101,48,Security
DLY008454,FLT0067104,21,Late Aircraft Arrival
DLY008455,FLT0067109,23,Mechanical Issue
DLY008456,FLT0067122,183,Mechanical Issue
DLY008457,FLT0067127,128,Crew Availability
DLY008458,FLT0067133,173,Late Aircraft Arrival
DLY008459,FLT0067135,125,Mechanical Issue
DLY008460,FLT0067136,179,Security
DLY008461,FLT0067140,148,Late Aircraft Arrival
DLY008462,FLT0067146,143,Crew Availability
DLY008463,FLT0067152,32,Airport Operations
DLY008464,FLT0067176,33,Mechanical Issue
DLY008465,FLT0067187,70,Weather
DLY008466,FLT0067197,111,Airport Operations
DLY008467,FLT0067202,123,Weather
DLY008468,FLT0067216,147,Airport Operations
DLY008469,FLT0067218,121,Airport Operations
DLY008470,FLT0067222,142,Crew Availability
DLY008471,FLT0067241,99,Late Aircraft Arrival
DLY008472,FLT0067245,170,Crew Availability
DLY008473,FLT0067250,24,Crew Availability
DLY008474,FLT0067255,234,Air Traffic Control
DLY008475,FLT0067257,80,Crew Availability
DLY008476,FLT0067278,87,Air Traffic Control
DLY008477,FLT0067283,167,Crew Availability
DLY008478,FLT0067291,35,Weather
DLY008479,FLT0067297,27,Weather
DLY008480,FLT0067299,100,Airport Operations
DLY008481,FLT0067387,68,Late Aircraft Arrival
DLY008482,FLT0067395,109,Security
DLY008483,FLT0067416,207,Air Traffic Control
DLY008484,FLT0067427,99,Airport Operations
DLY008485,FLT0067429,84,Security
DLY008486,FLT0067431,113,Airport Operations
DLY008487,FLT0067434,223,Airport Operations
DLY008488,FLT0067439,198,Airport Operations
DLY008489,FLT0067445,192,Crew Availability
DLY008490,FLT0067448,186,Crew Availability
DLY008491,FLT0067450,237,Crew Availability
DLY008492,FLT0067463,210,Crew Availability
DLY008493,FLT0067478,215,Air Traffic Control
DLY008494,FLT0067487,69,Crew Availability
DLY008495,FLT0067493,52,Mechanical Issue
DLY008496,FLT0067509,56,Weather
DLY008497,FLT0067514,217,Air Traffic Control
DLY008498,FLT0067520,106,Late Aircraft Arrival
DLY008499,FLT0067535,23,Weather
DLY008500,FLT0067539,24,Security
DLY008501,FLT0067550,141,Late Aircraft Arrival
DLY008502,FLT0067556,169,Late Aircraft Arrival
DLY008503,FLT0067560,212,Security
DLY008504,FLT0067562,178,Airport Operations
DLY008505,FLT0067570,189,Mechanical Issue
DLY008506,FLT0067581,212,Crew Availability
DLY008507,FLT0067585,79,Mechanical Issue
DLY008508,FLT0067590,73,Mechanical Issue
DLY008509,FLT0067600,206,Airport Operations
DLY008510,FLT0067624,218,Security
DLY008511,FLT0067633,238,Airport Operations
DLY008512,FLT0067646,209,Air Traffic Control
DLY008513,FLT0067651,136,Air Traffic Control
DLY008514,FLT0067659,82,Mechanical Issue
DLY008515,FLT0067682,157,Mechanical Issue
DLY008516,FLT0067685,61,Airport Operations
DLY008517,FLT0067688,60,Weather
DLY008518,FLT0067719,94,Weather
DLY008519,FLT0067721,57,Late Aircraft Arrival
DLY008520,FLT0067728,155,Crew Availability
DLY008521,FLT0067730,217,Weather
DLY008522,FLT0067751,113,Weather
DLY008523,FLT0067758,203,Mechanical Issue
DLY008524,FLT0067766,45,Air Traffic Control
DLY008525,FLT0067775,74,Weather
DLY008526,FLT0067783,94,Security
DLY008527,FLT0067784,78,Crew Availability
DLY008528,FLT0067790,110,Security
DLY008529,FLT0067806,99,Airport Operations
DLY008530,FLT0067815,74,Airport Operations
DLY008531,FLT0067839,235,Air Traffic Control
DLY008532,FLT0067840,18,Air Traffic Control
DLY008533,FLT0067845,174,Airport Operations
DLY008534,FLT0067852,116,Airport Operations
DLY008535,FLT0067861,75,Mechanical Issue
DLY008536,FLT0067866,195,Late Aircraft Arrival
DLY008537,FLT0067869,52,Air Traffic Control
DLY008538,FLT0067874,173,Airport Operations
DLY008539,FLT0067887,175,Late Aircraft Arrival
DLY008540,FLT0067895,121,Crew Availability
DLY008541,FLT0067905,135,Security
DLY008542,FLT0067921,222,Crew Availability
DLY008543,FLT0067927,151,Late Aircraft Arrival
DLY008544,FLT0067928,26,Airport Operations
DLY008545,FLT0067957,35,Air Traffic Control
DLY008546,FLT0067961,124,Security
DLY008547,FLT0067968,58,Security
DLY008548,FLT0067969,67,Security
DLY008549,FLT0067973,124,Air Traffic Control
DLY008550,FLT0067979,68,Weather
DLY008551,FLT0067986,50,Mechanical Issue
DLY008552,FLT0067994,122,Security
DLY008553,FLT0067998,163,Security
DLY008554,FLT0068005,54,Crew Availability
DLY008555,FLT0068015,153,Airport Operations
DLY008556,FLT0068016,206,Security
DLY008557,FLT0068018,54,Air Traffic Control
DLY008558,FLT0068020,193,Weather
DLY008559,FLT0068028,189,Weather
DLY008560,FLT0068033,142,Late Aircraft Arrival
DLY008561,FLT0068041,106,Weather
DLY008562,FLT0068048,64,Weather
DLY008563,FLT0068053,144,Mechanical Issue
DLY008564,FLT0068062,191,Late Aircraft Arrival
DLY008565,FLT0068067,182,Air Traffic Control
DLY008566,FLT0068091,39,Security
DLY008567,FLT0068103,134,Mechanical Issue
DLY008568,FLT0068106,163,Security
DLY008569,FLT0068109,132,Mechanical Issue
DLY008570,FLT0068110,35,Weather
DLY008571,FLT0068113,198,Security
DLY008572,FLT0068130,167,Security
DLY008573,FLT0068139,51,Airport Operations
DLY008574,FLT0068157,16,Security
DLY008575,FLT0068160,227,Security
DLY008576,FLT0068200,140,Mechanical Issue
DLY008577,FLT0068204,228,Air Traffic Control
DLY008578,FLT0068209,65,Crew Availability
DLY008579,FLT0068228,143,Air Traffic Control
DLY008580,FLT0068234,200,Airport Operations
DLY008581,FLT0068249,140,Air Traffic Control
DLY008582,FLT0068250,137,Airport Operations
DLY008583,FLT0068259,220,Security
DLY008584,FLT0068283,123,Security
DLY008585,FLT0068305,83,Air Traffic Control
DLY008586,FLT0068309,85,Weather
DLY008587,FLT0068311,37,Airport Operations
DLY008588,FLT0068317,180,Air Traffic Control
DLY008589,FLT0068318,147,Weather
DLY008590,FLT0068336,96,Weather
DLY008591,FLT0068355,64,Airport Operations
DLY008592,FLT0068366,122,Mechanical Issue
DLY008593,FLT0068369,80,Air Traffic Control
DLY008594,FLT0068376,225,Crew Availability
DLY008595,FLT0068390,83,Weather
DLY008596,FLT0068398,151,Air Traffic Control
DLY008597,FLT0068399,61,Security
DLY008598,FLT0068400,106,Security
DLY008599,FLT0068405,131,Late Aircraft Arrival
DLY008600,FLT0068415,73,Mechanical Issue
DLY008601,FLT0068419,74,Air Traffic Control
DLY008602,FLT0068423,63,Mechanical Issue
DLY008603,FLT0068428,73,Weather
DLY008604,FLT0068444,102,Air Traffic Control
DLY008605,FLT0068449,40,Crew Availability
DLY008606,FLT0068450,20,Late Aircraft Arrival
DLY008607,FLT0068452,239,Weather
DLY008608,FLT0068467,191,Security
DLY008609,FLT0068474,237,Late Aircraft Arrival
DLY008610,FLT0068477,46,Security
DLY008611,FLT0068494,189,Weather
DLY008612,FLT0068496,41,Air Traffic Control
DLY008613,FLT0068497,31,Air Traffic Control
DLY008614,FLT0068522,41,Air Traffic Control
DLY008615,FLT0068523,49,Late Aircraft Arrival
DLY008616,FLT0068527,114,Security
DLY008617,FLT0068530,165,Weather
DLY008618,FLT0068538,211,Weather
DLY008619,FLT0068539,213,Air Traffic Control
DLY008620,FLT0068546,185,Late Aircraft Arrival
DLY008621,FLT0068550,186,Weather
DLY008622,FLT0068553,81,Late Aircraft Arrival
DLY008623,FLT0068555,36,Airport Operations
DLY008624,FLT0068562,50,Air Traffic Control
DLY008625,FLT0068579,115,Late Aircraft Arrival
DLY008626,FLT0068608,112,Security
DLY008627,FLT0068610,140,Weather
DLY008628,FLT0068620,156,Crew Availability
DLY008629,FLT0068623,104,Air Traffic Control
DLY008630,FLT0068628,63,Crew Availability
DLY008631,FLT0068637,82,Airport Operations
DLY008632,FLT0068641,164,Security
DLY008633,FLT0068664,60,Late Aircraft Arrival
DLY008634,FLT0068673,192,Airport Operations
DLY008635,FLT0068688,172,Weather
DLY008636,FLT0068690,76,Mechanical Issue
DLY008637,FLT0068717,232,Crew Availability
DLY008638,FLT0068747,18,Weather
DLY008639,FLT0068749,86,Air Traffic Control
DLY008640,FLT0068757,78,Air Traffic Control
DLY008641,FLT0068765,102,Air Traffic Control
DLY008642,FLT0068770,212,Security
DLY008643,FLT0068775,234,Weather
DLY008644,FLT0068776,63,Security
DLY008645,FLT0068777,150,Airport Operations
DLY008646,FLT0068779,211,Air Traffic Control
DLY008647,FLT0068780,208,Weather
DLY008648,FLT0068788,166,Airport Operations
DLY008649,FLT0068797,72,Mechanical Issue
DLY008650,FLT0068803,46,Mechanical Issue
DLY008651,FLT0068810,75,Airport Operations
DLY008652,FLT0068814,20,Mechanical Issue
DLY008653,FLT0068817,139,Mechanical Issue
DLY008654,FLT0068819,17,Late Aircraft Arrival
DLY008655,FLT0068823,18,Security
DLY008656,FLT0068830,71,Mechanical Issue
DLY008657,FLT0068835,36,Mechanical Issue
DLY008658,FLT0068836,215,Weather
DLY008659,FLT0068838,83,Crew Availability
DLY008660,FLT0068839,90,Airport Operations
DLY008661,FLT0068847,215,Airport Operations
DLY008662,FLT0068848,152,Mechanical Issue
DLY008663,FLT0068859,235,Air Traffic Control
DLY008664,FLT0068863,91,Weather
DLY008665,FLT0068871,105,Crew Availability
DLY008666,FLT0068897,171,Security
DLY008667,FLT0068899,165,Late Aircraft Arrival
DLY008668,FLT0068902,71,Mechanical Issue
DLY008669,FLT0068918,37,Mechanical Issue
DLY008670,FLT0068947,54,Weather
DLY008671,FLT0068955,47,Weather
DLY008672,FLT0068957,136,Airport Operations
DLY008673,FLT0068958,53,Late Aircraft Arrival
DLY008674,FLT0068965,190,Airport Operations
DLY008675,FLT0068970,137,Mechanical Issue
DLY008676,FLT0068971,95,Airport Operations
DLY008677,FLT0068974,206,Airport Operations
DLY008678,FLT0068975,117,Late Aircraft Arrival
DLY008679,FLT0068990,19,Mechanical Issue
DLY008680,FLT0068992,108,Crew Availability
DLY008681,FLT0068993,122,Security
DLY008682,FLT0068994,93,Mechanical Issue
DLY008683,FLT0068997,84,Weather
DLY008684,FLT0069000,229,Weather
DLY008685,FLT0069004,112,Air Traffic Control
DLY008686,FLT0069019,96,Air Traffic Control
DLY008687,FLT0069020,229,Crew Availability
DLY008688,FLT0069046,196,Mechanical Issue
DLY008689,FLT0069058,164,Mechanical Issue
DLY008690,FLT0069086,132,Weather
DLY008691,FLT0069102,69,Crew Availability
DLY008692,FLT0069111,151,Late Aircraft Arrival
DLY008693,FLT0069132,28,Weather
DLY008694,FLT0069139,146,Mechanical Issue
DLY008695,FLT0069141,190,Air Traffic Control
DLY008696,FLT0069159,237,Late Aircraft Arrival
DLY008697,FLT0069160,114,Late Aircraft Arrival
DLY008698,FLT0069170,164,Airport Operations
DLY008699,FLT0069180,230,Late Aircraft Arrival
DLY008700,FLT0069186,151,Crew Availability
DLY008701,FLT0069188,68,Airport Operations
DLY008702,FLT0069189,151,Airport Operations
DLY008703,FLT0069191,104,Weather
DLY008704,FLT0069200,162,Crew Availability
DLY008705,FLT0069210,164,Airport Operations
DLY008706,FLT0069218,33,Air Traffic Control
DLY008707,FLT0069241,78,Airport Operations
DLY008708,FLT0069245,177,Mechanical Issue
DLY008709,FLT0069255,104,Air Traffic Control
DLY008710,FLT0069261,170,Air Traffic Control
DLY008711,FLT0069268,137,Security
DLY008712,FLT0069269,227,Security
DLY008713,FLT0069298,103,Weather
DLY008714,FLT0069299,101,Mechanical Issue
DLY008715,FLT0069305,91,Mechanical Issue
DLY008716,FLT0069310,217,Air Traffic Control
DLY008717,FLT0069312,58,Mechanical Issue
DLY008718,FLT0069314,154,Mechanical Issue
DLY008719,FLT0069329,32,Airport Operations
DLY008720,FLT0069333,226,Weather
DLY008721,FLT0069336,189,Air Traffic Control
DLY008722,FLT0069346,27,Air Traffic Control
DLY008723,FLT0069360,158,Crew Availability
DLY008724,FLT0069363,107,Crew Availability
DLY008725,FLT0069374,92,Mechanical Issue
DLY008726,FLT0069377,66,Air Traffic Control
DLY008727,FLT0069383,90,Weather
DLY008728,FLT0069396,114,Airport Operations
DLY008729,FLT0069400,56,Security
DLY008730,FLT0069418,170,Security
DLY008731,FLT0069424,115,Air Traffic Control
DLY008732,FLT0069448,62,Air Traffic Control
DLY008733,FLT0069450,104,Security
DLY008734,FLT0069470,122,Security
DLY008735,FLT0069472,35,Mechanical Issue
DLY008736,FLT0069478,73,Mechanical Issue
DLY008737,FLT0069494,53,Weather
DLY008738,FLT0069495,27,Airport Operations
DLY008739,FLT0069499,132,Crew Availability
DLY008740,FLT0069502,140,Late Aircraft Arrival
DLY008741,FLT0069521,142,Weather
DLY008742,FLT0069530,21,Security
DLY008743,FLT0069532,94,Air Traffic Control
DLY008744,FLT0069545,215,Airport Operations
DLY008745,FLT0069552,94,Weather
DLY008746,FLT0069554,129,Weather
DLY008747,FLT0069560,115,Air Traffic Control
DLY008748,FLT0069575,167,Crew Availability
DLY008749,FLT0069582,97,Security
DLY008750,FLT0069588,18,Air Traffic Control
DLY008751,FLT0069609,186,Weather
DLY008752,FLT0069610,177,Crew Availability
DLY008753,FLT0069615,121,Mechanical Issue
DLY008754,FLT0069622,209,Weather
DLY008755,FLT0069625,63,Airport Operations
DLY008756,FLT0069626,111,Late Aircraft Arrival
DLY008757,FLT0069629,138,Crew Availability
DLY008758,FLT0069649,100,Weather
DLY008759,FLT0069653,201,Crew Availability
DLY008760,FLT0069655,36,Security
DLY008761,FLT0069661,167,Late Aircraft Arrival
DLY008762,FLT0069662,222,Weather
DLY008763,FLT0069664,129,Mechanical Issue
DLY008764,FLT0069665,96,Weather
DLY008765,FLT0069667,223,Security
DLY008766,FLT0069668,54,Mechanical Issue
DLY008767,FLT0069676,96,Airport Operations
DLY008768,FLT0069686,136,Airport Operations
DLY008769,FLT0069690,52,Crew Availability
DLY008770,FLT0069691,233,Mechanical Issue
DLY008771,FLT0069692,34,Security
DLY008772,FLT0069718,78,Crew Availability
DLY008773,FLT0069758,66,Air Traffic Control
DLY008774,FLT0069763,34,Airport Operations
DLY008775,FLT0069766,21,Airport Operations
DLY008776,FLT0069767,226,Crew Availability
DLY008777,FLT0069778,51,Air Traffic Control
DLY008778,FLT0069792,193,Security
DLY008779,FLT0069811,159,Security
DLY008780,FLT0069814,102,Security
DLY008781,FLT0069816,232,Mechanical Issue
DLY008782,FLT0069833,217,Security
DLY008783,FLT0069834,19,Airport Operations
DLY008784,FLT0069837,23,Airport Operations
DLY008785,FLT0069838,103,Late Aircraft Arrival
DLY008786,FLT0069840,132,Air Traffic Control
DLY008787,FLT0069842,155,Crew Availability
DLY008788,FLT0069854,221,Security
DLY008789,FLT0069864,201,Weather
DLY008790,FLT0069869,218,Weather
DLY008791,FLT0069872,32,Late Aircraft Arrival
DLY008792,FLT0069894,134,Mechanical Issue
DLY008793,FLT0069902,148,Mechanical Issue
DLY008794,FLT0069903,55,Air Traffic Control
DLY008795,FLT0069905,116,Weather
DLY008796,FLT0069921,117,Air Traffic Control
DLY008797,FLT0069947,142,Weather
DLY008798,FLT0069974,49,Mechanical Issue
DLY008799,FLT0069975,18,Mechanical Issue
DLY008800,FLT0069985,207,Mechanical Issue
DLY008801,FLT0069996,93,Late Aircraft Arrival
DLY008802,FLT0069998,174,Mechanical Issue
DLY008803,FLT0070006,186,Security
DLY008804,FLT0070007,31,Crew Availability
DLY008805,FLT0070011,27,Airport Operations
DLY008806,FLT0070015,120,Mechanical Issue
DLY008807,FLT0070020,109,Airport Operations
DLY008808,FLT0070028,120,Security
DLY008809,FLT0070030,197,Mechanical Issue
DLY008810,FLT0070040,156,Crew Availability
DLY008811,FLT0070043,99,Airport Operations
DLY008812,FLT0070051,79,Security
DLY008813,FLT0070063,20,Crew Availability
DLY008814,FLT0070073,165,Security
DLY008815,FLT0070079,146,Mechanical Issue
DLY008816,FLT0070087,204,Late Aircraft Arrival
DLY008817,FLT0070090,230,Security
DLY008818,FLT0070103,158,Weather
DLY008819,FLT0070113,186,Security
DLY008820,FLT0070120,16,Late Aircraft Arrival
DLY008821,FLT0070122,128,Mechanical Issue
DLY008822,FLT0070125,158,Mechanical Issue
DLY008823,FLT0070129,142,Mechanical Issue
DLY008824,FLT0070162,46,Weather
DLY008825,FLT0070173,185,Air Traffic Control
DLY008826,FLT0070174,188,Crew Availability
DLY008827,FLT0070187,139,Security
DLY008828,FLT0070192,125,Weather
DLY008829,FLT0070203,188,Airport Operations
DLY008830,FLT0070224,37,Airport Operations
DLY008831,FLT0070230,117,Crew Availability
DLY008832,FLT0070243,17,Security
DLY008833,FLT0070258,72,Air Traffic Control
DLY008834,FLT0070268,100,Late Aircraft Arrival
DLY008835,FLT0070297,149,Late Aircraft Arrival
DLY008836,FLT0070308,155,Security
DLY008837,FLT0070311,125,Weather
DLY008838,FLT0070312,190,Crew Availability
DLY008839,FLT0070315,28,Airport Operations
DLY008840,FLT0070317,229,Crew Availability
DLY008841,FLT0070322,162,Weather
DLY008842,FLT0070325,72,Crew Availability
DLY008843,FLT0070334,23,Airport Operations
DLY008844,FLT0070342,20,Weather
DLY008845,FLT0070356,151,Late Aircraft Arrival
DLY008846,FLT0070358,232,Weather
DLY008847,FLT0070361,212,Crew Availability
DLY008848,FLT0070363,211,Mechanical Issue
DLY008849,FLT0070366,223,Airport Operations
DLY008850,FLT0070368,62,Weather
DLY008851,FLT0070372,148,Late Aircraft Arrival
DLY008852,FLT0070385,217,Air Traffic Control
DLY008853,FLT0070393,164,Air Traffic Control
DLY008854,FLT0070399,55,Late Aircraft Arrival
DLY008855,FLT0070413,92,Air Traffic Control
DLY008856,FLT0070416,66,Air Traffic Control
DLY008857,FLT0070419,105,Security
DLY008858,FLT0070423,56,Airport Operations
DLY008859,FLT0070430,44,Airport Operations
DLY008860,FLT0070432,232,Security
DLY008861,FLT0070438,147,Air Traffic Control
DLY008862,FLT0070442,179,Mechanical Issue
DLY008863,FLT0070449,78,Airport Operations
DLY008864,FLT0070456,140,Mechanical Issue
DLY008865,FLT0070462,45,Air Traffic Control
DLY008866,FLT0070467,29,Late Aircraft Arrival
DLY008867,FLT0070474,49,Security
DLY008868,FLT0070479,36,Crew Availability
DLY008869,FLT0070483,187,Late Aircraft Arrival
DLY008870,FLT0070508,146,Mechanical Issue
DLY008871,FLT0070509,32,Mechanical Issue
DLY008872,FLT0070514,103,Air Traffic Control
DLY008873,FLT0070515,74,Weather
DLY008874,FLT0070529,122,Crew Availability
DLY008875,FLT0070543,61,Mechanical Issue
DLY008876,FLT0070554,188,Mechanical Issue
DLY008877,FLT0070568,22,Late Aircraft Arrival
DLY008878,FLT0070573,176,Weather
DLY008879,FLT0070613,144,Airport Operations
DLY008880,FLT0070622,187,Crew Availability
DLY008881,FLT0070623,127,Security
DLY008882,FLT0070630,147,Security
DLY008883,FLT0070634,98,Late Aircraft Arrival
DLY008884,FLT0070651,93,Airport Operations
DLY008885,FLT0070659,19,Mechanical Issue
DLY008886,FLT0070666,214,Air Traffic Control
DLY008887,FLT0070672,32,Crew Availability
DLY008888,FLT0070694,221,Weather
DLY008889,FLT0070712,237,Weather
DLY008890,FLT0070718,234,Late Aircraft Arrival
DLY008891,FLT0070719,59,Airport Operations
DLY008892,FLT0070722,185,Crew Availability
DLY008893,FLT0070737,115,Mechanical Issue
DLY008894,FLT0070744,18,Crew Availability
DLY008895,FLT0070748,182,Weather
DLY008896,FLT0070751,186,Security
DLY008897,FLT0070752,134,Late Aircraft Arrival
DLY008898,FLT0070758,157,Airport Operations
DLY008899,FLT0070760,49,Security
DLY008900,FLT0070762,111,Security
DLY008901,FLT0070797,146,Crew Availability
DLY008902,FLT0070824,183,Air Traffic Control
DLY008903,FLT0070828,131,Air Traffic Control
DLY008904,FLT0070829,78,Crew Availability
DLY008905,FLT0070834,164,Mechanical Issue
DLY008906,FLT0070838,106,Mechanical Issue
DLY008907,FLT0070846,132,Airport Operations
DLY008908,FLT0070854,216,Air Traffic Control
DLY008909,FLT0070864,96,Air Traffic Control
DLY008910,FLT0070873,171,Late Aircraft Arrival
DLY008911,FLT0070880,101,Security
DLY008912,FLT0070890,102,Late Aircraft Arrival
DLY008913,FLT0070902,165,Air Traffic Control
DLY008914,FLT0070903,220,Air Traffic Control
DLY008915,FLT0070933,153,Security
DLY008916,FLT0070948,186,Weather
DLY008917,FLT0070951,91,Air Traffic Control
DLY008918,FLT0070965,135,Security
DLY008919,FLT0070990,178,Security
DLY008920,FLT0071009,98,Mechanical Issue
DLY008921,FLT0071014,122,Air Traffic Control
DLY008922,FLT0071030,103,Weather
DLY008923,FLT0071035,105,Security
DLY008924,FLT0071036,211,Airport Operations
DLY008925,FLT0071044,185,Late Aircraft Arrival
DLY008926,FLT0071051,110,Security
DLY008927,FLT0071066,81,Crew Availability
DLY008928,FLT0071070,144,Security
DLY008929,FLT0071072,169,Mechanical Issue
DLY008930,FLT0071078,46,Late Aircraft Arrival
DLY008931,FLT0071081,190,Airport Operations
DLY008932,FLT0071118,172,Mechanical Issue
DLY008933,FLT0071128,202,Security
DLY008934,FLT0071134,219,Air Traffic Control
DLY008935,FLT0071137,171,Crew Availability
DLY008936,FLT0071139,78,Air Traffic Control
DLY008937,FLT0071140,105,Security
DLY008938,FLT0071158,77,Weather
DLY008939,FLT0071167,168,Mechanical Issue
DLY008940,FLT0071168,25,Security
DLY008941,FLT0071178,122,Airport Operations
DLY008942,FLT0071185,72,Mechanical Issue
DLY008943,FLT0071206,67,Weather
DLY008944,FLT0071210,48,Late Aircraft Arrival
DLY008945,FLT0071217,76,Airport Operations
DLY008946,FLT0071223,120,Late Aircraft Arrival
DLY008947,FLT0071224,108,Air Traffic Control
DLY008948,FLT0071227,203,Security
DLY008949,FLT0071231,103,Security
DLY008950,FLT0071239,26,Mechanical Issue
DLY008951,FLT0071241,97,Late Aircraft Arrival
DLY008952,FLT0071245,117,Late Aircraft Arrival
DLY008953,FLT0071250,105,Late Aircraft Arrival
DLY008954,FLT0071259,111,Mechanical Issue
DLY008955,FLT0071265,99,Crew Availability
DLY008956,FLT0071269,102,Security
DLY008957,FLT0071272,100,Air Traffic Control
DLY008958,FLT0071276,19,Crew Availability
DLY008959,FLT0071280,125,Air Traffic Control
DLY008960,FLT0071295,175,Airport Operations
DLY008961,FLT0071305,20,Weather
DLY008962,FLT0071312,29,Air Traffic Control
DLY008963,FLT0071336,163,Security
DLY008964,FLT0071346,76,Crew Availability
DLY008965,FLT0071352,140,Airport Operations
DLY008966,FLT0071355,53,Security
DLY008967,FLT0071362,106,Late Aircraft Arrival
DLY008968,FLT0071370,215,Airport Operations
DLY008969,FLT0071385,233,Air Traffic Control
DLY008970,FLT0071393,44,Weather
DLY008971,FLT0071400,119,Late Aircraft Arrival
DLY008972,FLT0071404,221,Security
DLY008973,FLT0071407,138,Mechanical Issue
DLY008974,FLT0071413,73,Air Traffic Control
DLY008975,FLT0071431,72,Late Aircraft Arrival
DLY008976,FLT0071438,137,Weather
DLY008977,FLT0071439,171,Mechanical Issue
DLY008978,FLT0071441,185,Mechanical Issue
DLY008979,FLT0071444,137,Mechanical Issue
DLY008980,FLT0071454,220,Mechanical Issue
DLY008981,FLT0071456,217,Weather
DLY008982,FLT0071483,37,Security
DLY008983,FLT0071490,144,Crew Availability
DLY008984,FLT0071492,216,Crew Availability
DLY008985,FLT0071494,204,Mechanical Issue
DLY008986,FLT0071495,56,Security
DLY008987,FLT0071501,59,Security
DLY008988,FLT0071504,91,Air Traffic Control
DLY008989,FLT0071507,146,Mechanical Issue
DLY008990,FLT0071509,162,Air Traffic Control
DLY008991,FLT0071521,217,Airport Operations
DLY008992,FLT0071522,79,Security
DLY008993,FLT0071535,23,Air Traffic Control
DLY008994,FLT0071538,177,Mechanical Issue
DLY008995,FLT0071552,86,Airport Operations
DLY008996,FLT0071559,193,Air Traffic Control
DLY008997,FLT0071570,182,Mechanical Issue
DLY008998,FLT0071606,181,Security
DLY008999,FLT0071610,30,Weather
DLY009000,FLT0071624,23,Air Traffic Control
DLY009001,FLT0071625,236,Air Traffic Control
DLY009002,FLT0071627,31,Air Traffic Control
DLY009003,FLT0071640,75,Crew Availability
DLY009004,FLT0071653,200,Security
DLY009005,FLT0071654,86,Air Traffic Control
DLY009006,FLT0071661,234,Mechanical Issue
DLY009007,FLT0071671,107,Weather
DLY009008,FLT0071678,169,Late Aircraft Arrival
DLY009009,FLT0071686,49,Weather
DLY009010,FLT0071692,26,Airport Operations
DLY009011,FLT0071695,239,Security
DLY009012,FLT0071706,225,Airport Operations
DLY009013,FLT0071729,234,Air Traffic Control
DLY009014,FLT0071734,215,Airport Operations
DLY009015,FLT0071742,223,Airport Operations
DLY009016,FLT0071751,49,Weather
DLY009017,FLT0071755,186,Crew Availability
DLY009018,FLT0071757,87,Air Traffic Control
DLY009019,FLT0071760,235,Crew Availability
DLY009020,FLT0071777,187,Weather
DLY009021,FLT0071782,127,Air Traffic Control
DLY009022,FLT0071785,16,Airport Operations
DLY009023,FLT0071797,109,Air Traffic Control
DLY009024,FLT0071808,119,Security
DLY009025,FLT0071810,220,Mechanical Issue
DLY009026,FLT0071819,160,Security
DLY009027,FLT0071820,77,Airport Operations
DLY009028,FLT0071852,41,Late Aircraft Arrival
DLY009029,FLT0071865,119,Late Aircraft Arrival
DLY009030,FLT0071868,74,Airport Operations
DLY009031,FLT0071870,168,Late Aircraft Arrival
DLY009032,FLT0071881,162,Weather
DLY009033,FLT0071902,75,Air Traffic Control
DLY009034,FLT0071908,229,Late Aircraft Arrival
DLY009035,FLT0071914,217,Airport Operations
DLY009036,FLT0071917,67,Security
DLY009037,FLT0071923,232,Weather
DLY009038,FLT0071929,102,Crew Availability
DLY009039,FLT0071930,238,Airport Operations
DLY009040,FLT0071944,230,Airport Operations
DLY009041,FLT0071958,88,Crew Availability
DLY009042,FLT0071959,144,Airport Operations
DLY009043,FLT0071966,236,Security
DLY009044,FLT0071970,36,Crew Availability
DLY009045,FLT0071976,127,Weather
DLY009046,FLT0071978,127,Security
DLY009047,FLT0071980,211,Airport Operations
DLY009048,FLT0071989,148,Airport Operations
DLY009049,FLT0071996,232,Late Aircraft Arrival
DLY009050,FLT0072018,169,Late Aircraft Arrival
DLY009051,FLT0072032,218,Airport Operations
DLY009052,FLT0072040,150,Security
DLY009053,FLT0072044,120,Security
DLY009054,FLT0072051,91,Late Aircraft Arrival
DLY009055,FLT0072054,109,Airport Operations
DLY009056,FLT0072069,130,Security
DLY009057,FLT0072084,47,Late Aircraft Arrival
DLY009058,FLT0072087,182,Security
DLY009059,FLT0072092,149,Airport Operations
DLY009060,FLT0072094,231,Mechanical Issue
DLY009061,FLT0072104,217,Weather
DLY009062,FLT0072115,168,Late Aircraft Arrival
DLY009063,FLT0072118,70,Mechanical Issue
DLY009064,FLT0072119,126,Security
DLY009065,FLT0072157,193,Late Aircraft Arrival
DLY009066,FLT0072159,45,Late Aircraft Arrival
DLY009067,FLT0072164,203,Airport Operations
DLY009068,FLT0072169,29,Weather
DLY009069,FLT0072173,154,Weather
DLY009070,FLT0072179,137,Late Aircraft Arrival
DLY009071,FLT0072187,99,Security
DLY009072,FLT0072189,164,Airport Operations
DLY009073,FLT0072190,153,Crew Availability
DLY009074,FLT0072196,31,Air Traffic Control
DLY009075,FLT0072206,191,Security
DLY009076,FLT0072208,190,Security
DLY009077,FLT0072210,75,Air Traffic Control
DLY009078,FLT0072212,168,Air Traffic Control
DLY009079,FLT0072222,200,Late Aircraft Arrival
DLY009080,FLT0072240,105,Weather
DLY009081,FLT0072242,18,Air Traffic Control
DLY009082,FLT0072245,58,Late Aircraft Arrival
DLY009083,FLT0072247,102,Airport Operations
DLY009084,FLT0072248,175,Air Traffic Control
DLY009085,FLT0072251,191,Mechanical Issue
DLY009086,FLT0072256,40,Crew Availability
DLY009087,FLT0072273,128,Crew Availability
DLY009088,FLT0072278,82,Weather
DLY009089,FLT0072280,31,Mechanical Issue
DLY009090,FLT0072285,29,Air Traffic Control
DLY009091,FLT0072292,107,Late Aircraft Arrival
DLY009092,FLT0072302,50,Security
DLY009093,FLT0072317,44,Mechanical Issue
DLY009094,FLT0072318,22,Late Aircraft Arrival
DLY009095,FLT0072319,233,Weather
DLY009096,FLT0072330,46,Crew Availability
DLY009097,FLT0072343,133,Airport Operations
DLY009098,FLT0072344,226,Air Traffic Control
DLY009099,FLT0072353,120,Airport Operations
DLY009100,FLT0072365,184,Crew Availability
DLY009101,FLT0072389,136,Late Aircraft Arrival
DLY009102,FLT0072423,24,Late Aircraft Arrival
DLY009103,FLT0072424,138,Late Aircraft Arrival
DLY009104,FLT0072432,195,Airport Operations
DLY009105,FLT0072440,154,Security
DLY009106,FLT0072444,217,Late Aircraft Arrival
DLY009107,FLT0072445,115,Mechanical Issue
DLY009108,FLT0072446,36,Late Aircraft Arrival
DLY009109,FLT0072494,93,Weather
DLY009110,FLT0072497,79,Airport Operations
DLY009111,FLT0072499,39,Weather
DLY009112,FLT0072512,83,Mechanical Issue
DLY009113,FLT0072513,212,Crew Availability
DLY009114,FLT0072520,130,Security
DLY009115,FLT0072551,169,Air Traffic Control
DLY009116,FLT0072553,135,Crew Availability
DLY009117,FLT0072556,140,Weather
DLY009118,FLT0072563,162,Air Traffic Control
DLY009119,FLT0072567,155,Security
DLY009120,FLT0072569,227,Crew Availability
DLY009121,FLT0072580,198,Security
DLY009122,FLT0072585,23,Mechanical Issue
DLY009123,FLT0072591,20,Security
DLY009124,FLT0072596,43,Air Traffic Control
DLY009125,FLT0072619,229,Weather
DLY009126,FLT0072625,219,Crew Availability
DLY009127,FLT0072633,81,Weather
DLY009128,FLT0072639,135,Late Aircraft Arrival
DLY009129,FLT0072644,28,Crew Availability
DLY009130,FLT0072645,17,Weather
DLY009131,FLT0072652,197,Security
DLY009132,FLT0072653,74,Crew Availability
DLY009133,FLT0072670,70,Air Traffic Control
DLY009134,FLT0072690,95,Crew Availability
DLY009135,FLT0072697,221,Security
DLY009136,FLT0072708,90,Air Traffic Control
DLY009137,FLT0072718,182,Airport Operations
DLY009138,FLT0072720,17,Security
DLY009139,FLT0072731,62,Mechanical Issue
DLY009140,FLT0072735,98,Weather
DLY009141,FLT0072738,191,Weather
DLY009142,FLT0072749,193,Late Aircraft Arrival
DLY009143,FLT0072764,62,Late Aircraft Arrival
DLY009144,FLT0072766,61,Weather
DLY009145,FLT0072768,237,Air Traffic Control
DLY009146,FLT0072775,21,Air Traffic Control
DLY009147,FLT0072789,225,Weather
DLY009148,FLT0072792,109,Late Aircraft Arrival
DLY009149,FLT0072793,99,Crew Availability
DLY009150,FLT0072806,189,Mechanical Issue
DLY009151,FLT0072807,153,Airport Operations
DLY009152,FLT0072813,165,Weather
DLY009153,FLT0072817,223,Mechanical Issue
DLY009154,FLT0072828,165,Mechanical Issue
DLY009155,FLT0072838,174,Crew Availability
DLY009156,FLT0072840,205,Airport Operations
DLY009157,FLT0072842,175,Mechanical Issue
DLY009158,FLT0072843,197,Crew Availability
DLY009159,FLT0072849,132,Security
DLY009160,FLT0072850,54,Mechanical Issue
DLY009161,FLT0072868,18,Weather
DLY009162,FLT0072871,144,Crew Availability
DLY009163,FLT0072873,141,Crew Availability
DLY009164,FLT0072876,37,Air Traffic Control
DLY009165,FLT0072879,156,Air Traffic Control
DLY009166,FLT0072886,88,Airport Operations
DLY009167,FLT0072888,179,Air Traffic Control
DLY009168,FLT0072894,212,Mechanical Issue
DLY009169,FLT0072901,126,Security
DLY009170,FLT0072905,104,Late Aircraft Arrival
DLY009171,FLT0072912,60,Mechanical Issue
DLY009172,FLT0072913,222,Airport Operations
DLY009173,FLT0072914,123,Airport Operations
DLY009174,FLT0072923,217,Security
DLY009175,FLT0072933,38,Mechanical Issue
DLY009176,FLT0072940,51,Crew Availability
DLY009177,FLT0072943,141,Weather
DLY009178,FLT0072950,178,Weather
DLY009179,FLT0072960,238,Mechanical Issue
DLY009180,FLT0072964,126,Crew Availability
DLY009181,FLT0072969,26,Mechanical Issue
DLY009182,FLT0072976,206,Air Traffic Control
DLY009183,FLT0072989,87,Air Traffic Control
DLY009184,FLT0072992,211,Air Traffic Control
DLY009185,FLT0072994,215,Weather
DLY009186,FLT0073019,189,Security
DLY009187,FLT0073045,64,Security
DLY009188,FLT0073048,88,Weather
DLY009189,FLT0073057,220,Airport Operations
DLY009190,FLT0073063,110,Airport Operations
DLY009191,FLT0073070,182,Security
DLY009192,FLT0073073,55,Mechanical Issue
DLY009193,FLT0073082,155,Airport Operations
DLY009194,FLT0073088,93,Weather
DLY009195,FLT0073095,212,Late Aircraft Arrival
DLY009196,FLT0073097,83,Security
DLY009197,FLT0073110,88,Weather
DLY009198,FLT0073118,181,Security
DLY009199,FLT0073120,15,Late Aircraft Arrival
DLY009200,FLT0073126,178,Air Traffic Control
DLY009201,FLT0073128,223,Air Traffic Control
DLY009202,FLT0073130,230,Crew Availability
DLY009203,FLT0073134,55,Security
DLY009204,FLT0073142,129,Late Aircraft Arrival
DLY009205,FLT0073153,147,Airport Operations
DLY009206,FLT0073162,212,Airport Operations
DLY009207,FLT0073174,230,Weather
DLY009208,FLT0073187,59,Airport Operations
DLY009209,FLT0073189,196,Security
DLY009210,FLT0073202,144,Weather
DLY009211,FLT0073204,26,Air Traffic Control
DLY009212,FLT0073211,130,Security
DLY009213,FLT0073220,153,Security
DLY009214,FLT0073241,119,Airport Operations
DLY009215,FLT0073244,114,Late Aircraft Arrival
DLY009216,FLT0073246,90,Weather
DLY009217,FLT0073292,181,Crew Availability
DLY009218,FLT0073302,108,Security
DLY009219,FLT0073306,156,Airport Operations
DLY009220,FLT0073311,152,Weather
DLY009221,FLT0073313,38,Late Aircraft Arrival
DLY009222,FLT0073323,109,Mechanical Issue
DLY009223,FLT0073326,44,Late Aircraft Arrival
DLY009224,FLT0073334,207,Weather
DLY009225,FLT0073381,50,Airport Operations
DLY009226,FLT0073384,204,Late Aircraft Arrival
DLY009227,FLT0073388,141,Airport Operations
DLY009228,FLT0073392,212,Mechanical Issue
DLY009229,FLT0073407,201,Crew Availability
DLY009230,FLT0073410,198,Air Traffic Control
DLY009231,FLT0073429,124,Late Aircraft Arrival
DLY009232,FLT0073437,176,Weather
DLY009233,FLT0073440,230,Crew Availability
DLY009234,FLT0073457,209,Security
DLY009235,FLT0073473,148,Mechanical Issue
DLY009236,FLT0073476,40,Late Aircraft Arrival
DLY009237,FLT0073481,147,Airport Operations
DLY009238,FLT0073483,47,Crew Availability
DLY009239,FLT0073489,24,Crew Availability
DLY009240,FLT0073505,78,Airport Operations
DLY009241,FLT0073522,187,Weather
DLY009242,FLT0073527,160,Weather
DLY009243,FLT0073535,167,Airport Operations
DLY009244,FLT0073544,88,Crew Availability
DLY009245,FLT0073548,203,Security
DLY009246,FLT0073552,203,Weather
DLY009247,FLT0073581,155,Mechanical Issue
DLY009248,FLT0073585,232,Mechanical Issue
DLY009249,FLT0073591,64,Security
DLY009250,FLT0073605,98,Late Aircraft Arrival
DLY009251,FLT0073608,77,Weather
DLY009252,FLT0073609,99,Late Aircraft Arrival
DLY009253,FLT0073611,151,Security
DLY009254,FLT0073619,179,Security
DLY009255,FLT0073624,139,Airport Operations
DLY009256,FLT0073632,179,Air Traffic Control
DLY009257,FLT0073636,115,Crew Availability
DLY009258,FLT0073637,223,Airport Operations
DLY009259,FLT0073639,92,Weather
DLY009260,FLT0073640,90,Air Traffic Control
DLY009261,FLT0073642,112,Mechanical Issue
DLY009262,FLT0073644,225,Crew Availability
DLY009263,FLT0073648,187,Crew Availability
DLY009264,FLT0073651,202,Late Aircraft Arrival
DLY009265,FLT0073660,43,Mechanical Issue
DLY009266,FLT0073665,204,Weather
DLY009267,FLT0073666,18,Airport Operations
DLY009268,FLT0073667,216,Crew Availability
DLY009269,FLT0073676,58,Late Aircraft Arrival
DLY009270,FLT0073698,43,Crew Availability
DLY009271,FLT0073720,64,Airport Operations
DLY009272,FLT0073727,73,Airport Operations
DLY009273,FLT0073749,150,Late Aircraft Arrival
DLY009274,FLT0073763,38,Airport Operations
DLY009275,FLT0073773,117,Weather
DLY009276,FLT0073783,120,Crew Availability
DLY009277,FLT0073786,63,Airport Operations
DLY009278,FLT0073789,130,Weather
DLY009279,FLT0073798,163,Air Traffic Control
DLY009280,FLT0073802,61,Crew Availability
DLY009281,FLT0073806,61,Late Aircraft Arrival
DLY009282,FLT0073842,145,Mechanical Issue
DLY009283,FLT0073843,85,Airport Operations
DLY009284,FLT0073862,55,Crew Availability
DLY009285,FLT0073880,207,Crew Availability
DLY009286,FLT0073892,182,Air Traffic Control
DLY009287,FLT0073895,57,Air Traffic Control
DLY009288,FLT0073907,27,Airport Operations
DLY009289,FLT0073913,234,Mechanical Issue
DLY009290,FLT0073924,214,Late Aircraft Arrival
DLY009291,FLT0073928,168,Airport Operations
DLY009292,FLT0073930,144,Air Traffic Control
DLY009293,FLT0073948,65,Security
DLY009294,FLT0073953,186,Air Traffic Control
DLY009295,FLT0073961,148,Weather
DLY009296,FLT0073962,211,Airport Operations
DLY009297,FLT0073965,130,Crew Availability
DLY009298,FLT0073971,71,Air Traffic Control
DLY009299,FLT0073995,173,Security
DLY009300,FLT0074003,173,Crew Availability
DLY009301,FLT0074010,41,Airport Operations
DLY009302,FLT0074025,156,Security
DLY009303,FLT0074037,96,Security
DLY009304,FLT0074044,201,Late Aircraft Arrival
DLY009305,FLT0074047,218,Airport Operations
DLY009306,FLT0074072,178,Late Aircraft Arrival
DLY009307,FLT0074075,19,Air Traffic Control
DLY009308,FLT0074087,222,Weather
DLY009309,FLT0074095,102,Late Aircraft Arrival
DLY009310,FLT0074096,222,Mechanical Issue
DLY009311,FLT0074097,97,Crew Availability
DLY009312,FLT0074103,85,Crew Availability
DLY009313,FLT0074111,193,Late Aircraft Arrival
DLY009314,FLT0074115,109,Crew Availability
DLY009315,FLT0074126,59,Crew Availability
DLY009316,FLT0074130,77,Air Traffic Control
DLY009317,FLT0074136,84,Crew Availability
DLY009318,FLT0074144,197,Mechanical Issue
DLY009319,FLT0074154,228,Mechanical Issue
DLY009320,FLT0074160,177,Air Traffic Control
DLY009321,FLT0074161,223,Weather
DLY009322,FLT0074163,214,Crew Availability
DLY009323,FLT0074169,180,Late Aircraft Arrival
DLY009324,FLT0074170,239,Crew Availability
DLY009325,FLT0074172,45,Airport Operations
DLY009326,FLT0074174,53,Air Traffic Control
DLY009327,FLT0074176,60,Airport Operations
DLY009328,FLT0074193,47,Crew Availability
DLY009329,FLT0074203,80,Mechanical Issue
DLY009330,FLT0074206,98,Mechanical Issue
DLY009331,FLT0074214,60,Security
DLY009332,FLT0074229,155,Crew Availability
DLY009333,FLT0074238,142,Airport Operations
DLY009334,FLT0074240,197,Security
DLY009335,FLT0074246,82,Weather
DLY009336,FLT0074254,121,Air Traffic Control
DLY009337,FLT0074258,43,Mechanical Issue
DLY009338,FLT0074262,121,Mechanical Issue
DLY009339,FLT0074265,155,Mechanical Issue
DLY009340,FLT0074266,42,Weather
DLY009341,FLT0074274,159,Air Traffic Control
DLY009342,FLT0074283,236,Security
DLY009343,FLT0074293,144,Airport Operations
DLY009344,FLT0074305,190,Crew Availability
DLY009345,FLT0074317,194,Air Traffic Control
DLY009346,FLT0074324,207,Security
DLY009347,FLT0074342,159,Late Aircraft Arrival
DLY009348,FLT0074350,195,Airport Operations
DLY009349,FLT0074352,45,Crew Availability
DLY009350,FLT0074367,43,Crew Availability
DLY009351,FLT0074372,116,Air Traffic Control
DLY009352,FLT0074375,174,Weather
DLY009353,FLT0074384,52,Mechanical Issue
DLY009354,FLT0074392,204,Mechanical Issue
DLY009355,FLT0074402,226,Air Traffic Control
DLY009356,FLT0074414,159,Late Aircraft Arrival
DLY009357,FLT0074424,222,Security
DLY009358,FLT0074447,68,Airport Operations
DLY009359,FLT0074460,93,Airport Operations
DLY009360,FLT0074483,112,Weather
DLY009361,FLT0074487,132,Air Traffic Control
DLY009362,FLT0074488,154,Air Traffic Control
DLY009363,FLT0074494,21,Weather
DLY009364,FLT0074502,126,Mechanical Issue
DLY009365,FLT0074509,46,Weather
DLY009366,FLT0074521,165,Air Traffic Control
DLY009367,FLT0074525,84,Mechanical Issue
DLY009368,FLT0074526,92,Late Aircraft Arrival
DLY009369,FLT0074533,219,Air Traffic Control
DLY009370,FLT0074539,59,Late Aircraft Arrival
DLY009371,FLT0074543,30,Airport Operations
DLY009372,FLT0074545,25,Security
DLY009373,FLT0074563,19,Late Aircraft Arrival
DLY009374,FLT0074564,188,Airport Operations
DLY009375,FLT0074568,205,Mechanical Issue
DLY009376,FLT0074585,66,Late Aircraft Arrival
DLY009377,FLT0074595,131,Airport Operations
DLY009378,FLT0074610,161,Late Aircraft Arrival
DLY009379,FLT0074616,65,Air Traffic Control
DLY009380,FLT0074620,43,Mechanical Issue
DLY009381,FLT0074631,102,Airport Operations
DLY009382,FLT0074634,215,Mechanical Issue
DLY009383,FLT0074646,64,Mechanical Issue
DLY009384,FLT0074652,107,Weather
DLY009385,FLT0074670,212,Crew Availability
DLY009386,FLT0074671,128,Crew Availability
DLY009387,FLT0074691,72,Security
DLY009388,FLT0074696,100,Late Aircraft Arrival
DLY009389,FLT0074701,183,Airport Operations
DLY009390,FLT0074721,233,Late Aircraft Arrival
DLY009391,FLT0074728,77,Security
DLY009392,FLT0074735,45,Security
DLY009393,FLT0074751,88,Mechanical Issue
DLY009394,FLT0074759,170,Late Aircraft Arrival
DLY009395,FLT0074771,186,Mechanical Issue
DLY009396,FLT0074773,84,Security
DLY009397,FLT0074775,227,Crew Availability
DLY009398,FLT0074797,201,Weather
DLY009399,FLT0074800,68,Mechanical Issue
DLY009400,FLT0074817,187,Airport Operations
DLY009401,FLT0074826,179,Air Traffic Control
DLY009402,FLT0074837,46,Weather
DLY009403,FLT0074865,219,Weather
DLY009404,FLT0074868,212,Weather
DLY009405,FLT0074873,29,Weather
DLY009406,FLT0074874,105,Weather
DLY009407,FLT0074890,129,Security
DLY009408,FLT0074900,126,Crew Availability
DLY009409,FLT0074901,62,Late Aircraft Arrival
DLY009410,FLT0074909,74,Air Traffic Control
DLY009411,FLT0074911,19,Airport Operations
DLY009412,FLT0074913,183,Airport Operations
DLY009413,FLT0074929,197,Airport Operations
DLY009414,FLT0074940,18,Security
DLY009415,FLT0074951,186,Mechanical Issue
DLY009416,FLT0074967,28,Security
DLY009417,FLT0074976,134,Air Traffic Control
DLY009418,FLT0074986,191,Air Traffic Control
DLY009419,FLT0074989,176,Mechanical Issue
DLY009420,FLT0075024,110,Mechanical Issue
DLY009421,FLT0075026,31,Weather
DLY009422,FLT0075040,36,Mechanical Issue
DLY009423,FLT0075050,209,Air Traffic Control
DLY009424,FLT0075064,221,Security
DLY009425,FLT0075072,169,Crew Availability
DLY009426,FLT0075081,95,Weather
DLY009427,FLT0075083,122,Airport Operations
DLY009428,FLT0075090,177,Weather
DLY009429,FLT0075091,34,Mechanical Issue
DLY009430,FLT0075095,145,Late Aircraft Arrival
DLY009431,FLT0075106,26,Weather
DLY009432,FLT0075114,96,Weather
DLY009433,FLT0075122,98,Late Aircraft Arrival
DLY009434,FLT0075125,68,Crew Availability
DLY009435,FLT0075127,123,Weather
DLY009436,FLT0075146,143,Airport Operations
DLY009437,FLT0075171,155,Weather
DLY009438,FLT0075184,156,Air Traffic Control
DLY009439,FLT0075196,239,Airport Operations
DLY009440,FLT0075201,53,Crew Availability
DLY009441,FLT0075203,174,Mechanical Issue
DLY009442,FLT0075205,210,Weather
DLY009443,FLT0075212,229,Crew Availability
DLY009444,FLT0075214,85,Security
DLY009445,FLT0075219,198,Air Traffic Control
DLY009446,FLT0075235,68,Airport Operations
DLY009447,FLT0075243,30,Security
DLY009448,FLT0075250,172,Airport Operations
DLY009449,FLT0075265,37,Air Traffic Control
DLY009450,FLT0075278,195,Late Aircraft Arrival
DLY009451,FLT0075279,156,Weather
DLY009452,FLT0075280,204,Air Traffic Control
DLY009453,FLT0075282,211,Security
DLY009454,FLT0075298,57,Weather
DLY009455,FLT0075301,193,Weather
DLY009456,FLT0075308,161,Mechanical Issue
DLY009457,FLT0075315,128,Security
DLY009458,FLT0075345,18,Weather
DLY009459,FLT0075359,83,Weather
DLY009460,FLT0075363,202,Late Aircraft Arrival
DLY009461,FLT0075364,169,Crew Availability
DLY009462,FLT0075365,32,Security
DLY009463,FLT0075372,136,Crew Availability
DLY009464,FLT0075385,77,Late Aircraft Arrival
DLY009465,FLT0075386,222,Weather
DLY009466,FLT0075390,89,Crew Availability
DLY009467,FLT0075397,157,Air Traffic Control
DLY009468,FLT0075398,141,Mechanical Issue
DLY009469,FLT0075403,214,Air Traffic Control
DLY009470,FLT0075408,123,Air Traffic Control
DLY009471,FLT0075412,124,Weather
DLY009472,FLT0075416,222,Airport Operations
DLY009473,FLT0075423,83,Air Traffic Control
DLY009474,FLT0075441,228,Security
DLY009475,FLT0075449,236,Crew Availability
DLY009476,FLT0075455,165,Weather
DLY009477,FLT0075465,147,Mechanical Issue
DLY009478,FLT0075481,36,Mechanical Issue
DLY009479,FLT0075489,190,Weather
DLY009480,FLT0075497,227,Airport Operations
DLY009481,FLT0075503,160,Late Aircraft Arrival
DLY009482,FLT0075523,62,Security
DLY009483,FLT0075524,91,Crew Availability
DLY009484,FLT0075525,17,Crew Availability
DLY009485,FLT0075529,42,Mechanical Issue
DLY009486,FLT0075531,76,Airport Operations
DLY009487,FLT0075532,235,Security
DLY009488,FLT0075541,153,Security
DLY009489,FLT0075546,150,Weather
DLY009490,FLT0075547,226,Weather
DLY009491,FLT0075549,122,Late Aircraft Arrival
DLY009492,FLT0075565,238,Security
DLY009493,FLT0075578,151,Weather
DLY009494,FLT0075592,230,Late Aircraft Arrival
DLY009495,FLT0075599,76,Mechanical Issue
DLY009496,FLT0075600,183,Late Aircraft Arrival
DLY009497,FLT0075605,41,Air Traffic Control
DLY009498,FLT0075607,149,Late Aircraft Arrival
DLY009499,FLT0075608,179,Mechanical Issue
DLY009500,FLT0075616,110,Security
DLY009501,FLT0075618,89,Crew Availability
DLY009502,FLT0075621,116,Mechanical Issue
DLY009503,FLT0075628,51,Late Aircraft Arrival
DLY009504,FLT0075650,92,Air Traffic Control
DLY009505,FLT0075657,121,Mechanical Issue
DLY009506,FLT0075665,51,Air Traffic Control
DLY009507,FLT0075667,140,Air Traffic Control
DLY009508,FLT0075677,192,Airport Operations
DLY009509,FLT0075679,33,Airport Operations
DLY009510,FLT0075680,181,Airport Operations
DLY009511,FLT0075689,183,Late Aircraft Arrival
DLY009512,FLT0075709,190,Late Aircraft Arrival
DLY009513,FLT0075726,71,Airport Operations
DLY009514,FLT0075735,238,Late Aircraft Arrival
DLY009515,FLT0075737,92,Late Aircraft Arrival
DLY009516,FLT0075749,98,Mechanical Issue
DLY009517,FLT0075757,148,Security
DLY009518,FLT0075759,109,Weather
DLY009519,FLT0075765,168,Airport Operations
DLY009520,FLT0075766,94,Late Aircraft Arrival
DLY009521,FLT0075767,130,Mechanical Issue
DLY009522,FLT0075772,52,Late Aircraft Arrival
DLY009523,FLT0075775,54,Crew Availability
DLY009524,FLT0075784,96,Crew Availability
DLY009525,FLT0075788,187,Crew Availability
DLY009526,FLT0075818,29,Late Aircraft Arrival
DLY009527,FLT0075825,126,Security
DLY009528,FLT0075832,37,Mechanical Issue
DLY009529,FLT0075840,125,Security
DLY009530,FLT0075850,195,Mechanical Issue
DLY009531,FLT0075855,134,Late Aircraft Arrival
DLY009532,FLT0075859,74,Airport Operations
DLY009533,FLT0075874,219,Late Aircraft Arrival
DLY009534,FLT0075882,153,Air Traffic Control
DLY009535,FLT0075898,173,Security
DLY009536,FLT0075909,193,Security
DLY009537,FLT0075913,222,Weather
DLY009538,FLT0075935,170,Air Traffic Control
DLY009539,FLT0075939,160,Weather
DLY009540,FLT0075947,51,Airport Operations
DLY009541,FLT0075949,104,Weather
DLY009542,FLT0075956,155,Mechanical Issue
DLY009543,FLT0075971,46,Crew Availability
DLY009544,FLT0075981,132,Late Aircraft Arrival
DLY009545,FLT0075990,94,Crew Availability
DLY009546,FLT0075992,115,Crew Availability
DLY009547,FLT0075998,33,Mechanical Issue
DLY009548,FLT0076005,58,Mechanical Issue
DLY009549,FLT0076006,164,Weather
DLY009550,FLT0076014,74,Mechanical Issue
DLY009551,FLT0076016,223,Security
DLY009552,FLT0076033,237,Crew Availability
DLY009553,FLT0076039,26,Airport Operations
DLY009554,FLT0076040,97,Air Traffic Control
DLY009555,FLT0076049,156,Mechanical Issue
DLY009556,FLT0076057,82,Crew Availability
DLY009557,FLT0076058,153,Late Aircraft Arrival
DLY009558,FLT0076059,208,Mechanical Issue
DLY009559,FLT0076074,180,Air Traffic Control
DLY009560,FLT0076078,189,Airport Operations
DLY009561,FLT0076081,180,Airport Operations
DLY009562,FLT0076086,102,Security
DLY009563,FLT0076092,54,Air Traffic Control
DLY009564,FLT0076099,67,Security
DLY009565,FLT0076116,58,Weather
DLY009566,FLT0076123,37,Late Aircraft Arrival
DLY009567,FLT0076130,195,Late Aircraft Arrival
DLY009568,FLT0076138,83,Airport Operations
DLY009569,FLT0076141,170,Late Aircraft Arrival
DLY009570,FLT0076142,156,Crew Availability
DLY009571,FLT0076167,143,Crew Availability
DLY009572,FLT0076169,54,Air Traffic Control
DLY009573,FLT0076170,23,Air Traffic Control
DLY009574,FLT0076187,26,Airport Operations
DLY009575,FLT0076196,47,Airport Operations
DLY009576,FLT0076198,210,Airport Operations
DLY009577,FLT0076203,170,Air Traffic Control
DLY009578,FLT0076204,204,Weather
DLY009579,FLT0076214,223,Late Aircraft Arrival
DLY009580,FLT0076215,38,Crew Availability
DLY009581,FLT0076238,194,Security
DLY009582,FLT0076241,93,Late Aircraft Arrival
DLY009583,FLT0076245,228,Mechanical Issue
DLY009584,FLT0076250,36,Air Traffic Control
DLY009585,FLT0076257,156,Weather
DLY009586,FLT0076260,99,Crew Availability
DLY009587,FLT0076268,231,Weather
DLY009588,FLT0076270,115,Air Traffic Control
DLY009589,FLT0076278,104,Weather
DLY009590,FLT0076283,206,Crew Availability
DLY009591,FLT0076293,113,Late Aircraft Arrival
DLY009592,FLT0076299,219,Air Traffic Control
DLY009593,FLT0076311,155,Security
DLY009594,FLT0076317,178,Crew Availability
DLY009595,FLT0076326,68,Mechanical Issue
DLY009596,FLT0076336,217,Weather
DLY009597,FLT0076339,102,Security
DLY009598,FLT0076377,65,Security
DLY009599,FLT0076395,192,Security
DLY009600,FLT0076404,90,Airport Operations
DLY009601,FLT0076414,101,Air Traffic Control
DLY009602,FLT0076423,152,Crew Availability
DLY009603,FLT0076428,26,Late Aircraft Arrival
DLY009604,FLT0076429,128,Airport Operations
DLY009605,FLT0076445,129,Air Traffic Control
DLY009606,FLT0076448,16,Late Aircraft Arrival
DLY009607,FLT0076462,17,Airport Operations
DLY009608,FLT0076490,169,Mechanical Issue
DLY009609,FLT0076504,148,Air Traffic Control
DLY009610,FLT0076506,196,Weather
DLY009611,FLT0076515,145,Late Aircraft Arrival
DLY009612,FLT0076524,89,Air Traffic Control
DLY009613,FLT0076535,226,Weather
DLY009614,FLT0076538,61,Weather
DLY009615,FLT0076547,124,Airport Operations
DLY009616,FLT0076551,33,Security
DLY009617,FLT0076557,234,Late Aircraft Arrival
DLY009618,FLT0076562,159,Crew Availability
DLY009619,FLT0076564,215,Late Aircraft Arrival
DLY009620,FLT0076566,203,Mechanical Issue
DLY009621,FLT0076583,142,Airport Operations
DLY009622,FLT0076584,177,Crew Availability
DLY009623,FLT0076608,126,Crew Availability
DLY009624,FLT0076615,119,Air Traffic Control
DLY009625,FLT0076619,171,Late Aircraft Arrival
DLY009626,FLT0076629,135,Security
DLY009627,FLT0076632,218,Air Traffic Control
DLY009628,FLT0076634,47,Air Traffic Control
DLY009629,FLT0076638,126,Weather
DLY009630,FLT0076649,64,Mechanical Issue
DLY009631,FLT0076661,79,Security
DLY009632,FLT0076669,133,Airport Operations
DLY009633,FLT0076676,46,Weather
DLY009634,FLT0076682,226,Weather
DLY009635,FLT0076683,174,Air Traffic Control
DLY009636,FLT0076697,194,Late Aircraft Arrival
DLY009637,FLT0076723,87,Air Traffic Control
DLY009638,FLT0076739,24,Late Aircraft Arrival
DLY009639,FLT0076740,157,Late Aircraft Arrival
DLY009640,FLT0076742,40,Security
DLY009641,FLT0076770,182,Late Aircraft Arrival
DLY009642,FLT0076777,64,Late Aircraft Arrival
DLY009643,FLT0076782,46,Security
DLY009644,FLT0076786,164,Airport Operations
DLY009645,FLT0076794,173,Airport Operations
DLY009646,FLT0076799,125,Security
DLY009647,FLT0076820,99,Airport Operations
DLY009648,FLT0076834,24,Late Aircraft Arrival
DLY009649,FLT0076838,212,Weather
DLY009650,FLT0076848,198,Mechanical Issue
DLY009651,FLT0076849,88,Late Aircraft Arrival
DLY009652,FLT0076850,51,Airport Operations
DLY009653,FLT0076855,87,Weather
DLY009654,FLT0076890,187,Air Traffic Control
DLY009655,FLT0076896,57,Security
DLY009656,FLT0076905,23,Weather
DLY009657,FLT0076911,230,Air Traffic Control
DLY009658,FLT0076916,146,Weather
DLY009659,FLT0076927,209,Late Aircraft Arrival
DLY009660,FLT0076931,81,Airport Operations
DLY009661,FLT0076936,170,Weather
DLY009662,FLT0076938,187,Crew Availability
DLY009663,FLT0076955,228,Air Traffic Control
DLY009664,FLT0076966,46,Air Traffic Control
DLY009665,FLT0076970,174,Mechanical Issue
DLY009666,FLT0076972,116,Security
DLY009667,FLT0076974,208,Late Aircraft Arrival
DLY009668,FLT0076979,21,Mechanical Issue
DLY009669,FLT0076989,131,Crew Availability
DLY009670,FLT0076996,228,Late Aircraft Arrival
DLY009671,FLT0077001,152,Air Traffic Control
DLY009672,FLT0077004,199,Late Aircraft Arrival
DLY009673,FLT0077015,91,Late Aircraft Arrival
DLY009674,FLT0077020,80,Crew Availability
DLY009675,FLT0077026,113,Crew Availability
DLY009676,FLT0077032,195,Airport Operations
DLY009677,FLT0077038,139,Mechanical Issue
DLY009678,FLT0077042,106,Mechanical Issue
DLY009679,FLT0077053,72,Crew Availability
DLY009680,FLT0077056,183,Air Traffic Control
DLY009681,FLT0077060,63,Airport Operations
DLY009682,FLT0077065,120,Mechanical Issue
DLY009683,FLT0077070,230,Crew Availability
DLY009684,FLT0077075,51,Crew Availability
DLY009685,FLT0077081,23,Weather
DLY009686,FLT0077085,71,Mechanical Issue
DLY009687,FLT0077089,210,Mechanical Issue
DLY009688,FLT0077098,133,Late Aircraft Arrival
DLY009689,FLT0077103,134,Late Aircraft Arrival
DLY009690,FLT0077105,71,Late Aircraft Arrival
DLY009691,FLT0077130,90,Security
DLY009692,FLT0077138,93,Weather
DLY009693,FLT0077140,134,Weather
DLY009694,FLT0077145,190,Crew Availability
DLY009695,FLT0077162,114,Security
DLY009696,FLT0077163,235,Weather
DLY009697,FLT0077177,72,Security
DLY009698,FLT0077189,114,Airport Operations
DLY009699,FLT0077192,207,Security
DLY009700,FLT0077210,175,Weather
DLY009701,FLT0077221,50,Mechanical Issue
DLY009702,FLT0077243,62,Security
DLY009703,FLT0077244,219,Security
DLY009704,FLT0077246,101,Mechanical Issue
DLY009705,FLT0077249,62,Security
DLY009706,FLT0077250,74,Crew Availability
DLY009707,FLT0077261,159,Weather
DLY009708,FLT0077263,192,Late Aircraft Arrival
DLY009709,FLT0077265,192,Late Aircraft Arrival
DLY009710,FLT0077270,72,Air Traffic Control
DLY009711,FLT0077272,169,Security
DLY009712,FLT0077295,70,Crew Availability
DLY009713,FLT0077311,90,Weather
DLY009714,FLT0077312,116,Airport Operations
DLY009715,FLT0077327,27,Crew Availability
DLY009716,FLT0077332,235,Crew Availability
DLY009717,FLT0077346,20,Air Traffic Control
DLY009718,FLT0077348,82,Weather
DLY009719,FLT0077349,118,Crew Availability
DLY009720,FLT0077354,113,Security
DLY009721,FLT0077355,192,Mechanical Issue
DLY009722,FLT0077357,110,Crew Availability
DLY009723,FLT0077364,174,Mechanical Issue
DLY009724,FLT0077372,161,Airport Operations
DLY009725,FLT0077385,58,Crew Availability
DLY009726,FLT0077387,195,Late Aircraft Arrival
DLY009727,FLT0077389,53,Airport Operations
DLY009728,FLT0077392,72,Weather
DLY009729,FLT0077405,106,Late Aircraft Arrival
DLY009730,FLT0077406,238,Late Aircraft Arrival
DLY009731,FLT0077409,151,Crew Availability
DLY009732,FLT0077416,225,Airport Operations
DLY009733,FLT0077417,149,Mechanical Issue
DLY009734,FLT0077422,222,Late Aircraft Arrival
DLY009735,FLT0077445,177,Weather
DLY009736,FLT0077450,138,Late Aircraft Arrival
DLY009737,FLT0077458,24,Airport Operations
DLY009738,FLT0077483,116,Late Aircraft Arrival
DLY009739,FLT0077491,199,Late Aircraft Arrival
DLY009740,FLT0077501,219,Security
DLY009741,FLT0077510,20,Security
DLY009742,FLT0077533,117,Weather
DLY009743,FLT0077555,42,Security
DLY009744,FLT0077577,41,Late Aircraft Arrival
DLY009745,FLT0077585,141,Weather
DLY009746,FLT0077601,153,Airport Operations
DLY009747,FLT0077611,68,Late Aircraft Arrival
DLY009748,FLT0077614,120,Weather
DLY009749,FLT0077633,217,Crew Availability
DLY009750,FLT0077636,179,Weather
DLY009751,FLT0077640,169,Security
DLY009752,FLT0077666,184,Air Traffic Control
DLY009753,FLT0077675,225,Air Traffic Control
DLY009754,FLT0077685,172,Weather
DLY009755,FLT0077691,188,Airport Operations
DLY009756,FLT0077703,20,Airport Operations
DLY009757,FLT0077706,196,Weather
DLY009758,FLT0077722,225,Mechanical Issue
DLY009759,FLT0077723,105,Late Aircraft Arrival
DLY009760,FLT0077741,31,Late Aircraft Arrival
DLY009761,FLT0077742,22,Mechanical Issue
DLY009762,FLT0077744,226,Weather
DLY009763,FLT0077751,232,Crew Availability
DLY009764,FLT0077752,61,Late Aircraft Arrival
DLY009765,FLT0077756,195,Security
DLY009766,FLT0077764,95,Crew Availability
DLY009767,FLT0077768,178,Mechanical Issue
DLY009768,FLT0077773,97,Crew Availability
DLY009769,FLT0077775,174,Air Traffic Control
DLY009770,FLT0077780,225,Crew Availability
DLY009771,FLT0077786,225,Security
DLY009772,FLT0077806,23,Crew Availability
DLY009773,FLT0077809,107,Mechanical Issue
DLY009774,FLT0077836,191,Airport Operations
DLY009775,FLT0077837,96,Weather
DLY009776,FLT0077839,170,Mechanical Issue
DLY009777,FLT0077840,238,Late Aircraft Arrival
DLY009778,FLT0077850,182,Security
DLY009779,FLT0077851,237,Air Traffic Control
DLY009780,FLT0077853,27,Security
DLY009781,FLT0077862,36,Crew Availability
DLY009782,FLT0077870,190,Late Aircraft Arrival
DLY009783,FLT0077876,204,Air Traffic Control
DLY009784,FLT0077887,114,Security
DLY009785,FLT0077901,164,Weather
DLY009786,FLT0077904,82,Weather
DLY009787,FLT0077920,132,Airport Operations
DLY009788,FLT0077923,165,Airport Operations
DLY009789,FLT0077927,52,Security
DLY009790,FLT0077934,90,Late Aircraft Arrival
DLY009791,FLT0077937,198,Airport Operations
DLY009792,FLT0077946,160,Mechanical Issue
DLY009793,FLT0077950,105,Security
DLY009794,FLT0077956,55,Airport Operations
DLY009795,FLT0077957,130,Crew Availability
DLY009796,FLT0077965,167,Late Aircraft Arrival
DLY009797,FLT0077995,238,Air Traffic Control
DLY009798,FLT0077996,187,Security
DLY009799,FLT0078012,239,Air Traffic Control
DLY009800,FLT0078044,41,Weather
DLY009801,FLT0078050,43,Mechanical Issue
DLY009802,FLT0078052,29,Security
DLY009803,FLT0078055,183,Airport Operations
DLY009804,FLT0078058,59,Weather
DLY009805,FLT0078068,171,Crew Availability
DLY009806,FLT0078070,92,Crew Availability
DLY009807,FLT0078085,79,Air Traffic Control
DLY009808,FLT0078097,15,Late Aircraft Arrival
DLY009809,FLT0078104,195,Mechanical Issue
DLY009810,FLT0078105,115,Mechanical Issue
DLY009811,FLT0078107,153,Air Traffic Control
DLY009812,FLT0078112,151,Late Aircraft Arrival
DLY009813,FLT0078120,54,Weather
DLY009814,FLT0078121,194,Crew Availability
DLY009815,FLT0078128,25,Security
DLY009816,FLT0078131,181,Air Traffic Control
DLY009817,FLT0078133,169,Mechanical Issue
DLY009818,FLT0078142,32,Late Aircraft Arrival
DLY009819,FLT0078145,106,Mechanical Issue
DLY009820,FLT0078146,155,Mechanical Issue
DLY009821,FLT0078147,172,Weather
DLY009822,FLT0078156,26,Airport Operations
DLY009823,FLT0078157,150,Security
DLY009824,FLT0078163,132,Late Aircraft Arrival
DLY009825,FLT0078165,127,Security
DLY009826,FLT0078170,144,Mechanical Issue
DLY009827,FLT0078171,108,Airport Operations
DLY009828,FLT0078182,41,Security
DLY009829,FLT0078195,204,Crew Availability
DLY009830,FLT0078209,200,Airport Operations
DLY009831,FLT0078216,91,Weather
DLY009832,FLT0078218,153,Air Traffic Control
DLY009833,FLT0078225,50,Weather
DLY009834,FLT0078230,220,Air Traffic Control
DLY009835,FLT0078238,155,Late Aircraft Arrival
DLY009836,FLT0078243,115,Air Traffic Control
DLY009837,FLT0078248,118,Late Aircraft Arrival
DLY009838,FLT0078255,45,Weather
DLY009839,FLT0078257,85,Security
DLY009840,FLT0078291,82,Weather
DLY009841,FLT0078295,57,Mechanical Issue
DLY009842,FLT0078302,18,Mechanical Issue
DLY009843,FLT0078303,212,Mechanical Issue
DLY009844,FLT0078308,151,Crew Availability
DLY009845,FLT0078345,133,Mechanical Issue
DLY009846,FLT0078346,87,Late Aircraft Arrival
DLY009847,FLT0078347,207,Airport Operations
DLY009848,FLT0078390,181,Security
DLY009849,FLT0078391,20,Weather
DLY009850,FLT0078398,109,Weather
DLY009851,FLT0078405,215,Air Traffic Control
DLY009852,FLT0078410,140,Airport Operations
DLY009853,FLT0078423,91,Airport Operations
DLY009854,FLT0078424,232,Late Aircraft Arrival
DLY009855,FLT0078427,133,Weather
DLY009856,FLT0078432,147,Weather
DLY009857,FLT0078435,88,Air Traffic Control
DLY009858,FLT0078439,128,Mechanical Issue
DLY009859,FLT0078449,235,Crew Availability
DLY009860,FLT0078466,143,Crew Availability
DLY009861,FLT0078467,50,Mechanical Issue
DLY009862,FLT0078472,169,Weather
DLY009863,FLT0078482,21,Air Traffic Control
DLY009864,FLT0078488,173,Weather
DLY009865,FLT0078499,73,Crew Availability
DLY009866,FLT0078505,103,Air Traffic Control
DLY009867,FLT0078509,153,Weather
DLY009868,FLT0078523,19,Weather
DLY009869,FLT0078538,157,Air Traffic Control
DLY009870,FLT0078551,116,Security
DLY009871,FLT0078557,216,Security
DLY009872,FLT0078558,22,Mechanical Issue
DLY009873,FLT0078560,69,Weather
DLY009874,FLT0078566,175,Late Aircraft Arrival
DLY009875,FLT0078577,110,Crew Availability
DLY009876,FLT0078582,188,Security
DLY009877,FLT0078596,153,Air Traffic Control
DLY009878,FLT0078602,98,Late Aircraft Arrival
DLY009879,FLT0078603,74,Mechanical Issue
DLY009880,FLT0078606,233,Late Aircraft Arrival
DLY009881,FLT0078612,37,Air Traffic Control
DLY009882,FLT0078613,21,Mechanical Issue
DLY009883,FLT0078616,204,Mechanical Issue
DLY009884,FLT0078624,183,Crew Availability
DLY009885,FLT0078629,59,Weather
DLY009886,FLT0078631,132,Airport Operations
DLY009887,FLT0078640,176,Mechanical Issue
DLY009888,FLT0078645,153,Air Traffic Control
DLY009889,FLT0078654,47,Weather
DLY009890,FLT0078660,85,Late Aircraft Arrival
DLY009891,FLT0078663,68,Mechanical Issue
DLY009892,FLT0078679,151,Security
DLY009893,FLT0078683,198,Airport Operations
DLY009894,FLT0078685,50,Late Aircraft Arrival
DLY009895,FLT0078704,101,Security
DLY009896,FLT0078707,73,Mechanical Issue
DLY009897,FLT0078717,57,Crew Availability
DLY009898,FLT0078725,150,Air Traffic Control
DLY009899,FLT0078732,57,Airport Operations
DLY009900,FLT0078735,32,Mechanical Issue
DLY009901,FLT0078739,188,Airport Operations
DLY009902,FLT0078745,86,Mechanical Issue
DLY009903,FLT0078746,159,Late Aircraft Arrival
DLY009904,FLT0078751,118,Crew Availability
DLY009905,FLT0078753,217,Security
DLY009906,FLT0078760,125,Late Aircraft Arrival
DLY009907,FLT0078764,131,Air Traffic Control
DLY009908,FLT0078790,161,Air Traffic Control
DLY009909,FLT0078792,185,Late Aircraft Arrival
DLY009910,FLT0078793,239,Air Traffic Control
DLY009911,FLT0078797,128,Late Aircraft Arrival
DLY009912,FLT0078806,236,Crew Availability
DLY009913,FLT0078818,231,Late Aircraft Arrival
DLY009914,FLT0078820,84,Airport Operations
DLY009915,FLT0078822,61,Mechanical Issue
DLY009916,FLT0078828,220,Late Aircraft Arrival
DLY009917,FLT0078832,102,Air Traffic Control
DLY009918,FLT0078833,64,Weather
DLY009919,FLT0078838,212,Air Traffic Control
DLY009920,FLT0078846,78,Airport Operations
DLY009921,FLT0078851,216,Mechanical Issue
DLY009922,FLT0078856,119,Crew Availability
DLY009923,FLT0078872,54,Air Traffic Control
DLY009924,FLT0078883,46,Air Traffic Control
DLY009925,FLT0078889,199,Weather
DLY009926,FLT0078924,169,Weather
DLY009927,FLT0078937,133,Weather
DLY009928,FLT0078953,72,Mechanical Issue
DLY009929,FLT0078966,18,Air Traffic Control
DLY009930,FLT0078975,230,Mechanical Issue
DLY009931,FLT0078977,51,Mechanical Issue
DLY009932,FLT0078995,134,Airport Operations
DLY009933,FLT0079002,152,Airport Operations
DLY009934,FLT0079008,213,Airport Operations
DLY009935,FLT0079012,108,Security
DLY009936,FLT0079018,90,Crew Availability
DLY009937,FLT0079036,121,Security
DLY009938,FLT0079077,145,Airport Operations
DLY009939,FLT0079081,38,Airport Operations
DLY009940,FLT0079098,61,Late Aircraft Arrival
DLY009941,FLT0079106,139,Airport Operations
DLY009942,FLT0079109,122,Crew Availability
DLY009943,FLT0079111,136,Weather
DLY009944,FLT0079113,82,Late Aircraft Arrival
DLY009945,FLT0079125,86,Airport Operations
DLY009946,FLT0079131,140,Late Aircraft Arrival
DLY009947,FLT0079134,163,Crew Availability
DLY009948,FLT0079145,232,Mechanical Issue
DLY009949,FLT0079163,224,Airport Operations
DLY009950,FLT0079172,15,Mechanical Issue
DLY009951,FLT0079185,112,Late Aircraft Arrival
DLY009952,FLT0079208,102,Crew Availability
DLY009953,FLT0079210,92,Security
DLY009954,FLT0079225,117,Weather
DLY009955,FLT0079231,233,Air Traffic Control
DLY009956,FLT0079232,48,Late Aircraft Arrival
DLY009957,FLT0079248,93,Air Traffic Control
DLY009958,FLT0079253,235,Late Aircraft Arrival
DLY009959,FLT0079257,202,Late Aircraft Arrival
DLY009960,FLT0079260,151,Air Traffic Control
DLY009961,FLT0079271,191,Airport Operations
DLY009962,FLT0079277,104,Mechanical Issue
DLY009963,FLT0079283,65,Airport Operations
DLY009964,FLT0079285,48,Mechanical Issue
DLY009965,FLT0079289,158,Airport Operations
DLY009966,FLT0079292,220,Late Aircraft Arrival
DLY009967,FLT0079297,32,Mechanical Issue
DLY009968,FLT0079299,237,Air Traffic Control
DLY009969,FLT0079301,163,Airport Operations
DLY009970,FLT0079305,166,Crew Availability
DLY009971,FLT0079322,38,Late Aircraft Arrival
DLY009972,FLT0079332,108,Air Traffic Control
DLY009973,FLT0079336,133,Crew Availability
DLY009974,FLT0079351,239,Mechanical Issue
DLY009975,FLT0079363,30,Crew Availability
DLY009976,FLT0079368,113,Mechanical Issue
DLY009977,FLT0079375,104,Crew Availability
DLY009978,FLT0079378,196,Airport Operations
DLY009979,FLT0079379,132,Mechanical Issue
DLY009980,FLT0079414,166,Security
DLY009981,FLT0079417,102,Air Traffic Control
DLY009982,FLT0079423,38,Mechanical Issue
DLY009983,FLT0079440,210,Crew Availability
DLY009984,FLT0079456,26,Mechanical Issue
DLY009985,FLT0079460,143,Weather
DLY009986,FLT0079464,209,Weather
DLY009987,FLT0079465,169,Late Aircraft Arrival
DLY009988,FLT0079471,139,Crew Availability
DLY009989,FLT0079474,106,Security
DLY009990,FLT0079475,19,Crew Availability
DLY009991,FLT0079490,155,Security
DLY009992,FLT0079507,129,Airport Operations
DLY009993,FLT0079536,223,Security
DLY009994,FLT0079542,119,Airport Operations
DLY009995,FLT0079543,56,Air Traffic Control
DLY009996,FLT0079544,235,Air Traffic Control
DLY009997,FLT0079546,65,Security
DLY009998,FLT0079549,119,Late Aircraft Arrival
DLY009999,FLT0079573,37,Mechanical Issue
DLY010000,FLT0079583,234,Air Traffic Control
DLY010001,FLT0079586,64,Security
DLY010002,FLT0079590,227,Airport Operations
DLY010003,FLT0079601,155,Weather
DLY010004,FLT0079615,41,Weather
DLY010005,FLT0079617,72,Crew Availability
DLY010006,FLT0079639,127,Weather
DLY010007,FLT0079640,149,Air Traffic Control
DLY010008,FLT0079641,148,Late Aircraft Arrival
DLY010009,FLT0079651,98,Security
DLY010010,FLT0079662,61,Air Traffic Control
DLY010011,FLT0079664,138,Mechanical Issue
DLY010012,FLT0079674,137,Mechanical Issue
DLY010013,FLT0079682,174,Security
DLY010014,FLT0079686,185,Security
DLY010015,FLT0079688,225,Mechanical Issue
DLY010016,FLT0079689,222,Mechanical Issue
DLY010017,FLT0079690,162,Airport Operations
DLY010018,FLT0079692,155,Air Traffic Control
DLY010019,FLT0079704,30,Air Traffic Control
DLY010020,FLT0079713,133,Airport Operations
DLY010021,FLT0079715,189,Weather
DLY010022,FLT0079722,39,Air Traffic Control
DLY010023,FLT0079726,215,Crew Availability
DLY010024,FLT0079731,210,Airport Operations
DLY010025,FLT0079739,228,Airport Operations
DLY010026,FLT0079746,157,Crew Availability
DLY010027,FLT0079751,87,Late Aircraft Arrival
DLY010028,FLT0079754,102,Weather
DLY010029,FLT0079761,56,Security
DLY010030,FLT0079768,97,Weather
DLY010031,FLT0079774,111,Weather
DLY010032,FLT0079793,17,Weather
DLY010033,FLT0079797,193,Security
DLY010034,FLT0079798,92,Air Traffic Control
DLY010035,FLT0079814,58,Late Aircraft Arrival
DLY010036,FLT0079818,130,Airport Operations
DLY010037,FLT0079821,139,Airport Operations
DLY010038,FLT0079825,19,Crew Availability
DLY010039,FLT0079839,145,Late Aircraft Arrival
DLY010040,FLT0079846,44,Weather
DLY010041,FLT0079849,16,Crew Availability
DLY010042,FLT0079881,204,Mechanical Issue
DLY010043,FLT0079885,131,Mechanical Issue
DLY010044,FLT0079886,21,Mechanical Issue
DLY010045,FLT0079894,154,Security
DLY010046,FLT0079895,165,Security
DLY010047,FLT0079900,138,Weather
DLY010048,FLT0079902,34,Security
DLY010049,FLT0079907,110,Security
DLY010050,FLT0079915,51,Late Aircraft Arrival
DLY010051,FLT0079919,131,Weather
DLY010052,FLT0079942,137,Late Aircraft Arrival
DLY010053,FLT0079963,163,Security
DLY010054,FLT0079968,36,Airport Operations
DLY010055,FLT0079978,131,Mechanical Issue
DLY010056,FLT0079985,194,Late Aircraft Arrival
DLY010057,FLT0079988,220,Mechanical Issue
