schedule_id,airline_id,route_id,flight_number,scheduled_departure_time,scheduled_arrival_time,days_of_week,aircraft_model_id,effective_start_date,effective_end_date
SCH000001,AL0006,RT00438,SK9429,03:30:00,06:55:00,Weekends,AM0022,2024-02-16,2025-06-24
SCH000002,AL0016,RT00056,CN6642,22:45:00,08:28:00,Mon-Fri,AM0018,2025-02-06,2027-07-12
SCH000003,AL0001,RT00205,GL8711,22:45:00,10:49:00,"Tue,Thu,Sat",AM0003,2023-06-17,2025-10-23
SCH000004,AL0004,RT00028,GL4304,19:30:00,03:23:00,Mon-Sat,AM0008,2024-12-25,2027-02-25
SCH000005,AL0010,RT00040,XA4799,02:00:00,08:27:00,Weekends,AM0001,2023-11-02,2025-02-12
SCH000006,AL0019,RT00143,GL6918,09:30:00,22:26:00,Mon-Sat,AM0003,2024-06-29,2025-12-01
SCH000007,AL0015,RT00507,NR7785,00:00:00,07:11:00,Weekends,AM0021,2024-03-19,2026-03-02
SCH000008,AL0014,RT00690,CN876,14:00:00,04:31:00,Daily,AM0021,2023-11-04,2024-11-27
SCH000009,AL0015,RT00527,SK4132,20:00:00,00:33:00,Mon-Sat,AM0003,2023-07-24,2025-10-05
SCH000010,AL0007,RT00185,HZ7720,12:15:00,01:00:00,Weekends,AM0012,2023-11-18,2025-07-02
SCH000011,AL0009,RT00542,HZ9922,00:45:00,03:55:00,Mon-Sat,AM0007,2024-06-20,2025-07-01
SCH000012,AL0018,RT00208,XA215,07:00:00,11:49:00,"Tue,Thu,Sat",AM0002,2024-06-27,2025-12-03
SCH000013,AL0015,RT00415,GL2721,04:00:00,21:52:00,Mon-Sat,AM0010,2024-07-04,2026-01-31
SCH000014,AL0012,RT00801,HZ4701,10:00:00,14:29:00,"Mon,Wed,Fri",AM0003,2024-08-02,2026-07-18
SCH000015,AL0002,RT00122,XA2306,08:00:00,00:54:00,"Mon,Wed,Fri",AM0019,2023-02-15,2025-01-02
SCH000016,AL0015,RT00788,CN366,19:30:00,08:29:00,Mon-Fri,AM0025,2023-12-15,2025-06-30
SCH000017,AL0008,RT00244,SK5440,05:45:00,22:16:00,Mon-Fri,AM0011,2023-10-06,2025-09-01
SCH000018,AL0008,RT00604,HZ6528,07:00:00,23:30:00,Mon-Fri,AM0007,2023-12-18,2026-04-07
SCH000019,AL0014,RT00236,XA4218,05:45:00,19:18:00,Mon-Fri,AM0013,2023-12-04,2025-06-08
SCH000020,AL0008,RT00148,NR3761,21:45:00,13:29:00,"Mon,Wed,Fri",AM0025,2023-06-06,2024-12-22
SCH000021,AL0012,RT00406,GL9856,07:00:00,08:51:00,Mon-Sat,AM0004,2025-05-01,2026-06-24
SCH000022,AL0001,RT00344,XA4827,23:15:00,15:33:00,Daily,AM0018,2023-01-01,2024-07-21
SCH000023,AL0004,RT00457,GL8000,15:45:00,06:35:00,"Mon,Wed,Fri",AM0003,2024-06-09,2025-11-07
SCH000024,AL0011,RT00213,HZ2942,07:30:00,19:21:00,"Tue,Thu,Sat",AM0008,2024-02-12,2026-03-24
SCH000025,AL0020,RT00881,CN8318,14:00:00,16:49:00,Weekends,AM0011,2024-09-13,2025-11-12
SCH000026,AL0016,RT00605,HZ8253,02:00:00,12:05:00,Mon-Fri,AM0010,2025-01-03,2026-11-14
SCH000027,AL0009,RT00757,NR2749,21:15:00,22:24:00,Weekends,AM0005,2024-07-26,2026-09-12
SCH000028,AL0020,RT00702,CN6592,22:45:00,12:20:00,"Tue,Thu,Sat",AM0020,2024-11-07,2026-03-23
SCH000029,AL0006,RT00652,SK6851,07:45:00,10:02:00,Mon-Sat,AM0017,2023-08-30,2024-10-04
SCH000030,AL0018,RT00128,GL4481,04:15:00,21:26:00,"Tue,Thu,Sat",AM0011,2025-05-27,2027-05-24
SCH000031,AL0009,RT00530,CN7759,10:30:00,14:51:00,Weekends,AM0011,2023-03-19,2025-01-26
SCH000032,AL0002,RT00809,CN3137,18:30:00,09:36:00,"Mon,Wed,Fri",AM0002,2024-08-14,2026-06-11
SCH000033,AL0001,RT00087,CN4893,15:15:00,02:00:00,"Tue,Thu,Sat",AM0017,2023-05-10,2025-08-22
SCH000034,AL0020,RT00417,GL9901,00:30:00,07:49:00,"Tue,Thu,Sat",AM0006,2023-07-26,2024-09-18
SCH000035,AL0013,RT00166,CN1868,00:15:00,10:36:00,Daily,AM0008,2024-12-29,2026-04-13
SCH000036,AL0003,RT00716,HZ1562,05:30:00,17:26:00,Daily,AM0022,2024-08-21,2026-04-27
SCH000037,AL0020,RT00839,HZ1507,18:30:00,08:59:00,Weekends,AM0017,2024-07-13,2026-05-09
SCH000038,AL0001,RT00047,CN9980,06:30:00,08:26:00,Mon-Fri,AM0018,2025-01-01,2027-05-07
SCH000039,AL0007,RT00722,XA1682,21:45:00,05:42:00,"Mon,Wed,Fri",AM0007,2023-09-03,2025-07-29
SCH000040,AL0015,RT00325,GL1983,07:30:00,21:31:00,"Mon,Wed,Fri",AM0013,2024-07-20,2025-11-10
SCH000041,AL0002,RT00868,XA6977,21:30:00,22:59:00,Mon-Sat,AM0001,2023-06-28,2025-09-25
SCH000042,AL0019,RT00014,HZ7618,22:45:00,05:12:00,"Tue,Thu,Sat",AM0007,2024-03-01,2025-10-08
SCH000043,AL0014,RT00173,HZ5317,17:30:00,08:52:00,Daily,AM0021,2023-12-24,2026-04-01
SCH000044,AL0019,RT00647,GL9827,04:15:00,09:20:00,Mon-Sat,AM0012,2024-06-30,2025-11-24
SCH000045,AL0017,RT00701,GL485,01:30:00,11:30:00,"Tue,Thu,Sat",AM0016,2023-02-27,2025-04-25
SCH000046,AL0017,RT00072,SK6245,04:45:00,06:09:00,Weekends,AM0020,2023-01-23,2024-11-05
SCH000047,AL0005,RT00145,HZ6103,15:45:00,00:06:00,Daily,AM0024,2023-01-28,2024-11-20
SCH000048,AL0005,RT00305,CN3280,16:15:00,04:52:00,"Tue,Thu,Sat",AM0003,2023-08-23,2026-01-25
SCH000049,AL0005,RT00032,NR9003,23:15:00,05:12:00,Mon-Fri,AM0015,2024-05-23,2025-08-13
SCH000050,AL0004,RT00704,SK5572,22:15:00,07:17:00,Mon-Fri,AM0025,2023-05-20,2024-10-31
SCH000051,AL0014,RT00603,CN2538,07:00:00,00:12:00,Weekends,AM0005,2025-05-25,2026-08-30
SCH000052,AL0002,RT00675,CN974,09:15:00,13:57:00,Daily,AM0022,2024-01-01,2026-03-21
SCH000053,AL0009,RT00423,GL1160,18:00:00,19:39:00,Weekends,AM0015,2023-09-25,2025-12-23
SCH000054,AL0012,RT00577,CN8982,18:15:00,22:44:00,Mon-Fri,AM0008,2025-02-27,2027-05-21
SCH000055,AL0011,RT00516,XA2577,07:00:00,01:06:00,Daily,AM0020,2023-06-04,2024-10-08
SCH000056,AL0010,RT00625,NR9078,00:15:00,07:31:00,Mon-Sat,AM0022,2023-06-15,2024-10-30
SCH000057,AL0005,RT00406,HZ1289,02:30:00,04:21:00,Mon-Fri,AM0004,2023-12-03,2025-07-05
SCH000058,AL0003,RT00587,SK9839,19:45:00,12:28:00,"Mon,Wed,Fri",AM0018,2023-03-04,2025-04-20
SCH000059,AL0020,RT00581,GL8349,08:45:00,19:33:00,"Tue,Thu,Sat",AM0024,2024-08-24,2026-09-29
SCH000060,AL0010,RT00578,XA1250,17:30:00,01:38:00,Weekends,AM0017,2024-11-17,2027-04-29
SCH000061,AL0012,RT00786,SK951,19:30:00,09:12:00,Mon-Fri,AM0014,2023-11-09,2026-01-01
SCH000062,AL0012,RT00315,HZ8053,21:45:00,11:49:00,"Tue,Thu,Sat",AM0004,2025-02-05,2027-06-30
SCH000063,AL0008,RT00792,CN872,11:30:00,20:32:00,"Tue,Thu,Sat",AM0012,2023-01-07,2024-05-28
SCH000064,AL0015,RT00026,XA2695,15:00:00,16:31:00,Daily,AM0023,2024-04-14,2026-03-04
SCH000065,AL0008,RT00438,NR8031,04:45:00,08:10:00,"Tue,Thu,Sat",AM0020,2024-10-06,2026-07-18
SCH000066,AL0009,RT00398,GL9084,22:30:00,09:46:00,Daily,AM0012,2023-11-29,2025-02-17
SCH000067,AL0017,RT00782,HZ7698,21:30:00,00:33:00,"Tue,Thu,Sat",AM0008,2025-04-15,2027-09-03
SCH000068,AL0007,RT00041,XA8909,09:00:00,14:52:00,Daily,AM0021,2024-01-16,2025-03-19
SCH000069,AL0014,RT00196,HZ5642,08:15:00,23:01:00,Daily,AM0025,2025-03-21,2027-06-21
SCH000070,AL0014,RT00422,GL7817,17:15:00,08:04:00,Daily,AM0008,2024-08-04,2025-12-24
SCH000071,AL0001,RT00734,GL3507,09:45:00,22:46:00,"Tue,Thu,Sat",AM0021,2023-07-23,2024-11-17
SCH000072,AL0014,RT00418,NR7872,17:15:00,05:22:00,Weekends,AM0008,2025-01-03,2026-11-20
SCH000073,AL0017,RT00576,XA6828,02:15:00,03:38:00,"Mon,Wed,Fri",AM0021,2023-01-28,2024-10-04
SCH000074,AL0006,RT00161,SK5790,06:30:00,11:51:00,Mon-Fri,AM0025,2023-06-17,2025-01-08
SCH000075,AL0019,RT00849,XA9922,18:00:00,23:36:00,Daily,AM0017,2024-11-19,2027-03-17
SCH000076,AL0001,RT00706,NR4750,22:30:00,01:58:00,"Tue,Thu,Sat",AM0013,2025-03-07,2027-03-15
SCH000077,AL0004,RT00039,GL6229,00:00:00,15:11:00,"Tue,Thu,Sat",AM0008,2023-12-09,2025-10-29
SCH000078,AL0019,RT00634,XA5147,18:00:00,05:33:00,Mon-Sat,AM0002,2024-08-03,2026-09-28
SCH000079,AL0018,RT00117,NR2678,01:15:00,02:17:00,Daily,AM0002,2024-09-07,2026-11-10
SCH000080,AL0016,RT00504,CN3370,20:00:00,13:19:00,Mon-Sat,AM0021,2024-10-13,2026-01-17
SCH000081,AL0013,RT00638,XA9789,06:00:00,09:36:00,"Mon,Wed,Fri",AM0017,2025-03-10,2026-11-01
SCH000082,AL0005,RT00834,GL3981,08:15:00,17:51:00,Mon-Fri,AM0006,2023-03-18,2025-07-14
SCH000083,AL0010,RT00064,CN6825,17:30:00,22:57:00,Mon-Fri,AM0014,2023-06-20,2025-08-28
SCH000084,AL0012,RT00259,XA5713,20:00:00,07:46:00,"Mon,Wed,Fri",AM0022,2025-03-21,2026-04-22
SCH000085,AL0002,RT00622,SK8908,09:15:00,17:07:00,"Mon,Wed,Fri",AM0017,2024-04-25,2025-09-03
SCH000086,AL0012,RT00236,NR7600,07:30:00,21:03:00,Daily,AM0023,2024-04-11,2025-08-30
SCH000087,AL0002,RT00642,XA898,23:45:00,01:24:00,Weekends,AM0003,2023-12-22,2025-09-21
SCH000088,AL0003,RT00166,CN3618,23:30:00,09:51:00,Mon-Fri,AM0002,2023-11-16,2026-01-24
SCH000089,AL0004,RT00148,NR7147,12:30:00,04:14:00,Mon-Sat,AM0017,2023-08-05,2025-04-19
SCH000090,AL0004,RT00490,CN1697,00:45:00,08:51:00,"Mon,Wed,Fri",AM0015,2023-12-19,2025-03-26
SCH000091,AL0002,RT00621,SK5083,23:00:00,07:20:00,Weekends,AM0018,2023-03-06,2024-12-28
SCH000092,AL0020,RT00185,SK3245,14:45:00,03:30:00,Weekends,AM0025,2023-09-16,2025-01-10
SCH000093,AL0017,RT00787,SK741,13:15:00,22:08:00,Mon-Sat,AM0003,2025-05-27,2027-05-24
SCH000094,AL0011,RT00783,GL9970,02:15:00,10:12:00,"Tue,Thu,Sat",AM0024,2023-05-24,2025-10-26
SCH000095,AL0008,RT00074,HZ9299,23:30:00,16:44:00,Weekends,AM0002,2024-10-08,2026-09-11
SCH000096,AL0004,RT00274,GL7499,17:45:00,02:46:00,Mon-Sat,AM0014,2023-01-31,2025-06-02
SCH000097,AL0019,RT00501,XA2089,05:45:00,22:33:00,"Mon,Wed,Fri",AM0021,2024-10-09,2026-07-27
SCH000098,AL0016,RT00442,NR9885,08:45:00,21:23:00,Daily,AM0018,2023-08-22,2025-10-29
SCH000099,AL0016,RT00230,HZ6344,08:15:00,16:01:00,"Mon,Wed,Fri",AM0006,2024-09-12,2027-01-27
SCH000100,AL0010,RT00477,XA9663,20:00:00,10:44:00,Mon-Sat,AM0016,2024-03-14,2025-06-14
SCH000101,AL0001,RT00867,SK521,11:00:00,00:37:00,Mon-Sat,AM0023,2024-11-15,2026-11-06
SCH000102,AL0013,RT00277,NR1817,20:45:00,03:02:00,Daily,AM0006,2024-08-11,2025-12-25
SCH000103,AL0010,RT00198,SK6804,16:00:00,21:15:00,Mon-Sat,AM0024,2024-05-07,2025-06-21
SCH000104,AL0006,RT00665,HZ9080,08:15:00,01:06:00,Mon-Sat,AM0017,2024-10-09,2026-02-11
SCH000105,AL0007,RT00514,XA1840,09:15:00,11:32:00,Daily,AM0003,2025-05-02,2026-07-17
SCH000106,AL0002,RT00623,NR3238,19:30:00,20:27:00,"Mon,Wed,Fri",AM0009,2024-06-09,2025-09-18
SCH000107,AL0018,RT00582,XA5922,11:15:00,05:05:00,"Tue,Thu,Sat",AM0022,2023-06-03,2024-06-05
SCH000108,AL0004,RT00685,GL9995,16:30:00,03:38:00,Daily,AM0009,2023-04-13,2025-09-13
SCH000109,AL0017,RT00657,CN8015,02:30:00,03:36:00,"Tue,Thu,Sat",AM0024,2024-04-28,2025-12-19
SCH000110,AL0020,RT00546,GL9242,10:45:00,15:55:00,Weekends,AM0011,2024-01-17,2025-04-14
SCH000111,AL0001,RT00410,CN6781,13:00:00,06:10:00,Mon-Fri,AM0009,2024-06-21,2025-12-21
SCH000112,AL0013,RT00415,HZ8785,08:45:00,02:37:00,Mon-Fri,AM0022,2024-08-12,2026-09-15
SCH000113,AL0002,RT00239,CN5119,20:30:00,23:27:00,"Mon,Wed,Fri",AM0020,2023-06-15,2025-05-18
SCH000114,AL0017,RT00405,GL1329,05:45:00,11:17:00,"Tue,Thu,Sat",AM0006,2024-10-18,2025-11-14
SCH000115,AL0011,RT00545,SK7123,20:15:00,22:04:00,"Tue,Thu,Sat",AM0020,2025-05-25,2026-08-12
SCH000116,AL0001,RT00645,XA6054,01:15:00,07:05:00,Mon-Fri,AM0007,2023-10-14,2025-07-30
SCH000117,AL0016,RT00696,CN4904,10:30:00,16:15:00,"Tue,Thu,Sat",AM0023,2025-03-31,2027-08-31
SCH000118,AL0016,RT00340,HZ2822,12:45:00,04:46:00,"Tue,Thu,Sat",AM0001,2025-03-30,2026-05-06
SCH000119,AL0019,RT00660,NR7862,06:00:00,13:02:00,Daily,AM0017,2024-01-05,2026-04-10
SCH000120,AL0010,RT00394,HZ8221,12:30:00,16:09:00,Mon-Fri,AM0004,2024-12-03,2026-01-05
SCH000121,AL0019,RT00323,GL3705,21:00:00,07:38:00,Daily,AM0017,2025-04-03,2026-12-24
SCH000122,AL0014,RT00148,NR9283,10:45:00,02:29:00,Mon-Sat,AM0025,2025-01-22,2026-05-25
SCH000123,AL0011,RT00240,SK3760,12:15:00,00:42:00,Weekends,AM0017,2023-12-10,2025-07-23
SCH000124,AL0008,RT00612,CN1164,22:45:00,07:24:00,Mon-Fri,AM0011,2024-08-11,2026-12-19
SCH000125,AL0006,RT00195,SK1748,22:00:00,23:41:00,Mon-Sat,AM0021,2024-06-07,2025-09-30
SCH000126,AL0013,RT00070,NR4995,00:00:00,03:35:00,"Tue,Thu,Sat",AM0005,2024-01-01,2025-12-07
SCH000127,AL0015,RT00245,GL890,17:45:00,04:19:00,Mon-Sat,AM0014,2024-07-18,2026-01-12
SCH000128,AL0001,RT00892,GL7211,20:15:00,09:39:00,"Tue,Thu,Sat",AM0025,2025-04-04,2027-03-18
SCH000129,AL0009,RT00135,NR7970,22:00:00,12:24:00,Mon-Sat,AM0009,2023-01-23,2024-02-21
SCH000130,AL0001,RT00130,XA5539,19:45:00,21:01:00,Mon-Fri,AM0001,2025-03-06,2026-08-12
SCH000131,AL0008,RT00363,CN8943,01:15:00,18:55:00,Mon-Fri,AM0012,2023-11-21,2026-04-16
SCH000132,AL0016,RT00345,NR9546,18:45:00,11:32:00,Daily,AM0013,2025-01-01,2027-01-23
SCH000133,AL0014,RT00829,XA4530,20:15:00,07:08:00,Weekends,AM0021,2023-04-06,2025-08-19
SCH000134,AL0003,RT00215,NR982,12:45:00,21:36:00,"Mon,Wed,Fri",AM0021,2025-02-25,2027-02-24
SCH000135,AL0015,RT00376,GL2389,00:30:00,06:55:00,"Mon,Wed,Fri",AM0009,2024-01-31,2025-05-09
SCH000136,AL0001,RT00262,XA6609,04:15:00,21:05:00,"Tue,Thu,Sat",AM0020,2025-03-20,2026-11-22
SCH000137,AL0001,RT00225,CN4116,06:15:00,23:22:00,"Tue,Thu,Sat",AM0004,2024-01-13,2026-04-26
SCH000138,AL0019,RT00291,SK6880,20:15:00,07:00:00,"Tue,Thu,Sat",AM0005,2024-10-21,2026-10-21
SCH000139,AL0001,RT00232,GL6700,03:30:00,05:24:00,"Mon,Wed,Fri",AM0016,2024-06-10,2026-03-15
SCH000140,AL0006,RT00647,NR6092,17:30:00,22:35:00,Mon-Fri,AM0018,2023-06-26,2025-10-01
SCH000141,AL0003,RT00712,XA1662,04:00:00,20:50:00,Weekends,AM0021,2023-08-09,2024-10-07
SCH000142,AL0012,RT00160,HZ2930,19:15:00,23:51:00,Mon-Sat,AM0016,2024-04-20,2026-09-15
SCH000143,AL0011,RT00447,CN3840,00:15:00,09:12:00,"Tue,Thu,Sat",AM0004,2024-03-05,2025-05-11
SCH000144,AL0017,RT00238,HZ8260,05:45:00,18:07:00,Mon-Sat,AM0017,2024-06-27,2026-12-12
SCH000145,AL0020,RT00781,CN6853,02:15:00,03:13:00,"Mon,Wed,Fri",AM0011,2024-12-13,2027-02-16
SCH000146,AL0015,RT00092,GL6484,13:30:00,20:42:00,"Tue,Thu,Sat",AM0007,2024-11-13,2026-08-01
SCH000147,AL0010,RT00369,HZ6753,18:00:00,04:26:00,Weekends,AM0009,2023-02-21,2024-11-01
SCH000148,AL0001,RT00299,XA5081,09:15:00,16:25:00,Daily,AM0021,2024-03-13,2025-03-30
SCH000149,AL0019,RT00328,NR492,12:15:00,22:03:00,"Tue,Thu,Sat",AM0005,2023-05-11,2024-10-26
SCH000150,AL0012,RT00848,CN2090,15:15:00,05:55:00,Daily,AM0014,2024-03-28,2025-07-28
SCH000151,AL0005,RT00487,NR1488,10:45:00,18:48:00,"Mon,Wed,Fri",AM0003,2024-04-18,2026-05-01
SCH000152,AL0011,RT00343,GL733,18:45:00,02:08:00,Mon-Sat,AM0019,2025-05-29,2026-09-11
SCH000153,AL0008,RT00728,HZ3262,06:15:00,19:25:00,Daily,AM0004,2023-12-09,2026-02-12
SCH000154,AL0008,RT00700,CN7897,04:30:00,11:59:00,"Tue,Thu,Sat",AM0024,2024-02-04,2025-07-13
SCH000155,AL0010,RT00131,CN1239,04:45:00,19:55:00,Mon-Sat,AM0023,2024-03-27,2026-06-24
SCH000156,AL0016,RT00416,HZ1202,04:00:00,09:18:00,"Mon,Wed,Fri",AM0022,2023-04-25,2024-11-02
SCH000157,AL0004,RT00371,CN1330,00:15:00,02:47:00,"Tue,Thu,Sat",AM0009,2023-02-22,2025-03-30
SCH000158,AL0020,RT00405,NR2770,01:30:00,07:02:00,Mon-Sat,AM0020,2024-09-18,2026-09-10
SCH000159,AL0002,RT00315,HZ2101,01:00:00,15:04:00,"Tue,Thu,Sat",AM0004,2023-09-23,2026-03-05
SCH000160,AL0003,RT00742,NR238,03:15:00,05:59:00,Daily,AM0008,2023-11-17,2025-08-24
SCH000161,AL0014,RT00897,XA2837,15:00:00,08:01:00,"Tue,Thu,Sat",AM0004,2025-05-26,2026-11-30
SCH000162,AL0003,RT00025,HZ9962,05:15:00,15:36:00,"Tue,Thu,Sat",AM0002,2023-08-08,2025-07-20
SCH000163,AL0016,RT00771,GL3430,14:00:00,21:16:00,Mon-Fri,AM0010,2025-03-09,2026-03-24
SCH000164,AL0015,RT00779,SK2191,01:30:00,03:34:00,"Mon,Wed,Fri",AM0015,2024-07-08,2026-12-09
SCH000165,AL0009,RT00330,CN5007,19:45:00,05:05:00,Mon-Sat,AM0022,2023-08-23,2025-08-19
SCH000166,AL0010,RT00437,NR2370,08:15:00,12:01:00,Mon-Sat,AM0001,2025-04-22,2026-05-18
SCH000167,AL0020,RT00092,XA5639,10:00:00,17:12:00,Mon-Sat,AM0011,2024-07-03,2025-10-03
SCH000168,AL0016,RT00317,SK4066,16:15:00,06:46:00,"Tue,Thu,Sat",AM0018,2023-10-04,2024-10-10
SCH000169,AL0013,RT00215,NR8977,23:00:00,07:51:00,Daily,AM0006,2024-02-03,2026-01-24
SCH000170,AL0003,RT00817,GL9285,19:15:00,23:05:00,Weekends,AM0019,2023-11-25,2025-11-15
SCH000171,AL0012,RT00097,SK7158,09:30:00,22:30:00,Mon-Fri,AM0015,2025-01-16,2026-04-13
SCH000172,AL0001,RT00306,HZ2235,08:15:00,21:24:00,Daily,AM0015,2024-02-16,2025-12-04
SCH000173,AL0006,RT00433,NR4791,08:30:00,12:07:00,Mon-Fri,AM0004,2023-02-02,2024-10-20
SCH000174,AL0014,RT00880,HZ3123,02:30:00,16:47:00,Mon-Sat,AM0005,2024-08-30,2026-05-15
SCH000175,AL0009,RT00736,HZ8002,08:00:00,10:37:00,"Mon,Wed,Fri",AM0022,2024-10-30,2026-09-25
SCH000176,AL0020,RT00843,NR388,18:30:00,01:00:00,"Tue,Thu,Sat",AM0022,2023-12-16,2026-03-16
SCH000177,AL0019,RT00280,XA6658,06:30:00,11:26:00,"Mon,Wed,Fri",AM0012,2025-03-25,2027-07-27
SCH000178,AL0002,RT00242,CN3299,09:00:00,14:23:00,Weekends,AM0015,2024-01-11,2025-04-04
SCH000179,AL0018,RT00515,HZ4861,01:15:00,10:12:00,Weekends,AM0014,2023-08-22,2026-01-08
SCH000180,AL0018,RT00307,CN3297,06:15:00,23:04:00,Mon-Sat,AM0013,2024-09-10,2026-07-13
SCH000181,AL0003,RT00015,HZ3711,01:15:00,02:22:00,Mon-Fri,AM0018,2023-04-23,2024-07-27
SCH000182,AL0008,RT00731,SK6775,11:45:00,23:48:00,Mon-Fri,AM0015,2025-05-19,2027-09-29
SCH000183,AL0019,RT00086,XA5994,07:30:00,19:59:00,Mon-Sat,AM0004,2024-08-26,2026-03-11
SCH000184,AL0001,RT00177,GL2516,23:45:00,17:25:00,Weekends,AM0003,2023-10-07,2025-06-01
SCH000185,AL0002,RT00849,NR531,14:30:00,20:06:00,Mon-Sat,AM0022,2023-03-14,2025-08-12
SCH000186,AL0011,RT00659,HZ8573,08:00:00,19:05:00,Mon-Sat,AM0019,2024-05-31,2026-04-06
SCH000187,AL0020,RT00579,SK4973,12:30:00,19:10:00,Daily,AM0005,2024-06-01,2025-08-16
SCH000188,AL0006,RT00117,SK6224,23:00:00,00:02:00,"Tue,Thu,Sat",AM0002,2024-12-02,2026-01-08
SCH000189,AL0016,RT00226,CN4935,04:15:00,18:39:00,Daily,AM0006,2023-09-08,2025-11-19
SCH000190,AL0014,RT00186,HZ6226,06:45:00,11:16:00,Mon-Sat,AM0015,2023-07-07,2025-01-08
SCH000191,AL0003,RT00578,HZ6306,13:45:00,21:53:00,Daily,AM0015,2023-12-31,2025-02-21
SCH000192,AL0006,RT00451,CN248,02:00:00,16:28:00,Mon-Sat,AM0005,2024-12-23,2026-01-14
SCH000193,AL0013,RT00325,XA5378,12:45:00,02:46:00,"Tue,Thu,Sat",AM0005,2025-03-12,2027-07-30
SCH000194,AL0010,RT00672,GL5070,03:45:00,21:25:00,"Mon,Wed,Fri",AM0006,2023-11-10,2025-09-11
SCH000195,AL0005,RT00701,HZ1048,20:45:00,06:45:00,Mon-Fri,AM0012,2023-02-12,2024-11-18
SCH000196,AL0005,RT00666,GL7483,18:45:00,09:52:00,Mon-Fri,AM0006,2023-04-09,2025-02-17
SCH000197,AL0012,RT00096,GL2434,01:00:00,05:50:00,Weekends,AM0012,2024-04-25,2025-12-05
SCH000198,AL0017,RT00549,CN639,12:00:00,17:02:00,Mon-Sat,AM0001,2023-01-22,2025-06-13
SCH000199,AL0009,RT00190,SK8050,05:30:00,12:28:00,Mon-Sat,AM0024,2024-10-01,2026-08-19
SCH000200,AL0019,RT00245,GL8663,13:00:00,23:34:00,"Mon,Wed,Fri",AM0023,2023-01-30,2025-01-05
SCH000201,AL0014,RT00881,NR2482,13:15:00,16:04:00,Mon-Fri,AM0009,2024-01-10,2026-05-02
SCH000202,AL0009,RT00374,NR6906,23:45:00,05:10:00,"Mon,Wed,Fri",AM0021,2024-12-05,2025-12-06
SCH000203,AL0015,RT00709,SK149,04:45:00,21:19:00,"Tue,Thu,Sat",AM0014,2024-02-18,2025-08-06
SCH000204,AL0009,RT00222,NR7238,12:15:00,17:25:00,"Mon,Wed,Fri",AM0001,2024-08-18,2026-11-06
SCH000205,AL0016,RT00876,XA4701,23:30:00,04:44:00,Mon-Sat,AM0008,2023-10-22,2024-12-11
SCH000206,AL0020,RT00250,HZ7944,02:30:00,11:00:00,Daily,AM0002,2024-12-01,2026-05-26
SCH000207,AL0016,RT00164,NR3990,06:15:00,23:11:00,"Mon,Wed,Fri",AM0018,2024-01-12,2025-04-08
SCH000208,AL0003,RT00291,XA3575,17:00:00,03:45:00,Daily,AM0020,2024-10-26,2026-11-12
SCH000209,AL0002,RT00157,NR8422,02:15:00,04:04:00,"Mon,Wed,Fri",AM0016,2025-04-20,2027-07-15
SCH000210,AL0017,RT00539,GL482,04:30:00,12:50:00,"Mon,Wed,Fri",AM0001,2023-12-03,2025-04-22
SCH000211,AL0017,RT00130,GL1952,22:45:00,00:01:00,Mon-Fri,AM0006,2023-07-24,2025-07-25
SCH000212,AL0012,RT00187,GL4179,13:45:00,23:33:00,"Tue,Thu,Sat",AM0012,2025-04-03,2027-05-14
SCH000213,AL0005,RT00632,GL6003,01:00:00,13:04:00,Mon-Sat,AM0004,2024-08-24,2026-12-21
SCH000214,AL0018,RT00039,GL150,20:30:00,11:41:00,Weekends,AM0003,2025-02-14,2027-06-25
SCH000215,AL0009,RT00397,HZ5793,12:30:00,00:55:00,Weekends,AM0008,2023-12-01,2025-07-31
SCH000216,AL0006,RT00624,GL3846,11:00:00,16:31:00,Mon-Fri,AM0015,2023-11-04,2024-12-15
SCH000217,AL0008,RT00401,XA6336,23:45:00,09:19:00,Daily,AM0003,2023-04-20,2025-05-22
SCH000218,AL0006,RT00020,CN9078,07:30:00,22:29:00,Weekends,AM0025,2024-11-13,2026-08-31
SCH000219,AL0006,RT00143,GL4464,09:30:00,22:26:00,Weekends,AM0012,2025-01-15,2026-09-17
SCH000220,AL0007,RT00874,XA5589,13:30:00,16:16:00,"Tue,Thu,Sat",AM0005,2024-12-24,2026-10-09
SCH000221,AL0014,RT00695,HZ4681,05:15:00,06:50:00,Mon-Sat,AM0001,2023-09-15,2025-08-24
SCH000222,AL0001,RT00316,GL1273,03:00:00,14:53:00,Daily,AM0024,2024-03-07,2025-08-07
SCH000223,AL0008,RT00787,CN7951,03:15:00,12:08:00,Daily,AM0015,2024-03-11,2025-09-02
SCH000224,AL0004,RT00006,CN8862,07:45:00,17:03:00,"Mon,Wed,Fri",AM0022,2023-04-17,2024-10-15
SCH000225,AL0013,RT00043,CN8132,01:30:00,13:22:00,Weekends,AM0020,2023-01-01,2024-09-20
SCH000226,AL0020,RT00797,GL9480,12:30:00,17:19:00,"Tue,Thu,Sat",AM0025,2023-10-22,2025-10-17
SCH000227,AL0016,RT00607,GL4733,23:00:00,15:39:00,Mon-Fri,AM0023,2024-03-26,2025-04-17
SCH000228,AL0005,RT00540,CN6557,06:00:00,17:35:00,Weekends,AM0020,2025-05-23,2026-10-26
SCH000229,AL0011,RT00311,HZ1766,00:30:00,09:10:00,Weekends,AM0022,2025-02-10,2027-03-06
SCH000230,AL0001,RT00736,HZ9769,00:45:00,03:22:00,"Mon,Wed,Fri",AM0022,2024-09-24,2025-10-10
SCH000231,AL0009,RT00548,NR5846,03:15:00,14:33:00,Daily,AM0007,2025-04-30,2027-06-29
SCH000232,AL0006,RT00392,HZ2690,14:15:00,16:12:00,Mon-Sat,AM0015,2024-11-15,2026-12-31
SCH000233,AL0011,RT00343,GL8072,11:45:00,19:08:00,Weekends,AM0025,2024-04-09,2025-09-26
SCH000234,AL0009,RT00319,NR5905,09:00:00,23:07:00,Mon-Fri,AM0022,2025-03-16,2027-02-13
SCH000235,AL0014,RT00518,CN9500,18:30:00,07:05:00,"Mon,Wed,Fri",AM0003,2025-03-23,2026-12-10
SCH000236,AL0011,RT00590,NR7722,09:00:00,14:16:00,Daily,AM0003,2023-06-29,2024-11-08
SCH000237,AL0019,RT00725,GL8784,14:15:00,22:10:00,"Mon,Wed,Fri",AM0006,2023-09-07,2024-11-24
SCH000238,AL0002,RT00366,CN5511,23:15:00,09:12:00,Daily,AM0019,2025-05-05,2027-10-01
SCH000239,AL0019,RT00229,NR5220,04:30:00,14:49:00,Mon-Fri,AM0010,2023-01-06,2025-04-09
SCH000240,AL0016,RT00501,SK7596,02:15:00,19:03:00,"Tue,Thu,Sat",AM0016,2024-04-02,2026-07-26
SCH000241,AL0015,RT00526,CN1139,05:15:00,20:01:00,Weekends,AM0004,2023-12-05,2025-02-17
SCH000242,AL0017,RT00251,CN634,03:15:00,19:01:00,Mon-Sat,AM0002,2024-10-19,2027-03-18
SCH000243,AL0002,RT00066,HZ9837,19:00:00,00:12:00,Weekends,AM0020,2025-04-26,2027-03-26
SCH000244,AL0005,RT00300,SK9170,21:45:00,03:49:00,"Tue,Thu,Sat",AM0008,2023-10-08,2025-07-08
SCH000245,AL0001,RT00064,NR9560,13:30:00,18:57:00,Daily,AM0002,2023-07-14,2025-01-11
SCH000246,AL0016,RT00074,XA717,03:30:00,20:44:00,Mon-Sat,AM0006,2023-10-18,2025-02-19
SCH000247,AL0008,RT00870,HZ2765,20:30:00,06:29:00,"Mon,Wed,Fri",AM0009,2024-09-23,2026-03-16
SCH000248,AL0008,RT00704,GL9024,22:00:00,07:02:00,"Tue,Thu,Sat",AM0011,2023-11-14,2025-02-13
SCH000249,AL0013,RT00032,CN985,09:30:00,15:27:00,Mon-Fri,AM0023,2024-07-21,2026-09-16
SCH000250,AL0009,RT00314,NR4568,16:30:00,05:26:00,Mon-Fri,AM0005,2023-11-04,2026-03-25
SCH000251,AL0013,RT00230,XA3478,14:15:00,22:01:00,Weekends,AM0016,2024-10-15,2027-03-16
SCH000252,AL0019,RT00878,GL8809,12:30:00,01:48:00,Mon-Fri,AM0007,2023-02-25,2025-06-15
SCH000253,AL0007,RT00394,SK5228,08:15:00,11:54:00,Daily,AM0013,2023-10-30,2025-01-07
SCH000254,AL0018,RT00234,SK2974,06:30:00,22:42:00,"Tue,Thu,Sat",AM0008,2023-10-01,2025-10-31
SCH000255,AL0011,RT00572,SK5290,06:15:00,07:06:00,"Tue,Thu,Sat",AM0009,2024-06-11,2026-09-12
SCH000256,AL0008,RT00428,GL1213,08:45:00,02:36:00,"Tue,Thu,Sat",AM0015,2024-07-25,2026-04-24
SCH000257,AL0019,RT00169,XA7338,18:00:00,11:06:00,"Mon,Wed,Fri",AM0015,2024-10-04,2026-07-29
SCH000258,AL0010,RT00275,SK6220,19:15:00,08:31:00,"Mon,Wed,Fri",AM0004,2025-03-07,2026-09-28
SCH000259,AL0003,RT00115,XA6046,02:30:00,16:55:00,Mon-Sat,AM0004,2024-12-04,2027-02-17
SCH000260,AL0006,RT00625,HZ4434,01:00:00,08:16:00,"Mon,Wed,Fri",AM0007,2023-02-06,2025-02-16
SCH000261,AL0017,RT00874,GL3012,11:30:00,14:16:00,"Tue,Thu,Sat",AM0023,2024-08-21,2026-07-23
SCH000262,AL0011,RT00728,SK747,18:00:00,07:10:00,Weekends,AM0008,2023-01-15,2024-01-20
SCH000263,AL0012,RT00338,CN9474,13:30:00,07:17:00,Daily,AM0015,2024-01-01,2026-05-28
SCH000264,AL0014,RT00439,XA4223,19:15:00,12:36:00,Weekends,AM0012,2024-06-07,2026-03-14
SCH000265,AL0004,RT00055,HZ5009,17:00:00,09:34:00,"Tue,Thu,Sat",AM0009,2023-10-09,2026-03-03
SCH000266,AL0002,RT00331,NR3819,16:15:00,20:13:00,"Mon,Wed,Fri",AM0001,2024-09-09,2026-09-07
SCH000267,AL0009,RT00029,GL9878,12:15:00,16:32:00,"Tue,Thu,Sat",AM0012,2024-12-03,2026-09-07
SCH000268,AL0019,RT00671,GL7981,01:00:00,17:12:00,"Tue,Thu,Sat",AM0025,2024-06-21,2026-07-29
SCH000269,AL0003,RT00819,NR1047,04:30:00,18:31:00,Mon-Fri,AM0024,2024-04-08,2025-08-17
SCH000270,AL0015,RT00173,XA6120,17:30:00,08:52:00,"Tue,Thu,Sat",AM0008,2025-05-09,2027-01-05
SCH000271,AL0020,RT00607,CN4897,07:30:00,00:09:00,"Tue,Thu,Sat",AM0014,2024-07-30,2025-08-12
SCH000272,AL0002,RT00540,CN7953,17:45:00,05:20:00,Mon-Fri,AM0008,2023-07-22,2025-08-23
SCH000273,AL0003,RT00377,HZ9972,08:30:00,16:13:00,"Mon,Wed,Fri",AM0024,2024-08-02,2026-01-22
SCH000274,AL0018,RT00661,XA7467,00:45:00,03:36:00,Mon-Sat,AM0014,2024-02-29,2025-04-20
SCH000275,AL0003,RT00612,NR8661,16:30:00,01:09:00,Mon-Fri,AM0024,2023-01-21,2025-03-22
SCH000276,AL0015,RT00243,CN5075,21:30:00,00:10:00,Mon-Fri,AM0022,2025-03-19,2026-07-21
SCH000277,AL0016,RT00719,CN3798,10:45:00,16:46:00,Mon-Fri,AM0009,2024-12-03,2026-04-01
SCH000278,AL0007,RT00591,SK6467,03:30:00,05:13:00,Mon-Fri,AM0012,2024-06-29,2025-09-14
SCH000279,AL0006,RT00282,XA7518,09:30:00,13:31:00,Mon-Fri,AM0015,2024-08-17,2026-07-05
SCH000280,AL0011,RT00662,HZ2352,23:30:00,11:19:00,"Tue,Thu,Sat",AM0007,2024-05-24,2025-11-21
SCH000281,AL0011,RT00577,SK5083,07:45:00,12:14:00,Mon-Sat,AM0021,2023-10-30,2025-08-30
SCH000282,AL0018,RT00106,HZ1226,01:15:00,16:32:00,Mon-Sat,AM0015,2025-04-03,2026-10-04
SCH000283,AL0012,RT00150,CN2241,18:00:00,00:14:00,Weekends,AM0006,2024-05-03,2026-06-09
SCH000284,AL0020,RT00292,HZ8829,05:15:00,18:28:00,Mon-Sat,AM0013,2023-10-27,2025-05-14
SCH000285,AL0005,RT00040,XA1532,00:00:00,06:27:00,Daily,AM0021,2024-08-27,2026-10-25
SCH000286,AL0006,RT00366,XA8131,16:15:00,02:12:00,Daily,AM0011,2023-05-19,2025-01-22
SCH000287,AL0005,RT00416,HZ3788,08:45:00,14:03:00,Mon-Fri,AM0018,2023-10-10,2024-10-16
SCH000288,AL0014,RT00699,XA6668,03:00:00,03:58:00,Mon-Fri,AM0025,2023-04-25,2024-12-13
SCH000289,AL0001,RT00155,HZ9111,01:45:00,18:32:00,Mon-Sat,AM0009,2023-03-17,2024-07-25
SCH000290,AL0018,RT00511,CN7830,04:30:00,17:27:00,"Tue,Thu,Sat",AM0025,2024-12-26,2026-09-14
SCH000291,AL0016,RT00599,HZ8275,03:15:00,07:52:00,"Tue,Thu,Sat",AM0011,2024-01-21,2025-03-27
SCH000292,AL0020,RT00405,CN2685,00:15:00,05:47:00,"Tue,Thu,Sat",AM0015,2025-01-26,2027-03-04
SCH000293,AL0020,RT00817,CN3680,08:45:00,12:35:00,"Tue,Thu,Sat",AM0020,2024-07-16,2026-06-15
SCH000294,AL0002,RT00287,HZ7353,19:00:00,05:33:00,"Mon,Wed,Fri",AM0002,2023-07-26,2024-10-08
SCH000295,AL0015,RT00368,HZ7793,09:30:00,01:29:00,Daily,AM0018,2023-07-06,2025-12-10
SCH000296,AL0011,RT00004,CN7920,00:15:00,08:01:00,Daily,AM0015,2024-02-08,2025-08-13
SCH000297,AL0015,RT00370,GL7426,21:30:00,13:11:00,Mon-Sat,AM0017,2023-03-25,2024-07-14
SCH000298,AL0018,RT00019,SK2392,15:45:00,20:10:00,"Mon,Wed,Fri",AM0024,2024-05-31,2025-05-31
SCH000299,AL0012,RT00886,SK2961,23:45:00,15:06:00,Mon-Sat,AM0013,2024-02-10,2025-06-20
SCH000300,AL0001,RT00217,HZ9425,13:15:00,20:16:00,Daily,AM0024,2023-05-03,2024-05-17
SCH000301,AL0018,RT00731,XA5582,11:30:00,23:33:00,"Mon,Wed,Fri",AM0015,2024-04-08,2025-12-22
SCH000302,AL0009,RT00106,HZ7568,12:15:00,03:32:00,Mon-Fri,AM0006,2025-01-19,2026-12-09
SCH000303,AL0010,RT00247,GL6031,00:30:00,01:17:00,Weekends,AM0017,2025-03-13,2026-09-26
SCH000304,AL0012,RT00108,SK9251,09:00:00,18:44:00,"Mon,Wed,Fri",AM0005,2024-01-05,2026-04-17
SCH000305,AL0019,RT00332,XA8700,10:45:00,01:33:00,Weekends,AM0023,2023-03-06,2025-08-03
SCH000306,AL0011,RT00543,HZ2687,07:00:00,09:31:00,Daily,AM0004,2025-02-01,2026-07-14
SCH000307,AL0005,RT00378,GL8857,20:00:00,05:43:00,Mon-Sat,AM0013,2024-05-01,2026-04-07
SCH000308,AL0015,RT00545,CN3070,22:45:00,00:34:00,"Tue,Thu,Sat",AM0021,2024-11-02,2026-06-05
SCH000309,AL0013,RT00726,XA4465,11:15:00,05:09:00,Weekends,AM0001,2023-02-09,2024-07-04
SCH000310,AL0002,RT00041,SK8526,18:00:00,23:52:00,"Mon,Wed,Fri",AM0013,2023-09-18,2025-01-07
SCH000311,AL0011,RT00382,HZ3307,05:30:00,13:00:00,Daily,AM0013,2023-09-10,2025-06-15
SCH000312,AL0016,RT00535,SK2978,22:15:00,23:33:00,Weekends,AM0009,2024-09-24,2025-12-09
SCH000313,AL0018,RT00472,CN6719,16:45:00,04:39:00,Weekends,AM0017,2024-08-24,2026-08-18
SCH000314,AL0006,RT00132,XA9995,17:45:00,21:28:00,Weekends,AM0009,2024-10-16,2027-01-31
SCH000315,AL0011,RT00186,NR1397,14:30:00,19:01:00,Weekends,AM0010,2023-12-17,2025-06-30
SCH000316,AL0017,RT00340,SK7039,19:15:00,11:16:00,Mon-Sat,AM0007,2023-10-02,2025-08-03
SCH000317,AL0012,RT00587,GL5316,12:15:00,04:58:00,Daily,AM0016,2023-06-17,2025-11-20
SCH000318,AL0009,RT00891,XA4164,23:30:00,04:55:00,"Mon,Wed,Fri",AM0023,2023-08-13,2025-08-24
SCH000319,AL0004,RT00332,GL7522,15:45:00,06:33:00,Mon-Sat,AM0005,2023-05-25,2024-12-26
SCH000320,AL0001,RT00470,CN5592,10:30:00,16:00:00,Mon-Sat,AM0011,2024-12-28,2027-04-13
SCH000321,AL0014,RT00276,SK7997,05:00:00,15:30:00,Mon-Sat,AM0006,2024-08-21,2025-09-12
SCH000322,AL0020,RT00031,NR7463,21:00:00,00:54:00,Weekends,AM0007,2024-08-21,2026-07-01
SCH000323,AL0013,RT00359,NR9851,01:30:00,09:33:00,"Mon,Wed,Fri",AM0025,2025-02-21,2026-07-06
SCH000324,AL0016,RT00313,HZ8126,01:15:00,10:22:00,"Mon,Wed,Fri",AM0018,2024-10-15,2026-01-19
SCH000325,AL0014,RT00136,CN761,00:15:00,14:29:00,Mon-Sat,AM0024,2023-10-11,2025-07-13
SCH000326,AL0007,RT00604,XA7817,02:15:00,18:45:00,Mon-Sat,AM0016,2023-10-04,2025-10-19
SCH000327,AL0011,RT00233,HZ6531,05:30:00,09:45:00,Mon-Fri,AM0017,2023-04-23,2025-05-21
SCH000328,AL0006,RT00203,NR988,11:00:00,00:43:00,Daily,AM0018,2024-09-29,2026-11-03
SCH000329,AL0005,RT00351,GL6093,06:00:00,16:51:00,Mon-Fri,AM0017,2025-02-11,2026-07-15
SCH000330,AL0012,RT00869,XA7532,10:00:00,19:19:00,Mon-Fri,AM0021,2024-09-22,2026-05-01
SCH000331,AL0013,RT00573,CN2052,10:30:00,18:03:00,Mon-Fri,AM0009,2024-02-20,2025-04-20
SCH000332,AL0020,RT00383,NR4405,10:30:00,11:33:00,Mon-Sat,AM0003,2023-10-22,2025-09-15
SCH000333,AL0005,RT00739,GL5470,01:45:00,08:27:00,Mon-Fri,AM0013,2024-01-22,2026-03-27
SCH000334,AL0006,RT00019,GL4189,12:00:00,16:25:00,Weekends,AM0001,2023-08-27,2025-05-12
SCH000335,AL0004,RT00304,NR8771,07:00:00,07:38:00,Weekends,AM0002,2023-05-27,2024-11-09
SCH000336,AL0019,RT00487,CN1771,12:00:00,20:03:00,Mon-Fri,AM0002,2024-01-16,2025-07-12
SCH000337,AL0016,RT00440,SK7737,01:30:00,18:09:00,Mon-Fri,AM0002,2023-07-29,2025-07-10
SCH000338,AL0007,RT00609,SK7802,20:30:00,03:27:00,Mon-Sat,AM0018,2024-10-14,2026-10-08
SCH000339,AL0020,RT00632,GL4535,17:00:00,05:04:00,"Mon,Wed,Fri",AM0015,2025-03-11,2026-11-20
SCH000340,AL0015,RT00411,XA5440,08:15:00,10:48:00,Daily,AM0024,2023-06-20,2024-10-29
SCH000341,AL0010,RT00837,NR1620,08:00:00,15:23:00,"Mon,Wed,Fri",AM0008,2023-01-06,2024-08-12
SCH000342,AL0008,RT00836,NR2031,07:30:00,21:54:00,"Mon,Wed,Fri",AM0009,2025-02-10,2026-08-04
SCH000343,AL0012,RT00428,CN5362,23:30:00,17:21:00,Weekends,AM0013,2023-09-17,2024-11-07
SCH000344,AL0002,RT00812,NR2324,16:00:00,17:49:00,"Tue,Thu,Sat",AM0020,2023-08-14,2025-03-18
SCH000345,AL0004,RT00577,CN8083,11:00:00,15:29:00,"Tue,Thu,Sat",AM0024,2025-01-25,2027-04-24
SCH000346,AL0019,RT00126,SK6199,15:30:00,21:20:00,"Tue,Thu,Sat",AM0019,2025-01-11,2026-12-05
SCH000347,AL0005,RT00108,CN660,01:45:00,11:29:00,"Mon,Wed,Fri",AM0013,2024-05-27,2025-08-06
SCH000348,AL0004,RT00072,GL3642,19:45:00,21:09:00,Weekends,AM0025,2023-05-18,2025-08-15
SCH000349,AL0018,RT00191,SK8597,14:30:00,01:40:00,Mon-Fri,AM0005,2024-09-15,2026-01-07
SCH000350,AL0019,RT00282,NR2846,07:30:00,11:31:00,Daily,AM0012,2024-10-14,2026-09-07
SCH000351,AL0017,RT00063,GL7224,16:45:00,17:46:00,Mon-Sat,AM0007,2024-01-27,2025-11-25
SCH000352,AL0003,RT00548,XA1028,00:45:00,12:03:00,Mon-Sat,AM0005,2024-05-10,2026-06-02
SCH000353,AL0017,RT00371,GL9311,11:45:00,14:17:00,Mon-Fri,AM0010,2024-04-18,2026-06-01
SCH000354,AL0006,RT00542,HZ4548,22:15:00,01:25:00,"Tue,Thu,Sat",AM0020,2024-08-07,2026-01-10
SCH000355,AL0001,RT00453,NR4966,18:15:00,07:29:00,Daily,AM0008,2024-03-31,2026-05-21
SCH000356,AL0019,RT00245,HZ5740,01:00:00,11:34:00,Mon-Fri,AM0021,2025-05-10,2027-03-20
SCH000357,AL0006,RT00554,HZ3697,14:00:00,03:31:00,Daily,AM0016,2023-02-01,2024-08-06
SCH000358,AL0014,RT00856,HZ7279,16:15:00,09:17:00,Weekends,AM0018,2023-02-16,2024-04-11
SCH000359,AL0002,RT00286,NR244,12:45:00,17:33:00,Mon-Fri,AM0007,2023-05-14,2025-03-13
SCH000360,AL0004,RT00277,NR1705,07:15:00,13:32:00,"Mon,Wed,Fri",AM0022,2023-05-12,2025-01-13
SCH000361,AL0018,RT00465,HZ1969,16:30:00,02:15:00,Weekends,AM0006,2024-03-16,2025-11-22
SCH000362,AL0012,RT00724,NR6389,10:45:00,13:51:00,Daily,AM0010,2023-03-11,2025-03-14
SCH000363,AL0020,RT00479,CN8916,22:15:00,12:55:00,Daily,AM0020,2023-06-18,2025-07-01
SCH000364,AL0004,RT00749,CN729,20:15:00,04:20:00,"Tue,Thu,Sat",AM0018,2024-04-03,2025-07-08
SCH000365,AL0018,RT00067,XA8538,21:30:00,14:13:00,"Mon,Wed,Fri",AM0008,2025-03-05,2026-08-10
SCH000366,AL0018,RT00089,CN8212,10:15:00,12:00:00,Mon-Sat,AM0007,2024-12-09,2027-04-05
SCH000367,AL0019,RT00366,XA858,16:15:00,02:12:00,Daily,AM0011,2023-07-11,2025-05-23
SCH000368,AL0001,RT00210,HZ1517,03:45:00,14:58:00,Mon-Fri,AM0012,2023-02-18,2024-09-28
SCH000369,AL0003,RT00021,NR3565,18:15:00,00:25:00,Daily,AM0002,2024-10-14,2027-03-18
SCH000370,AL0011,RT00194,GL1235,18:15:00,02:49:00,Mon-Sat,AM0007,2024-11-19,2026-11-13
SCH000371,AL0003,RT00244,SK7606,18:45:00,11:16:00,Daily,AM0004,2025-03-31,2027-06-28
SCH000372,AL0002,RT00828,GL5089,00:30:00,14:44:00,"Tue,Thu,Sat",AM0004,2024-01-18,2025-09-25
SCH000373,AL0017,RT00705,HZ4166,10:45:00,14:41:00,Mon-Fri,AM0009,2023-02-21,2024-05-18
SCH000374,AL0014,RT00316,NR7276,06:15:00,18:08:00,"Tue,Thu,Sat",AM0001,2025-04-11,2027-05-07
SCH000375,AL0017,RT00863,CN2999,21:45:00,06:31:00,Weekends,AM0017,2023-09-11,2025-11-20
SCH000376,AL0019,RT00753,CN8727,12:45:00,20:39:00,Mon-Sat,AM0017,2023-12-04,2025-10-11
SCH000377,AL0003,RT00226,SK6573,14:00:00,04:24:00,Daily,AM0006,2024-01-01,2025-08-19
SCH000378,AL0017,RT00431,XA3530,10:00:00,18:16:00,Mon-Fri,AM0022,2025-05-19,2026-07-23
SCH000379,AL0001,RT00830,HZ5444,02:30:00,07:00:00,"Tue,Thu,Sat",AM0015,2023-11-15,2025-03-25
SCH000380,AL0008,RT00412,NR2668,14:30:00,15:55:00,Mon-Sat,AM0008,2024-05-06,2026-09-12
SCH000381,AL0006,RT00334,NR9850,14:00:00,22:08:00,"Mon,Wed,Fri",AM0005,2024-03-21,2025-06-19
SCH000382,AL0005,RT00814,HZ4412,09:30:00,15:42:00,Daily,AM0011,2025-05-24,2027-05-12
SCH000383,AL0015,RT00595,NR8977,15:00:00,01:03:00,"Mon,Wed,Fri",AM0025,2025-04-20,2027-04-09
SCH000384,AL0003,RT00397,NR9781,09:45:00,22:10:00,Weekends,AM0001,2024-07-11,2026-03-20
SCH000385,AL0017,RT00783,XA5403,15:30:00,23:27:00,"Tue,Thu,Sat",AM0001,2023-04-04,2025-09-18
SCH000386,AL0018,RT00671,NR7326,08:45:00,00:57:00,"Mon,Wed,Fri",AM0011,2023-11-02,2025-10-28
SCH000387,AL0014,RT00314,XA5764,18:00:00,06:56:00,Mon-Sat,AM0023,2024-08-11,2027-01-10
SCH000388,AL0002,RT00382,XA1006,21:45:00,05:15:00,Daily,AM0008,2024-12-10,2026-04-28
SCH000389,AL0012,RT00043,XA9527,11:15:00,23:07:00,"Mon,Wed,Fri",AM0019,2024-10-25,2026-11-25
SCH000390,AL0013,RT00092,SK4620,00:00:00,07:12:00,"Tue,Thu,Sat",AM0015,2024-03-05,2026-04-20
SCH000391,AL0008,RT00859,SK8950,16:15:00,01:35:00,Weekends,AM0005,2024-08-15,2026-12-19
SCH000392,AL0008,RT00048,HZ6589,22:15:00,10:49:00,Weekends,AM0023,2023-09-30,2025-05-07
SCH000393,AL0010,RT00754,NR1141,17:30:00,21:04:00,"Tue,Thu,Sat",AM0005,2024-07-15,2026-01-08
SCH000394,AL0020,RT00188,HZ4228,08:45:00,11:17:00,Weekends,AM0013,2024-02-27,2026-05-02
SCH000395,AL0001,RT00488,CN2038,13:15:00,02:02:00,Weekends,AM0017,2024-08-26,2026-09-14
SCH000396,AL0011,RT00651,HZ1781,08:30:00,10:04:00,"Mon,Wed,Fri",AM0017,2025-02-08,2026-07-04
SCH000397,AL0007,RT00893,HZ7178,18:00:00,03:45:00,"Tue,Thu,Sat",AM0022,2024-12-25,2026-06-05
SCH000398,AL0011,RT00337,NR397,17:45:00,21:00:00,Daily,AM0018,2024-10-08,2026-12-04
SCH000399,AL0001,RT00833,NR9663,15:15:00,05:44:00,Mon-Sat,AM0017,2024-11-09,2026-09-09
SCH000400,AL0019,RT00409,CN4553,09:45:00,01:53:00,Mon-Fri,AM0004,2023-06-03,2025-09-30
SCH000401,AL0010,RT00781,XA4948,04:15:00,05:13:00,Daily,AM0008,2023-06-13,2025-05-15
SCH000402,AL0020,RT00092,NR3064,14:15:00,21:27:00,Mon-Fri,AM0009,2025-01-10,2027-06-18
SCH000403,AL0004,RT00242,NR947,08:45:00,14:08:00,Daily,AM0010,2024-04-22,2025-10-14
SCH000404,AL0012,RT00561,NR5923,21:00:00,00:03:00,Mon-Sat,AM0003,2024-01-16,2026-03-06
SCH000405,AL0014,RT00636,SK3512,01:30:00,16:16:00,Mon-Fri,AM0003,2024-08-10,2025-11-19
SCH000406,AL0016,RT00724,SK6277,20:15:00,23:21:00,"Tue,Thu,Sat",AM0012,2023-03-15,2025-03-25
SCH000407,AL0001,RT00323,GL5601,18:15:00,04:53:00,Mon-Fri,AM0019,2023-05-26,2025-01-03
SCH000408,AL0013,RT00563,SK2247,12:30:00,18:54:00,"Mon,Wed,Fri",AM0023,2023-05-10,2025-02-11
SCH000409,AL0003,RT00559,NR4669,23:45:00,05:20:00,Weekends,AM0024,2024-05-14,2026-07-20
SCH000410,AL0009,RT00887,CN3149,17:15:00,06:05:00,"Mon,Wed,Fri",AM0013,2023-02-28,2024-04-24
SCH000411,AL0002,RT00106,HZ2473,01:30:00,16:47:00,Mon-Sat,AM0023,2023-02-09,2024-06-07
SCH000412,AL0002,RT00015,NR7719,09:00:00,10:07:00,"Mon,Wed,Fri",AM0012,2024-08-20,2026-06-15
SCH000413,AL0016,RT00518,SK217,20:00:00,08:35:00,"Tue,Thu,Sat",AM0012,2024-10-10,2026-05-19
SCH000414,AL0015,RT00015,SK2761,18:30:00,19:37:00,Mon-Fri,AM0006,2023-08-16,2025-06-12
SCH000415,AL0018,RT00177,NR5357,03:30:00,21:10:00,Daily,AM0016,2024-09-02,2026-04-20
SCH000416,AL0015,RT00451,CN4813,04:00:00,18:28:00,Daily,AM0008,2023-03-27,2024-04-29
SCH000417,AL0012,RT00242,HZ9406,22:45:00,04:08:00,Mon-Fri,AM0013,2023-12-28,2026-05-12
SCH000418,AL0003,RT00240,XA8451,01:15:00,13:42:00,"Mon,Wed,Fri",AM0024,2023-11-19,2025-11-22
SCH000419,AL0016,RT00312,CN7540,22:15:00,22:56:00,Daily,AM0014,2023-11-02,2025-09-23
SCH000420,AL0005,RT00618,HZ5188,12:15:00,20:19:00,Mon-Fri,AM0008,2025-02-04,2026-04-24
SCH000421,AL0003,RT00330,GL4345,19:15:00,04:35:00,"Mon,Wed,Fri",AM0017,2023-03-11,2024-06-23
SCH000422,AL0015,RT00714,XA462,05:30:00,15:28:00,Mon-Sat,AM0019,2024-07-09,2026-05-24
SCH000423,AL0012,RT00144,CN8233,08:00:00,16:16:00,Mon-Sat,AM0016,2023-08-30,2024-09-26
SCH000424,AL0003,RT00093,CN4363,17:00:00,01:42:00,Mon-Fri,AM0002,2024-03-05,2025-11-12
SCH000425,AL0011,RT00150,GL3277,03:45:00,09:59:00,Daily,AM0006,2023-06-27,2025-10-14
SCH000426,AL0014,RT00826,CN6105,02:30:00,09:30:00,"Mon,Wed,Fri",AM0004,2024-10-09,2027-01-20
SCH000427,AL0010,RT00250,HZ7565,14:15:00,22:45:00,Mon-Sat,AM0024,2023-02-23,2024-11-24
SCH000428,AL0015,RT00027,NR5277,00:45:00,15:47:00,Weekends,AM0008,2023-03-09,2024-07-10
SCH000429,AL0011,RT00284,NR1580,22:45:00,04:45:00,Mon-Sat,AM0012,2023-10-18,2024-11-25
SCH000430,AL0008,RT00620,XA9223,16:30:00,01:37:00,"Tue,Thu,Sat",AM0023,2025-02-18,2026-05-20
SCH000431,AL0005,RT00326,GL1217,17:30:00,22:30:00,Mon-Sat,AM0025,2023-01-22,2024-06-20
SCH000432,AL0006,RT00347,CN9697,12:45:00,06:15:00,Mon-Sat,AM0006,2023-06-06,2025-03-26
SCH000433,AL0017,RT00078,XA4480,14:45:00,22:06:00,Daily,AM0022,2024-03-10,2026-04-02
SCH000434,AL0008,RT00601,HZ9470,22:15:00,04:13:00,Weekends,AM0019,2023-01-19,2024-09-21
SCH000435,AL0015,RT00199,CN9154,00:30:00,02:38:00,Daily,AM0016,2024-04-16,2026-07-02
SCH000436,AL0008,RT00088,NR4121,05:00:00,13:53:00,Daily,AM0005,2023-11-16,2025-02-09
SCH000437,AL0011,RT00644,NR8019,16:30:00,23:15:00,Weekends,AM0018,2024-07-24,2026-03-07
SCH000438,AL0013,RT00844,SK988,02:00:00,08:46:00,"Mon,Wed,Fri",AM0016,2023-02-21,2025-01-14
SCH000439,AL0010,RT00550,NR918,05:00:00,21:29:00,Mon-Sat,AM0012,2023-06-06,2024-07-03
SCH000440,AL0015,RT00844,NR3623,00:30:00,07:16:00,Daily,AM0015,2023-05-28,2025-09-23
SCH000441,AL0019,RT00362,NR6136,01:15:00,03:49:00,Daily,AM0006,2024-10-13,2027-03-29
SCH000442,AL0018,RT00468,XA192,10:00:00,15:38:00,Daily,AM0016,2024-10-14,2026-11-14
SCH000443,AL0019,RT00322,GL5199,15:45:00,03:25:00,Mon-Sat,AM0004,2023-04-13,2025-04-23
SCH000444,AL0001,RT00459,XA9757,02:45:00,08:32:00,"Mon,Wed,Fri",AM0008,2023-12-24,2025-04-14
SCH000445,AL0016,RT00804,SK8597,23:00:00,05:35:00,Weekends,AM0013,2024-09-13,2025-12-19
SCH000446,AL0015,RT00572,XA2401,18:30:00,19:21:00,Daily,AM0005,2023-01-07,2024-05-13
SCH000447,AL0009,RT00025,GL5327,15:15:00,01:36:00,Weekends,AM0023,2023-03-30,2024-06-09
SCH000448,AL0007,RT00523,GL1796,01:45:00,03:56:00,Daily,AM0023,2024-07-22,2026-05-16
SCH000449,AL0002,RT00340,SK2706,12:30:00,04:31:00,Daily,AM0012,2024-05-13,2026-10-07
SCH000450,AL0017,RT00490,CN9236,22:15:00,06:21:00,Weekends,AM0015,2024-09-16,2026-09-13
SCH000451,AL0017,RT00502,CN9977,05:45:00,22:56:00,"Mon,Wed,Fri",AM0008,2024-02-17,2026-06-02
SCH000452,AL0002,RT00531,SK2501,12:30:00,05:44:00,Weekends,AM0006,2025-03-07,2027-08-12
SCH000453,AL0012,RT00780,XA2199,13:00:00,15:42:00,Mon-Sat,AM0025,2023-04-21,2025-04-09
SCH000454,AL0012,RT00773,SK3899,16:15:00,03:59:00,Mon-Sat,AM0011,2023-05-17,2024-07-11
SCH000455,AL0004,RT00875,NR4513,22:45:00,05:49:00,Daily,AM0024,2024-07-14,2026-11-23
SCH000456,AL0011,RT00550,NR983,03:30:00,19:59:00,Mon-Fri,AM0002,2025-01-26,2026-11-14
SCH000457,AL0017,RT00257,HZ1562,01:00:00,10:30:00,"Mon,Wed,Fri",AM0003,2023-01-21,2024-11-08
SCH000458,AL0007,RT00177,XA4305,02:45:00,20:25:00,Weekends,AM0012,2024-09-17,2027-02-27
SCH000459,AL0015,RT00765,GL2430,06:15:00,20:28:00,Weekends,AM0020,2025-05-08,2027-05-08
SCH000460,AL0020,RT00823,XA8464,08:00:00,01:48:00,"Tue,Thu,Sat",AM0011,2024-05-12,2025-07-10
SCH000461,AL0010,RT00034,NR7539,21:45:00,09:56:00,Mon-Fri,AM0021,2025-01-03,2027-02-16
SCH000462,AL0003,RT00195,SK5409,12:45:00,14:26:00,"Tue,Thu,Sat",AM0004,2023-08-20,2026-01-21
SCH000463,AL0006,RT00612,NR4382,17:30:00,02:09:00,Mon-Fri,AM0022,2024-12-11,2026-04-17
SCH000464,AL0003,RT00149,SK8325,13:30:00,04:12:00,Weekends,AM0012,2024-02-09,2025-10-13
SCH000465,AL0008,RT00046,HZ1743,22:00:00,02:17:00,Mon-Fri,AM0008,2023-09-21,2024-11-14
SCH000466,AL0013,RT00898,NR8884,07:30:00,12:51:00,"Mon,Wed,Fri",AM0016,2023-06-25,2025-07-12
SCH000467,AL0005,RT00087,GL585,16:45:00,03:30:00,"Tue,Thu,Sat",AM0020,2025-01-23,2026-04-09
SCH000468,AL0011,RT00193,NR9240,06:00:00,17:07:00,"Mon,Wed,Fri",AM0024,2024-09-25,2026-05-10
SCH000469,AL0020,RT00891,SK1474,05:45:00,11:10:00,Weekends,AM0003,2024-11-27,2026-11-10
SCH000470,AL0006,RT00091,SK8138,23:00:00,23:49:00,Mon-Fri,AM0018,2024-09-13,2026-12-06
SCH000471,AL0018,RT00720,GL278,00:15:00,12:41:00,"Tue,Thu,Sat",AM0008,2023-08-14,2025-01-30
SCH000472,AL0007,RT00506,GL8168,06:00:00,19:00:00,Daily,AM0013,2023-06-19,2025-10-17
SCH000473,AL0013,RT00486,SK5881,09:15:00,13:01:00,Mon-Fri,AM0012,2024-07-25,2025-08-06
SCH000474,AL0004,RT00745,SK288,03:30:00,09:00:00,"Tue,Thu,Sat",AM0020,2023-08-12,2024-11-08
SCH000475,AL0006,RT00020,CN7763,18:45:00,09:44:00,"Tue,Thu,Sat",AM0010,2024-07-26,2025-09-27
SCH000476,AL0018,RT00055,NR1105,08:00:00,00:34:00,Mon-Fri,AM0007,2025-03-06,2027-04-09
SCH000477,AL0012,RT00176,SK5444,11:45:00,16:06:00,Weekends,AM0013,2024-10-23,2026-05-04
SCH000478,AL0012,RT00442,SK3386,07:45:00,20:23:00,Mon-Fri,AM0017,2024-02-21,2025-03-03
SCH000479,AL0011,RT00867,CN7615,21:00:00,10:37:00,Mon-Sat,AM0022,2025-03-13,2027-05-08
SCH000480,AL0005,RT00062,GL8546,10:45:00,22:30:00,"Mon,Wed,Fri",AM0001,2024-05-01,2025-09-26
SCH000481,AL0019,RT00379,XA4695,18:45:00,12:02:00,Daily,AM0015,2024-02-19,2026-02-17
SCH000482,AL0008,RT00386,GL7602,14:00:00,17:35:00,Daily,AM0002,2025-04-26,2027-02-15
SCH000483,AL0001,RT00177,GL9173,22:00:00,15:40:00,Daily,AM0016,2023-10-23,2024-12-20
SCH000484,AL0019,RT00310,HZ6922,14:30:00,18:37:00,Mon-Fri,AM0016,2023-07-02,2025-05-19
SCH000485,AL0001,RT00181,CN3287,23:15:00,10:21:00,Mon-Fri,AM0022,2023-05-03,2025-08-05
SCH000486,AL0018,RT00124,GL4686,16:15:00,06:31:00,Weekends,AM0005,2024-07-07,2026-01-18
SCH000487,AL0006,RT00470,XA2376,01:15:00,06:45:00,"Tue,Thu,Sat",AM0020,2024-03-26,2026-06-14
SCH000488,AL0002,RT00838,HZ4637,03:15:00,18:24:00,Mon-Sat,AM0018,2024-11-14,2026-04-07
SCH000489,AL0005,RT00364,HZ2534,18:45:00,11:56:00,"Mon,Wed,Fri",AM0017,2023-05-10,2024-10-07
SCH000490,AL0014,RT00572,HZ8090,01:00:00,01:51:00,"Tue,Thu,Sat",AM0016,2023-10-10,2025-01-08
SCH000491,AL0011,RT00604,CN6137,04:00:00,20:30:00,"Mon,Wed,Fri",AM0014,2023-04-17,2024-08-07
SCH000492,AL0004,RT00759,HZ6368,18:45:00,01:15:00,Mon-Fri,AM0002,2023-09-30,2025-02-04
SCH000493,AL0007,RT00743,HZ1191,08:45:00,10:50:00,"Mon,Wed,Fri",AM0021,2025-04-27,2027-04-09
SCH000494,AL0005,RT00816,XA114,05:45:00,19:28:00,Mon-Fri,AM0010,2025-03-02,2026-05-10
SCH000495,AL0014,RT00734,SK7912,04:45:00,17:46:00,Mon-Fri,AM0003,2024-03-14,2025-12-30
SCH000496,AL0018,RT00838,HZ5468,07:00:00,22:09:00,Mon-Sat,AM0016,2023-03-29,2024-08-14
SCH000497,AL0006,RT00870,CN9321,20:45:00,06:44:00,Mon-Sat,AM0024,2025-05-28,2026-08-14
SCH000498,AL0018,RT00674,GL5418,10:15:00,12:18:00,"Mon,Wed,Fri",AM0018,2023-05-19,2025-07-31
SCH000499,AL0009,RT00444,XA2225,22:15:00,23:56:00,"Mon,Wed,Fri",AM0007,2023-03-31,2025-01-12
SCH000500,AL0002,RT00277,NR7014,17:15:00,23:32:00,"Tue,Thu,Sat",AM0021,2023-12-29,2025-05-30
SCH000501,AL0007,RT00515,CN7039,06:45:00,15:42:00,"Tue,Thu,Sat",AM0022,2025-04-11,2027-03-18
SCH000502,AL0018,RT00747,NR748,03:30:00,19:15:00,Daily,AM0009,2024-12-05,2027-04-04
SCH000503,AL0017,RT00679,HZ6966,22:00:00,04:05:00,Weekends,AM0014,2023-11-14,2025-04-13
SCH000504,AL0015,RT00469,SK2203,21:00:00,08:46:00,Daily,AM0021,2024-02-06,2025-06-16
SCH000505,AL0008,RT00069,HZ2619,02:30:00,03:54:00,"Mon,Wed,Fri",AM0004,2023-02-23,2025-02-22
SCH000506,AL0016,RT00245,XA410,07:45:00,18:19:00,Mon-Fri,AM0009,2023-08-27,2025-05-16
SCH000507,AL0015,RT00520,SK6310,17:30:00,04:28:00,Mon-Fri,AM0012,2024-08-14,2026-08-09
SCH000508,AL0016,RT00348,CN7343,23:45:00,15:11:00,Mon-Sat,AM0001,2024-01-07,2025-04-05
SCH000509,AL0012,RT00411,SK2381,21:00:00,23:33:00,Mon-Fri,AM0005,2025-05-14,2027-09-25
SCH000510,AL0011,RT00272,CN7945,06:15:00,20:28:00,Mon-Sat,AM0016,2024-01-29,2025-02-06
SCH000511,AL0020,RT00069,GL7643,21:30:00,22:54:00,Weekends,AM0007,2025-01-17,2026-06-12
SCH000512,AL0019,RT00420,XA4156,17:45:00,21:18:00,Mon-Fri,AM0007,2024-10-03,2026-09-02
SCH000513,AL0011,RT00401,CN775,11:15:00,20:49:00,Daily,AM0008,2024-03-24,2025-12-27
SCH000514,AL0005,RT00704,SK2873,09:30:00,18:32:00,"Tue,Thu,Sat",AM0004,2025-02-06,2026-08-05
SCH000515,AL0009,RT00101,CN1737,19:00:00,05:54:00,Mon-Sat,AM0016,2025-02-07,2027-07-14
SCH000516,AL0011,RT00437,SK9591,20:30:00,00:16:00,Mon-Sat,AM0007,2023-10-11,2025-04-12
SCH000517,AL0014,RT00769,XA8194,21:45:00,01:15:00,Mon-Fri,AM0017,2023-09-03,2025-08-30
SCH000518,AL0007,RT00242,GL875,11:45:00,17:08:00,Mon-Sat,AM0021,2024-09-17,2026-04-23
SCH000519,AL0001,RT00285,CN5182,06:15:00,15:03:00,Mon-Fri,AM0012,2023-01-24,2024-09-15
SCH000520,AL0017,RT00079,SK2741,20:15:00,06:28:00,Weekends,AM0023,2024-09-11,2026-11-01
SCH000521,AL0019,RT00518,NR417,07:45:00,20:20:00,Daily,AM0005,2024-01-20,2025-07-27
SCH000522,AL0002,RT00771,HZ3290,18:30:00,01:46:00,Mon-Fri,AM0025,2024-11-08,2026-06-09
SCH000523,AL0007,RT00434,CN1362,12:15:00,17:46:00,Mon-Fri,AM0009,2023-04-25,2025-06-16
SCH000524,AL0009,RT00376,HZ2304,14:15:00,20:40:00,Mon-Sat,AM0008,2024-05-22,2025-07-07
SCH000525,AL0016,RT00675,NR3332,05:30:00,10:12:00,Mon-Fri,AM0025,2024-04-18,2025-12-05
SCH000526,AL0016,RT00398,XA4147,05:30:00,16:46:00,Mon-Fri,AM0012,2023-01-13,2024-06-10
SCH000527,AL0007,RT00359,GL4737,15:30:00,23:33:00,Mon-Fri,AM0019,2024-04-08,2025-12-22
SCH000528,AL0007,RT00688,HZ5249,06:00:00,11:28:00,Mon-Fri,AM0021,2024-08-02,2026-06-06
SCH000529,AL0009,RT00256,NR3762,16:00:00,18:59:00,"Mon,Wed,Fri",AM0012,2023-12-24,2025-08-09
SCH000530,AL0005,RT00765,XA5033,23:00:00,13:13:00,Mon-Fri,AM0008,2024-06-24,2026-12-07
SCH000531,AL0009,RT00242,GL4236,01:00:00,06:23:00,Mon-Fri,AM0013,2023-10-16,2026-02-15
SCH000532,AL0006,RT00461,NR9646,22:15:00,04:44:00,"Mon,Wed,Fri",AM0010,2024-06-23,2025-09-07
SCH000533,AL0002,RT00226,XA769,04:15:00,18:39:00,"Tue,Thu,Sat",AM0011,2023-08-03,2025-07-12
SCH000534,AL0015,RT00570,SK5900,03:15:00,09:23:00,Daily,AM0006,2023-09-06,2025-02-25
SCH000535,AL0016,RT00391,XA2016,20:45:00,03:08:00,Weekends,AM0023,2023-03-04,2025-03-20
SCH000536,AL0006,RT00216,CN3816,04:00:00,06:05:00,"Mon,Wed,Fri",AM0015,2023-03-28,2024-12-11
SCH000537,AL0009,RT00670,HZ5509,15:45:00,00:36:00,Mon-Sat,AM0020,2023-04-29,2025-09-20
SCH000538,AL0009,RT00842,HZ7621,02:00:00,15:16:00,Mon-Sat,AM0017,2023-06-17,2025-11-03
SCH000539,AL0001,RT00026,CN9778,02:30:00,04:01:00,Mon-Sat,AM0009,2024-09-26,2025-10-26
SCH000540,AL0011,RT00512,HZ4986,04:45:00,21:49:00,"Mon,Wed,Fri",AM0008,2023-07-10,2024-09-05
SCH000541,AL0010,RT00647,HZ2643,12:45:00,17:50:00,Daily,AM0025,2023-11-10,2024-11-21
SCH000542,AL0019,RT00648,SK7935,06:30:00,12:55:00,Mon-Sat,AM0001,2023-06-03,2025-07-31
SCH000543,AL0008,RT00199,NR2293,05:00:00,07:08:00,"Mon,Wed,Fri",AM0008,2024-01-10,2025-05-11
SCH000544,AL0016,RT00103,NR5127,20:15:00,09:42:00,Mon-Sat,AM0019,2023-08-04,2025-08-24
SCH000545,AL0008,RT00463,GL8481,04:15:00,11:20:00,Mon-Sat,AM0014,2023-10-18,2025-04-12
SCH000546,AL0004,RT00574,XA4097,02:45:00,14:13:00,"Tue,Thu,Sat",AM0016,2023-03-02,2024-08-11
SCH000547,AL0007,RT00261,SK5613,02:15:00,15:48:00,Weekends,AM0001,2024-03-21,2026-02-07
SCH000548,AL0018,RT00333,XA1283,21:45:00,08:02:00,"Mon,Wed,Fri",AM0006,2023-08-26,2025-10-12
SCH000549,AL0006,RT00479,NR654,11:45:00,02:25:00,"Tue,Thu,Sat",AM0015,2024-07-29,2026-05-28
SCH000550,AL0017,RT00406,CN9863,23:00:00,00:51:00,Mon-Sat,AM0008,2025-05-31,2027-04-03
SCH000551,AL0014,RT00436,HZ1870,19:45:00,22:31:00,Mon-Fri,AM0012,2024-03-04,2026-04-02
SCH000552,AL0015,RT00614,HZ3421,06:30:00,12:50:00,"Mon,Wed,Fri",AM0024,2024-03-27,2025-06-26
SCH000553,AL0016,RT00886,SK5095,18:30:00,09:51:00,"Mon,Wed,Fri",AM0016,2025-01-03,2026-11-15
SCH000554,AL0011,RT00717,CN3806,10:15:00,19:17:00,Mon-Fri,AM0016,2023-11-01,2025-04-01
SCH000555,AL0013,RT00008,CN1063,13:15:00,17:02:00,Weekends,AM0005,2023-05-05,2024-07-25
SCH000556,AL0002,RT00315,SK2049,12:30:00,02:34:00,Mon-Sat,AM0015,2024-09-28,2026-03-22
SCH000557,AL0014,RT00009,HZ4984,18:00:00,07:26:00,Daily,AM0025,2024-07-27,2025-11-06
SCH000558,AL0015,RT00786,GL4443,04:30:00,18:12:00,"Mon,Wed,Fri",AM0016,2024-02-19,2025-08-09
SCH000559,AL0003,RT00580,HZ8001,01:30:00,16:21:00,"Mon,Wed,Fri",AM0020,2023-12-08,2024-12-19
SCH000560,AL0011,RT00198,NR3186,17:00:00,22:15:00,Mon-Sat,AM0024,2023-01-27,2025-03-01
SCH000561,AL0011,RT00756,SK9408,22:00:00,10:45:00,Mon-Fri,AM0023,2024-05-06,2025-11-08
SCH000562,AL0007,RT00507,HZ2899,13:30:00,20:41:00,Weekends,AM0009,2024-04-28,2026-04-16
SCH000563,AL0002,RT00047,CN3379,02:30:00,04:26:00,Daily,AM0008,2024-03-31,2026-05-05
SCH000564,AL0001,RT00137,NR9497,02:15:00,17:46:00,Weekends,AM0008,2023-09-26,2025-12-07
SCH000565,AL0005,RT00729,HZ8419,13:45:00,05:09:00,Mon-Sat,AM0020,2023-05-14,2024-06-23
SCH000566,AL0005,RT00261,CN3237,21:30:00,11:03:00,"Tue,Thu,Sat",AM0010,2024-05-19,2026-02-16
SCH000567,AL0005,RT00473,HZ4012,14:30:00,00:53:00,Weekends,AM0021,2024-07-01,2026-02-08
SCH000568,AL0013,RT00806,SK8437,07:00:00,12:01:00,"Mon,Wed,Fri",AM0021,2023-06-02,2024-12-05
SCH000569,AL0009,RT00261,CN952,14:30:00,04:03:00,Mon-Sat,AM0017,2023-04-17,2025-06-21
SCH000570,AL0003,RT00011,HZ3017,03:45:00,12:19:00,Weekends,AM0004,2024-03-02,2025-04-07
SCH000571,AL0002,RT00076,SK5361,11:00:00,16:55:00,Mon-Fri,AM0018,2023-02-12,2024-07-26
SCH000572,AL0014,RT00825,SK8305,23:30:00,13:51:00,Mon-Sat,AM0006,2023-06-20,2025-08-17
SCH000573,AL0019,RT00540,NR5689,15:00:00,02:35:00,Mon-Sat,AM0014,2024-07-15,2026-02-11
SCH000574,AL0017,RT00296,SK4948,02:00:00,11:58:00,"Mon,Wed,Fri",AM0006,2023-09-21,2024-10-30
SCH000575,AL0016,RT00071,SK9624,04:00:00,20:16:00,Daily,AM0002,2024-02-11,2025-05-13
SCH000576,AL0007,RT00627,NR1252,01:45:00,07:15:00,Daily,AM0016,2024-08-29,2026-02-06
SCH000577,AL0015,RT00036,GL7821,09:45:00,18:47:00,Daily,AM0012,2023-06-06,2024-10-15
SCH000578,AL0002,RT00083,GL1357,05:00:00,11:12:00,"Tue,Thu,Sat",AM0017,2023-07-21,2025-07-12
SCH000579,AL0004,RT00535,XA7354,23:30:00,00:48:00,Mon-Fri,AM0013,2023-09-20,2024-12-19
SCH000580,AL0003,RT00578,GL5476,07:30:00,15:38:00,Daily,AM0010,2024-01-04,2026-02-15
SCH000581,AL0004,RT00513,SK2719,00:30:00,08:30:00,"Tue,Thu,Sat",AM0001,2024-05-09,2025-10-22
SCH000582,AL0008,RT00819,CN5478,10:30:00,00:31:00,Weekends,AM0007,2023-03-06,2024-04-10
SCH000583,AL0001,RT00243,CN8805,17:45:00,20:25:00,"Mon,Wed,Fri",AM0023,2024-02-23,2025-02-28
SCH000584,AL0017,RT00500,SK4774,16:00:00,00:44:00,Mon-Fri,AM0019,2024-08-29,2026-07-20
SCH000585,AL0015,RT00276,SK165,23:00:00,09:30:00,Mon-Fri,AM0012,2025-01-21,2027-02-18
SCH000586,AL0013,RT00326,CN660,08:00:00,13:00:00,Mon-Fri,AM0001,2024-04-20,2025-07-02
SCH000587,AL0004,RT00136,CN6362,12:45:00,02:59:00,"Mon,Wed,Fri",AM0025,2024-07-06,2025-12-18
SCH000588,AL0018,RT00715,CN6810,13:00:00,00:50:00,Mon-Sat,AM0019,2024-12-19,2027-01-28
SCH000589,AL0001,RT00634,SK4077,00:00:00,11:33:00,Mon-Sat,AM0001,2024-10-04,2027-01-11
SCH000590,AL0020,RT00642,HZ2503,00:30:00,02:09:00,Daily,AM0006,2024-04-17,2026-05-12
SCH000591,AL0015,RT00128,GL7187,19:15:00,12:26:00,"Tue,Thu,Sat",AM0005,2024-05-15,2026-04-10
SCH000592,AL0005,RT00106,CN3110,09:30:00,00:47:00,"Tue,Thu,Sat",AM0023,2025-05-27,2027-07-01
SCH000593,AL0004,RT00704,NR832,16:15:00,01:17:00,Daily,AM0024,2024-10-30,2026-04-06
SCH000594,AL0014,RT00600,SK4154,22:00:00,04:19:00,"Mon,Wed,Fri",AM0011,2023-08-01,2024-09-03
SCH000595,AL0017,RT00027,SK5436,05:30:00,20:32:00,Weekends,AM0005,2024-02-05,2025-12-02
SCH000596,AL0010,RT00599,GL9658,18:00:00,22:37:00,Mon-Fri,AM0017,2024-10-17,2026-08-12
SCH000597,AL0002,RT00883,GL5962,05:15:00,13:53:00,"Tue,Thu,Sat",AM0007,2024-04-06,2026-06-09
SCH000598,AL0010,RT00677,NR2162,17:45:00,23:19:00,Mon-Sat,AM0004,2024-01-17,2025-05-24
SCH000599,AL0010,RT00250,CN8337,03:00:00,11:30:00,"Mon,Wed,Fri",AM0007,2024-06-21,2026-10-09
SCH000600,AL0007,RT00285,SK2985,07:00:00,15:48:00,Mon-Fri,AM0007,2023-11-28,2025-08-19
SCH000601,AL0019,RT00677,SK9595,11:45:00,17:19:00,Weekends,AM0002,2024-08-21,2026-04-14
SCH000602,AL0007,RT00362,CN3320,11:15:00,13:49:00,"Mon,Wed,Fri",AM0018,2024-10-07,2027-03-20
SCH000603,AL0005,RT00664,NR9103,00:15:00,09:33:00,Mon-Sat,AM0009,2025-03-03,2026-12-18
SCH000604,AL0014,RT00865,XA8800,20:30:00,04:43:00,"Tue,Thu,Sat",AM0014,2025-04-23,2026-06-10
SCH000605,AL0013,RT00365,NR8652,00:00:00,02:24:00,"Tue,Thu,Sat",AM0014,2024-09-20,2026-02-02
SCH000606,AL0013,RT00517,XA489,21:00:00,08:44:00,"Tue,Thu,Sat",AM0020,2024-10-29,2026-09-11
SCH000607,AL0011,RT00441,CN8512,04:45:00,16:14:00,"Tue,Thu,Sat",AM0020,2024-11-12,2026-03-15
SCH000608,AL0007,RT00458,CN7240,17:45:00,02:30:00,Mon-Fri,AM0015,2023-10-19,2025-01-14
SCH000609,AL0006,RT00069,SK3409,17:45:00,19:09:00,Daily,AM0021,2025-03-19,2026-08-24
SCH000610,AL0003,RT00889,HZ4951,10:00:00,03:53:00,Mon-Sat,AM0015,2024-03-26,2025-12-23
SCH000611,AL0004,RT00487,NR6434,12:30:00,20:33:00,"Mon,Wed,Fri",AM0001,2025-02-05,2026-03-26
SCH000612,AL0012,RT00207,SK9440,01:45:00,02:46:00,Mon-Sat,AM0022,2023-07-11,2025-04-14
SCH000613,AL0009,RT00517,HZ7822,21:45:00,09:29:00,"Tue,Thu,Sat",AM0020,2023-10-01,2025-10-24
SCH000614,AL0015,RT00359,CN4341,02:15:00,10:18:00,Weekends,AM0011,2024-07-01,2026-03-02
SCH000615,AL0017,RT00740,SK6489,15:15:00,17:50:00,"Mon,Wed,Fri",AM0010,2024-05-25,2026-05-31
SCH000616,AL0012,RT00684,SK1939,00:00:00,10:24:00,"Mon,Wed,Fri",AM0023,2023-12-22,2025-11-28
SCH000617,AL0003,RT00344,XA4296,17:00:00,09:18:00,Mon-Sat,AM0011,2023-07-15,2025-04-05
SCH000618,AL0001,RT00642,NR7933,08:15:00,09:54:00,Weekends,AM0010,2023-07-21,2025-12-23
SCH000619,AL0005,RT00030,HZ6104,11:00:00,19:39:00,Weekends,AM0019,2024-10-03,2026-08-26
SCH000620,AL0006,RT00871,HZ7853,00:45:00,14:19:00,Weekends,AM0009,2023-01-19,2025-03-24
SCH000621,AL0002,RT00460,NR5146,05:00:00,14:43:00,Daily,AM0011,2023-04-16,2025-03-23
SCH000622,AL0016,RT00589,XA3863,10:30:00,22:44:00,Weekends,AM0020,2025-03-28,2027-08-22
SCH000623,AL0008,RT00581,HZ7450,17:30:00,04:18:00,Weekends,AM0006,2025-05-14,2026-12-30
SCH000624,AL0015,RT00282,XA1028,14:00:00,18:01:00,Mon-Fri,AM0001,2023-03-11,2024-06-19
SCH000625,AL0005,RT00621,GL9787,06:15:00,14:35:00,"Tue,Thu,Sat",AM0009,2023-05-06,2024-08-10
SCH000626,AL0001,RT00358,NR9487,14:45:00,06:07:00,"Tue,Thu,Sat",AM0005,2023-10-18,2026-04-01
SCH000627,AL0003,RT00613,XA8814,05:00:00,21:24:00,Mon-Fri,AM0010,2024-06-01,2026-08-02
SCH000628,AL0010,RT00081,XA8853,13:00:00,22:57:00,Daily,AM0002,2023-06-18,2024-11-27
SCH000629,AL0010,RT00132,HZ5158,12:00:00,15:43:00,"Mon,Wed,Fri",AM0015,2025-05-17,2027-01-11
SCH000630,AL0009,RT00832,GL5029,05:00:00,22:07:00,Daily,AM0013,2024-03-12,2025-03-30
SCH000631,AL0020,RT00663,GL8217,04:45:00,15:56:00,Daily,AM0007,2024-04-19,2026-09-10
SCH000632,AL0014,RT00116,SK2903,12:00:00,19:51:00,Weekends,AM0016,2023-06-22,2025-02-09
SCH000633,AL0015,RT00193,HZ8513,14:15:00,01:22:00,Mon-Sat,AM0004,2023-09-29,2025-04-21
SCH000634,AL0003,RT00492,GL2088,23:45:00,07:38:00,Daily,AM0001,2024-10-12,2026-02-20
SCH000635,AL0010,RT00006,HZ8802,11:45:00,21:03:00,"Mon,Wed,Fri",AM0012,2024-07-12,2025-08-25
SCH000636,AL0013,RT00362,SK5456,10:00:00,12:34:00,"Mon,Wed,Fri",AM0005,2023-07-18,2025-08-28
SCH000637,AL0012,RT00294,CN8446,11:15:00,21:29:00,Mon-Fri,AM0022,2024-01-25,2025-05-23
SCH000638,AL0019,RT00121,NR4981,20:00:00,11:27:00,"Mon,Wed,Fri",AM0008,2023-06-13,2024-07-28
SCH000639,AL0010,RT00270,HZ6122,07:00:00,00:42:00,"Mon,Wed,Fri",AM0011,2023-12-26,2026-06-01
SCH000640,AL0008,RT00264,CN9274,09:45:00,13:23:00,Daily,AM0008,2023-07-11,2025-04-29
SCH000641,AL0019,RT00061,CN4239,08:15:00,11:34:00,Mon-Sat,AM0011,2025-05-15,2026-06-25
SCH000642,AL0007,RT00571,CN2280,14:30:00,17:04:00,Mon-Fri,AM0003,2023-09-20,2025-02-20
SCH000643,AL0012,RT00246,SK1000,16:00:00,08:20:00,Weekends,AM0024,2024-02-23,2025-12-15
SCH000644,AL0001,RT00029,NR5940,11:15:00,15:32:00,Daily,AM0005,2024-07-20,2025-11-07
SCH000645,AL0004,RT00020,HZ6149,06:15:00,21:14:00,"Mon,Wed,Fri",AM0010,2023-02-06,2025-07-19
SCH000646,AL0002,RT00870,XA6244,16:30:00,02:29:00,"Mon,Wed,Fri",AM0022,2023-07-05,2025-10-15
SCH000647,AL0009,RT00107,SK467,06:45:00,10:05:00,Daily,AM0011,2025-05-23,2027-09-08
SCH000648,AL0019,RT00819,GL371,21:00:00,11:01:00,Mon-Fri,AM0018,2024-09-07,2026-06-09
SCH000649,AL0002,RT00150,CN8963,14:30:00,20:44:00,"Tue,Thu,Sat",AM0002,2023-08-02,2026-01-11
SCH000650,AL0020,RT00077,SK6984,10:15:00,11:00:00,"Tue,Thu,Sat",AM0008,2024-01-15,2025-07-07
SCH000651,AL0018,RT00491,CN1221,05:45:00,07:50:00,Mon-Fri,AM0019,2025-01-27,2026-11-20
SCH000652,AL0001,RT00782,SK838,18:15:00,21:18:00,"Mon,Wed,Fri",AM0007,2023-06-23,2025-07-26
SCH000653,AL0001,RT00065,XA1702,14:15:00,02:14:00,"Tue,Thu,Sat",AM0011,2023-09-21,2025-06-17
SCH000654,AL0019,RT00296,HZ8087,21:30:00,07:28:00,Weekends,AM0003,2023-07-31,2025-10-29
SCH000655,AL0012,RT00678,CN7257,16:15:00,23:58:00,Mon-Fri,AM0013,2024-08-10,2025-10-04
SCH000656,AL0004,RT00061,SK6422,18:45:00,22:04:00,Daily,AM0009,2024-04-10,2025-12-02
SCH000657,AL0020,RT00153,SK6443,02:00:00,13:32:00,Mon-Sat,AM0022,2024-03-18,2026-06-04
SCH000658,AL0012,RT00276,CN8601,00:15:00,10:45:00,Mon-Fri,AM0010,2023-12-01,2025-03-07
SCH000659,AL0013,RT00726,HZ3400,15:00:00,08:54:00,"Tue,Thu,Sat",AM0021,2023-10-17,2025-05-09
SCH000660,AL0014,RT00728,XA3289,00:00:00,13:10:00,Mon-Fri,AM0023,2024-03-29,2026-09-11
SCH000661,AL0005,RT00639,SK4311,21:00:00,05:00:00,"Tue,Thu,Sat",AM0021,2024-12-06,2026-10-30
SCH000662,AL0008,RT00600,GL9896,21:15:00,03:34:00,Mon-Fri,AM0019,2024-12-18,2026-06-28
SCH000663,AL0003,RT00024,XA5592,14:00:00,15:13:00,"Mon,Wed,Fri",AM0015,2024-11-23,2026-06-05
SCH000664,AL0011,RT00215,SK5513,17:45:00,02:36:00,Mon-Sat,AM0012,2023-02-10,2024-05-29
SCH000665,AL0020,RT00830,GL8114,10:30:00,15:00:00,"Tue,Thu,Sat",AM0003,2024-03-08,2026-04-05
SCH000666,AL0013,RT00648,GL1862,22:45:00,05:10:00,Daily,AM0004,2023-12-14,2025-02-06
SCH000667,AL0014,RT00217,HZ4113,00:45:00,07:46:00,"Mon,Wed,Fri",AM0010,2025-04-05,2026-07-25
SCH000668,AL0004,RT00638,CN6448,07:45:00,11:21:00,Mon-Fri,AM0017,2024-01-02,2025-03-08
SCH000669,AL0011,RT00652,SK9880,16:15:00,18:32:00,Mon-Fri,AM0001,2023-08-06,2025-09-12
SCH000670,AL0020,RT00669,XA1629,18:45:00,20:23:00,"Tue,Thu,Sat",AM0024,2023-08-10,2025-12-26
SCH000671,AL0002,RT00883,HZ4574,05:15:00,13:53:00,Mon-Sat,AM0025,2023-06-22,2024-08-06
SCH000672,AL0005,RT00487,HZ9064,19:45:00,03:48:00,Mon-Sat,AM0002,2024-01-26,2026-06-15
SCH000673,AL0015,RT00054,HZ7282,11:00:00,00:35:00,Mon-Sat,AM0003,2023-08-22,2025-12-24
SCH000674,AL0001,RT00738,NR6175,20:45:00,03:07:00,Weekends,AM0022,2024-05-15,2026-02-10
SCH000675,AL0005,RT00014,NR2645,06:15:00,12:42:00,"Mon,Wed,Fri",AM0005,2023-07-23,2024-08-10
SCH000676,AL0019,RT00578,NR1953,16:30:00,00:38:00,"Mon,Wed,Fri",AM0005,2024-05-31,2026-06-05
SCH000677,AL0001,RT00717,CN3804,04:15:00,13:17:00,"Tue,Thu,Sat",AM0005,2024-06-27,2026-04-03
SCH000678,AL0009,RT00113,NR2625,03:00:00,08:58:00,Daily,AM0018,2024-08-14,2026-11-02
SCH000679,AL0007,RT00718,SK8103,16:15:00,01:07:00,"Tue,Thu,Sat",AM0004,2025-02-18,2026-07-25
SCH000680,AL0008,RT00730,CN7234,16:30:00,03:37:00,"Tue,Thu,Sat",AM0005,2023-03-09,2024-12-31
SCH000681,AL0006,RT00589,HZ8367,07:00:00,19:14:00,Mon-Sat,AM0010,2023-02-16,2025-06-07
SCH000682,AL0006,RT00292,CN1793,14:00:00,03:13:00,"Mon,Wed,Fri",AM0016,2024-02-11,2026-02-01
SCH000683,AL0016,RT00182,HZ3168,22:45:00,03:51:00,Weekends,AM0025,2024-03-31,2026-03-11
SCH000684,AL0001,RT00635,NR7707,08:00:00,10:51:00,Weekends,AM0006,2024-10-30,2027-03-31
SCH000685,AL0003,RT00142,CN1718,12:30:00,19:52:00,"Mon,Wed,Fri",AM0007,2023-07-20,2025-04-06
SCH000686,AL0006,RT00608,CN1541,05:15:00,11:32:00,Mon-Fri,AM0014,2024-02-06,2025-05-08
SCH000687,AL0017,RT00153,CN3891,12:15:00,23:47:00,"Tue,Thu,Sat",AM0011,2024-06-23,2026-11-27
SCH000688,AL0008,RT00303,GL1945,21:15:00,05:09:00,Weekends,AM0016,2024-08-02,2025-10-15
SCH000689,AL0001,RT00456,HZ881,15:15:00,03:47:00,Mon-Fri,AM0007,2024-04-24,2026-02-12
SCH000690,AL0011,RT00146,HZ3196,03:30:00,04:45:00,"Tue,Thu,Sat",AM0016,2024-06-05,2026-07-12
SCH000691,AL0013,RT00716,CN8767,17:45:00,05:41:00,Weekends,AM0024,2023-05-25,2025-07-19
SCH000692,AL0010,RT00626,GL659,10:15:00,17:10:00,Daily,AM0018,2024-02-15,2026-02-25
SCH000693,AL0002,RT00015,GL5703,00:00:00,01:07:00,"Mon,Wed,Fri",AM0019,2024-04-23,2025-12-06
SCH000694,AL0018,RT00765,HZ5673,14:00:00,04:13:00,"Mon,Wed,Fri",AM0002,2023-03-11,2024-06-17
SCH000695,AL0018,RT00646,HZ5354,07:30:00,01:16:00,Mon-Fri,AM0023,2025-05-05,2026-05-25
SCH000696,AL0019,RT00755,SK5104,23:45:00,03:04:00,Daily,AM0018,2024-07-13,2025-12-21
SCH000697,AL0020,RT00542,HZ270,23:00:00,02:10:00,Weekends,AM0016,2024-09-25,2027-02-27
SCH000698,AL0007,RT00564,CN569,16:30:00,18:46:00,"Tue,Thu,Sat",AM0004,2024-04-16,2026-04-17
SCH000699,AL0009,RT00346,HZ5160,15:00:00,17:55:00,"Tue,Thu,Sat",AM0014,2025-04-01,2026-11-04
SCH000700,AL0020,RT00205,NR9685,07:00:00,19:04:00,Mon-Fri,AM0017,2023-01-06,2024-09-26
SCH000701,AL0009,RT00212,NR4138,01:45:00,04:54:00,Weekends,AM0016,2025-04-25,2026-10-20
SCH000702,AL0018,RT00285,HZ4775,01:15:00,10:03:00,Mon-Sat,AM0004,2023-07-02,2025-10-22
SCH000703,AL0013,RT00262,HZ9821,11:15:00,04:05:00,Weekends,AM0002,2025-02-20,2026-10-20
SCH000704,AL0019,RT00680,SK7812,07:00:00,17:31:00,Weekends,AM0012,2023-02-24,2025-05-16
SCH000705,AL0001,RT00472,NR7723,23:45:00,11:39:00,"Tue,Thu,Sat",AM0018,2023-10-04,2024-10-30
SCH000706,AL0015,RT00370,SK5096,07:45:00,23:26:00,Weekends,AM0010,2024-05-18,2026-02-02
SCH000707,AL0017,RT00653,XA8988,05:45:00,08:05:00,Mon-Sat,AM0018,2024-08-03,2026-06-21
SCH000708,AL0004,RT00660,HZ5853,19:00:00,02:02:00,Weekends,AM0025,2023-01-14,2025-01-04
SCH000709,AL0015,RT00842,XA6600,20:00:00,09:16:00,Weekends,AM0023,2023-11-13,2024-11-24
SCH000710,AL0004,RT00279,CN7896,09:45:00,12:57:00,"Mon,Wed,Fri",AM0016,2025-01-13,2026-12-23
SCH000711,AL0019,RT00219,XA4124,01:30:00,15:01:00,"Tue,Thu,Sat",AM0019,2023-06-11,2025-09-02
SCH000712,AL0019,RT00006,CN9536,02:15:00,11:33:00,Weekends,AM0003,2025-04-16,2026-06-04
SCH000713,AL0001,RT00144,SK9880,12:00:00,20:16:00,Mon-Fri,AM0003,2024-09-19,2026-03-14
SCH000714,AL0011,RT00544,HZ5912,20:45:00,22:49:00,Weekends,AM0018,2025-05-11,2026-12-24
SCH000715,AL0008,RT00729,SK2298,09:45:00,01:09:00,Mon-Fri,AM0021,2025-03-08,2026-07-22
SCH000716,AL0018,RT00541,XA7770,00:00:00,04:17:00,Mon-Fri,AM0005,2023-07-20,2025-03-11
SCH000717,AL0007,RT00893,NR3288,08:15:00,18:00:00,"Tue,Thu,Sat",AM0015,2025-04-11,2027-08-01
SCH000718,AL0015,RT00565,NR5812,00:15:00,04:56:00,Weekends,AM0008,2024-03-13,2026-07-06
SCH000719,AL0003,RT00795,NR958,10:15:00,01:28:00,Mon-Fri,AM0003,2023-08-17,2025-07-03
SCH000720,AL0005,RT00242,SK8092,11:15:00,16:38:00,"Tue,Thu,Sat",AM0010,2025-02-25,2027-06-13
SCH000721,AL0020,RT00292,CN9594,17:15:00,06:28:00,"Tue,Thu,Sat",AM0012,2024-02-20,2026-05-01
SCH000722,AL0008,RT00730,HZ1032,01:15:00,12:22:00,Mon-Fri,AM0020,2024-08-29,2025-09-28
SCH000723,AL0016,RT00595,CN7342,11:45:00,21:48:00,Mon-Fri,AM0022,2024-06-22,2026-01-15
SCH000724,AL0020,RT00439,XA8621,04:45:00,22:06:00,"Tue,Thu,Sat",AM0024,2023-09-21,2025-12-16
SCH000725,AL0020,RT00861,XA1184,11:00:00,21:18:00,Mon-Fri,AM0003,2025-05-17,2027-01-08
SCH000726,AL0001,RT00687,GL2543,23:30:00,16:33:00,Mon-Sat,AM0024,2025-01-06,2026-11-29
SCH000727,AL0005,RT00266,GL3979,17:30:00,22:52:00,"Mon,Wed,Fri",AM0013,2024-04-12,2025-11-18
SCH000728,AL0015,RT00550,SK8383,20:15:00,12:44:00,"Mon,Wed,Fri",AM0005,2024-05-21,2025-05-29
SCH000729,AL0019,RT00357,XA4984,00:00:00,06:43:00,"Mon,Wed,Fri",AM0017,2023-03-03,2024-12-29
SCH000730,AL0020,RT00375,SK1455,18:45:00,08:35:00,Daily,AM0002,2024-10-06,2026-04-28
SCH000731,AL0015,RT00725,SK2637,20:15:00,04:10:00,"Tue,Thu,Sat",AM0012,2025-03-14,2027-05-02
SCH000732,AL0003,RT00612,CN4726,16:00:00,00:39:00,"Mon,Wed,Fri",AM0021,2025-05-05,2027-08-23
SCH000733,AL0015,RT00012,XA488,18:45:00,01:54:00,Mon-Fri,AM0025,2024-05-09,2025-07-03
SCH000734,AL0006,RT00518,XA6346,01:45:00,14:20:00,"Tue,Thu,Sat",AM0008,2025-05-30,2026-12-07
SCH000735,AL0017,RT00583,HZ350,17:15:00,20:45:00,Mon-Fri,AM0005,2024-12-05,2026-07-03
SCH000736,AL0011,RT00460,XA7829,20:15:00,05:58:00,Weekends,AM0015,2024-03-21,2026-03-17
SCH000737,AL0004,RT00270,NR7364,05:15:00,22:57:00,"Mon,Wed,Fri",AM0004,2024-12-07,2026-07-06
SCH000738,AL0017,RT00584,SK8666,11:00:00,18:02:00,Mon-Fri,AM0025,2023-05-19,2025-03-16
SCH000739,AL0020,RT00853,GL1661,10:00:00,14:14:00,Daily,AM0009,2024-08-19,2026-12-17
SCH000740,AL0011,RT00078,XA6064,02:15:00,09:36:00,Mon-Fri,AM0005,2024-07-01,2026-05-12
SCH000741,AL0017,RT00543,NR7831,03:15:00,05:46:00,"Tue,Thu,Sat",AM0006,2024-03-11,2025-05-02
SCH000742,AL0002,RT00820,GL5205,07:00:00,00:30:00,Weekends,AM0010,2024-07-22,2026-04-05
SCH000743,AL0006,RT00361,NR1394,02:00:00,05:05:00,"Tue,Thu,Sat",AM0019,2025-01-22,2027-05-11
SCH000744,AL0003,RT00302,CN1079,12:45:00,00:25:00,Daily,AM0022,2024-05-20,2026-02-02
SCH000745,AL0006,RT00223,HZ6097,01:45:00,17:57:00,Mon-Fri,AM0019,2023-12-01,2026-05-09
SCH000746,AL0008,RT00203,NR5025,00:15:00,13:58:00,Mon-Fri,AM0017,2024-01-08,2026-05-04
SCH000747,AL0009,RT00352,HZ9301,15:30:00,23:33:00,Daily,AM0007,2024-05-16,2025-10-04
SCH000748,AL0007,RT00695,GL8354,06:00:00,07:35:00,"Mon,Wed,Fri",AM0024,2024-05-28,2026-01-04
SCH000749,AL0011,RT00164,GL7264,09:45:00,02:41:00,Mon-Fri,AM0025,2023-10-04,2025-01-10
SCH000750,AL0005,RT00209,SK9824,08:45:00,16:55:00,Weekends,AM0016,2024-04-16,2025-07-27
SCH000751,AL0007,RT00899,SK6975,11:00:00,02:26:00,Mon-Sat,AM0020,2023-09-11,2025-03-25
SCH000752,AL0017,RT00897,GL1014,11:00:00,04:01:00,Mon-Fri,AM0008,2025-04-14,2026-11-24
SCH000753,AL0012,RT00205,NR867,03:15:00,15:19:00,Mon-Fri,AM0012,2024-04-17,2025-10-21
SCH000754,AL0001,RT00379,GL8176,00:00:00,17:17:00,Mon-Sat,AM0021,2025-01-09,2027-02-05
SCH000755,AL0007,RT00364,XA3670,10:15:00,03:26:00,Weekends,AM0011,2023-12-02,2025-02-20
SCH000756,AL0017,RT00267,GL9249,13:30:00,00:46:00,Mon-Fri,AM0019,2023-12-14,2025-08-24
SCH000757,AL0004,RT00138,CN1270,18:30:00,10:10:00,"Tue,Thu,Sat",AM0022,2023-09-12,2025-12-30
SCH000758,AL0019,RT00056,XA2067,04:00:00,13:43:00,Daily,AM0024,2024-05-19,2026-06-14
SCH000759,AL0006,RT00553,HZ7753,02:15:00,18:29:00,Weekends,AM0008,2024-06-28,2025-10-15
SCH000760,AL0013,RT00038,CN8489,14:45:00,16:31:00,Mon-Fri,AM0012,2024-05-14,2025-09-19
SCH000761,AL0010,RT00559,HZ8684,21:45:00,03:20:00,Mon-Sat,AM0010,2025-01-09,2027-05-19
SCH000762,AL0013,RT00086,XA1081,05:30:00,17:59:00,Mon-Fri,AM0013,2024-03-26,2026-01-31
SCH000763,AL0016,RT00139,NR3879,02:30:00,05:35:00,"Mon,Wed,Fri",AM0019,2024-12-25,2027-04-09
SCH000764,AL0003,RT00005,XA6498,09:00:00,21:56:00,"Mon,Wed,Fri",AM0009,2023-02-21,2025-05-28
SCH000765,AL0008,RT00359,CN9195,13:45:00,21:48:00,Weekends,AM0006,2023-11-14,2025-07-07
SCH000766,AL0012,RT00295,GL2466,14:15:00,20:09:00,Daily,AM0007,2024-09-21,2026-07-01
SCH000767,AL0006,RT00300,HZ6042,02:30:00,08:34:00,Mon-Fri,AM0020,2023-12-05,2025-06-19
SCH000768,AL0008,RT00280,SK1520,15:15:00,20:11:00,Mon-Sat,AM0025,2024-10-07,2026-09-12
SCH000769,AL0018,RT00845,GL7497,08:00:00,21:06:00,"Mon,Wed,Fri",AM0003,2024-06-06,2026-05-19
SCH000770,AL0005,RT00388,HZ1362,00:30:00,13:02:00,Mon-Sat,AM0025,2024-03-03,2026-03-01
SCH000771,AL0004,RT00729,CN9998,22:30:00,13:54:00,"Mon,Wed,Fri",AM0001,2024-05-07,2026-08-10
SCH000772,AL0012,RT00210,GL1013,12:30:00,23:43:00,Mon-Fri,AM0014,2025-03-07,2027-04-06
SCH000773,AL0002,RT00435,HZ6884,07:45:00,15:09:00,Weekends,AM0004,2024-08-22,2025-10-15
SCH000774,AL0001,RT00057,CN7791,19:45:00,02:20:00,"Tue,Thu,Sat",AM0024,2025-05-18,2026-11-21
SCH000775,AL0018,RT00233,GL2653,19:15:00,23:30:00,Mon-Fri,AM0020,2023-03-26,2025-01-23
SCH000776,AL0006,RT00065,NR2622,04:15:00,16:14:00,"Mon,Wed,Fri",AM0009,2024-12-18,2026-11-18
SCH000777,AL0003,RT00019,SK6001,23:00:00,03:25:00,Mon-Sat,AM0018,2025-02-25,2027-06-02
SCH000778,AL0014,RT00164,XA6341,12:45:00,05:41:00,Mon-Sat,AM0022,2025-03-30,2026-11-07
SCH000779,AL0010,RT00144,GL7232,06:00:00,14:16:00,Weekends,AM0006,2024-04-21,2026-07-04
SCH000780,AL0010,RT00285,XA5844,10:00:00,18:48:00,Mon-Fri,AM0016,2024-03-06,2025-10-01
SCH000781,AL0009,RT00670,CN1827,04:30:00,13:21:00,"Mon,Wed,Fri",AM0008,2024-05-30,2025-08-16
SCH000782,AL0003,RT00134,CN9248,20:45:00,08:15:00,"Mon,Wed,Fri",AM0018,2025-03-18,2026-11-27
SCH000783,AL0018,RT00550,NR1749,06:15:00,22:44:00,"Tue,Thu,Sat",AM0015,2025-02-04,2026-04-24
SCH000784,AL0001,RT00329,HZ5695,10:00:00,21:53:00,Daily,AM0018,2025-04-05,2026-11-09
SCH000785,AL0010,RT00363,XA9207,01:00:00,18:40:00,"Mon,Wed,Fri",AM0016,2025-05-05,2026-09-11
SCH000786,AL0006,RT00830,GL9137,22:45:00,03:15:00,Daily,AM0016,2024-07-04,2025-07-17
SCH000787,AL0013,RT00419,XA1762,07:30:00,00:07:00,Mon-Sat,AM0003,2023-08-17,2025-08-05
SCH000788,AL0011,RT00236,HZ2461,15:15:00,04:48:00,Mon-Sat,AM0022,2023-05-14,2025-06-13
SCH000789,AL0008,RT00215,GL6057,08:45:00,17:36:00,"Tue,Thu,Sat",AM0005,2025-03-03,2026-05-12
SCH000790,AL0011,RT00152,HZ3437,13:00:00,17:15:00,Mon-Fri,AM0010,2023-05-15,2025-03-22
SCH000791,AL0005,RT00722,NR7335,13:30:00,21:27:00,"Tue,Thu,Sat",AM0013,2023-03-04,2024-11-26
SCH000792,AL0003,RT00599,NR5271,07:15:00,11:52:00,Weekends,AM0022,2024-02-22,2025-05-05
SCH000793,AL0019,RT00241,XA2734,10:00:00,11:05:00,"Mon,Wed,Fri",AM0016,2024-10-18,2026-09-08
SCH000794,AL0013,RT00442,GL4168,14:45:00,03:23:00,Mon-Fri,AM0005,2024-10-11,2026-02-27
SCH000795,AL0014,RT00455,SK6941,05:45:00,19:00:00,Weekends,AM0008,2023-08-13,2025-10-25
SCH000796,AL0020,RT00043,CN7872,03:45:00,15:37:00,Mon-Sat,AM0005,2024-03-18,2026-02-07
SCH000797,AL0019,RT00818,GL3758,04:00:00,16:31:00,Mon-Fri,AM0015,2025-02-28,2026-04-28
SCH000798,AL0012,RT00710,XA1139,09:30:00,21:23:00,Weekends,AM0018,2024-12-07,2026-09-10
SCH000799,AL0016,RT00482,GL3597,05:15:00,09:50:00,Mon-Fri,AM0018,2025-03-20,2026-05-21
SCH000800,AL0011,RT00644,NR6341,06:15:00,13:00:00,Mon-Fri,AM0019,2024-11-10,2026-12-02
SCH000801,AL0005,RT00099,SK7621,16:00:00,18:38:00,Weekends,AM0018,2023-03-22,2024-08-27
SCH000802,AL0013,RT00880,GL8807,16:30:00,06:47:00,"Mon,Wed,Fri",AM0023,2023-06-29,2025-03-16
SCH000803,AL0019,RT00577,HZ9622,22:45:00,03:14:00,Daily,AM0023,2023-05-30,2025-06-05
SCH000804,AL0018,RT00845,XA5340,18:00:00,07:06:00,Mon-Fri,AM0007,2023-04-28,2025-07-22
SCH000805,AL0011,RT00778,XA8813,10:30:00,19:04:00,"Tue,Thu,Sat",AM0008,2025-01-28,2026-10-29
SCH000806,AL0019,RT00526,NR2694,22:30:00,13:16:00,Mon-Fri,AM0002,2024-09-15,2025-10-26
SCH000807,AL0004,RT00260,GL5639,22:30:00,13:04:00,Weekends,AM0007,2025-03-17,2026-08-02
SCH000808,AL0001,RT00618,GL5439,05:15:00,13:19:00,"Tue,Thu,Sat",AM0013,2023-10-10,2025-09-02
SCH000809,AL0009,RT00462,HZ7709,04:00:00,05:34:00,"Tue,Thu,Sat",AM0017,2025-05-15,2026-06-06
SCH000810,AL0005,RT00369,CN7753,21:45:00,08:11:00,Mon-Sat,AM0022,2025-04-02,2026-10-17
SCH000811,AL0020,RT00641,XA2924,21:30:00,04:00:00,Daily,AM0015,2023-04-04,2024-09-23
SCH000812,AL0003,RT00800,XA8869,20:30:00,12:45:00,"Tue,Thu,Sat",AM0025,2025-02-05,2026-07-19
SCH000813,AL0011,RT00155,XA8924,11:30:00,04:17:00,"Tue,Thu,Sat",AM0014,2023-04-08,2025-08-30
SCH000814,AL0016,RT00498,NR9486,20:15:00,05:45:00,Daily,AM0022,2024-02-03,2026-06-21
SCH000815,AL0003,RT00701,NR4630,18:15:00,04:15:00,Mon-Sat,AM0021,2023-06-09,2025-10-01
SCH000816,AL0001,RT00293,NR9874,17:30:00,06:45:00,Mon-Fri,AM0013,2024-05-27,2026-09-01
SCH000817,AL0012,RT00308,HZ7869,14:45:00,00:19:00,Weekends,AM0022,2023-01-16,2025-05-08
SCH000818,AL0019,RT00009,NR6565,06:15:00,19:41:00,"Tue,Thu,Sat",AM0022,2025-01-17,2026-04-25
SCH000819,AL0001,RT00291,HZ4378,17:00:00,03:45:00,"Mon,Wed,Fri",AM0008,2024-02-25,2025-09-22
SCH000820,AL0001,RT00528,GL8439,21:00:00,09:09:00,Mon-Fri,AM0006,2025-02-08,2026-03-10
SCH000821,AL0019,RT00875,SK7664,21:30:00,04:34:00,Mon-Fri,AM0004,2024-01-18,2026-03-19
SCH000822,AL0013,RT00473,XA5896,14:00:00,00:23:00,"Tue,Thu,Sat",AM0024,2024-05-06,2026-08-12
SCH000823,AL0015,RT00262,XA9970,00:45:00,17:35:00,Mon-Fri,AM0012,2024-10-13,2025-10-28
SCH000824,AL0006,RT00731,HZ2569,17:15:00,05:18:00,Weekends,AM0015,2025-05-08,2026-08-06
SCH000825,AL0007,RT00169,XA6452,06:15:00,23:21:00,"Tue,Thu,Sat",AM0007,2023-11-27,2025-02-24
SCH000826,AL0010,RT00169,HZ3278,04:00:00,21:06:00,Mon-Sat,AM0010,2024-04-05,2026-08-14
SCH000827,AL0005,RT00470,HZ4632,01:15:00,06:45:00,"Tue,Thu,Sat",AM0011,2023-10-14,2025-12-09
SCH000828,AL0009,RT00734,CN3455,03:30:00,16:31:00,Weekends,AM0015,2023-02-06,2024-07-03
SCH000829,AL0020,RT00192,SK3411,11:45:00,20:36:00,Mon-Fri,AM0005,2025-02-09,2026-03-05
SCH000830,AL0015,RT00014,SK3830,06:30:00,12:57:00,Mon-Sat,AM0020,2024-05-11,2025-12-17
SCH000831,AL0018,RT00652,SK661,09:30:00,11:47:00,"Mon,Wed,Fri",AM0010,2023-11-25,2025-10-02
SCH000832,AL0010,RT00529,CN494,12:15:00,16:45:00,Weekends,AM0007,2024-11-17,2025-12-11
SCH000833,AL0016,RT00618,SK7276,12:15:00,20:19:00,Mon-Sat,AM0001,2024-12-23,2026-08-30
SCH000834,AL0009,RT00358,XA3177,09:45:00,01:07:00,"Tue,Thu,Sat",AM0003,2025-05-19,2027-03-02
SCH000835,AL0013,RT00107,NR310,10:30:00,13:50:00,Weekends,AM0007,2024-01-21,2026-06-28
SCH000836,AL0015,RT00299,NR906,21:45:00,04:55:00,Mon-Fri,AM0019,2023-04-04,2024-07-12
SCH000837,AL0017,RT00423,XA2038,06:30:00,08:09:00,Daily,AM0022,2024-03-04,2025-06-10
SCH000838,AL0019,RT00390,HZ577,00:00:00,08:24:00,"Mon,Wed,Fri",AM0024,2024-01-24,2025-09-10
SCH000839,AL0003,RT00801,XA9465,19:15:00,23:44:00,Daily,AM0008,2023-07-03,2024-12-19
SCH000840,AL0016,RT00202,GL5726,01:15:00,17:19:00,Mon-Fri,AM0016,2024-06-02,2026-10-06
SCH000841,AL0015,RT00281,XA4000,18:15:00,11:51:00,"Tue,Thu,Sat",AM0007,2024-01-01,2026-02-25
SCH000842,AL0015,RT00166,GL5373,07:45:00,18:06:00,Daily,AM0004,2025-02-17,2026-07-02
SCH000843,AL0001,RT00514,GL1216,20:15:00,22:32:00,Mon-Sat,AM0014,2023-02-12,2024-08-09
SCH000844,AL0010,RT00725,HZ7047,04:00:00,11:55:00,Weekends,AM0017,2024-09-24,2026-08-29
SCH000845,AL0020,RT00795,SK9697,03:30:00,18:43:00,Mon-Sat,AM0020,2024-06-15,2026-09-24
SCH000846,AL0019,RT00205,SK1393,09:15:00,21:19:00,Mon-Fri,AM0003,2023-07-24,2024-11-08
SCH000847,AL0005,RT00387,HZ1610,10:00:00,23:44:00,Weekends,AM0019,2023-11-08,2025-04-14
SCH000848,AL0010,RT00664,XA6323,17:45:00,03:03:00,Mon-Sat,AM0008,2025-01-28,2026-12-20
SCH000849,AL0018,RT00042,SK1603,15:45:00,17:57:00,"Mon,Wed,Fri",AM0007,2023-11-18,2026-02-20
SCH000850,AL0019,RT00641,XA1347,23:45:00,06:15:00,"Tue,Thu,Sat",AM0001,2024-08-09,2026-01-10
SCH000851,AL0007,RT00121,HZ6737,16:15:00,07:42:00,"Tue,Thu,Sat",AM0006,2024-03-28,2025-12-03
SCH000852,AL0017,RT00031,HZ6224,04:45:00,08:39:00,"Tue,Thu,Sat",AM0013,2025-03-01,2027-02-28
SCH000853,AL0017,RT00102,GL2255,02:15:00,17:46:00,Weekends,AM0005,2024-08-06,2026-03-21
SCH000854,AL0004,RT00793,HZ8248,06:45:00,22:04:00,Weekends,AM0009,2025-01-06,2027-02-22
SCH000855,AL0001,RT00613,GL1141,23:45:00,16:09:00,Daily,AM0014,2025-03-08,2026-12-08
SCH000856,AL0001,RT00711,NR3392,18:00:00,01:15:00,Mon-Fri,AM0003,2023-04-25,2025-08-08
SCH000857,AL0003,RT00622,SK7414,17:15:00,01:07:00,Daily,AM0022,2025-01-06,2026-11-26
SCH000858,AL0015,RT00717,HZ6177,06:30:00,15:32:00,Mon-Fri,AM0008,2025-04-28,2027-09-01
SCH000859,AL0008,RT00447,XA6040,11:00:00,19:57:00,"Tue,Thu,Sat",AM0019,2023-02-01,2025-05-05
SCH000860,AL0014,RT00729,HZ6893,16:45:00,08:09:00,Mon-Fri,AM0017,2024-02-06,2025-06-14
SCH000861,AL0002,RT00051,SK6499,22:30:00,23:50:00,Weekends,AM0019,2023-08-14,2025-12-06
SCH000862,AL0013,RT00525,SK8754,14:00:00,03:09:00,"Mon,Wed,Fri",AM0008,2025-05-17,2026-07-25
SCH000863,AL0015,RT00680,HZ5730,00:45:00,11:16:00,Daily,AM0005,2023-11-07,2025-04-06
SCH000864,AL0020,RT00895,XA4072,20:00:00,12:47:00,"Tue,Thu,Sat",AM0004,2023-06-15,2024-07-09
SCH000865,AL0007,RT00324,XA7683,22:15:00,08:46:00,"Tue,Thu,Sat",AM0006,2023-03-26,2024-05-19
SCH000866,AL0011,RT00162,NR2666,00:00:00,03:46:00,Mon-Fri,AM0014,2024-12-01,2026-12-21
SCH000867,AL0010,RT00649,HZ7619,09:00:00,01:27:00,Daily,AM0016,2023-02-21,2024-04-20
SCH000868,AL0007,RT00066,HZ2871,23:30:00,04:42:00,Daily,AM0019,2023-09-27,2025-01-03
SCH000869,AL0013,RT00699,SK4855,22:00:00,22:58:00,Mon-Fri,AM0025,2024-05-04,2025-12-08
SCH000870,AL0012,RT00634,SK7417,23:30:00,11:03:00,Daily,AM0021,2023-02-09,2025-04-12
SCH000871,AL0017,RT00622,CN6313,23:00:00,06:52:00,Daily,AM0009,2023-06-04,2025-08-10
SCH000872,AL0001,RT00265,SK948,00:45:00,04:14:00,Weekends,AM0012,2025-05-27,2027-10-25
SCH000873,AL0005,RT00109,HZ4520,03:45:00,20:42:00,"Mon,Wed,Fri",AM0024,2024-02-09,2025-03-09
SCH000874,AL0012,RT00548,XA8136,11:15:00,22:33:00,Daily,AM0018,2023-09-26,2024-12-13
SCH000875,AL0012,RT00327,XA9966,14:15:00,20:09:00,"Mon,Wed,Fri",AM0011,2025-02-07,2026-09-08
SCH000876,AL0019,RT00353,CN4720,09:30:00,12:03:00,Weekends,AM0021,2023-03-13,2024-08-10
SCH000877,AL0014,RT00169,SK950,06:30:00,23:36:00,Mon-Fri,AM0004,2023-08-22,2024-10-11
SCH000878,AL0001,RT00301,CN3724,06:00:00,19:47:00,Daily,AM0017,2025-01-29,2026-11-05
SCH000879,AL0010,RT00749,CN4949,14:45:00,22:50:00,"Tue,Thu,Sat",AM0024,2024-10-26,2026-07-03
SCH000880,AL0017,RT00804,GL826,23:45:00,06:20:00,Daily,AM0014,2024-01-17,2025-09-03
SCH000881,AL0018,RT00315,CN8655,19:15:00,09:19:00,Mon-Fri,AM0016,2025-05-16,2026-05-28
SCH000882,AL0017,RT00128,HZ5433,04:30:00,21:41:00,"Tue,Thu,Sat",AM0002,2024-05-24,2026-01-06
SCH000883,AL0010,RT00031,CN4219,03:00:00,06:54:00,"Mon,Wed,Fri",AM0016,2024-10-20,2026-06-22
SCH000884,AL0003,RT00171,NR4031,06:30:00,20:24:00,Mon-Sat,AM0008,2025-05-19,2026-09-12
SCH000885,AL0005,RT00009,HZ380,17:30:00,06:56:00,Daily,AM0025,2024-03-21,2026-05-20
SCH000886,AL0017,RT00602,GL5236,00:15:00,09:59:00,Mon-Fri,AM0008,2024-02-29,2026-06-18
SCH000887,AL0007,RT00579,CN4807,16:15:00,22:55:00,"Mon,Wed,Fri",AM0008,2024-08-08,2026-12-17
SCH000888,AL0016,RT00705,XA3523,13:00:00,16:56:00,Mon-Fri,AM0010,2023-03-01,2025-02-27
SCH000889,AL0001,RT00300,CN6620,15:45:00,21:49:00,Weekends,AM0018,2024-01-14,2026-01-09
SCH000890,AL0010,RT00749,GL4168,20:00:00,04:05:00,Mon-Fri,AM0024,2024-09-02,2025-11-23
SCH000891,AL0020,RT00153,GL5759,14:30:00,02:02:00,"Tue,Thu,Sat",AM0009,2023-12-01,2025-06-28
SCH000892,AL0005,RT00209,XA8861,14:45:00,22:55:00,"Tue,Thu,Sat",AM0006,2024-09-19,2025-09-21
SCH000893,AL0001,RT00825,HZ3702,11:00:00,01:21:00,"Tue,Thu,Sat",AM0020,2023-12-23,2025-10-17
SCH000894,AL0006,RT00794,NR4039,15:00:00,17:13:00,"Mon,Wed,Fri",AM0014,2023-06-21,2025-08-02
SCH000895,AL0002,RT00539,XA8671,09:45:00,18:05:00,Weekends,AM0012,2023-05-10,2025-05-01
SCH000896,AL0013,RT00549,SK3644,01:45:00,06:47:00,"Mon,Wed,Fri",AM0025,2024-04-26,2025-05-04
SCH000897,AL0004,RT00631,GL4449,00:00:00,17:21:00,Daily,AM0013,2023-06-20,2025-04-12
SCH000898,AL0005,RT00741,SK8027,17:15:00,21:52:00,"Mon,Wed,Fri",AM0016,2023-11-23,2026-03-08
SCH000899,AL0012,RT00209,CN5958,15:30:00,23:40:00,Mon-Fri,AM0025,2024-04-04,2025-05-28
SCH000900,AL0007,RT00062,GL9344,09:30:00,21:15:00,Mon-Sat,AM0006,2023-02-14,2024-11-23
SCH000901,AL0014,RT00167,CN4759,17:30:00,00:31:00,Mon-Fri,AM0023,2024-01-07,2025-05-19
SCH000902,AL0019,RT00322,HZ4841,11:15:00,22:55:00,Daily,AM0025,2023-10-03,2026-02-11
SCH000903,AL0019,RT00213,SK524,06:30:00,18:21:00,Mon-Sat,AM0012,2023-10-05,2025-07-25
SCH000904,AL0015,RT00473,SK2053,14:00:00,00:23:00,Daily,AM0009,2025-03-14,2027-04-30
SCH000905,AL0020,RT00125,SK5445,09:45:00,20:11:00,"Mon,Wed,Fri",AM0005,2025-03-27,2027-01-01
SCH000906,AL0015,RT00520,GL1952,23:30:00,10:28:00,Weekends,AM0002,2023-09-23,2026-01-13
SCH000907,AL0002,RT00640,CN4590,17:15:00,22:51:00,Mon-Fri,AM0025,2025-02-16,2026-07-19
SCH000908,AL0020,RT00090,XA2904,17:15:00,23:20:00,Weekends,AM0011,2023-07-16,2025-08-16
SCH000909,AL0012,RT00259,NR306,16:15:00,04:01:00,"Tue,Thu,Sat",AM0017,2023-11-03,2025-06-19
SCH000910,AL0001,RT00485,SK4803,16:15:00,04:55:00,Daily,AM0007,2025-04-10,2027-02-12
SCH000911,AL0013,RT00060,XA6497,18:00:00,18:57:00,"Mon,Wed,Fri",AM0009,2023-03-31,2025-03-31
SCH000912,AL0005,RT00599,NR3448,10:30:00,15:07:00,Mon-Sat,AM0021,2023-12-04,2025-03-05
SCH000913,AL0011,RT00679,SK7786,19:00:00,01:05:00,Mon-Fri,AM0017,2024-12-11,2027-03-20
SCH000914,AL0014,RT00326,SK1545,00:15:00,05:15:00,"Tue,Thu,Sat",AM0006,2025-04-10,2027-05-04
SCH000915,AL0001,RT00009,XA1003,15:45:00,05:11:00,Mon-Sat,AM0001,2025-04-17,2026-11-21
SCH000916,AL0009,RT00451,HZ9353,12:30:00,02:58:00,Mon-Sat,AM0021,2025-02-16,2026-12-29
SCH000917,AL0002,RT00783,GL9223,00:45:00,08:42:00,"Mon,Wed,Fri",AM0003,2025-05-01,2027-04-20
SCH000918,AL0003,RT00264,NR4124,15:30:00,19:08:00,Mon-Sat,AM0001,2024-02-20,2025-10-20
SCH000919,AL0005,RT00765,NR4256,00:45:00,14:58:00,"Tue,Thu,Sat",AM0008,2023-10-13,2025-09-16
SCH000920,AL0016,RT00784,HZ8524,16:00:00,21:29:00,"Mon,Wed,Fri",AM0024,2023-12-06,2025-09-29
SCH000921,AL0009,RT00253,HZ5351,12:30:00,05:36:00,Daily,AM0017,2023-04-17,2025-06-06
SCH000922,AL0001,RT00540,GL1259,14:15:00,01:50:00,Mon-Sat,AM0002,2023-05-02,2024-09-02
SCH000923,AL0015,RT00038,GL1237,14:00:00,15:46:00,Mon-Fri,AM0023,2025-05-09,2026-05-11
SCH000924,AL0011,RT00497,GL1398,07:00:00,10:32:00,"Tue,Thu,Sat",AM0024,2023-06-18,2025-01-19
SCH000925,AL0003,RT00792,CN7828,14:00:00,23:02:00,"Mon,Wed,Fri",AM0018,2024-06-28,2026-09-12
SCH000926,AL0012,RT00850,SK6058,05:00:00,15:20:00,Weekends,AM0002,2023-07-25,2024-09-28
SCH000927,AL0005,RT00180,SK3067,18:15:00,22:11:00,"Tue,Thu,Sat",AM0001,2024-08-09,2026-11-12
SCH000928,AL0013,RT00599,SK1704,02:00:00,06:37:00,"Mon,Wed,Fri",AM0022,2024-02-20,2025-09-26
SCH000929,AL0019,RT00060,CN1322,03:45:00,04:42:00,"Tue,Thu,Sat",AM0021,2023-04-03,2024-07-22
SCH000930,AL0007,RT00252,HZ7438,16:30:00,17:46:00,Mon-Sat,AM0021,2023-11-25,2025-07-31
SCH000931,AL0015,RT00752,SK8869,01:45:00,17:54:00,Mon-Fri,AM0013,2024-10-07,2026-12-15
SCH000932,AL0001,RT00578,CN5357,23:00:00,07:08:00,"Tue,Thu,Sat",AM0015,2024-12-07,2027-03-10
SCH000933,AL0009,RT00353,NR7749,00:00:00,02:33:00,Daily,AM0005,2023-09-13,2025-08-05
SCH000934,AL0018,RT00866,XA2902,12:45:00,21:31:00,"Tue,Thu,Sat",AM0001,2023-09-19,2025-06-27
SCH000935,AL0002,RT00683,CN5897,23:15:00,05:34:00,Daily,AM0006,2024-10-06,2026-12-11
SCH000936,AL0019,RT00022,HZ4436,16:45:00,22:15:00,Mon-Fri,AM0016,2024-01-10,2026-05-10
SCH000937,AL0002,RT00072,CN968,15:00:00,16:24:00,Mon-Fri,AM0011,2023-03-03,2025-05-01
SCH000938,AL0010,RT00564,GL4924,16:00:00,18:16:00,"Tue,Thu,Sat",AM0016,2023-04-19,2025-09-17
SCH000939,AL0004,RT00790,GL8482,16:15:00,20:27:00,Weekends,AM0012,2023-11-26,2026-02-12
SCH000940,AL0001,RT00142,GL612,03:30:00,10:52:00,Weekends,AM0014,2023-08-28,2024-09-22
SCH000941,AL0007,RT00485,NR4822,07:00:00,19:40:00,Weekends,AM0024,2023-04-15,2024-04-24
SCH000942,AL0012,RT00735,CN8744,04:00:00,13:42:00,"Mon,Wed,Fri",AM0016,2024-11-22,2026-10-07
SCH000943,AL0015,RT00777,GL7920,05:00:00,22:14:00,Mon-Sat,AM0024,2024-02-10,2026-07-06
SCH000944,AL0007,RT00577,HZ4984,04:00:00,08:29:00,"Tue,Thu,Sat",AM0025,2024-09-16,2026-02-23
SCH000945,AL0010,RT00900,HZ1796,15:45:00,20:04:00,Daily,AM0016,2023-01-02,2025-06-01
SCH000946,AL0004,RT00844,HZ8499,22:45:00,05:31:00,"Mon,Wed,Fri",AM0025,2023-12-22,2026-03-21
SCH000947,AL0015,RT00751,XA1615,13:00:00,01:45:00,Daily,AM0007,2024-02-27,2025-05-12
SCH000948,AL0004,RT00603,XA2840,00:15:00,17:27:00,Daily,AM0014,2024-05-24,2026-02-12
SCH000949,AL0018,RT00887,HZ1330,16:15:00,05:05:00,Mon-Fri,AM0002,2025-05-04,2026-08-30
SCH000950,AL0004,RT00016,XA4643,12:00:00,05:04:00,"Tue,Thu,Sat",AM0003,2024-02-09,2025-03-21
SCH000951,AL0014,RT00081,CN6328,18:30:00,04:27:00,Mon-Sat,AM0004,2024-03-08,2026-03-12
SCH000952,AL0007,RT00460,GL8287,09:45:00,19:28:00,Mon-Fri,AM0004,2025-03-01,2026-06-24
SCH000953,AL0020,RT00604,CN4666,10:30:00,03:00:00,Mon-Sat,AM0011,2023-12-18,2025-10-12
SCH000954,AL0006,RT00814,XA9709,15:45:00,21:57:00,Mon-Fri,AM0019,2023-12-15,2025-12-09
SCH000955,AL0019,RT00611,SK5998,16:30:00,21:28:00,Mon-Fri,AM0025,2023-05-22,2025-01-07
SCH000956,AL0017,RT00210,HZ6083,05:30:00,16:43:00,Daily,AM0025,2024-09-29,2025-11-10
SCH000957,AL0010,RT00818,GL1835,14:45:00,03:16:00,Daily,AM0005,2023-01-18,2024-02-23
SCH000958,AL0010,RT00075,NR1981,23:30:00,10:08:00,"Mon,Wed,Fri",AM0011,2023-07-12,2025-01-29
SCH000959,AL0008,RT00086,NR5808,01:45:00,14:14:00,Weekends,AM0011,2024-01-05,2025-01-26
SCH000960,AL0009,RT00648,CN7235,07:45:00,14:10:00,Daily,AM0003,2024-01-19,2026-04-29
SCH000961,AL0010,RT00868,NR2126,12:00:00,13:29:00,"Mon,Wed,Fri",AM0001,2023-02-04,2024-05-02
SCH000962,AL0003,RT00453,CN4891,22:30:00,11:44:00,Weekends,AM0009,2024-04-12,2025-04-27
SCH000963,AL0007,RT00122,XA3626,23:30:00,16:24:00,Weekends,AM0022,2025-05-08,2026-07-21
SCH000964,AL0018,RT00043,XA4443,14:15:00,02:07:00,Mon-Sat,AM0010,2023-04-03,2025-04-09
SCH000965,AL0020,RT00882,SK2298,13:30:00,07:01:00,Weekends,AM0010,2024-03-11,2026-01-19
SCH000966,AL0002,RT00252,NR1493,09:45:00,11:01:00,Weekends,AM0025,2024-06-02,2026-05-29
SCH000967,AL0015,RT00576,XA3272,10:00:00,11:23:00,"Tue,Thu,Sat",AM0010,2023-10-14,2025-04-16
SCH000968,AL0005,RT00295,XA8701,17:30:00,23:24:00,Mon-Sat,AM0018,2024-05-22,2025-11-09
SCH000969,AL0014,RT00194,HZ8070,13:45:00,22:19:00,"Tue,Thu,Sat",AM0025,2023-10-28,2025-10-21
SCH000970,AL0013,RT00602,NR1106,13:15:00,22:59:00,Weekends,AM0003,2023-05-21,2024-07-19
SCH000971,AL0018,RT00666,GL969,20:15:00,11:22:00,Mon-Fri,AM0013,2025-01-12,2026-08-10
SCH000972,AL0015,RT00425,SK4979,03:00:00,14:38:00,Mon-Fri,AM0009,2025-05-31,2026-07-24
SCH000973,AL0017,RT00457,NR2845,22:15:00,13:05:00,Daily,AM0003,2023-12-07,2025-07-20
SCH000974,AL0017,RT00439,SK8251,16:15:00,09:36:00,"Tue,Thu,Sat",AM0002,2023-03-23,2025-08-22
SCH000975,AL0013,RT00533,SK4912,14:45:00,18:44:00,"Tue,Thu,Sat",AM0017,2023-05-25,2025-08-21
SCH000976,AL0009,RT00726,SK8540,13:00:00,06:54:00,Weekends,AM0017,2025-03-01,2027-02-26
SCH000977,AL0007,RT00640,GL1171,13:30:00,19:06:00,Mon-Sat,AM0015,2025-02-16,2027-02-02
SCH000978,AL0007,RT00251,XA9702,13:00:00,04:46:00,Mon-Sat,AM0017,2024-03-10,2025-09-27
SCH000979,AL0008,RT00223,HZ7693,08:45:00,00:57:00,"Mon,Wed,Fri",AM0018,2025-02-08,2027-02-20
SCH000980,AL0006,RT00606,XA7344,17:15:00,21:34:00,Mon-Fri,AM0002,2023-07-16,2025-10-03
SCH000981,AL0007,RT00581,GL9407,06:15:00,17:03:00,"Mon,Wed,Fri",AM0001,2023-12-20,2025-10-14
SCH000982,AL0012,RT00331,CN4755,15:45:00,19:43:00,"Tue,Thu,Sat",AM0009,2023-04-10,2024-06-03
SCH000983,AL0006,RT00755,GL1573,12:30:00,15:49:00,"Mon,Wed,Fri",AM0015,2024-04-26,2026-05-02
SCH000984,AL0007,RT00377,NR5018,08:00:00,15:43:00,Weekends,AM0023,2024-09-09,2025-11-15
SCH000985,AL0015,RT00303,SK8169,19:15:00,03:09:00,"Mon,Wed,Fri",AM0025,2025-04-29,2026-10-19
SCH000986,AL0007,RT00501,SK8608,07:15:00,00:03:00,Mon-Sat,AM0021,2024-10-28,2026-02-10
SCH000987,AL0003,RT00174,SK4936,15:30:00,04:34:00,Weekends,AM0008,2024-08-10,2025-09-05
SCH000988,AL0001,RT00627,CN7349,06:45:00,12:15:00,Mon-Fri,AM0015,2024-08-17,2026-09-29
SCH000989,AL0016,RT00808,SK2544,04:30:00,20:33:00,"Mon,Wed,Fri",AM0003,2024-07-09,2026-06-19
SCH000990,AL0019,RT00851,SK2382,13:15:00,04:41:00,"Mon,Wed,Fri",AM0013,2024-01-06,2025-08-11
SCH000991,AL0014,RT00403,CN5903,23:30:00,06:58:00,Mon-Sat,AM0003,2024-03-17,2025-10-07
SCH000992,AL0002,RT00243,HZ4274,07:45:00,10:25:00,Daily,AM0025,2023-06-02,2025-05-10
SCH000993,AL0012,RT00432,CN1694,02:00:00,13:49:00,Mon-Sat,AM0012,2023-01-18,2024-10-28
SCH000994,AL0006,RT00094,XA7636,02:30:00,13:52:00,"Tue,Thu,Sat",AM0019,2024-11-28,2026-04-01
SCH000995,AL0007,RT00602,GL5367,11:30:00,21:14:00,"Tue,Thu,Sat",AM0003,2024-03-14,2025-11-26
SCH000996,AL0019,RT00386,CN5251,18:30:00,22:05:00,Mon-Fri,AM0024,2025-02-08,2027-03-30
SCH000997,AL0017,RT00110,HZ1973,17:00:00,07:02:00,Mon-Fri,AM0014,2023-04-18,2025-02-06
SCH000998,AL0015,RT00493,CN2487,05:00:00,16:44:00,Weekends,AM0002,2023-12-13,2026-02-13
SCH000999,AL0011,RT00647,XA6957,20:15:00,01:20:00,Mon-Fri,AM0010,2023-08-16,2025-05-13
SCH001000,AL0012,RT00206,NR8532,03:15:00,06:58:00,"Mon,Wed,Fri",AM0006,2025-01-12,2026-08-21
SCH001001,AL0019,RT00365,XA1854,13:45:00,16:09:00,"Tue,Thu,Sat",AM0002,2023-11-29,2025-12-30
SCH001002,AL0014,RT00802,GL8141,20:30:00,12:24:00,Weekends,AM0001,2024-07-15,2025-11-03
SCH001003,AL0012,RT00639,HZ7901,19:45:00,03:45:00,"Tue,Thu,Sat",AM0018,2023-03-16,2025-02-13
SCH001004,AL0002,RT00719,HZ8166,16:00:00,22:01:00,"Tue,Thu,Sat",AM0022,2024-04-10,2026-03-13
SCH001005,AL0020,RT00405,SK5858,07:45:00,13:17:00,Mon-Sat,AM0017,2024-01-25,2025-06-21
SCH001006,AL0017,RT00445,GL3582,18:00:00,01:24:00,"Tue,Thu,Sat",AM0018,2024-06-23,2025-11-07
SCH001007,AL0008,RT00448,HZ7732,09:30:00,00:06:00,Mon-Fri,AM0001,2024-05-31,2025-07-14
SCH001008,AL0006,RT00406,GL4850,08:15:00,10:06:00,Daily,AM0005,2023-04-06,2024-06-23
SCH001009,AL0020,RT00130,NR2296,12:45:00,14:01:00,Mon-Sat,AM0001,2023-02-14,2024-04-05
SCH001010,AL0020,RT00037,SK4083,14:30:00,17:05:00,"Tue,Thu,Sat",AM0025,2023-04-21,2025-03-15
SCH001011,AL0009,RT00750,XA4630,05:15:00,20:19:00,Mon-Sat,AM0019,2023-07-12,2024-09-14
SCH001012,AL0005,RT00484,CN5102,22:30:00,06:11:00,Weekends,AM0024,2024-10-03,2026-07-04
SCH001013,AL0016,RT00480,CN8984,20:30:00,13:58:00,Daily,AM0023,2023-08-26,2024-10-23
SCH001014,AL0013,RT00537,SK4170,06:30:00,08:46:00,"Mon,Wed,Fri",AM0006,2025-05-06,2027-06-29
SCH001015,AL0019,RT00372,NR2919,05:30:00,06:14:00,"Mon,Wed,Fri",AM0013,2023-03-18,2025-03-14
SCH001016,AL0011,RT00803,GL9626,01:30:00,15:22:00,Mon-Fri,AM0017,2024-03-24,2025-08-27
SCH001017,AL0012,RT00423,CN2495,09:45:00,11:24:00,Weekends,AM0019,2024-09-24,2026-10-22
SCH001018,AL0003,RT00451,SK210,04:00:00,18:28:00,Weekends,AM0017,2023-02-17,2024-06-16
SCH001019,AL0013,RT00479,SK8512,22:15:00,12:55:00,Mon-Fri,AM0012,2024-03-29,2026-03-03
SCH001020,AL0008,RT00142,SK9548,21:45:00,05:07:00,"Tue,Thu,Sat",AM0001,2023-03-02,2025-02-06
SCH001021,AL0005,RT00157,HZ6852,19:15:00,21:04:00,Weekends,AM0024,2024-11-28,2026-07-19
SCH001022,AL0016,RT00163,HZ4135,06:45:00,12:56:00,Mon-Sat,AM0018,2024-02-17,2026-02-26
SCH001023,AL0007,RT00229,HZ5482,16:30:00,02:49:00,Daily,AM0021,2025-02-02,2027-06-24
SCH001024,AL0005,RT00144,XA8335,11:15:00,19:31:00,Mon-Sat,AM0006,2024-08-03,2026-03-12
SCH001025,AL0020,RT00202,HZ8863,06:15:00,22:19:00,"Mon,Wed,Fri",AM0003,2023-10-07,2025-03-06
SCH001026,AL0020,RT00845,CN1114,12:15:00,01:21:00,"Tue,Thu,Sat",AM0023,2023-05-17,2025-01-07
SCH001027,AL0010,RT00325,GL8692,03:00:00,17:01:00,Mon-Fri,AM0021,2023-05-20,2025-03-18
SCH001028,AL0006,RT00715,HZ6211,23:15:00,11:05:00,Daily,AM0021,2023-01-30,2024-04-05
SCH001029,AL0004,RT00354,NR419,03:30:00,21:05:00,Mon-Fri,AM0012,2023-09-23,2026-02-17
SCH001030,AL0013,RT00743,GL1173,07:45:00,09:50:00,Weekends,AM0023,2024-10-06,2026-06-14
SCH001031,AL0013,RT00678,NR550,05:45:00,13:28:00,Weekends,AM0006,2023-11-10,2026-04-08
SCH001032,AL0013,RT00757,GL9489,12:15:00,13:24:00,Mon-Fri,AM0019,2023-05-10,2025-10-05
SCH001033,AL0016,RT00260,XA4322,16:45:00,07:19:00,Daily,AM0013,2023-03-12,2024-04-14
SCH001034,AL0010,RT00087,XA7183,22:15:00,09:00:00,"Tue,Thu,Sat",AM0005,2024-01-22,2025-03-22
SCH001035,AL0014,RT00278,HZ116,09:45:00,20:12:00,"Tue,Thu,Sat",AM0018,2023-07-05,2024-10-09
SCH001036,AL0014,RT00632,GL7951,04:45:00,16:49:00,Daily,AM0010,2024-10-10,2026-08-09
SCH001037,AL0016,RT00589,XA4871,00:15:00,12:29:00,"Tue,Thu,Sat",AM0004,2023-10-25,2025-05-01
SCH001038,AL0015,RT00634,XA9242,14:30:00,02:03:00,Mon-Sat,AM0018,2023-04-21,2024-04-29
SCH001039,AL0001,RT00895,GL5256,23:45:00,16:32:00,Mon-Sat,AM0020,2023-08-29,2025-06-25
SCH001040,AL0013,RT00203,HZ7908,01:00:00,14:43:00,Mon-Fri,AM0009,2024-01-26,2025-07-18
SCH001041,AL0020,RT00400,SK6331,23:00:00,01:08:00,Weekends,AM0025,2023-02-03,2025-04-29
SCH001042,AL0012,RT00442,SK5252,06:30:00,19:08:00,Daily,AM0018,2023-04-09,2025-05-20
SCH001043,AL0011,RT00135,NR9486,21:00:00,11:24:00,Daily,AM0001,2025-04-28,2027-07-23
SCH001044,AL0013,RT00597,HZ5005,01:45:00,09:35:00,Mon-Sat,AM0009,2023-11-03,2025-09-01
SCH001045,AL0012,RT00045,HZ8933,21:15:00,13:39:00,Mon-Sat,AM0025,2024-10-22,2026-10-29
SCH001046,AL0009,RT00808,GL457,07:15:00,23:18:00,Mon-Fri,AM0005,2025-03-16,2026-04-28
SCH001047,AL0020,RT00080,XA6607,06:45:00,08:47:00,Weekends,AM0024,2023-04-11,2025-05-21
SCH001048,AL0002,RT00100,NR9124,04:30:00,17:10:00,Daily,AM0013,2024-08-28,2026-04-26
SCH001049,AL0017,RT00157,SK9001,03:45:00,05:34:00,"Tue,Thu,Sat",AM0017,2025-01-05,2026-01-07
SCH001050,AL0004,RT00803,NR4901,19:30:00,09:22:00,"Mon,Wed,Fri",AM0018,2023-01-21,2024-03-03
SCH001051,AL0005,RT00776,CN4773,01:30:00,13:23:00,Mon-Fri,AM0013,2023-10-02,2025-03-14
SCH001052,AL0013,RT00831,NR8123,11:30:00,15:21:00,Mon-Sat,AM0013,2023-04-29,2024-11-13
SCH001053,AL0013,RT00750,SK3416,22:45:00,13:49:00,Daily,AM0015,2023-01-29,2024-05-19
SCH001054,AL0019,RT00832,XA9376,09:45:00,02:52:00,Mon-Fri,AM0017,2023-09-17,2025-11-01
SCH001055,AL0006,RT00425,CN2581,19:00:00,06:38:00,"Tue,Thu,Sat",AM0019,2023-06-11,2025-02-04
SCH001056,AL0001,RT00005,SK836,16:30:00,05:26:00,Weekends,AM0011,2025-03-01,2026-07-17
SCH001057,AL0006,RT00395,CN7741,19:45:00,05:42:00,"Tue,Thu,Sat",AM0011,2023-07-29,2025-07-23
SCH001058,AL0011,RT00199,SK4106,22:30:00,00:38:00,Mon-Fri,AM0020,2024-10-21,2026-06-20
SCH001059,AL0008,RT00221,GL3621,02:15:00,11:51:00,"Mon,Wed,Fri",AM0019,2023-02-15,2025-04-06
SCH001060,AL0006,RT00623,NR3276,07:45:00,08:42:00,"Mon,Wed,Fri",AM0017,2024-06-29,2026-03-23
SCH001061,AL0019,RT00151,CN9805,07:15:00,19:23:00,Daily,AM0012,2024-09-05,2026-10-10
SCH001062,AL0012,RT00290,HZ5759,01:00:00,07:07:00,Mon-Fri,AM0015,2023-05-15,2025-08-13
SCH001063,AL0014,RT00354,CN9918,02:15:00,19:50:00,Mon-Fri,AM0015,2024-01-16,2025-02-26
SCH001064,AL0015,RT00055,CN3501,02:00:00,18:34:00,"Mon,Wed,Fri",AM0011,2025-03-31,2026-06-04
SCH001065,AL0009,RT00632,GL4197,22:30:00,10:34:00,Weekends,AM0005,2024-06-26,2026-07-21
SCH001066,AL0015,RT00687,HZ2196,20:45:00,13:48:00,Weekends,AM0014,2024-12-14,2026-10-04
SCH001067,AL0020,RT00503,XA4360,14:15:00,18:44:00,Mon-Fri,AM0012,2024-01-11,2025-05-18
SCH001068,AL0015,RT00026,HZ713,20:30:00,22:01:00,Mon-Sat,AM0002,2023-07-31,2024-08-15
SCH001069,AL0006,RT00709,NR105,08:45:00,01:19:00,"Tue,Thu,Sat",AM0024,2024-02-19,2026-07-14
SCH001070,AL0016,RT00402,GL4584,11:15:00,02:10:00,"Tue,Thu,Sat",AM0017,2023-12-24,2025-02-10
SCH001071,AL0005,RT00240,XA7484,21:45:00,10:12:00,Mon-Fri,AM0003,2025-05-17,2027-01-19
SCH001072,AL0002,RT00853,SK4426,03:00:00,07:14:00,"Tue,Thu,Sat",AM0006,2024-01-14,2025-05-11
SCH001073,AL0009,RT00774,GL5227,03:30:00,07:17:00,Mon-Fri,AM0015,2024-07-07,2026-02-03
SCH001074,AL0011,RT00397,XA4511,12:00:00,00:25:00,Weekends,AM0022,2024-06-02,2026-06-22
SCH001075,AL0010,RT00399,GL5314,06:45:00,13:34:00,Mon-Fri,AM0013,2023-11-25,2025-08-23
SCH001076,AL0006,RT00821,NR7777,16:00:00,05:08:00,Mon-Fri,AM0021,2023-11-27,2024-12-17
SCH001077,AL0006,RT00173,SK8056,15:45:00,07:07:00,"Mon,Wed,Fri",AM0004,2025-01-15,2026-03-02
SCH001078,AL0019,RT00369,HZ8395,07:15:00,17:41:00,Mon-Fri,AM0014,2023-07-05,2025-11-21
SCH001079,AL0006,RT00514,HZ2202,02:00:00,04:17:00,"Tue,Thu,Sat",AM0021,2024-01-03,2025-05-16
SCH001080,AL0016,RT00313,GL4632,01:30:00,10:37:00,"Mon,Wed,Fri",AM0022,2024-08-11,2026-03-27
SCH001081,AL0006,RT00285,HZ8326,10:45:00,19:33:00,Mon-Sat,AM0007,2023-02-19,2025-04-14
SCH001082,AL0003,RT00097,XA9423,07:00:00,20:00:00,Mon-Fri,AM0017,2024-08-21,2026-11-12
SCH001083,AL0002,RT00241,NR5474,00:15:00,01:20:00,Mon-Sat,AM0001,2025-01-05,2026-06-05
SCH001084,AL0005,RT00323,CN4980,16:30:00,03:08:00,Daily,AM0004,2024-01-26,2025-05-23
SCH001085,AL0017,RT00754,NR7668,22:00:00,01:34:00,"Mon,Wed,Fri",AM0023,2024-05-29,2026-01-18
SCH001086,AL0010,RT00304,GL9916,23:45:00,00:23:00,Weekends,AM0019,2024-03-05,2025-09-01
SCH001087,AL0014,RT00146,SK4316,02:30:00,03:45:00,"Tue,Thu,Sat",AM0006,2024-08-11,2026-08-21
SCH001088,AL0020,RT00762,GL1734,04:45:00,13:33:00,Daily,AM0025,2023-02-14,2025-03-08
SCH001089,AL0001,RT00317,CN8358,10:15:00,00:46:00,Mon-Fri,AM0025,2024-06-29,2025-11-15
SCH001090,AL0003,RT00828,NR7132,21:45:00,11:59:00,Mon-Fri,AM0002,2024-02-07,2025-08-27
SCH001091,AL0019,RT00099,XA1536,13:15:00,15:53:00,Mon-Sat,AM0001,2023-02-01,2025-02-25
SCH001092,AL0012,RT00020,CN3302,10:15:00,01:14:00,"Mon,Wed,Fri",AM0007,2024-12-07,2026-09-04
SCH001093,AL0013,RT00830,XA5576,22:15:00,02:45:00,Daily,AM0020,2023-05-15,2025-03-04
SCH001094,AL0007,RT00089,NR7340,15:30:00,17:15:00,"Tue,Thu,Sat",AM0015,2024-06-06,2026-08-12
SCH001095,AL0017,RT00008,XA7827,23:00:00,02:47:00,Mon-Fri,AM0013,2025-01-20,2027-01-03
SCH001096,AL0013,RT00579,CN1641,20:30:00,03:10:00,Mon-Fri,AM0011,2025-03-23,2027-03-06
SCH001097,AL0006,RT00286,CN2245,23:45:00,04:33:00,Weekends,AM0012,2024-07-08,2026-03-22
SCH001098,AL0013,RT00437,NR7466,13:00:00,16:46:00,"Tue,Thu,Sat",AM0016,2024-09-24,2026-12-15
SCH001099,AL0001,RT00368,NR1249,08:45:00,00:44:00,Mon-Sat,AM0002,2024-05-31,2025-06-12
SCH001100,AL0005,RT00268,CN5031,01:45:00,03:15:00,Daily,AM0015,2024-11-17,2026-01-02
SCH001101,AL0005,RT00434,HZ5504,17:00:00,22:31:00,Mon-Sat,AM0006,2025-05-11,2027-05-07
SCH001102,AL0016,RT00234,GL3459,06:30:00,22:42:00,Mon-Sat,AM0020,2024-02-09,2025-12-30
SCH001103,AL0015,RT00203,SK7982,00:15:00,13:58:00,Mon-Fri,AM0005,2023-12-31,2025-05-28
SCH001104,AL0002,RT00203,HZ648,19:30:00,09:13:00,"Mon,Wed,Fri",AM0002,2023-06-03,2025-04-19
SCH001105,AL0019,RT00107,GL7795,10:15:00,13:35:00,Weekends,AM0011,2025-05-14,2026-07-10
SCH001106,AL0017,RT00473,XA6495,13:00:00,23:23:00,Weekends,AM0012,2025-03-16,2027-02-03
SCH001107,AL0009,RT00494,CN5120,18:15:00,10:03:00,"Mon,Wed,Fri",AM0013,2024-09-15,2026-03-27
SCH001108,AL0005,RT00016,GL8735,07:00:00,00:04:00,"Mon,Wed,Fri",AM0022,2024-08-05,2026-06-16
SCH001109,AL0009,RT00414,XA2102,19:15:00,12:06:00,Weekends,AM0018,2023-06-30,2024-12-28
SCH001110,AL0012,RT00665,CN8026,13:45:00,06:36:00,Weekends,AM0010,2025-03-14,2027-04-05
SCH001111,AL0013,RT00002,GL1958,13:45:00,03:39:00,Weekends,AM0019,2023-02-21,2024-04-20
SCH001112,AL0007,RT00271,XA9904,06:00:00,09:18:00,Weekends,AM0013,2024-06-29,2026-09-23
SCH001113,AL0003,RT00865,XA424,18:30:00,02:43:00,Daily,AM0006,2023-08-12,2025-05-02
SCH001114,AL0013,RT00385,CN5576,05:00:00,21:33:00,Weekends,AM0001,2024-02-06,2025-06-07
SCH001115,AL0015,RT00015,SK1763,14:00:00,15:07:00,"Tue,Thu,Sat",AM0001,2023-03-25,2025-08-20
SCH001116,AL0006,RT00475,XA4138,19:30:00,09:24:00,Mon-Sat,AM0006,2023-04-29,2024-06-22
SCH001117,AL0013,RT00370,HZ1564,02:15:00,17:56:00,"Tue,Thu,Sat",AM0021,2023-11-29,2025-09-11
SCH001118,AL0012,RT00191,GL2018,09:30:00,20:40:00,Mon-Sat,AM0012,2023-12-18,2025-01-25
SCH001119,AL0011,RT00067,NR703,16:00:00,08:43:00,"Tue,Thu,Sat",AM0012,2025-02-17,2027-06-13
SCH001120,AL0001,RT00796,SK179,06:00:00,18:51:00,"Mon,Wed,Fri",AM0010,2024-06-11,2025-09-03
SCH001121,AL0007,RT00732,GL7220,00:30:00,09:41:00,"Tue,Thu,Sat",AM0007,2023-01-28,2024-06-10
SCH001122,AL0008,RT00614,SK4588,09:00:00,15:20:00,Mon-Sat,AM0018,2025-04-01,2027-03-17
SCH001123,AL0017,RT00016,SK551,11:00:00,04:04:00,Mon-Fri,AM0001,2024-06-23,2026-10-09
SCH001124,AL0017,RT00784,XA9394,22:45:00,04:14:00,Daily,AM0016,2025-01-02,2026-08-12
SCH001125,AL0018,RT00426,GL6688,19:30:00,12:53:00,Mon-Fri,AM0024,2025-03-26,2026-08-12
SCH001126,AL0010,RT00428,SK2716,04:45:00,22:36:00,"Mon,Wed,Fri",AM0023,2024-03-29,2025-10-01
SCH001127,AL0007,RT00790,NR4442,06:30:00,10:42:00,"Tue,Thu,Sat",AM0010,2023-06-08,2025-10-10
SCH001128,AL0010,RT00390,XA4943,04:15:00,12:39:00,Weekends,AM0022,2024-01-31,2026-05-31
SCH001129,AL0016,RT00213,GL5741,21:30:00,09:21:00,Mon-Sat,AM0006,2024-08-29,2025-11-02
SCH001130,AL0013,RT00214,GL8587,08:45:00,10:48:00,Mon-Fri,AM0007,2023-01-30,2025-05-25
SCH001131,AL0013,RT00835,SK5939,21:30:00,13:32:00,Weekends,AM0009,2025-04-15,2027-07-08
SCH001132,AL0009,RT00491,HZ9788,01:15:00,03:20:00,Mon-Sat,AM0001,2023-11-07,2025-08-21
SCH001133,AL0014,RT00522,HZ7294,13:45:00,21:29:00,Mon-Fri,AM0007,2024-08-05,2025-12-19
SCH001134,AL0018,RT00534,XA9885,01:30:00,04:35:00,"Tue,Thu,Sat",AM0022,2025-05-16,2027-01-16
SCH001135,AL0014,RT00199,XA5551,13:45:00,15:53:00,Daily,AM0020,2025-02-03,2027-03-24
SCH001136,AL0009,RT00378,CN6815,00:30:00,10:13:00,Mon-Sat,AM0009,2024-10-16,2026-03-09
SCH001137,AL0017,RT00857,NR7404,03:15:00,10:16:00,Mon-Fri,AM0008,2023-09-21,2025-03-22
SCH001138,AL0019,RT00131,SK7571,03:45:00,18:55:00,"Mon,Wed,Fri",AM0009,2024-04-08,2025-12-10
SCH001139,AL0016,RT00857,NR341,17:30:00,00:31:00,"Tue,Thu,Sat",AM0003,2024-03-18,2025-04-23
SCH001140,AL0018,RT00246,GL1361,15:45:00,08:05:00,Weekends,AM0004,2025-01-31,2026-09-07
SCH001141,AL0006,RT00267,GL2354,13:45:00,01:01:00,"Mon,Wed,Fri",AM0025,2023-02-05,2024-04-16
SCH001142,AL0009,RT00013,CN2787,04:15:00,17:02:00,"Tue,Thu,Sat",AM0018,2023-01-21,2024-01-24
SCH001143,AL0005,RT00598,HZ9062,06:00:00,19:51:00,Mon-Sat,AM0017,2023-04-15,2024-11-07
SCH001144,AL0008,RT00288,NR7253,09:00:00,19:24:00,Daily,AM0008,2025-04-25,2027-06-04
SCH001145,AL0015,RT00414,CN1518,23:30:00,16:21:00,Weekends,AM0022,2024-04-22,2026-09-29
SCH001146,AL0014,RT00523,GL4320,16:45:00,18:56:00,Mon-Sat,AM0005,2024-09-09,2026-05-01
SCH001147,AL0001,RT00571,SK2506,00:45:00,03:19:00,"Mon,Wed,Fri",AM0025,2023-03-25,2025-05-01
SCH001148,AL0016,RT00861,XA8314,00:00:00,10:18:00,Daily,AM0013,2023-01-12,2024-05-10
SCH001149,AL0004,RT00501,SK9185,08:00:00,00:48:00,Daily,AM0009,2024-07-28,2026-07-03
SCH001150,AL0004,RT00161,NR1726,05:30:00,10:51:00,"Tue,Thu,Sat",AM0019,2024-09-14,2026-09-05
SCH001151,AL0011,RT00634,XA4223,09:15:00,20:48:00,Weekends,AM0011,2024-01-13,2025-07-08
SCH001152,AL0005,RT00050,XA9532,23:15:00,12:04:00,"Tue,Thu,Sat",AM0007,2023-03-15,2024-11-08
SCH001153,AL0020,RT00760,HZ6604,04:00:00,20:42:00,Mon-Sat,AM0018,2024-03-08,2026-03-01
SCH001154,AL0003,RT00267,SK8693,14:00:00,01:16:00,Daily,AM0019,2024-07-18,2026-01-01
SCH001155,AL0004,RT00651,GL3640,11:30:00,13:04:00,Weekends,AM0016,2023-07-08,2025-05-26
SCH001156,AL0016,RT00142,HZ2175,15:30:00,22:52:00,Daily,AM0012,2023-09-23,2025-01-23
SCH001157,AL0006,RT00367,GL6943,13:45:00,02:14:00,Mon-Sat,AM0009,2024-10-21,2026-08-03
SCH001158,AL0015,RT00626,HZ1460,12:15:00,19:10:00,Weekends,AM0011,2023-07-07,2024-08-06
SCH001159,AL0014,RT00560,SK8414,06:30:00,22:18:00,Mon-Sat,AM0022,2023-03-29,2024-11-21
SCH001160,AL0004,RT00006,CN7572,23:45:00,09:03:00,Mon-Fri,AM0009,2024-07-08,2026-04-03
SCH001161,AL0012,RT00032,NR3118,06:15:00,12:12:00,Daily,AM0025,2023-01-21,2025-04-07
SCH001162,AL0011,RT00883,SK5036,03:00:00,11:38:00,Mon-Sat,AM0004,2024-01-19,2025-08-06
SCH001163,AL0002,RT00476,XA8011,02:45:00,10:47:00,"Mon,Wed,Fri",AM0005,2024-05-17,2025-05-20
SCH001164,AL0016,RT00771,XA9354,01:00:00,08:16:00,Mon-Fri,AM0009,2023-02-26,2024-03-18
SCH001165,AL0018,RT00066,NR3586,08:15:00,13:27:00,"Tue,Thu,Sat",AM0001,2024-07-30,2026-05-14
SCH001166,AL0019,RT00442,XA7920,19:00:00,07:38:00,Weekends,AM0022,2024-12-27,2027-03-06
SCH001167,AL0002,RT00519,CN2025,03:30:00,15:04:00,Daily,AM0009,2025-05-09,2027-08-28
SCH001168,AL0004,RT00829,CN9044,00:15:00,11:08:00,Mon-Fri,AM0003,2023-08-23,2025-10-28
SCH001169,AL0017,RT00640,NR6893,12:15:00,17:51:00,"Tue,Thu,Sat",AM0016,2023-10-16,2025-04-14
SCH001170,AL0007,RT00566,GL1611,13:30:00,23:27:00,Daily,AM0024,2024-06-29,2026-03-18
SCH001171,AL0013,RT00265,HZ7423,13:15:00,16:44:00,Weekends,AM0025,2024-06-13,2026-10-01
SCH001172,AL0007,RT00895,GL7267,00:15:00,17:02:00,Mon-Fri,AM0003,2024-06-22,2026-09-13
SCH001173,AL0005,RT00295,CN7448,04:15:00,10:09:00,"Tue,Thu,Sat",AM0020,2023-10-05,2025-06-03
SCH001174,AL0013,RT00251,HZ3513,08:00:00,23:46:00,Mon-Sat,AM0010,2023-02-19,2024-11-02
SCH001175,AL0005,RT00652,XA7423,17:45:00,20:02:00,"Tue,Thu,Sat",AM0021,2023-01-23,2024-02-29
SCH001176,AL0003,RT00898,HZ8282,15:45:00,21:06:00,"Tue,Thu,Sat",AM0016,2025-05-30,2026-08-28
SCH001177,AL0011,RT00772,HZ3536,19:30:00,10:17:00,Daily,AM0019,2023-12-25,2025-10-03
SCH001178,AL0004,RT00163,HZ2158,13:00:00,19:11:00,Mon-Sat,AM0021,2024-01-31,2025-11-02
SCH001179,AL0004,RT00734,GL8889,09:15:00,22:16:00,Daily,AM0023,2024-07-06,2026-05-09
SCH001180,AL0016,RT00319,HZ6244,13:15:00,03:22:00,Weekends,AM0004,2023-07-01,2024-12-14
SCH001181,AL0011,RT00200,GL4657,09:00:00,00:51:00,"Tue,Thu,Sat",AM0019,2023-12-04,2025-04-03
SCH001182,AL0011,RT00842,HZ8808,03:45:00,17:01:00,Mon-Fri,AM0004,2024-01-21,2025-09-19
SCH001183,AL0003,RT00855,SK1446,13:15:00,20:23:00,Mon-Fri,AM0024,2023-03-25,2025-07-07
SCH001184,AL0004,RT00334,NR8123,07:30:00,15:38:00,Daily,AM0016,2024-06-16,2026-11-17
SCH001185,AL0008,RT00024,XA4958,06:30:00,07:43:00,Weekends,AM0005,2023-06-21,2024-07-18
SCH001186,AL0008,RT00189,GL520,17:15:00,10:46:00,Weekends,AM0008,2023-01-03,2024-07-11
SCH001187,AL0010,RT00488,GL9727,01:15:00,14:02:00,Weekends,AM0023,2024-07-02,2026-04-06
SCH001188,AL0003,RT00054,SK7802,00:45:00,14:20:00,Daily,AM0017,2023-09-23,2025-01-15
SCH001189,AL0018,RT00205,XA2225,08:45:00,20:49:00,Mon-Fri,AM0006,2024-09-25,2026-04-02
SCH001190,AL0008,RT00135,GL9243,14:30:00,04:54:00,Daily,AM0021,2024-04-18,2025-06-25
SCH001191,AL0017,RT00857,HZ9358,20:30:00,03:31:00,Mon-Fri,AM0018,2023-01-26,2024-09-30
SCH001192,AL0009,RT00320,HZ8023,12:00:00,20:16:00,"Mon,Wed,Fri",AM0002,2024-09-05,2026-12-21
SCH001193,AL0010,RT00343,CN1358,06:00:00,13:23:00,Daily,AM0008,2023-02-05,2025-06-15
SCH001194,AL0003,RT00380,NR1944,08:00:00,09:44:00,Daily,AM0022,2023-10-04,2024-10-10
SCH001195,AL0014,RT00012,GL7564,09:45:00,16:54:00,"Mon,Wed,Fri",AM0009,2024-08-28,2026-08-03
SCH001196,AL0002,RT00489,XA9145,08:45:00,00:45:00,"Mon,Wed,Fri",AM0001,2023-12-23,2026-04-21
SCH001197,AL0015,RT00822,SK2228,16:00:00,22:37:00,Mon-Sat,AM0016,2023-12-06,2026-01-19
SCH001198,AL0018,RT00733,CN4661,19:15:00,10:09:00,"Mon,Wed,Fri",AM0023,2023-07-15,2024-08-16
SCH001199,AL0008,RT00226,CN1632,17:15:00,07:39:00,Mon-Sat,AM0014,2024-01-27,2025-08-22
SCH001200,AL0018,RT00013,SK4831,09:45:00,22:32:00,"Tue,Thu,Sat",AM0025,2023-09-16,2025-10-22
SCH001201,AL0014,RT00697,SK6460,06:15:00,16:48:00,"Mon,Wed,Fri",AM0003,2025-04-15,2027-09-21
SCH001202,AL0001,RT00758,HZ283,01:00:00,09:41:00,Weekends,AM0017,2024-08-29,2026-02-02
SCH001203,AL0005,RT00830,XA6464,19:30:00,00:00:00,Daily,AM0017,2025-03-13,2026-08-11
SCH001204,AL0013,RT00520,XA6432,23:00:00,09:58:00,"Tue,Thu,Sat",AM0025,2023-10-25,2025-03-06
SCH001205,AL0015,RT00427,CN4604,01:30:00,05:34:00,Mon-Sat,AM0014,2025-04-18,2027-08-09
SCH001206,AL0002,RT00681,GL8963,03:45:00,19:16:00,Weekends,AM0021,2023-09-04,2024-12-08
SCH001207,AL0014,RT00622,XA1434,05:00:00,12:52:00,Weekends,AM0004,2023-09-30,2025-04-12
SCH001208,AL0017,RT00682,NR607,19:45:00,05:38:00,Daily,AM0002,2023-09-21,2024-11-30
SCH001209,AL0002,RT00256,CN5008,05:30:00,08:29:00,"Mon,Wed,Fri",AM0018,2024-06-04,2026-10-19
SCH001210,AL0018,RT00813,CN5376,00:00:00,11:27:00,Mon-Fri,AM0001,2024-06-24,2025-07-29
SCH001211,AL0011,RT00034,XA2739,08:00:00,20:11:00,Daily,AM0022,2023-02-27,2024-11-24
SCH001212,AL0013,RT00085,XA9619,08:00:00,00:05:00,Daily,AM0001,2024-05-10,2025-07-31
SCH001213,AL0002,RT00590,NR2611,09:45:00,15:01:00,Weekends,AM0018,2025-04-21,2026-11-24
SCH001214,AL0013,RT00515,XA2774,12:30:00,21:27:00,Weekends,AM0012,2023-12-26,2025-11-04
SCH001215,AL0010,RT00499,HZ8127,05:15:00,15:41:00,Weekends,AM0017,2024-09-09,2026-09-17
SCH001216,AL0008,RT00819,GL9235,00:30:00,14:31:00,"Tue,Thu,Sat",AM0016,2024-07-12,2026-05-12
SCH001217,AL0016,RT00784,SK5407,02:15:00,07:44:00,"Mon,Wed,Fri",AM0012,2025-05-15,2026-12-29
SCH001218,AL0005,RT00648,NR288,17:15:00,23:40:00,"Tue,Thu,Sat",AM0013,2024-07-21,2025-12-18
SCH001219,AL0002,RT00149,CN3618,15:30:00,06:12:00,Mon-Fri,AM0013,2024-02-20,2026-04-24
SCH001220,AL0010,RT00087,SK2316,06:00:00,16:45:00,Mon-Fri,AM0017,2023-01-12,2025-01-09
SCH001221,AL0015,RT00126,HZ5158,22:45:00,04:35:00,"Mon,Wed,Fri",AM0018,2024-12-10,2026-12-04
SCH001222,AL0003,RT00553,XA6856,12:45:00,04:59:00,Daily,AM0012,2023-10-27,2025-12-11
SCH001223,AL0020,RT00642,GL3984,19:45:00,21:24:00,"Tue,Thu,Sat",AM0009,2025-03-27,2026-07-22
SCH001224,AL0014,RT00720,CN5419,19:00:00,07:26:00,Mon-Fri,AM0002,2023-08-04,2026-01-09
SCH001225,AL0019,RT00093,HZ7621,07:15:00,15:57:00,Mon-Sat,AM0020,2024-01-22,2026-05-27
SCH001226,AL0010,RT00248,CN2536,14:15:00,03:29:00,Mon-Sat,AM0006,2025-01-02,2026-08-25
SCH001227,AL0003,RT00305,XA2039,14:30:00,03:07:00,"Mon,Wed,Fri",AM0011,2023-05-15,2024-08-31
SCH001228,AL0004,RT00570,XA8074,10:15:00,16:23:00,Mon-Fri,AM0025,2023-09-01,2025-03-19
SCH001229,AL0011,RT00042,GL466,15:15:00,17:27:00,Weekends,AM0020,2024-11-30,2026-06-25
SCH001230,AL0012,RT00757,HZ1590,08:00:00,09:09:00,Weekends,AM0009,2023-10-08,2026-03-11
SCH001231,AL0015,RT00073,GL222,02:30:00,11:29:00,Weekends,AM0012,2025-04-25,2026-09-26
SCH001232,AL0016,RT00472,GL5597,01:30:00,13:24:00,Daily,AM0009,2024-04-19,2026-09-05
SCH001233,AL0016,RT00840,HZ6040,10:30:00,19:18:00,Mon-Fri,AM0016,2024-12-29,2026-05-01
SCH001234,AL0012,RT00175,CN5356,21:15:00,13:22:00,"Tue,Thu,Sat",AM0004,2024-04-28,2026-09-05
SCH001235,AL0001,RT00619,GL4200,05:45:00,17:57:00,Daily,AM0024,2023-02-09,2025-06-20
SCH001236,AL0011,RT00495,NR5336,14:30:00,05:25:00,Weekends,AM0025,2024-12-17,2026-11-07
SCH001237,AL0017,RT00738,HZ2019,03:00:00,09:22:00,Mon-Sat,AM0008,2024-01-06,2025-03-03
SCH001238,AL0017,RT00530,NR8278,15:15:00,19:36:00,Daily,AM0006,2023-12-09,2025-11-03
SCH001239,AL0017,RT00764,NR9808,04:30:00,11:50:00,Mon-Sat,AM0014,2024-10-12,2027-02-11
SCH001240,AL0001,RT00363,CN5451,10:00:00,03:40:00,Weekends,AM0017,2023-09-06,2026-01-14
SCH001241,AL0009,RT00148,XA3805,19:15:00,10:59:00,Weekends,AM0017,2024-01-13,2025-09-13
SCH001242,AL0013,RT00612,XA7937,08:45:00,17:24:00,"Tue,Thu,Sat",AM0002,2024-06-21,2026-03-04
SCH001243,AL0005,RT00871,NR2011,22:15:00,11:49:00,"Tue,Thu,Sat",AM0018,2024-06-07,2025-12-29
SCH001244,AL0009,RT00390,NR3275,01:30:00,09:54:00,Weekends,AM0002,2024-10-05,2026-01-27
SCH001245,AL0002,RT00738,NR9404,02:30:00,08:52:00,Daily,AM0009,2023-03-14,2025-02-25
SCH001246,AL0004,RT00790,NR1944,04:15:00,08:27:00,Mon-Sat,AM0018,2025-05-26,2027-11-04
SCH001247,AL0001,RT00581,SK1209,05:45:00,16:33:00,Daily,AM0023,2024-06-20,2025-11-09
SCH001248,AL0020,RT00713,HZ5508,10:00:00,19:06:00,Mon-Sat,AM0016,2024-06-29,2026-09-22
SCH001249,AL0018,RT00507,XA5914,21:15:00,04:26:00,Weekends,AM0004,2025-02-18,2026-04-10
SCH001250,AL0009,RT00725,GL6011,05:30:00,13:25:00,"Mon,Wed,Fri",AM0018,2024-03-09,2025-04-07
SCH001251,AL0001,RT00303,GL1728,08:00:00,15:54:00,"Tue,Thu,Sat",AM0001,2023-01-27,2025-05-22
SCH001252,AL0007,RT00474,CN7238,01:45:00,09:36:00,Mon-Sat,AM0006,2023-04-28,2024-06-26
SCH001253,AL0009,RT00071,HZ2498,17:00:00,09:16:00,Daily,AM0004,2025-04-16,2026-11-23
SCH001254,AL0004,RT00177,GL9485,13:30:00,07:10:00,"Tue,Thu,Sat",AM0025,2025-05-21,2027-09-04
SCH001255,AL0014,RT00522,GL2356,01:30:00,09:14:00,"Mon,Wed,Fri",AM0010,2023-03-16,2024-09-17
SCH001256,AL0020,RT00652,GL271,11:45:00,14:02:00,Weekends,AM0014,2024-08-27,2026-02-04
SCH001257,AL0017,RT00027,CN5721,05:00:00,20:02:00,Weekends,AM0020,2024-08-06,2025-08-27
SCH001258,AL0018,RT00063,XA2107,10:00:00,11:01:00,"Tue,Thu,Sat",AM0025,2023-05-26,2025-06-01
SCH001259,AL0017,RT00006,HZ6322,06:30:00,15:48:00,Daily,AM0025,2024-11-26,2026-05-16
SCH001260,AL0002,RT00466,CN2368,18:45:00,01:23:00,"Mon,Wed,Fri",AM0005,2024-02-10,2025-04-13
SCH001261,AL0012,RT00302,XA4337,01:45:00,13:25:00,"Tue,Thu,Sat",AM0010,2023-07-23,2025-04-01
SCH001262,AL0012,RT00048,GL1877,14:00:00,02:34:00,"Mon,Wed,Fri",AM0011,2024-05-09,2025-08-08
SCH001263,AL0003,RT00715,NR4344,19:15:00,07:05:00,Weekends,AM0020,2025-03-10,2027-06-07
SCH001264,AL0003,RT00476,XA1451,00:15:00,08:17:00,"Mon,Wed,Fri",AM0009,2023-07-11,2025-08-13
SCH001265,AL0012,RT00010,HZ3445,21:45:00,08:35:00,"Mon,Wed,Fri",AM0006,2024-06-30,2026-12-06
SCH001266,AL0015,RT00618,CN2069,18:30:00,02:34:00,"Tue,Thu,Sat",AM0019,2024-10-08,2027-03-15
SCH001267,AL0005,RT00821,NR8178,06:15:00,19:23:00,"Tue,Thu,Sat",AM0013,2024-07-06,2026-09-26
SCH001268,AL0010,RT00378,SK7319,11:00:00,20:43:00,Mon-Sat,AM0019,2024-07-28,2026-04-22
SCH001269,AL0002,RT00855,CN1751,16:30:00,23:38:00,Daily,AM0010,2024-10-02,2026-01-01
SCH001270,AL0003,RT00376,NR920,12:15:00,18:40:00,Mon-Fri,AM0013,2023-07-26,2024-08-16
SCH001271,AL0012,RT00070,HZ354,18:00:00,21:35:00,Mon-Sat,AM0001,2023-03-31,2024-05-17
SCH001272,AL0012,RT00111,SK2343,21:00:00,04:51:00,"Mon,Wed,Fri",AM0001,2025-05-23,2026-09-25
SCH001273,AL0016,RT00061,SK4853,08:30:00,11:49:00,Weekends,AM0001,2023-10-10,2026-01-24
SCH001274,AL0019,RT00272,NR4058,02:30:00,16:43:00,"Mon,Wed,Fri",AM0005,2025-04-17,2026-08-08
SCH001275,AL0004,RT00347,GL9716,10:15:00,03:45:00,Weekends,AM0009,2023-08-26,2024-10-13
SCH001276,AL0007,RT00400,CN7942,14:45:00,16:53:00,Mon-Sat,AM0002,2023-08-23,2026-01-04
SCH001277,AL0018,RT00433,CN873,18:30:00,22:07:00,"Mon,Wed,Fri",AM0005,2023-01-23,2024-09-12
SCH001278,AL0002,RT00778,SK1673,06:30:00,15:04:00,Weekends,AM0022,2024-01-26,2025-09-06
SCH001279,AL0017,RT00011,HZ363,22:00:00,06:34:00,"Mon,Wed,Fri",AM0022,2025-04-14,2026-09-22
SCH001280,AL0019,RT00809,NR1468,00:15:00,15:21:00,Mon-Fri,AM0008,2025-03-01,2027-07-21
SCH001281,AL0002,RT00216,XA5340,13:45:00,15:50:00,"Tue,Thu,Sat",AM0024,2023-09-27,2025-03-31
SCH001282,AL0003,RT00859,XA859,10:15:00,19:35:00,Mon-Fri,AM0003,2023-12-25,2026-03-28
SCH001283,AL0014,RT00122,NR692,16:30:00,09:24:00,Daily,AM0001,2024-08-14,2027-01-26
SCH001284,AL0010,RT00091,GL1269,06:45:00,07:34:00,Daily,AM0009,2025-04-23,2026-12-20
SCH001285,AL0020,RT00110,XA6726,22:30:00,12:32:00,Daily,AM0007,2024-06-17,2026-06-26
SCH001286,AL0011,RT00267,CN291,00:30:00,11:46:00,Daily,AM0002,2023-06-26,2024-07-08
SCH001287,AL0014,RT00848,NR9698,19:00:00,09:40:00,Daily,AM0022,2023-11-11,2026-01-02
SCH001288,AL0005,RT00417,GL3869,11:15:00,18:34:00,Mon-Fri,AM0025,2024-10-01,2027-03-05
SCH001289,AL0007,RT00149,HZ3431,12:00:00,02:42:00,Mon-Sat,AM0007,2023-01-21,2024-05-04
SCH001290,AL0004,RT00578,GL4800,07:00:00,15:08:00,Daily,AM0008,2024-06-13,2025-06-18
SCH001291,AL0003,RT00458,NR5226,09:30:00,18:15:00,"Tue,Thu,Sat",AM0018,2024-11-10,2025-12-03
SCH001292,AL0003,RT00633,CN4257,10:00:00,17:57:00,Mon-Sat,AM0024,2023-11-02,2026-02-02
SCH001293,AL0018,RT00668,SK4914,07:15:00,23:28:00,"Tue,Thu,Sat",AM0008,2024-04-20,2025-08-28
SCH001294,AL0002,RT00708,XA3463,00:15:00,14:12:00,Weekends,AM0018,2024-09-25,2026-05-04
SCH001295,AL0011,RT00137,XA3287,09:15:00,00:46:00,Daily,AM0001,2024-06-09,2025-12-05
SCH001296,AL0011,RT00447,CN370,09:30:00,18:27:00,Weekends,AM0015,2023-01-22,2024-07-01
SCH001297,AL0002,RT00568,SK6750,17:15:00,05:35:00,"Mon,Wed,Fri",AM0025,2024-06-01,2025-08-28
SCH001298,AL0017,RT00501,HZ6210,11:45:00,04:33:00,"Tue,Thu,Sat",AM0012,2023-07-23,2025-02-25
SCH001299,AL0011,RT00876,NR6720,13:15:00,18:29:00,Daily,AM0017,2024-10-15,2027-02-21
SCH001300,AL0003,RT00865,HZ9415,11:45:00,19:58:00,Mon-Fri,AM0018,2023-08-19,2025-02-24
SCH001301,AL0003,RT00731,XA4783,10:45:00,22:48:00,"Mon,Wed,Fri",AM0016,2025-05-13,2027-07-15
SCH001302,AL0015,RT00217,HZ8828,17:15:00,00:16:00,"Tue,Thu,Sat",AM0018,2023-04-14,2025-04-16
SCH001303,AL0013,RT00477,GL4494,16:45:00,07:29:00,Mon-Fri,AM0023,2025-02-25,2027-04-27
SCH001304,AL0009,RT00724,XA4827,23:15:00,02:21:00,"Tue,Thu,Sat",AM0001,2023-01-30,2024-12-01
SCH001305,AL0009,RT00242,GL6365,11:45:00,17:08:00,"Tue,Thu,Sat",AM0023,2024-08-26,2026-03-12
SCH001306,AL0001,RT00641,GL2237,00:45:00,07:15:00,Weekends,AM0023,2023-11-08,2025-03-24
SCH001307,AL0001,RT00225,HZ2251,14:15:00,07:22:00,"Mon,Wed,Fri",AM0023,2023-06-22,2024-11-17
SCH001308,AL0011,RT00127,CN5146,09:15:00,21:29:00,Weekends,AM0010,2023-07-12,2025-04-19
SCH001309,AL0008,RT00216,SK779,02:45:00,04:50:00,"Tue,Thu,Sat",AM0015,2023-02-04,2024-09-07
SCH001310,AL0006,RT00834,GL2442,20:30:00,06:06:00,Mon-Fri,AM0009,2023-04-28,2024-11-29
SCH001311,AL0008,RT00896,HZ7953,15:30:00,05:40:00,Mon-Fri,AM0022,2023-12-13,2025-06-27
SCH001312,AL0013,RT00770,CN4690,15:30:00,19:59:00,Weekends,AM0011,2023-05-19,2025-09-22
SCH001313,AL0006,RT00245,HZ363,15:00:00,01:34:00,Mon-Fri,AM0008,2025-05-04,2027-04-13
SCH001314,AL0007,RT00702,CN701,23:00:00,12:35:00,"Mon,Wed,Fri",AM0018,2024-12-30,2027-04-21
SCH001315,AL0006,RT00197,XA9202,16:45:00,04:19:00,Mon-Sat,AM0002,2024-02-22,2026-07-02
SCH001316,AL0014,RT00115,XA9570,17:15:00,07:40:00,Weekends,AM0010,2023-03-25,2025-02-17
SCH001317,AL0002,RT00233,NR6446,18:45:00,23:00:00,Mon-Sat,AM0006,2025-05-20,2026-07-08
SCH001318,AL0019,RT00126,NR1930,17:15:00,23:05:00,Weekends,AM0010,2024-10-02,2027-03-02
SCH001319,AL0012,RT00577,XA3743,16:45:00,21:14:00,Daily,AM0012,2023-06-11,2025-02-20
SCH001320,AL0005,RT00615,NR3123,01:30:00,13:03:00,Weekends,AM0002,2023-02-17,2024-09-04
SCH001321,AL0016,RT00033,SK7872,09:00:00,12:00:00,Weekends,AM0022,2024-07-01,2026-02-07
SCH001322,AL0019,RT00097,GL5416,06:15:00,19:15:00,Daily,AM0011,2023-02-05,2024-03-23
SCH001323,AL0002,RT00432,CN7817,21:45:00,09:34:00,Weekends,AM0009,2024-06-26,2026-06-16
SCH001324,AL0005,RT00102,NR3668,14:00:00,05:31:00,Daily,AM0004,2024-01-26,2025-02-19
SCH001325,AL0003,RT00746,XA8707,12:00:00,01:33:00,"Tue,Thu,Sat",AM0025,2025-02-16,2027-03-08
SCH001326,AL0002,RT00361,XA4348,12:00:00,15:05:00,"Mon,Wed,Fri",AM0022,2023-12-04,2026-02-21
SCH001327,AL0015,RT00372,HZ4231,16:30:00,17:14:00,Mon-Fri,AM0013,2024-01-31,2025-09-12
SCH001328,AL0004,RT00005,NR4941,18:45:00,07:41:00,Daily,AM0009,2024-04-26,2025-11-17
SCH001329,AL0008,RT00632,NR5958,04:45:00,16:49:00,"Mon,Wed,Fri",AM0012,2025-05-18,2027-05-13
SCH001330,AL0017,RT00650,SK8950,23:45:00,15:02:00,"Tue,Thu,Sat",AM0025,2024-09-12,2026-12-16
SCH001331,AL0013,RT00681,CN4631,18:45:00,10:16:00,Weekends,AM0006,2024-08-14,2025-10-04
SCH001332,AL0014,RT00487,GL9307,04:45:00,12:48:00,Mon-Sat,AM0018,2023-10-01,2025-06-02
SCH001333,AL0002,RT00243,HZ3996,14:30:00,17:10:00,Mon-Fri,AM0023,2024-03-02,2025-08-21
SCH001334,AL0020,RT00071,SK3312,10:45:00,03:01:00,"Tue,Thu,Sat",AM0019,2023-06-21,2024-06-25
SCH001335,AL0002,RT00285,SK3020,09:30:00,18:18:00,Weekends,AM0022,2023-12-12,2024-12-15
SCH001336,AL0015,RT00490,CN309,20:00:00,04:06:00,Mon-Fri,AM0024,2024-12-26,2026-10-04
SCH001337,AL0013,RT00105,GL8505,06:00:00,17:57:00,Mon-Fri,AM0002,2023-03-29,2025-05-10
SCH001338,AL0009,RT00049,CN884,20:00:00,02:58:00,Weekends,AM0006,2023-05-26,2025-04-08
SCH001339,AL0017,RT00196,CN3409,15:15:00,06:01:00,Daily,AM0004,2024-06-01,2025-10-12
SCH001340,AL0018,RT00064,GL2579,19:15:00,00:42:00,"Mon,Wed,Fri",AM0015,2024-12-06,2026-08-04
SCH001341,AL0002,RT00013,SK7469,17:30:00,06:17:00,Weekends,AM0011,2025-05-10,2027-10-08
SCH001342,AL0020,RT00437,SK9331,14:30:00,18:16:00,"Tue,Thu,Sat",AM0002,2024-06-02,2026-08-24
SCH001343,AL0005,RT00671,SK8184,04:15:00,20:27:00,"Mon,Wed,Fri",AM0014,2024-08-03,2025-10-06
SCH001344,AL0016,RT00450,XA3267,23:30:00,05:33:00,Mon-Sat,AM0003,2023-09-13,2025-08-22
SCH001345,AL0017,RT00083,CN4611,15:45:00,21:57:00,Daily,AM0011,2023-12-28,2025-11-26
SCH001346,AL0012,RT00306,XA2545,08:00:00,21:09:00,Weekends,AM0010,2023-10-05,2025-04-17
SCH001347,AL0018,RT00032,HZ9246,06:15:00,12:12:00,"Mon,Wed,Fri",AM0023,2023-04-07,2024-10-18
SCH001348,AL0017,RT00560,CN1275,02:45:00,18:33:00,Mon-Fri,AM0018,2023-11-24,2025-12-12
SCH001349,AL0011,RT00210,SK9523,07:45:00,18:58:00,"Tue,Thu,Sat",AM0016,2023-07-12,2025-11-23
SCH001350,AL0004,RT00349,HZ8154,03:15:00,15:05:00,Weekends,AM0021,2024-06-05,2025-11-22
SCH001351,AL0009,RT00812,HZ7143,21:30:00,23:19:00,"Tue,Thu,Sat",AM0005,2024-10-27,2027-03-07
SCH001352,AL0019,RT00529,GL7761,10:30:00,15:00:00,Mon-Sat,AM0007,2025-05-15,2027-08-06
SCH001353,AL0005,RT00689,GL3459,15:30:00,07:50:00,Mon-Sat,AM0019,2025-02-16,2026-03-16
SCH001354,AL0020,RT00315,GL3028,19:45:00,09:49:00,"Mon,Wed,Fri",AM0019,2023-10-09,2025-03-06
SCH001355,AL0004,RT00838,GL3875,23:00:00,14:09:00,"Tue,Thu,Sat",AM0001,2025-04-08,2026-11-29
SCH001356,AL0014,RT00644,CN1897,10:30:00,17:15:00,Mon-Sat,AM0006,2025-04-11,2027-04-02
SCH001357,AL0013,RT00465,HZ7488,01:00:00,10:45:00,Mon-Sat,AM0006,2024-03-20,2025-07-19
SCH001358,AL0004,RT00522,XA4802,14:45:00,22:29:00,"Tue,Thu,Sat",AM0001,2023-07-01,2025-02-07
SCH001359,AL0010,RT00561,CN8868,22:30:00,01:33:00,Mon-Sat,AM0017,2024-11-17,2026-01-05
SCH001360,AL0003,RT00145,NR8795,08:30:00,16:51:00,Mon-Sat,AM0002,2023-04-10,2024-06-02
SCH001361,AL0008,RT00227,CN1642,02:45:00,16:41:00,Mon-Fri,AM0022,2023-11-15,2025-07-04
SCH001362,AL0020,RT00618,NR2266,17:45:00,01:49:00,"Mon,Wed,Fri",AM0015,2024-04-14,2026-03-16
SCH001363,AL0002,RT00397,GL4164,14:45:00,03:10:00,Weekends,AM0020,2025-02-01,2026-10-01
SCH001364,AL0018,RT00706,CN1276,03:45:00,07:13:00,Mon-Sat,AM0013,2025-05-12,2026-12-02
SCH001365,AL0014,RT00474,NR6924,00:30:00,08:21:00,"Tue,Thu,Sat",AM0025,2024-12-23,2026-09-15
SCH001366,AL0015,RT00060,CN7401,12:15:00,13:12:00,Mon-Sat,AM0007,2024-03-04,2026-02-06
SCH001367,AL0006,RT00599,HZ7240,03:15:00,07:52:00,Weekends,AM0014,2023-03-16,2025-04-01
SCH001368,AL0019,RT00549,HZ4754,04:15:00,09:17:00,Mon-Sat,AM0001,2024-12-07,2026-09-21
SCH001369,AL0006,RT00329,CN8446,07:30:00,19:23:00,Daily,AM0021,2025-01-26,2026-03-16
SCH001370,AL0011,RT00712,GL6097,11:45:00,04:35:00,Mon-Sat,AM0015,2024-02-22,2025-03-15
SCH001371,AL0001,RT00316,GL9935,19:15:00,07:08:00,Mon-Fri,AM0005,2024-05-04,2025-11-03
SCH001372,AL0018,RT00104,NR8172,10:30:00,02:28:00,"Mon,Wed,Fri",AM0021,2025-01-20,2026-05-09
SCH001373,AL0015,RT00110,XA7249,20:15:00,10:17:00,"Tue,Thu,Sat",AM0025,2023-04-27,2025-02-07
SCH001374,AL0004,RT00812,SK1320,14:30:00,16:19:00,"Tue,Thu,Sat",AM0002,2024-12-18,2026-12-27
SCH001375,AL0014,RT00339,SK8341,09:45:00,17:10:00,Mon-Fri,AM0022,2024-03-28,2025-08-09
SCH001376,AL0004,RT00374,NR3124,12:15:00,17:40:00,"Mon,Wed,Fri",AM0019,2024-08-28,2026-05-05
SCH001377,AL0009,RT00275,SK4246,03:15:00,16:31:00,"Mon,Wed,Fri",AM0009,2023-06-18,2024-10-11
SCH001378,AL0011,RT00665,SK4680,23:00:00,15:51:00,"Tue,Thu,Sat",AM0016,2024-06-27,2026-03-03
SCH001379,AL0019,RT00545,NR3379,07:15:00,09:04:00,Mon-Fri,AM0020,2023-08-25,2025-03-14
SCH001380,AL0007,RT00810,SK1173,21:15:00,00:24:00,"Tue,Thu,Sat",AM0012,2024-04-02,2025-04-03
SCH001381,AL0001,RT00806,NR2073,15:00:00,20:01:00,"Mon,Wed,Fri",AM0017,2024-04-08,2026-03-29
SCH001382,AL0009,RT00891,SK8053,07:45:00,13:10:00,"Tue,Thu,Sat",AM0002,2025-04-24,2026-10-02
SCH001383,AL0019,RT00297,XA6556,11:45:00,21:26:00,Mon-Sat,AM0024,2024-08-14,2026-09-18
SCH001384,AL0016,RT00526,XA9433,02:15:00,17:01:00,Weekends,AM0024,2024-05-07,2026-04-30
SCH001385,AL0002,RT00312,NR8227,14:45:00,15:26:00,Weekends,AM0006,2023-12-21,2025-04-03
SCH001386,AL0002,RT00634,GL4081,01:15:00,12:48:00,"Tue,Thu,Sat",AM0012,2023-10-25,2026-02-10
SCH001387,AL0016,RT00674,HZ7882,15:15:00,17:18:00,"Tue,Thu,Sat",AM0006,2024-07-29,2025-08-09
SCH001388,AL0015,RT00227,XA5806,04:00:00,17:56:00,Mon-Sat,AM0010,2025-02-17,2026-12-21
SCH001389,AL0012,RT00774,GL2934,03:30:00,07:17:00,"Mon,Wed,Fri",AM0007,2024-05-20,2026-07-23
SCH001390,AL0002,RT00262,CN9752,05:15:00,22:05:00,"Mon,Wed,Fri",AM0022,2024-08-05,2026-05-21
SCH001391,AL0006,RT00885,XA9291,02:15:00,09:04:00,Daily,AM0018,2023-10-17,2025-08-10
SCH001392,AL0017,RT00766,NR1210,21:15:00,02:48:00,Weekends,AM0022,2024-05-07,2026-01-13
SCH001393,AL0003,RT00017,SK8409,22:45:00,07:09:00,Mon-Fri,AM0020,2024-05-19,2025-06-20
SCH001394,AL0005,RT00359,NR869,22:30:00,06:33:00,Mon-Sat,AM0019,2024-08-25,2026-08-22
SCH001395,AL0010,RT00350,XA9294,17:00:00,20:44:00,Daily,AM0005,2023-10-07,2026-02-27
SCH001396,AL0015,RT00741,XA6278,05:00:00,09:37:00,"Tue,Thu,Sat",AM0021,2023-11-05,2026-01-05
SCH001397,AL0017,RT00652,HZ1748,18:00:00,20:17:00,Mon-Sat,AM0020,2023-11-14,2024-12-14
SCH001398,AL0012,RT00046,XA8190,18:00:00,22:17:00,Weekends,AM0004,2024-01-07,2025-05-04
SCH001399,AL0010,RT00757,HZ5205,05:30:00,06:39:00,"Tue,Thu,Sat",AM0003,2023-09-15,2025-12-03
SCH001400,AL0008,RT00197,SK689,20:00:00,07:34:00,"Mon,Wed,Fri",AM0020,2023-06-22,2025-07-07
SCH001401,AL0001,RT00333,HZ8003,23:00:00,09:17:00,"Tue,Thu,Sat",AM0010,2024-03-17,2025-09-29
SCH001402,AL0006,RT00154,HZ7903,09:00:00,16:57:00,"Tue,Thu,Sat",AM0009,2025-01-24,2026-06-03
SCH001403,AL0005,RT00142,CN4871,14:30:00,21:52:00,Mon-Fri,AM0010,2023-01-29,2024-10-02
SCH001404,AL0002,RT00475,CN7337,20:45:00,10:39:00,"Tue,Thu,Sat",AM0022,2024-08-10,2025-08-27
SCH001405,AL0015,RT00077,XA497,06:30:00,07:15:00,Mon-Sat,AM0010,2024-12-21,2026-02-06
SCH001406,AL0008,RT00073,HZ3248,23:45:00,08:44:00,Mon-Fri,AM0010,2024-12-28,2026-02-05
SCH001407,AL0011,RT00708,XA6764,07:30:00,21:27:00,Mon-Fri,AM0010,2025-01-22,2027-04-08
SCH001408,AL0005,RT00310,CN2382,23:45:00,03:52:00,Mon-Fri,AM0002,2023-10-08,2024-10-31
SCH001409,AL0012,RT00584,CN4558,05:15:00,12:17:00,Mon-Sat,AM0001,2023-03-31,2025-01-19
SCH001410,AL0003,RT00888,GL9325,17:45:00,21:32:00,Mon-Sat,AM0011,2025-05-28,2026-10-24
SCH001411,AL0014,RT00046,HZ8284,12:30:00,16:47:00,Weekends,AM0001,2024-09-10,2026-10-19
SCH001412,AL0015,RT00715,CN5623,08:00:00,19:50:00,Mon-Sat,AM0019,2023-11-12,2025-01-18
SCH001413,AL0007,RT00099,XA5808,10:00:00,12:38:00,"Tue,Thu,Sat",AM0011,2025-01-22,2027-05-24
SCH001414,AL0005,RT00685,NR8880,05:45:00,16:53:00,Weekends,AM0013,2023-11-09,2024-12-23
SCH001415,AL0016,RT00276,XA8643,16:15:00,02:45:00,"Tue,Thu,Sat",AM0009,2024-10-23,2027-01-18
SCH001416,AL0005,RT00122,GL974,23:15:00,16:09:00,Mon-Sat,AM0020,2025-04-28,2026-07-15
SCH001417,AL0004,RT00206,HZ4708,14:45:00,18:28:00,Mon-Sat,AM0011,2024-11-09,2025-11-24
SCH001418,AL0007,RT00329,CN1989,06:45:00,18:38:00,Weekends,AM0001,2024-08-01,2025-08-21
SCH001419,AL0020,RT00657,XA923,16:00:00,17:06:00,Mon-Fri,AM0013,2023-06-18,2025-08-08
SCH001420,AL0010,RT00613,SK2994,10:30:00,02:54:00,Mon-Fri,AM0005,2025-04-04,2026-10-04
SCH001421,AL0006,RT00656,CN6144,22:45:00,05:27:00,"Tue,Thu,Sat",AM0015,2024-01-11,2025-08-20
SCH001422,AL0011,RT00020,HZ7963,06:15:00,21:14:00,"Tue,Thu,Sat",AM0015,2024-07-04,2026-09-17
SCH001423,AL0007,RT00878,CN9132,12:30:00,01:48:00,"Tue,Thu,Sat",AM0012,2024-06-24,2025-11-10
SCH001424,AL0014,RT00391,GL4286,11:15:00,17:38:00,Daily,AM0010,2023-08-06,2025-05-28
SCH001425,AL0009,RT00101,SK4280,21:30:00,08:24:00,Mon-Sat,AM0015,2024-06-16,2025-11-22
SCH001426,AL0012,RT00836,XA1617,02:00:00,16:24:00,Daily,AM0018,2023-12-12,2025-01-14
SCH001427,AL0009,RT00714,HZ2028,14:30:00,00:28:00,"Mon,Wed,Fri",AM0022,2023-11-05,2026-04-19
SCH001428,AL0010,RT00075,GL1114,19:15:00,05:53:00,Mon-Sat,AM0025,2025-01-28,2026-08-16
SCH001429,AL0009,RT00394,GL9760,08:30:00,12:09:00,Mon-Fri,AM0003,2024-09-29,2026-12-26
SCH001430,AL0008,RT00816,CN1363,12:15:00,01:58:00,"Mon,Wed,Fri",AM0017,2024-03-08,2025-10-23
SCH001431,AL0020,RT00615,XA7590,07:45:00,19:18:00,Mon-Sat,AM0003,2023-01-17,2025-04-24
SCH001432,AL0006,RT00176,XA3245,10:45:00,15:06:00,Mon-Fri,AM0011,2024-09-18,2025-12-19
SCH001433,AL0017,RT00631,HZ5417,22:15:00,15:36:00,Daily,AM0019,2024-10-13,2026-07-28
SCH001434,AL0015,RT00171,HZ8738,08:00:00,21:54:00,Weekends,AM0014,2023-05-28,2024-12-12
SCH001435,AL0011,RT00317,GL9367,04:15:00,18:46:00,"Tue,Thu,Sat",AM0021,2024-10-30,2027-04-13
SCH001436,AL0007,RT00176,XA2478,13:30:00,17:51:00,"Mon,Wed,Fri",AM0023,2023-12-19,2025-06-16
SCH001437,AL0010,RT00625,SK9120,11:45:00,19:01:00,Weekends,AM0025,2024-10-08,2026-11-24
SCH001438,AL0017,RT00839,GL2595,18:30:00,08:59:00,"Mon,Wed,Fri",AM0017,2025-01-11,2026-10-02
SCH001439,AL0004,RT00041,SK8066,00:30:00,06:22:00,Daily,AM0017,2024-09-10,2026-04-12
SCH001440,AL0012,RT00544,HZ250,21:00:00,23:04:00,Weekends,AM0021,2025-04-10,2027-04-18
SCH001441,AL0016,RT00224,CN5398,16:45:00,09:39:00,Mon-Sat,AM0006,2023-03-09,2025-02-15
SCH001442,AL0013,RT00676,SK7284,20:15:00,01:29:00,Weekends,AM0008,2023-10-14,2025-06-26
SCH001443,AL0003,RT00126,NR8404,09:15:00,15:05:00,Mon-Sat,AM0009,2023-02-22,2024-03-22
SCH001444,AL0011,RT00330,NR8426,10:15:00,19:35:00,"Mon,Wed,Fri",AM0019,2023-06-02,2024-07-10
SCH001445,AL0004,RT00186,CN3058,08:00:00,12:31:00,Mon-Sat,AM0009,2023-11-26,2025-10-11
SCH001446,AL0019,RT00786,SK8545,20:15:00,09:57:00,"Mon,Wed,Fri",AM0004,2023-01-21,2024-02-19
SCH001447,AL0008,RT00075,GL3303,01:15:00,11:53:00,Weekends,AM0020,2023-12-16,2025-11-04
SCH001448,AL0009,RT00524,NR2414,12:00:00,18:17:00,Mon-Sat,AM0019,2023-04-23,2025-08-10
SCH001449,AL0018,RT00109,SK114,06:00:00,22:57:00,Mon-Fri,AM0015,2023-04-11,2025-06-06
SCH001450,AL0009,RT00540,HZ2433,15:00:00,02:35:00,Weekends,AM0023,2025-01-07,2027-01-13
SCH001451,AL0004,RT00692,NR1272,23:45:00,10:05:00,"Tue,Thu,Sat",AM0020,2024-10-19,2026-03-14
SCH001452,AL0018,RT00678,XA6781,16:15:00,23:58:00,Mon-Sat,AM0023,2024-02-07,2026-01-23
SCH001453,AL0013,RT00031,XA1533,01:45:00,05:39:00,Mon-Fri,AM0007,2024-05-15,2025-08-21
SCH001454,AL0013,RT00697,SK5894,09:45:00,20:18:00,Mon-Sat,AM0003,2023-09-15,2026-01-15
SCH001455,AL0002,RT00268,XA1351,00:15:00,01:45:00,Weekends,AM0009,2024-03-04,2025-04-21
SCH001456,AL0009,RT00614,CN7073,11:45:00,18:05:00,Weekends,AM0021,2024-11-15,2026-08-31
SCH001457,AL0010,RT00868,XA2926,04:00:00,05:29:00,Daily,AM0024,2024-04-05,2025-12-21
SCH001458,AL0006,RT00108,SK3155,16:00:00,01:44:00,Daily,AM0003,2024-12-01,2026-01-09
SCH001459,AL0012,RT00327,SK6439,12:45:00,18:39:00,"Mon,Wed,Fri",AM0022,2024-03-04,2025-06-11
SCH001460,AL0005,RT00781,XA9394,07:30:00,08:28:00,"Mon,Wed,Fri",AM0012,2023-11-16,2025-12-02
SCH001461,AL0010,RT00128,SK9915,20:30:00,13:41:00,Daily,AM0021,2025-03-01,2027-01-13
SCH001462,AL0017,RT00235,NR3636,17:45:00,10:07:00,Mon-Sat,AM0018,2025-03-06,2026-05-31
SCH001463,AL0015,RT00495,SK9467,15:00:00,05:55:00,"Mon,Wed,Fri",AM0002,2023-07-21,2024-10-03
SCH001464,AL0006,RT00897,HZ6161,08:00:00,01:01:00,Daily,AM0013,2024-02-13,2026-02-03
SCH001465,AL0005,RT00266,XA9073,06:45:00,12:07:00,Mon-Sat,AM0003,2024-11-13,2026-11-01
SCH001466,AL0001,RT00347,CN375,14:00:00,07:30:00,Mon-Fri,AM0009,2023-08-19,2025-03-20
SCH001467,AL0007,RT00717,NR428,18:15:00,03:17:00,"Tue,Thu,Sat",AM0019,2024-10-23,2025-11-02
SCH001468,AL0001,RT00108,CN838,20:00:00,05:44:00,"Tue,Thu,Sat",AM0018,2025-03-05,2026-03-20
SCH001469,AL0003,RT00295,CN8062,18:15:00,00:09:00,"Tue,Thu,Sat",AM0018,2023-07-28,2024-10-15
SCH001470,AL0020,RT00285,XA1465,00:00:00,08:48:00,"Tue,Thu,Sat",AM0017,2023-05-16,2024-06-13
SCH001471,AL0018,RT00361,HZ1848,23:15:00,02:20:00,Mon-Sat,AM0001,2025-04-14,2027-02-05
SCH001472,AL0012,RT00517,XA5894,05:45:00,17:29:00,Daily,AM0015,2025-05-29,2026-12-25
SCH001473,AL0016,RT00200,SK9577,00:15:00,16:06:00,Weekends,AM0013,2025-01-28,2026-05-24
SCH001474,AL0010,RT00353,XA5713,13:45:00,16:18:00,Weekends,AM0014,2024-06-25,2026-05-09
SCH001475,AL0013,RT00826,HZ7351,10:45:00,17:45:00,Weekends,AM0006,2023-03-17,2025-03-27
SCH001476,AL0019,RT00746,XA1958,02:30:00,16:03:00,Mon-Fri,AM0018,2025-03-19,2026-06-18
SCH001477,AL0002,RT00861,XA9149,05:30:00,15:48:00,Mon-Fri,AM0016,2023-06-25,2025-05-24
SCH001478,AL0008,RT00614,SK653,04:15:00,10:35:00,Mon-Sat,AM0011,2023-06-07,2024-08-02
SCH001479,AL0003,RT00525,CN2899,10:30:00,23:39:00,Mon-Sat,AM0002,2024-09-25,2026-08-11
SCH001480,AL0016,RT00193,XA4591,17:45:00,04:52:00,"Tue,Thu,Sat",AM0002,2023-12-10,2025-06-28
SCH001481,AL0017,RT00143,HZ2338,16:45:00,05:41:00,"Mon,Wed,Fri",AM0009,2025-02-05,2026-04-04
SCH001482,AL0015,RT00485,HZ6670,00:00:00,12:40:00,Weekends,AM0014,2025-02-10,2027-04-16
SCH001483,AL0013,RT00365,CN6819,04:30:00,06:54:00,"Tue,Thu,Sat",AM0025,2024-12-12,2026-03-19
SCH001484,AL0010,RT00709,CN2197,14:00:00,06:34:00,Mon-Sat,AM0019,2025-01-09,2027-03-04
SCH001485,AL0001,RT00009,SK185,19:15:00,08:41:00,Weekends,AM0013,2024-04-27,2025-11-08
SCH001486,AL0016,RT00803,GL835,00:00:00,13:52:00,"Mon,Wed,Fri",AM0008,2025-02-08,2027-02-09
SCH001487,AL0018,RT00154,SK104,08:30:00,16:27:00,Mon-Sat,AM0005,2025-03-19,2027-04-01
SCH001488,AL0020,RT00356,XA9062,02:45:00,05:13:00,Mon-Sat,AM0004,2023-09-05,2025-04-19
SCH001489,AL0007,RT00321,XA6253,11:45:00,22:40:00,Mon-Fri,AM0002,2024-01-11,2026-01-01
SCH001490,AL0005,RT00833,SK1470,09:30:00,23:59:00,Mon-Fri,AM0023,2024-06-29,2026-02-20
SCH001491,AL0014,RT00649,SK1015,04:30:00,20:57:00,Mon-Fri,AM0001,2025-01-28,2026-12-18
SCH001492,AL0001,RT00033,SK8193,23:30:00,02:30:00,Daily,AM0022,2023-12-11,2025-04-09
SCH001493,AL0002,RT00768,GL8128,18:00:00,10:09:00,"Tue,Thu,Sat",AM0015,2023-08-18,2025-04-01
SCH001494,AL0017,RT00610,NR9280,13:30:00,05:36:00,Weekends,AM0016,2023-10-11,2024-12-22
SCH001495,AL0020,RT00062,XA1676,18:30:00,06:15:00,Daily,AM0024,2024-12-07,2026-07-17
SCH001496,AL0009,RT00704,CN5269,07:00:00,16:02:00,Mon-Fri,AM0020,2024-04-04,2025-04-12
SCH001497,AL0011,RT00031,NR1302,22:30:00,02:24:00,"Mon,Wed,Fri",AM0004,2023-08-14,2025-03-20
SCH001498,AL0011,RT00383,XA7976,09:15:00,10:18:00,Mon-Sat,AM0025,2024-09-23,2026-12-27
SCH001499,AL0003,RT00146,GL4183,09:30:00,10:45:00,"Mon,Wed,Fri",AM0005,2024-08-05,2026-02-14
SCH001500,AL0005,RT00010,SK6987,13:45:00,00:35:00,"Mon,Wed,Fri",AM0015,2024-04-02,2025-12-23
SCH001501,AL0006,RT00504,NR400,13:15:00,06:34:00,Mon-Fri,AM0017,2024-07-01,2026-10-02
SCH001502,AL0017,RT00619,XA7800,14:45:00,02:57:00,Mon-Fri,AM0007,2023-07-23,2024-07-23
SCH001503,AL0009,RT00432,HZ2371,19:15:00,07:04:00,"Tue,Thu,Sat",AM0016,2023-06-11,2025-06-03
SCH001504,AL0015,RT00309,NR8442,06:30:00,15:56:00,"Tue,Thu,Sat",AM0016,2024-12-14,2026-09-23
SCH001505,AL0004,RT00463,XA1939,16:00:00,23:05:00,Mon-Sat,AM0025,2024-08-23,2026-02-22
SCH001506,AL0020,RT00137,XA7921,04:00:00,19:31:00,"Mon,Wed,Fri",AM0023,2025-05-13,2026-09-28
SCH001507,AL0018,RT00045,NR1427,05:15:00,21:39:00,Mon-Fri,AM0010,2025-04-09,2027-02-20
SCH001508,AL0010,RT00142,SK6667,11:45:00,19:07:00,"Mon,Wed,Fri",AM0018,2023-11-17,2025-07-02
SCH001509,AL0005,RT00049,HZ7813,12:15:00,19:13:00,Mon-Sat,AM0021,2024-02-13,2025-09-11
SCH001510,AL0020,RT00693,SK3923,15:15:00,18:39:00,Mon-Fri,AM0001,2025-01-19,2027-01-13
SCH001511,AL0017,RT00548,XA2518,03:45:00,15:03:00,Mon-Sat,AM0018,2023-01-03,2024-08-03
SCH001512,AL0011,RT00169,GL3510,19:15:00,12:21:00,Mon-Sat,AM0023,2025-02-01,2027-04-10
SCH001513,AL0006,RT00513,GL3035,13:45:00,21:45:00,"Tue,Thu,Sat",AM0004,2023-05-29,2024-10-27
SCH001514,AL0013,RT00436,GL6366,14:00:00,16:46:00,"Mon,Wed,Fri",AM0019,2023-08-19,2025-08-27
SCH001515,AL0008,RT00101,SK541,17:00:00,03:54:00,Weekends,AM0002,2024-03-01,2025-12-27
SCH001516,AL0014,RT00874,CN510,16:00:00,18:46:00,Mon-Sat,AM0011,2024-09-14,2027-01-06
SCH001517,AL0017,RT00845,XA2948,10:00:00,23:06:00,Daily,AM0021,2023-11-09,2025-06-10
SCH001518,AL0010,RT00683,CN2841,11:30:00,17:49:00,"Tue,Thu,Sat",AM0025,2025-04-08,2026-08-11
SCH001519,AL0001,RT00728,XA1852,05:00:00,18:10:00,Weekends,AM0019,2024-11-22,2026-06-23
SCH001520,AL0012,RT00493,HZ7195,13:30:00,01:14:00,"Mon,Wed,Fri",AM0019,2024-10-15,2026-10-03
SCH001521,AL0018,RT00724,CN335,04:30:00,07:36:00,Weekends,AM0007,2024-11-13,2026-06-30
SCH001522,AL0005,RT00476,CN9248,15:00:00,23:02:00,Daily,AM0021,2023-01-27,2025-05-17
SCH001523,AL0020,RT00150,NR7598,10:00:00,16:14:00,Mon-Sat,AM0017,2024-12-27,2026-03-20
SCH001524,AL0008,RT00151,SK4088,05:00:00,17:08:00,"Tue,Thu,Sat",AM0024,2024-06-17,2025-11-29
SCH001525,AL0014,RT00769,XA8602,11:00:00,14:30:00,"Mon,Wed,Fri",AM0016,2023-06-14,2025-11-21
SCH001526,AL0015,RT00402,XA6219,22:30:00,13:25:00,Daily,AM0001,2024-11-18,2027-01-19
SCH001527,AL0004,RT00657,SK5744,13:45:00,14:51:00,"Tue,Thu,Sat",AM0013,2023-04-04,2024-05-14
SCH001528,AL0001,RT00131,NR3198,08:15:00,23:25:00,Mon-Sat,AM0020,2024-06-29,2026-11-14
SCH001529,AL0019,RT00404,XA6664,10:30:00,01:05:00,"Tue,Thu,Sat",AM0020,2024-05-17,2025-12-30
SCH001530,AL0015,RT00076,GL1482,14:15:00,20:10:00,Mon-Fri,AM0010,2023-01-26,2025-01-04
SCH001531,AL0013,RT00199,XA5295,03:00:00,05:08:00,Mon-Fri,AM0005,2023-11-27,2024-12-04
SCH001532,AL0007,RT00099,GL1249,13:00:00,15:38:00,Weekends,AM0022,2023-04-17,2024-07-12
SCH001533,AL0003,RT00188,GL4506,00:15:00,02:47:00,Daily,AM0021,2025-04-15,2027-04-23
SCH001534,AL0006,RT00546,XA6200,20:45:00,01:55:00,"Mon,Wed,Fri",AM0022,2024-12-08,2026-04-26
SCH001535,AL0011,RT00005,GL1639,14:00:00,02:56:00,Weekends,AM0017,2025-05-29,2026-07-30
SCH001536,AL0014,RT00175,NR2298,02:45:00,18:52:00,"Mon,Wed,Fri",AM0021,2024-03-06,2026-03-04
SCH001537,AL0007,RT00622,GL8150,11:30:00,19:22:00,Mon-Sat,AM0011,2023-10-18,2025-02-10
SCH001538,AL0005,RT00135,HZ2631,21:15:00,11:39:00,"Mon,Wed,Fri",AM0020,2025-04-25,2027-08-01
SCH001539,AL0005,RT00501,CN1045,23:30:00,16:18:00,Weekends,AM0013,2023-09-28,2024-12-31
SCH001540,AL0020,RT00781,HZ3373,03:30:00,04:28:00,"Tue,Thu,Sat",AM0020,2024-01-02,2025-01-13
SCH001541,AL0013,RT00703,NR9356,06:30:00,09:39:00,Weekends,AM0004,2023-04-29,2024-11-22
SCH001542,AL0020,RT00110,CN6967,03:45:00,17:47:00,"Tue,Thu,Sat",AM0008,2024-12-26,2026-06-18
SCH001543,AL0001,RT00133,CN5796,08:30:00,12:05:00,Mon-Sat,AM0006,2023-04-16,2025-03-22
SCH001544,AL0010,RT00636,SK8419,20:00:00,10:46:00,Mon-Sat,AM0011,2023-02-01,2024-06-04
SCH001545,AL0010,RT00312,XA6635,16:15:00,16:56:00,"Mon,Wed,Fri",AM0021,2025-01-05,2027-06-13
SCH001546,AL0009,RT00376,HZ8129,06:45:00,13:10:00,Weekends,AM0003,2025-01-12,2026-08-25
SCH001547,AL0008,RT00430,NR6605,07:00:00,08:54:00,Weekends,AM0019,2025-01-23,2027-02-06
SCH001548,AL0002,RT00522,HZ8655,14:15:00,21:59:00,"Mon,Wed,Fri",AM0021,2025-01-28,2027-03-15
SCH001549,AL0001,RT00405,SK6277,14:30:00,20:02:00,Mon-Sat,AM0017,2023-05-06,2025-08-20
SCH001550,AL0016,RT00022,CN2721,11:30:00,17:00:00,Mon-Sat,AM0017,2023-11-16,2025-08-11
SCH001551,AL0009,RT00086,NR507,10:45:00,23:14:00,"Mon,Wed,Fri",AM0004,2024-11-06,2026-03-07
SCH001552,AL0004,RT00001,XA1142,22:30:00,08:14:00,Mon-Fri,AM0016,2023-10-01,2025-07-04
SCH001553,AL0007,RT00239,SK5172,12:00:00,14:57:00,Weekends,AM0006,2024-11-18,2026-07-03
SCH001554,AL0019,RT00736,HZ9719,18:00:00,20:37:00,Mon-Fri,AM0007,2025-03-14,2027-02-02
SCH001555,AL0010,RT00875,HZ7617,23:30:00,06:34:00,Mon-Fri,AM0022,2025-04-28,2026-09-01
SCH001556,AL0020,RT00428,CN7776,08:45:00,02:36:00,Daily,AM0016,2024-11-17,2026-08-19
SCH001557,AL0004,RT00025,SK6670,18:30:00,04:51:00,"Tue,Thu,Sat",AM0025,2024-12-04,2027-04-30
SCH001558,AL0003,RT00065,XA9043,19:30:00,07:29:00,"Tue,Thu,Sat",AM0012,2024-06-11,2026-06-14
SCH001559,AL0012,RT00734,HZ7380,05:00:00,18:01:00,Mon-Fri,AM0009,2023-03-10,2025-08-03
SCH001560,AL0014,RT00310,SK2657,05:00:00,09:07:00,"Tue,Thu,Sat",AM0025,2024-01-21,2025-03-18
SCH001561,AL0020,RT00794,NR5044,03:45:00,05:58:00,Daily,AM0016,2025-04-21,2027-04-05
SCH001562,AL0010,RT00456,GL4102,14:30:00,03:02:00,Mon-Fri,AM0022,2025-03-16,2026-03-28
SCH001563,AL0005,RT00792,HZ1737,18:30:00,03:32:00,Mon-Fri,AM0002,2023-07-30,2024-11-14
SCH001564,AL0011,RT00122,CN2301,18:45:00,11:39:00,Daily,AM0014,2024-10-21,2027-01-06
SCH001565,AL0007,RT00773,NR2922,09:00:00,20:44:00,"Tue,Thu,Sat",AM0021,2023-09-29,2024-11-21
SCH001566,AL0004,RT00492,SK1818,16:45:00,00:38:00,Daily,AM0021,2024-01-04,2025-09-16
SCH001567,AL0002,RT00394,HZ2251,00:15:00,03:54:00,Weekends,AM0018,2024-07-27,2025-09-02
SCH001568,AL0015,RT00476,HZ9171,15:30:00,23:32:00,Weekends,AM0005,2024-03-14,2025-08-20
SCH001569,AL0013,RT00295,HZ3497,11:15:00,17:09:00,"Mon,Wed,Fri",AM0014,2024-06-17,2025-08-22
SCH001570,AL0004,RT00543,GL8291,19:00:00,21:31:00,Mon-Fri,AM0003,2023-03-28,2024-11-25
SCH001571,AL0012,RT00694,XA737,23:45:00,09:00:00,Weekends,AM0021,2023-09-19,2025-08-27
SCH001572,AL0018,RT00730,SK9818,13:15:00,00:22:00,"Tue,Thu,Sat",AM0016,2024-12-16,2026-11-28
SCH001573,AL0017,RT00881,XA7670,14:00:00,16:49:00,Weekends,AM0005,2024-06-30,2026-11-10
SCH001574,AL0010,RT00372,HZ9075,22:00:00,22:44:00,Mon-Sat,AM0019,2025-01-13,2026-03-19
SCH001575,AL0002,RT00692,GL5305,08:45:00,19:05:00,Weekends,AM0018,2025-05-02,2026-12-02
SCH001576,AL0013,RT00800,NR6381,03:45:00,20:00:00,"Tue,Thu,Sat",AM0002,2023-11-11,2025-08-17
SCH001577,AL0011,RT00016,NR3671,12:30:00,05:34:00,Daily,AM0003,2023-08-22,2024-10-06
SCH001578,AL0019,RT00428,HZ4376,08:45:00,02:36:00,Mon-Sat,AM0006,2023-10-01,2024-11-28
SCH001579,AL0012,RT00631,SK7531,15:30:00,08:51:00,Weekends,AM0002,2024-05-20,2025-11-02
SCH001580,AL0015,RT00412,GL594,18:45:00,20:10:00,Mon-Sat,AM0014,2023-08-11,2025-11-12
SCH001581,AL0011,RT00091,XA461,12:00:00,12:49:00,"Tue,Thu,Sat",AM0022,2023-12-11,2025-10-19
SCH001582,AL0011,RT00591,GL8760,07:00:00,08:43:00,"Tue,Thu,Sat",AM0002,2023-06-03,2025-03-29
SCH001583,AL0007,RT00366,SK1188,13:30:00,23:27:00,Daily,AM0016,2023-12-07,2025-09-26
SCH001584,AL0009,RT00556,HZ7237,10:45:00,17:07:00,"Mon,Wed,Fri",AM0011,2025-04-16,2027-06-23
SCH001585,AL0006,RT00002,GL2075,04:30:00,18:24:00,"Tue,Thu,Sat",AM0021,2024-01-10,2025-10-27
SCH001586,AL0010,RT00011,NR3725,18:45:00,03:19:00,"Tue,Thu,Sat",AM0013,2024-11-01,2026-11-21
SCH001587,AL0020,RT00543,SK3005,07:15:00,09:46:00,Weekends,AM0017,2024-01-16,2025-06-29
SCH001588,AL0007,RT00885,XA4953,12:30:00,19:19:00,"Mon,Wed,Fri",AM0024,2024-01-18,2026-03-29
SCH001589,AL0010,RT00576,NR8283,21:30:00,22:53:00,Mon-Fri,AM0004,2024-08-04,2025-08-21
SCH001590,AL0019,RT00849,NR8766,04:45:00,10:21:00,Weekends,AM0008,2023-04-08,2024-10-06
SCH001591,AL0004,RT00763,HZ2298,10:30:00,21:02:00,Weekends,AM0007,2023-11-10,2025-03-22
SCH001592,AL0006,RT00254,CN3442,04:15:00,05:25:00,Daily,AM0005,2023-05-04,2024-07-16
SCH001593,AL0010,RT00093,NR8384,10:00:00,18:42:00,Mon-Sat,AM0017,2023-06-25,2025-04-07
SCH001594,AL0009,RT00503,HZ987,07:15:00,11:44:00,"Mon,Wed,Fri",AM0001,2024-09-18,2027-01-08
SCH001595,AL0007,RT00559,GL1257,21:00:00,02:35:00,Mon-Fri,AM0010,2023-06-04,2024-08-28
SCH001596,AL0016,RT00694,SK4847,07:00:00,16:15:00,Mon-Sat,AM0004,2023-06-29,2025-10-14
SCH001597,AL0010,RT00469,GL7921,14:30:00,02:16:00,"Tue,Thu,Sat",AM0016,2024-05-20,2026-08-21
SCH001598,AL0008,RT00829,HZ3425,03:00:00,13:53:00,"Tue,Thu,Sat",AM0019,2023-11-04,2026-02-18
SCH001599,AL0010,RT00760,GL787,10:15:00,02:57:00,Mon-Sat,AM0012,2023-04-19,2024-04-21
SCH001600,AL0018,RT00528,XA9680,20:00:00,08:09:00,Weekends,AM0012,2025-04-25,2027-10-06
SCH001601,AL0020,RT00497,HZ9394,16:00:00,19:32:00,Weekends,AM0012,2025-03-26,2026-11-09
SCH001602,AL0005,RT00018,SK6553,06:30:00,10:02:00,"Mon,Wed,Fri",AM0005,2024-05-28,2026-04-11
SCH001603,AL0001,RT00703,SK6849,23:00:00,02:09:00,Mon-Sat,AM0010,2024-04-08,2025-09-18
SCH001604,AL0001,RT00613,CN9342,19:15:00,11:39:00,"Tue,Thu,Sat",AM0024,2024-12-14,2026-09-14
SCH001605,AL0009,RT00807,CN6473,09:00:00,17:54:00,"Tue,Thu,Sat",AM0002,2025-05-09,2027-02-27
SCH001606,AL0013,RT00084,GL7904,23:00:00,16:25:00,"Tue,Thu,Sat",AM0020,2023-04-02,2025-06-01
SCH001607,AL0002,RT00132,XA4688,04:00:00,07:43:00,Daily,AM0005,2023-03-28,2024-09-25
SCH001608,AL0011,RT00605,CN2356,07:00:00,17:05:00,Weekends,AM0003,2023-10-19,2024-12-15
SCH001609,AL0008,RT00441,NR8341,22:00:00,09:29:00,Weekends,AM0008,2023-09-26,2025-08-04
SCH001610,AL0019,RT00529,XA6874,23:30:00,04:00:00,Weekends,AM0007,2025-03-01,2027-04-23
SCH001611,AL0013,RT00392,HZ2966,19:00:00,20:57:00,Mon-Sat,AM0008,2024-03-24,2025-04-01
SCH001612,AL0009,RT00577,GL6269,04:45:00,09:14:00,Weekends,AM0022,2024-12-16,2027-02-23
SCH001613,AL0012,RT00593,XA8182,05:15:00,17:27:00,Mon-Sat,AM0023,2024-08-12,2026-10-15
SCH001614,AL0003,RT00171,NR2776,15:15:00,05:09:00,Mon-Sat,AM0018,2024-09-30,2026-08-04
SCH001615,AL0010,RT00685,SK7703,01:45:00,12:53:00,Weekends,AM0004,2025-04-24,2027-09-13
SCH001616,AL0007,RT00445,NR816,23:45:00,07:09:00,Mon-Fri,AM0024,2024-06-02,2025-12-26
SCH001617,AL0004,RT00519,CN6286,22:15:00,09:49:00,"Tue,Thu,Sat",AM0022,2024-11-16,2026-01-26
SCH001618,AL0008,RT00557,XA9988,19:45:00,11:10:00,Mon-Sat,AM0002,2023-08-26,2025-08-11
SCH001619,AL0013,RT00671,SK8676,23:30:00,15:42:00,Weekends,AM0010,2023-08-18,2025-07-09
SCH001620,AL0012,RT00271,XA8768,05:30:00,08:48:00,Mon-Fri,AM0020,2024-05-31,2026-10-02
SCH001621,AL0020,RT00007,XA6834,21:45:00,12:14:00,"Mon,Wed,Fri",AM0003,2025-03-07,2026-07-05
SCH001622,AL0006,RT00164,CN4665,06:30:00,23:26:00,Mon-Sat,AM0002,2023-02-14,2024-05-08
SCH001623,AL0014,RT00870,XA6803,02:30:00,12:29:00,"Mon,Wed,Fri",AM0016,2024-03-18,2026-03-16
SCH001624,AL0012,RT00201,GL3279,06:30:00,12:47:00,Weekends,AM0009,2023-06-28,2024-12-10
SCH001625,AL0018,RT00225,CN5571,18:30:00,11:37:00,Weekends,AM0012,2025-02-19,2026-05-28
SCH001626,AL0019,RT00773,NR5442,22:45:00,10:29:00,"Tue,Thu,Sat",AM0019,2024-04-02,2026-03-27
SCH001627,AL0015,RT00213,XA5482,14:30:00,02:21:00,Weekends,AM0014,2023-02-07,2024-05-16
SCH001628,AL0009,RT00419,CN4178,05:15:00,21:52:00,"Tue,Thu,Sat",AM0018,2023-01-02,2025-03-22
SCH001629,AL0011,RT00334,CN3592,14:00:00,22:08:00,Mon-Sat,AM0004,2024-07-18,2025-12-31
SCH001630,AL0014,RT00595,SK3370,12:45:00,22:48:00,"Tue,Thu,Sat",AM0001,2023-07-25,2025-07-07
SCH001631,AL0017,RT00536,NR2324,12:15:00,21:40:00,Mon-Sat,AM0007,2023-02-06,2024-12-10
SCH001632,AL0005,RT00464,NR4441,08:15:00,17:42:00,"Tue,Thu,Sat",AM0006,2023-05-15,2025-03-26
SCH001633,AL0018,RT00452,GL1265,03:45:00,12:31:00,Mon-Sat,AM0009,2023-05-17,2024-10-25
SCH001634,AL0017,RT00751,SK9024,08:00:00,20:45:00,Daily,AM0020,2023-11-02,2024-12-16
SCH001635,AL0002,RT00524,NR789,21:00:00,03:17:00,Weekends,AM0004,2024-09-26,2026-09-03
SCH001636,AL0006,RT00458,HZ8389,09:30:00,18:15:00,Mon-Fri,AM0004,2025-01-27,2026-09-16
SCH001637,AL0005,RT00799,XA2488,00:45:00,14:27:00,Mon-Sat,AM0006,2024-04-14,2026-09-18
SCH001638,AL0012,RT00084,SK8546,08:45:00,02:10:00,Mon-Fri,AM0009,2025-04-16,2027-08-05
SCH001639,AL0005,RT00751,HZ7229,11:45:00,00:30:00,Mon-Sat,AM0005,2024-11-29,2026-01-07
SCH001640,AL0007,RT00179,SK9216,14:45:00,15:53:00,"Tue,Thu,Sat",AM0005,2023-05-26,2024-12-04
SCH001641,AL0004,RT00299,HZ8714,15:30:00,22:40:00,Daily,AM0015,2024-10-11,2026-05-21
SCH001642,AL0002,RT00012,CN7040,10:45:00,17:54:00,"Tue,Thu,Sat",AM0003,2023-07-24,2025-02-11
SCH001643,AL0010,RT00515,NR1601,03:15:00,12:12:00,Weekends,AM0004,2025-04-30,2027-05-21
SCH001644,AL0007,RT00749,GL5534,10:30:00,18:35:00,Mon-Fri,AM0021,2025-01-17,2026-07-27
SCH001645,AL0011,RT00344,GL3463,00:00:00,16:18:00,Mon-Sat,AM0001,2023-02-26,2024-05-17
SCH001646,AL0005,RT00597,NR8868,12:30:00,20:20:00,"Tue,Thu,Sat",AM0002,2023-06-02,2024-12-12
SCH001647,AL0006,RT00354,GL8734,10:15:00,03:50:00,"Tue,Thu,Sat",AM0002,2024-01-25,2026-03-21
SCH001648,AL0018,RT00684,NR3208,08:45:00,19:09:00,Mon-Fri,AM0014,2024-10-16,2026-05-20
SCH001649,AL0017,RT00899,NR6749,15:15:00,06:41:00,"Mon,Wed,Fri",AM0018,2024-05-02,2025-10-01
SCH001650,AL0006,RT00644,HZ3448,18:00:00,00:45:00,Weekends,AM0018,2023-03-17,2025-05-03
SCH001651,AL0004,RT00307,XA6813,06:30:00,23:19:00,"Mon,Wed,Fri",AM0018,2024-07-08,2025-08-12
SCH001652,AL0020,RT00743,GL6176,12:00:00,14:05:00,Weekends,AM0002,2024-07-26,2026-03-26
SCH001653,AL0014,RT00035,NR5157,12:00:00,05:22:00,"Mon,Wed,Fri",AM0009,2025-03-31,2026-05-25
SCH001654,AL0010,RT00889,XA8795,12:15:00,06:08:00,"Tue,Thu,Sat",AM0016,2023-08-23,2025-07-12
SCH001655,AL0014,RT00756,SK2535,09:30:00,22:15:00,Mon-Fri,AM0018,2023-02-03,2025-05-29
SCH001656,AL0005,RT00589,NR7994,05:30:00,17:44:00,Daily,AM0009,2024-10-23,2026-06-16
SCH001657,AL0009,RT00559,GL6925,04:00:00,09:35:00,Daily,AM0022,2024-09-12,2027-02-19
SCH001658,AL0008,RT00228,XA2884,00:30:00,02:28:00,Mon-Sat,AM0021,2024-04-03,2026-07-14
SCH001659,AL0015,RT00389,SK4274,01:00:00,14:02:00,Mon-Sat,AM0020,2024-09-03,2026-09-27
SCH001660,AL0004,RT00092,CN783,19:45:00,02:57:00,"Tue,Thu,Sat",AM0020,2023-06-07,2024-09-09
SCH001661,AL0010,RT00305,NR6015,01:00:00,13:37:00,Daily,AM0025,2023-04-21,2024-05-07
SCH001662,AL0017,RT00531,CN8889,20:00:00,13:14:00,"Mon,Wed,Fri",AM0020,2023-12-22,2025-02-24
SCH001663,AL0004,RT00326,CN1266,21:30:00,02:30:00,Weekends,AM0015,2025-02-28,2026-09-02
SCH001664,AL0003,RT00694,HZ1406,05:45:00,15:00:00,Mon-Fri,AM0010,2024-03-30,2025-11-03
SCH001665,AL0017,RT00768,XA4797,10:45:00,02:54:00,Weekends,AM0010,2024-07-18,2025-11-07
SCH001666,AL0018,RT00506,GL2883,08:30:00,21:30:00,"Tue,Thu,Sat",AM0021,2025-05-29,2027-11-01
SCH001667,AL0009,RT00307,HZ2841,09:00:00,01:49:00,Mon-Sat,AM0008,2023-09-25,2025-10-26
SCH001668,AL0001,RT00274,HZ6422,08:45:00,17:46:00,Mon-Sat,AM0016,2024-02-29,2026-03-09
SCH001669,AL0011,RT00493,SK4161,08:00:00,19:44:00,Mon-Fri,AM0013,2024-08-28,2026-08-11
SCH001670,AL0006,RT00648,XA8461,16:15:00,22:40:00,"Mon,Wed,Fri",AM0010,2023-05-14,2025-04-07
SCH001671,AL0012,RT00115,GL4345,09:45:00,00:10:00,"Mon,Wed,Fri",AM0012,2023-12-21,2026-04-05
SCH001672,AL0003,RT00404,NR6190,04:30:00,19:05:00,Mon-Fri,AM0003,2024-05-05,2025-11-29
SCH001673,AL0017,RT00397,GL4038,09:45:00,22:10:00,Weekends,AM0018,2023-09-26,2024-12-09
SCH001674,AL0014,RT00258,CN2634,23:45:00,10:55:00,Weekends,AM0002,2023-07-14,2024-12-17
SCH001675,AL0013,RT00214,NR4765,23:45:00,01:48:00,Daily,AM0002,2024-01-22,2025-05-23
SCH001676,AL0011,RT00757,CN7232,01:30:00,02:39:00,Weekends,AM0007,2025-02-15,2027-07-11
SCH001677,AL0005,RT00390,GL9531,13:45:00,22:09:00,Weekends,AM0014,2024-01-03,2025-11-01
SCH001678,AL0019,RT00519,SK517,23:00:00,10:34:00,Mon-Fri,AM0008,2025-01-06,2026-08-22
SCH001679,AL0006,RT00035,CN5364,04:00:00,21:22:00,"Mon,Wed,Fri",AM0023,2024-08-20,2025-09-02
SCH001680,AL0008,RT00256,NR6395,01:00:00,03:59:00,"Tue,Thu,Sat",AM0024,2023-04-24,2025-05-08
SCH001681,AL0019,RT00202,HZ948,05:00:00,21:04:00,Daily,AM0010,2025-03-18,2027-02-26
SCH001682,AL0001,RT00296,GL8307,07:00:00,16:58:00,Weekends,AM0025,2024-06-03,2026-08-10
SCH001683,AL0003,RT00758,GL2831,22:45:00,07:26:00,Daily,AM0003,2024-05-17,2025-07-26
SCH001684,AL0016,RT00515,NR8760,06:15:00,15:12:00,"Tue,Thu,Sat",AM0004,2024-09-07,2026-08-24
SCH001685,AL0008,RT00812,SK5570,07:15:00,09:04:00,Mon-Sat,AM0009,2023-02-06,2024-08-17
SCH001686,AL0012,RT00381,NR1605,06:30:00,16:49:00,Weekends,AM0024,2023-08-11,2024-12-12
SCH001687,AL0012,RT00694,XA7417,09:15:00,18:30:00,Mon-Sat,AM0013,2024-12-02,2026-03-31
SCH001688,AL0017,RT00145,NR1656,23:30:00,07:51:00,"Mon,Wed,Fri",AM0018,2024-07-07,2025-12-08
SCH001689,AL0013,RT00734,GL7231,02:00:00,15:01:00,Mon-Sat,AM0017,2023-12-10,2026-01-05
SCH001690,AL0009,RT00550,HZ8100,11:30:00,03:59:00,Mon-Sat,AM0013,2024-02-13,2025-02-24
SCH001691,AL0011,RT00035,SK5797,14:45:00,08:07:00,"Mon,Wed,Fri",AM0024,2024-07-01,2026-11-19
SCH001692,AL0015,RT00621,NR2783,02:00:00,10:20:00,Weekends,AM0024,2024-03-01,2026-08-01
SCH001693,AL0008,RT00432,XA4429,01:00:00,12:49:00,"Tue,Thu,Sat",AM0012,2024-02-08,2026-07-09
SCH001694,AL0004,RT00001,NR5326,23:00:00,08:44:00,Mon-Fri,AM0018,2024-05-01,2026-07-21
SCH001695,AL0010,RT00763,GL6690,06:30:00,17:02:00,Mon-Fri,AM0016,2023-09-06,2025-02-25
SCH001696,AL0020,RT00484,HZ6375,05:45:00,13:26:00,"Mon,Wed,Fri",AM0015,2024-05-18,2025-12-20
SCH001697,AL0003,RT00546,XA4063,08:45:00,13:55:00,Mon-Fri,AM0003,2024-09-03,2025-11-09
SCH001698,AL0004,RT00520,SK7605,01:45:00,12:43:00,Weekends,AM0006,2024-09-18,2027-01-08
SCH001699,AL0020,RT00082,HZ7736,03:30:00,10:59:00,Mon-Sat,AM0025,2024-07-01,2026-08-17
SCH001700,AL0017,RT00299,SK6992,00:30:00,07:40:00,"Tue,Thu,Sat",AM0007,2024-02-04,2025-04-26
SCH001701,AL0003,RT00632,XA2794,12:15:00,00:19:00,Mon-Sat,AM0017,2024-08-01,2027-01-12
SCH001702,AL0005,RT00305,SK4746,11:30:00,00:07:00,Mon-Sat,AM0023,2024-09-30,2025-10-22
SCH001703,AL0014,RT00800,SK4383,06:00:00,22:15:00,Mon-Fri,AM0016,2023-10-01,2025-11-14
SCH001704,AL0016,RT00286,XA8185,22:45:00,03:33:00,"Tue,Thu,Sat",AM0006,2024-03-05,2025-05-16
SCH001705,AL0015,RT00414,CN8100,07:00:00,23:51:00,Weekends,AM0022,2024-08-21,2026-09-26
SCH001706,AL0018,RT00401,XA8673,00:45:00,10:19:00,Mon-Sat,AM0001,2024-08-08,2026-11-23
SCH001707,AL0011,RT00018,GL2388,02:15:00,05:47:00,Mon-Fri,AM0019,2024-03-13,2026-08-03
SCH001708,AL0018,RT00731,NR7508,17:30:00,05:33:00,Mon-Fri,AM0007,2023-08-21,2024-11-13
SCH001709,AL0012,RT00123,NR8716,12:00:00,15:50:00,Mon-Sat,AM0017,2025-03-14,2026-06-10
SCH001710,AL0010,RT00423,HZ1748,06:15:00,07:54:00,Mon-Fri,AM0013,2024-04-23,2025-05-29
SCH001711,AL0013,RT00818,SK495,05:45:00,18:16:00,"Mon,Wed,Fri",AM0015,2024-04-22,2026-07-05
SCH001712,AL0009,RT00895,XA1144,05:00:00,21:47:00,Mon-Fri,AM0010,2024-02-18,2025-05-27
SCH001713,AL0013,RT00208,NR6100,10:00:00,14:49:00,Mon-Fri,AM0014,2024-11-02,2026-05-30
SCH001714,AL0017,RT00339,XA4273,16:30:00,23:55:00,"Tue,Thu,Sat",AM0024,2023-09-24,2025-05-03
SCH001715,AL0020,RT00510,XA2030,15:45:00,07:49:00,"Tue,Thu,Sat",AM0021,2025-04-07,2026-10-11
SCH001716,AL0012,RT00630,XA5329,17:15:00,09:22:00,Mon-Fri,AM0011,2023-02-25,2024-11-16
SCH001717,AL0001,RT00226,XA7875,00:00:00,14:24:00,Mon-Sat,AM0024,2023-01-12,2024-07-16
SCH001718,AL0013,RT00495,HZ8571,13:00:00,03:55:00,Daily,AM0023,2024-03-26,2025-07-30
SCH001719,AL0006,RT00751,NR7541,18:45:00,07:30:00,Daily,AM0016,2025-01-28,2026-08-23
SCH001720,AL0005,RT00687,HZ8865,04:00:00,21:03:00,Mon-Sat,AM0015,2023-01-09,2025-03-15
SCH001721,AL0018,RT00740,SK6080,13:30:00,16:05:00,Daily,AM0001,2024-08-22,2025-10-24
SCH001722,AL0009,RT00800,SK8386,00:45:00,17:00:00,Mon-Fri,AM0014,2023-12-11,2026-05-07
SCH001723,AL0016,RT00776,XA4229,21:15:00,09:08:00,Daily,AM0006,2023-01-20,2024-08-26
SCH001724,AL0008,RT00461,CN8538,17:00:00,23:29:00,Mon-Fri,AM0005,2023-11-24,2025-04-27
SCH001725,AL0013,RT00877,SK8967,14:45:00,18:59:00,Daily,AM0022,2024-07-24,2026-03-18
SCH001726,AL0014,RT00446,CN6894,14:45:00,08:11:00,Weekends,AM0007,2024-07-13,2026-11-23
SCH001727,AL0018,RT00639,GL4366,16:30:00,00:30:00,Mon-Fri,AM0016,2025-01-19,2027-03-27
SCH001728,AL0004,RT00849,SK2888,10:45:00,16:21:00,Daily,AM0022,2025-05-21,2027-08-01
SCH001729,AL0012,RT00039,GL3318,23:45:00,14:56:00,"Tue,Thu,Sat",AM0015,2023-02-18,2024-06-14
SCH001730,AL0009,RT00841,HZ1410,05:30:00,06:43:00,Daily,AM0020,2025-01-27,2027-05-16
SCH001731,AL0010,RT00740,SK566,19:15:00,21:50:00,Weekends,AM0020,2023-01-09,2025-01-20
SCH001732,AL0017,RT00898,HZ4202,18:00:00,23:21:00,Mon-Fri,AM0012,2025-05-10,2026-06-10
SCH001733,AL0003,RT00696,XA522,20:30:00,02:15:00,"Mon,Wed,Fri",AM0024,2024-11-14,2026-06-30
SCH001734,AL0011,RT00141,HZ8816,01:45:00,14:41:00,Weekends,AM0023,2025-04-19,2027-07-09
SCH001735,AL0008,RT00272,SK6533,10:30:00,00:43:00,Weekends,AM0009,2023-03-01,2024-12-09
SCH001736,AL0018,RT00004,SK8451,15:30:00,23:16:00,"Tue,Thu,Sat",AM0021,2023-03-07,2025-01-13
SCH001737,AL0005,RT00548,NR4499,14:30:00,01:48:00,Daily,AM0005,2025-05-20,2026-12-06
SCH001738,AL0005,RT00394,HZ2316,16:15:00,19:54:00,Weekends,AM0003,2023-09-06,2024-09-25
SCH001739,AL0002,RT00428,HZ2973,15:00:00,08:51:00,"Mon,Wed,Fri",AM0014,2023-12-03,2026-03-20
SCH001740,AL0009,RT00661,HZ8561,05:30:00,08:21:00,"Tue,Thu,Sat",AM0016,2023-09-20,2025-10-27
SCH001741,AL0001,RT00739,GL1306,19:45:00,02:27:00,"Mon,Wed,Fri",AM0015,2023-05-19,2024-10-10
SCH001742,AL0011,RT00066,NR7012,11:00:00,16:12:00,"Tue,Thu,Sat",AM0020,2023-03-04,2024-07-10
SCH001743,AL0005,RT00826,HZ2334,23:00:00,06:00:00,"Tue,Thu,Sat",AM0010,2023-04-30,2025-01-31
SCH001744,AL0009,RT00337,SK3596,12:30:00,15:45:00,"Tue,Thu,Sat",AM0021,2025-01-17,2027-03-19
SCH001745,AL0013,RT00677,CN130,12:15:00,17:49:00,"Mon,Wed,Fri",AM0023,2023-01-24,2024-03-10
SCH001746,AL0014,RT00524,XA4842,14:45:00,21:02:00,Mon-Sat,AM0003,2025-03-01,2027-01-29
SCH001747,AL0002,RT00400,HZ1370,20:15:00,22:23:00,Daily,AM0012,2023-07-14,2025-10-09
SCH001748,AL0003,RT00192,SK8609,21:30:00,06:21:00,Weekends,AM0006,2024-06-18,2026-03-08
SCH001749,AL0007,RT00171,XA1067,14:00:00,03:54:00,"Tue,Thu,Sat",AM0017,2023-08-16,2024-09-12
SCH001750,AL0011,RT00659,HZ2578,13:45:00,00:50:00,Daily,AM0011,2025-02-25,2026-03-09
SCH001751,AL0018,RT00290,SK246,01:15:00,07:22:00,"Tue,Thu,Sat",AM0008,2023-02-05,2024-05-01
SCH001752,AL0003,RT00207,CN9928,01:15:00,02:16:00,Daily,AM0007,2024-09-22,2027-01-10
SCH001753,AL0002,RT00006,HZ6449,17:30:00,02:48:00,"Tue,Thu,Sat",AM0009,2025-04-05,2026-12-05
SCH001754,AL0013,RT00757,NR6470,08:45:00,09:54:00,Mon-Fri,AM0003,2024-01-25,2025-04-12
SCH001755,AL0020,RT00357,NR5236,10:45:00,17:28:00,"Tue,Thu,Sat",AM0003,2024-02-03,2026-06-01
SCH001756,AL0017,RT00314,SK8692,15:45:00,04:41:00,"Tue,Thu,Sat",AM0016,2023-05-13,2025-07-29
SCH001757,AL0012,RT00335,HZ1527,05:00:00,20:40:00,"Tue,Thu,Sat",AM0024,2025-02-14,2026-05-03
SCH001758,AL0001,RT00539,XA7948,07:00:00,15:20:00,"Mon,Wed,Fri",AM0013,2025-04-26,2027-04-29
SCH001759,AL0012,RT00434,XA8089,01:45:00,07:16:00,Mon-Sat,AM0024,2024-03-14,2025-09-06
SCH001760,AL0010,RT00490,HZ457,18:45:00,02:51:00,Daily,AM0004,2024-09-03,2025-10-10
SCH001761,AL0009,RT00251,NR1413,12:30:00,04:16:00,Mon-Fri,AM0025,2024-10-31,2025-12-03
SCH001762,AL0010,RT00267,SK5516,04:45:00,16:01:00,Daily,AM0015,2023-11-09,2025-08-25
SCH001763,AL0012,RT00777,NR992,14:15:00,07:29:00,"Tue,Thu,Sat",AM0019,2023-01-04,2025-03-30
SCH001764,AL0015,RT00396,XA2895,03:15:00,06:17:00,Mon-Sat,AM0002,2023-04-24,2025-09-19
SCH001765,AL0004,RT00876,NR4095,18:00:00,23:14:00,Mon-Sat,AM0016,2025-03-02,2027-03-14
SCH001766,AL0002,RT00762,SK1656,05:45:00,14:33:00,"Mon,Wed,Fri",AM0010,2024-12-06,2027-04-13
SCH001767,AL0002,RT00641,HZ7070,06:30:00,13:00:00,Daily,AM0023,2023-03-25,2024-07-28
SCH001768,AL0009,RT00494,HZ5000,21:00:00,12:48:00,Mon-Fri,AM0020,2024-12-09,2026-02-25
SCH001769,AL0011,RT00754,NR6433,17:45:00,21:19:00,"Mon,Wed,Fri",AM0022,2025-02-18,2026-04-18
SCH001770,AL0016,RT00051,GL4795,16:00:00,17:20:00,Mon-Sat,AM0023,2024-04-24,2025-07-25
SCH001771,AL0009,RT00450,GL4183,14:45:00,20:48:00,Mon-Sat,AM0019,2024-02-03,2026-03-12
SCH001772,AL0011,RT00642,GL4974,12:00:00,13:39:00,"Tue,Thu,Sat",AM0007,2025-06-01,2026-08-22
SCH001773,AL0020,RT00098,HZ9004,04:45:00,07:53:00,Mon-Sat,AM0008,2025-02-08,2026-09-27
SCH001774,AL0015,RT00165,CN4020,07:15:00,23:37:00,Weekends,AM0022,2023-12-08,2026-01-15
SCH001775,AL0014,RT00059,NR6457,23:00:00,11:34:00,Mon-Fri,AM0016,2024-02-26,2026-07-05
SCH001776,AL0008,RT00438,SK8355,22:00:00,01:25:00,Weekends,AM0023,2025-04-11,2026-07-06
SCH001777,AL0004,RT00488,NR6248,17:30:00,06:17:00,Daily,AM0020,2025-03-24,2026-07-01
SCH001778,AL0019,RT00422,NR2337,21:00:00,11:49:00,"Tue,Thu,Sat",AM0016,2024-07-10,2025-08-13
SCH001779,AL0012,RT00050,NR1307,19:15:00,08:04:00,Mon-Fri,AM0004,2024-07-26,2025-09-24
SCH001780,AL0002,RT00438,NR5949,09:45:00,13:10:00,Weekends,AM0025,2024-10-12,2026-05-08
SCH001781,AL0010,RT00800,GL7300,17:45:00,10:00:00,Daily,AM0007,2023-09-13,2025-02-27
SCH001782,AL0002,RT00028,SK7709,18:15:00,02:08:00,Mon-Sat,AM0007,2025-03-20,2027-08-19
SCH001783,AL0020,RT00699,XA6967,03:30:00,04:28:00,Weekends,AM0004,2023-09-17,2025-05-11
SCH001784,AL0011,RT00246,NR134,21:45:00,14:05:00,"Tue,Thu,Sat",AM0002,2025-01-03,2026-06-16
SCH001785,AL0016,RT00068,NR7760,11:30:00,04:57:00,"Mon,Wed,Fri",AM0010,2024-12-25,2026-09-02
SCH001786,AL0010,RT00046,GL6085,07:00:00,11:17:00,"Mon,Wed,Fri",AM0022,2023-09-12,2025-10-03
SCH001787,AL0001,RT00012,XA9882,11:45:00,18:54:00,Weekends,AM0022,2024-12-14,2026-06-12
SCH001788,AL0013,RT00374,HZ7668,07:00:00,12:25:00,"Tue,Thu,Sat",AM0013,2025-02-04,2026-04-22
SCH001789,AL0014,RT00449,XA4358,07:30:00,14:25:00,Mon-Fri,AM0008,2024-03-14,2025-10-25
SCH001790,AL0005,RT00560,NR6793,13:45:00,05:33:00,Mon-Sat,AM0009,2024-04-21,2026-03-19
SCH001791,AL0015,RT00074,HZ6197,23:30:00,16:44:00,Weekends,AM0023,2024-03-25,2025-09-10
SCH001792,AL0005,RT00589,NR3439,09:15:00,21:29:00,Daily,AM0002,2023-02-09,2024-12-15
SCH001793,AL0014,RT00666,NR5381,05:15:00,20:22:00,Mon-Sat,AM0002,2024-04-22,2025-10-12
SCH001794,AL0015,RT00059,NR2123,18:15:00,06:49:00,Daily,AM0002,2024-08-17,2026-12-13
SCH001795,AL0003,RT00608,SK969,07:30:00,13:47:00,Weekends,AM0023,2024-05-10,2026-08-27
SCH001796,AL0006,RT00108,NR7356,12:45:00,22:29:00,"Tue,Thu,Sat",AM0003,2024-03-17,2026-04-04
SCH001797,AL0004,RT00396,SK3902,06:45:00,09:47:00,Weekends,AM0024,2024-03-18,2026-06-09
SCH001798,AL0015,RT00596,GL7580,05:15:00,13:05:00,Mon-Fri,AM0005,2024-04-18,2025-06-21
SCH001799,AL0005,RT00784,SK4934,06:00:00,11:29:00,Mon-Fri,AM0014,2025-03-31,2027-03-15
SCH001800,AL0013,RT00479,SK8116,08:15:00,22:55:00,"Tue,Thu,Sat",AM0025,2023-12-30,2025-08-02
SCH001801,AL0009,RT00392,HZ7421,22:45:00,00:42:00,"Mon,Wed,Fri",AM0003,2023-07-18,2025-09-05
SCH001802,AL0002,RT00751,NR7664,16:30:00,05:15:00,"Mon,Wed,Fri",AM0008,2023-02-26,2024-02-26
SCH001803,AL0018,RT00195,HZ4349,16:15:00,17:56:00,"Mon,Wed,Fri",AM0019,2025-02-07,2026-05-18
SCH001804,AL0015,RT00185,SK9614,01:00:00,13:45:00,Mon-Fri,AM0021,2023-06-09,2024-10-14
SCH001805,AL0006,RT00420,XA4111,00:15:00,03:48:00,Mon-Sat,AM0023,2024-01-04,2025-10-28
SCH001806,AL0018,RT00109,NR7951,08:30:00,01:27:00,Mon-Fri,AM0001,2024-10-29,2027-04-01
SCH001807,AL0015,RT00021,NR4946,21:30:00,03:40:00,Mon-Sat,AM0020,2023-06-07,2025-09-28
SCH001808,AL0017,RT00326,HZ2427,00:15:00,05:15:00,"Tue,Thu,Sat",AM0009,2023-07-26,2025-03-25
SCH001809,AL0004,RT00138,XA6325,18:15:00,09:55:00,Daily,AM0014,2024-07-14,2025-07-14
SCH001810,AL0001,RT00574,SK4743,19:00:00,06:28:00,Mon-Fri,AM0023,2024-07-08,2026-10-15
SCH001811,AL0002,RT00494,CN2714,06:45:00,22:33:00,"Mon,Wed,Fri",AM0023,2023-08-03,2025-06-04
SCH001812,AL0011,RT00438,HZ3886,02:15:00,05:40:00,Daily,AM0005,2024-04-23,2025-05-05
SCH001813,AL0016,RT00447,NR1683,03:45:00,12:42:00,Mon-Sat,AM0012,2024-09-13,2026-08-24
SCH001814,AL0019,RT00089,HZ9870,01:15:00,03:00:00,Weekends,AM0008,2023-07-15,2025-10-27
SCH001815,AL0020,RT00363,XA6466,20:30:00,14:10:00,Mon-Sat,AM0016,2024-01-27,2026-05-06
SCH001816,AL0012,RT00065,GL1817,18:30:00,06:29:00,Daily,AM0021,2023-09-05,2025-12-23
SCH001817,AL0013,RT00320,NR7668,16:15:00,00:31:00,Daily,AM0008,2025-04-10,2027-09-13
SCH001818,AL0006,RT00610,HZ6057,02:45:00,18:51:00,"Mon,Wed,Fri",AM0004,2023-12-05,2025-11-18
SCH001819,AL0001,RT00888,NR7252,22:15:00,02:02:00,"Tue,Thu,Sat",AM0002,2025-01-25,2026-12-18
SCH001820,AL0004,RT00268,NR5885,16:45:00,18:15:00,Mon-Sat,AM0002,2025-02-16,2026-04-19
SCH001821,AL0002,RT00238,NR698,19:45:00,08:07:00,"Tue,Thu,Sat",AM0010,2023-05-29,2025-05-01
SCH001822,AL0014,RT00603,GL2111,09:15:00,02:27:00,"Tue,Thu,Sat",AM0025,2025-04-11,2027-07-23
SCH001823,AL0011,RT00827,CN7709,04:00:00,20:48:00,Daily,AM0007,2023-02-13,2025-04-22
SCH001824,AL0016,RT00266,XA7567,19:45:00,01:07:00,"Mon,Wed,Fri",AM0011,2023-12-08,2026-04-02
SCH001825,AL0003,RT00755,SK7562,01:45:00,05:04:00,"Tue,Thu,Sat",AM0017,2023-05-21,2024-08-18
SCH001826,AL0019,RT00284,NR250,04:45:00,10:45:00,Weekends,AM0017,2023-02-10,2024-05-27
SCH001827,AL0015,RT00576,SK8070,03:45:00,05:08:00,Mon-Sat,AM0007,2024-05-02,2026-08-04
SCH001828,AL0019,RT00189,CN4446,02:00:00,19:31:00,Mon-Sat,AM0004,2024-06-14,2026-10-29
SCH001829,AL0013,RT00236,XA6966,13:45:00,03:18:00,Mon-Sat,AM0004,2024-05-28,2026-03-05
SCH001830,AL0007,RT00886,XA2793,05:00:00,20:21:00,Mon-Sat,AM0006,2024-01-04,2026-04-19
SCH001831,AL0013,RT00351,CN7717,23:00:00,09:51:00,"Mon,Wed,Fri",AM0003,2024-11-25,2026-11-24
SCH001832,AL0013,RT00015,CN9823,22:00:00,23:07:00,"Tue,Thu,Sat",AM0012,2024-03-10,2025-06-27
SCH001833,AL0004,RT00695,GL2609,04:00:00,05:35:00,Daily,AM0017,2024-04-17,2026-01-13
SCH001834,AL0003,RT00115,SK7862,19:00:00,09:25:00,Mon-Fri,AM0017,2024-01-26,2025-08-23
SCH001835,AL0014,RT00100,CN6088,00:00:00,12:40:00,"Mon,Wed,Fri",AM0023,2023-07-02,2025-08-27
SCH001836,AL0002,RT00753,CN2803,06:15:00,14:09:00,Daily,AM0008,2024-07-31,2026-01-27
SCH001837,AL0003,RT00314,GL3013,15:15:00,04:11:00,"Tue,Thu,Sat",AM0017,2025-01-02,2026-04-05
SCH001838,AL0002,RT00125,HZ7342,04:15:00,14:41:00,Mon-Fri,AM0023,2023-09-26,2025-06-18
SCH001839,AL0013,RT00879,NR2914,01:00:00,09:48:00,Weekends,AM0001,2024-02-14,2025-11-04
SCH001840,AL0019,RT00253,XA573,03:45:00,20:51:00,Mon-Fri,AM0020,2025-02-27,2027-06-17
SCH001841,AL0010,RT00570,HZ8751,15:15:00,21:23:00,"Mon,Wed,Fri",AM0003,2023-07-02,2024-07-05
SCH001842,AL0004,RT00237,NR5930,05:15:00,07:44:00,Daily,AM0014,2024-01-07,2026-04-18
SCH001843,AL0011,RT00524,SK7608,05:00:00,11:17:00,"Tue,Thu,Sat",AM0021,2023-08-26,2024-12-15
SCH001844,AL0010,RT00628,GL6071,04:00:00,15:58:00,Mon-Sat,AM0012,2023-10-29,2025-01-29
SCH001845,AL0012,RT00682,XA5212,21:00:00,06:53:00,"Tue,Thu,Sat",AM0014,2024-02-10,2025-09-20
SCH001846,AL0009,RT00371,NR7722,21:45:00,00:17:00,Mon-Fri,AM0016,2025-03-25,2027-01-13
SCH001847,AL0011,RT00555,XA418,19:00:00,12:09:00,Mon-Fri,AM0015,2023-01-12,2025-05-23
SCH001848,AL0007,RT00757,HZ3187,00:30:00,01:39:00,Mon-Fri,AM0019,2023-11-13,2025-08-24
SCH001849,AL0019,RT00757,CN6311,06:30:00,07:39:00,"Mon,Wed,Fri",AM0022,2025-02-03,2026-04-21
SCH001850,AL0011,RT00673,CN9444,21:00:00,22:15:00,Mon-Sat,AM0004,2023-03-15,2024-11-09
SCH001851,AL0007,RT00360,HZ3996,13:15:00,22:20:00,Mon-Sat,AM0011,2024-03-23,2026-07-28
SCH001852,AL0001,RT00478,SK9754,00:00:00,03:12:00,Mon-Sat,AM0022,2023-05-18,2025-06-03
SCH001853,AL0014,RT00871,NR7576,05:00:00,18:34:00,"Tue,Thu,Sat",AM0010,2024-05-08,2025-09-01
SCH001854,AL0008,RT00225,CN4899,19:30:00,12:37:00,Mon-Fri,AM0013,2024-09-22,2026-09-02
SCH001855,AL0005,RT00624,SK4348,21:30:00,03:01:00,Weekends,AM0019,2024-07-14,2026-08-10
SCH001856,AL0010,RT00714,GL1381,10:15:00,20:13:00,Mon-Fri,AM0024,2024-05-11,2025-10-05
SCH001857,AL0010,RT00433,GL6189,03:00:00,06:37:00,Daily,AM0007,2024-10-17,2026-07-26
SCH001858,AL0017,RT00780,HZ618,01:30:00,04:12:00,"Tue,Thu,Sat",AM0024,2024-04-17,2025-10-20
SCH001859,AL0011,RT00386,SK4347,05:45:00,09:20:00,"Mon,Wed,Fri",AM0018,2024-06-25,2025-09-29
SCH001860,AL0015,RT00753,HZ2453,19:45:00,03:39:00,Mon-Sat,AM0001,2023-03-14,2025-07-01
SCH001861,AL0013,RT00580,HZ9566,19:00:00,09:51:00,Mon-Sat,AM0022,2023-01-19,2024-07-08
SCH001862,AL0017,RT00047,XA3695,06:30:00,08:26:00,"Mon,Wed,Fri",AM0010,2023-05-25,2024-11-14
SCH001863,AL0001,RT00742,SK4943,23:00:00,01:44:00,Daily,AM0008,2024-04-21,2025-06-14
SCH001864,AL0008,RT00629,HZ3817,21:45:00,12:56:00,Weekends,AM0014,2023-12-16,2025-08-09
SCH001865,AL0015,RT00201,GL1458,23:15:00,05:32:00,Weekends,AM0015,2023-11-20,2025-10-29
SCH001866,AL0003,RT00634,GL3590,18:30:00,06:03:00,"Tue,Thu,Sat",AM0014,2024-01-31,2026-07-04
SCH001867,AL0009,RT00461,HZ7811,13:30:00,19:59:00,"Mon,Wed,Fri",AM0002,2025-05-23,2027-07-11
SCH001868,AL0009,RT00849,SK6249,23:30:00,05:06:00,"Tue,Thu,Sat",AM0021,2023-11-29,2026-03-01
SCH001869,AL0017,RT00275,CN4429,16:45:00,06:01:00,Daily,AM0009,2024-01-28,2026-07-09
SCH001870,AL0020,RT00238,CN8222,19:00:00,07:22:00,Daily,AM0004,2024-03-19,2026-03-27
SCH001871,AL0003,RT00053,SK141,09:45:00,15:34:00,Mon-Sat,AM0015,2024-11-14,2027-02-15
SCH001872,AL0005,RT00708,SK8282,05:15:00,19:12:00,Weekends,AM0016,2024-10-09,2026-03-20
SCH001873,AL0016,RT00887,SK689,13:00:00,01:50:00,"Tue,Thu,Sat",AM0003,2025-05-14,2027-05-31
SCH001874,AL0004,RT00621,CN8714,09:15:00,17:35:00,Mon-Sat,AM0024,2024-07-15,2026-06-16
SCH001875,AL0010,RT00333,HZ9480,08:00:00,18:17:00,Daily,AM0016,2025-04-22,2026-12-19
SCH001876,AL0019,RT00791,NR8208,16:30:00,09:32:00,"Tue,Thu,Sat",AM0025,2024-06-23,2026-06-01
SCH001877,AL0020,RT00229,NR293,14:15:00,00:34:00,Mon-Fri,AM0017,2024-04-20,2026-05-10
SCH001878,AL0019,RT00624,CN5308,07:15:00,12:46:00,Daily,AM0001,2024-05-07,2025-12-13
SCH001879,AL0003,RT00538,CN8304,05:15:00,16:03:00,Mon-Fri,AM0006,2024-02-28,2026-05-23
SCH001880,AL0003,RT00768,HZ5495,13:30:00,05:39:00,"Tue,Thu,Sat",AM0025,2023-06-27,2024-07-15
SCH001881,AL0004,RT00875,XA3663,07:45:00,14:49:00,Daily,AM0014,2023-11-20,2025-05-11
SCH001882,AL0016,RT00324,SK4759,05:15:00,15:46:00,"Tue,Thu,Sat",AM0004,2024-06-17,2025-12-30
SCH001883,AL0004,RT00086,SK898,05:00:00,17:29:00,Weekends,AM0002,2024-06-19,2026-09-06
SCH001884,AL0009,RT00142,SK5013,15:30:00,22:52:00,Mon-Fri,AM0014,2023-05-20,2025-02-14
SCH001885,AL0017,RT00666,XA375,09:45:00,00:52:00,Mon-Fri,AM0015,2024-12-10,2027-04-23
SCH001886,AL0010,RT00328,SK6476,08:15:00,18:03:00,Weekends,AM0007,2024-09-21,2027-02-11
SCH001887,AL0019,RT00126,GL3965,02:00:00,07:50:00,Weekends,AM0005,2024-04-08,2025-12-09
SCH001888,AL0010,RT00734,GL1994,01:45:00,14:46:00,Mon-Fri,AM0016,2024-02-04,2026-02-27
SCH001889,AL0008,RT00584,NR272,16:15:00,23:17:00,"Mon,Wed,Fri",AM0011,2024-05-07,2025-09-15
SCH001890,AL0020,RT00119,XA9228,23:15:00,00:55:00,Mon-Sat,AM0001,2024-05-28,2025-07-24
SCH001891,AL0011,RT00642,CN5607,07:15:00,08:54:00,Weekends,AM0002,2024-01-13,2025-10-01
SCH001892,AL0004,RT00575,CN6504,20:30:00,03:44:00,Mon-Fri,AM0006,2025-01-31,2026-07-11
SCH001893,AL0013,RT00887,NR7814,14:00:00,02:50:00,"Mon,Wed,Fri",AM0015,2023-05-20,2025-06-13
SCH001894,AL0016,RT00889,SK6302,07:30:00,01:23:00,"Tue,Thu,Sat",AM0008,2023-11-26,2025-08-31
SCH001895,AL0017,RT00878,NR4189,13:15:00,02:33:00,"Mon,Wed,Fri",AM0001,2023-12-18,2025-02-27
SCH001896,AL0001,RT00806,CN6312,03:15:00,08:16:00,"Mon,Wed,Fri",AM0023,2023-03-30,2024-11-25
SCH001897,AL0003,RT00714,GL2599,08:00:00,17:58:00,"Tue,Thu,Sat",AM0018,2023-03-20,2024-10-19
SCH001898,AL0013,RT00605,HZ5656,17:45:00,03:50:00,Mon-Sat,AM0015,2025-02-26,2026-02-28
SCH001899,AL0015,RT00491,GL2135,20:15:00,22:20:00,Daily,AM0007,2024-11-14,2026-09-01
SCH001900,AL0014,RT00714,NR9181,05:45:00,15:43:00,Mon-Sat,AM0018,2023-11-19,2026-04-02
SCH001901,AL0008,RT00870,NR5144,21:45:00,07:44:00,Mon-Sat,AM0024,2023-08-23,2025-12-14
SCH001902,AL0016,RT00105,GL2414,14:45:00,02:42:00,Mon-Sat,AM0017,2023-12-25,2026-04-21
SCH001903,AL0012,RT00123,XA6431,05:15:00,09:05:00,Weekends,AM0008,2024-09-14,2027-01-05
SCH001904,AL0019,RT00449,SK994,18:45:00,01:40:00,Mon-Sat,AM0010,2023-09-19,2026-01-25
SCH001905,AL0008,RT00265,NR4396,21:30:00,00:59:00,Daily,AM0024,2023-02-28,2024-04-20
SCH001906,AL0016,RT00479,HZ8672,06:15:00,20:55:00,Weekends,AM0001,2024-01-07,2025-08-23
SCH001907,AL0003,RT00281,XA7701,02:15:00,19:51:00,Mon-Sat,AM0006,2024-06-12,2026-03-30
SCH001908,AL0015,RT00705,CN7063,06:45:00,10:41:00,Mon-Fri,AM0003,2024-04-05,2026-06-24
SCH001909,AL0015,RT00809,XA4758,18:15:00,09:21:00,"Tue,Thu,Sat",AM0017,2023-06-02,2024-12-17
SCH001910,AL0006,RT00255,GL4523,01:45:00,08:27:00,Mon-Fri,AM0012,2025-01-14,2027-01-28
SCH001911,AL0002,RT00696,GL211,06:00:00,11:45:00,"Mon,Wed,Fri",AM0004,2024-07-11,2026-09-01
SCH001912,AL0020,RT00096,XA6039,07:45:00,12:35:00,"Mon,Wed,Fri",AM0024,2024-09-27,2026-06-27
SCH001913,AL0002,RT00718,CN5811,00:15:00,09:07:00,Mon-Sat,AM0014,2025-04-25,2026-09-01
SCH001914,AL0010,RT00629,CN152,14:45:00,05:56:00,Weekends,AM0007,2024-03-29,2025-05-09
SCH001915,AL0001,RT00640,NR1456,19:45:00,01:21:00,"Tue,Thu,Sat",AM0024,2024-05-26,2026-01-18
SCH001916,AL0009,RT00444,NR223,03:30:00,05:11:00,Weekends,AM0018,2024-11-05,2026-02-02
SCH001917,AL0017,RT00097,HZ2606,21:45:00,10:45:00,Weekends,AM0004,2024-11-14,2026-10-24
SCH001918,AL0011,RT00759,HZ138,22:30:00,05:00:00,Daily,AM0021,2025-01-18,2026-05-25
SCH001919,AL0005,RT00099,CN4231,20:45:00,23:23:00,Daily,AM0002,2024-09-13,2026-12-26
SCH001920,AL0008,RT00434,XA4815,17:30:00,23:01:00,"Tue,Thu,Sat",AM0023,2023-02-21,2025-06-14
SCH001921,AL0002,RT00157,SK4426,10:00:00,11:49:00,Daily,AM0010,2023-11-06,2026-01-26
SCH001922,AL0012,RT00762,CN2073,04:15:00,13:03:00,Daily,AM0008,2024-06-06,2026-05-27
SCH001923,AL0001,RT00517,NR5282,21:00:00,08:44:00,Mon-Fri,AM0002,2024-01-28,2025-03-29
SCH001924,AL0007,RT00458,HZ8158,12:30:00,21:15:00,Weekends,AM0024,2023-02-08,2025-07-17
SCH001925,AL0002,RT00286,SK2982,10:00:00,14:48:00,Daily,AM0014,2023-08-25,2024-09-28
SCH001926,AL0005,RT00705,HZ3194,09:15:00,13:11:00,"Mon,Wed,Fri",AM0016,2023-09-30,2025-07-29
SCH001927,AL0002,RT00190,XA5473,05:45:00,12:43:00,"Tue,Thu,Sat",AM0022,2023-02-01,2025-04-06
SCH001928,AL0019,RT00649,HZ2413,09:30:00,01:57:00,"Mon,Wed,Fri",AM0013,2024-11-04,2025-12-19
SCH001929,AL0016,RT00873,GL3443,19:15:00,03:24:00,"Mon,Wed,Fri",AM0008,2023-11-30,2025-08-21
SCH001930,AL0019,RT00240,CN4578,13:30:00,01:57:00,Mon-Sat,AM0020,2024-11-29,2026-08-11
SCH001931,AL0014,RT00618,XA3924,09:30:00,17:34:00,Mon-Sat,AM0014,2025-02-07,2026-05-23
SCH001932,AL0010,RT00279,SK8199,02:15:00,05:27:00,"Mon,Wed,Fri",AM0006,2025-02-19,2026-04-19
SCH001933,AL0004,RT00837,SK8504,09:30:00,16:53:00,Daily,AM0022,2025-03-12,2027-07-11
SCH001934,AL0020,RT00810,XA4088,05:00:00,08:09:00,"Tue,Thu,Sat",AM0021,2024-03-15,2026-07-10
SCH001935,AL0019,RT00283,SK4532,09:15:00,20:28:00,"Tue,Thu,Sat",AM0007,2023-08-03,2024-09-21
SCH001936,AL0009,RT00208,NR9572,03:15:00,08:04:00,Mon-Fri,AM0017,2023-03-16,2024-08-10
SCH001937,AL0005,RT00075,NR5080,22:30:00,09:08:00,Daily,AM0024,2024-07-04,2026-01-29
SCH001938,AL0008,RT00628,GL9930,04:30:00,16:28:00,Daily,AM0020,2023-04-22,2024-08-04
SCH001939,AL0008,RT00828,HZ7650,02:45:00,16:59:00,Mon-Fri,AM0005,2023-08-02,2024-09-05
SCH001940,AL0019,RT00131,XA2715,15:15:00,06:25:00,"Tue,Thu,Sat",AM0022,2023-08-04,2025-05-03
SCH001941,AL0002,RT00735,SK2367,08:00:00,17:42:00,Mon-Sat,AM0002,2023-08-30,2025-04-22
SCH001942,AL0013,RT00680,HZ1674,23:00:00,09:31:00,Daily,AM0016,2023-11-25,2026-01-29
SCH001943,AL0016,RT00425,HZ8080,09:45:00,21:23:00,Weekends,AM0013,2023-10-20,2025-03-26
SCH001944,AL0016,RT00201,GL3137,15:15:00,21:32:00,Mon-Sat,AM0001,2024-04-09,2026-01-07
SCH001945,AL0004,RT00588,SK6789,20:45:00,05:53:00,Daily,AM0019,2025-04-25,2026-10-09
SCH001946,AL0009,RT00535,NR5446,23:15:00,00:33:00,Mon-Sat,AM0008,2024-07-24,2025-08-13
SCH001947,AL0007,RT00731,GL8276,19:15:00,07:18:00,Daily,AM0022,2024-08-19,2026-09-12
SCH001948,AL0009,RT00508,NR7532,13:00:00,02:53:00,Mon-Fri,AM0022,2023-05-24,2025-06-24
SCH001949,AL0002,RT00044,SK731,19:45:00,21:16:00,Daily,AM0015,2023-04-11,2025-03-31
SCH001950,AL0002,RT00184,CN3450,06:15:00,08:55:00,"Tue,Thu,Sat",AM0016,2023-06-16,2024-07-03
SCH001951,AL0001,RT00343,CN5248,20:15:00,03:38:00,Weekends,AM0002,2025-01-19,2027-01-26
SCH001952,AL0020,RT00443,HZ8055,20:30:00,23:34:00,Weekends,AM0023,2023-06-02,2025-04-20
SCH001953,AL0009,RT00315,NR7168,09:30:00,23:34:00,"Mon,Wed,Fri",AM0018,2025-05-18,2027-01-08
SCH001954,AL0005,RT00792,CN5538,01:30:00,10:32:00,Mon-Fri,AM0010,2024-10-28,2026-09-23
SCH001955,AL0016,RT00254,CN8102,16:00:00,17:10:00,"Tue,Thu,Sat",AM0003,2025-01-02,2026-03-02
SCH001956,AL0010,RT00613,HZ4405,02:45:00,19:09:00,Weekends,AM0013,2023-09-24,2025-01-12
SCH001957,AL0008,RT00326,NR650,00:00:00,05:00:00,"Tue,Thu,Sat",AM0023,2023-05-19,2024-07-26
SCH001958,AL0003,RT00894,CN8717,22:00:00,06:24:00,"Mon,Wed,Fri",AM0022,2023-05-28,2025-01-20
SCH001959,AL0008,RT00825,NR5312,13:00:00,03:21:00,"Tue,Thu,Sat",AM0003,2025-01-27,2027-05-20
SCH001960,AL0013,RT00707,SK8102,15:15:00,18:05:00,Mon-Sat,AM0020,2024-01-16,2025-01-18
SCH001961,AL0013,RT00689,HZ3981,21:15:00,13:35:00,"Mon,Wed,Fri",AM0003,2023-12-28,2025-08-22
SCH001962,AL0008,RT00580,NR5926,22:00:00,12:51:00,Mon-Fri,AM0010,2023-08-07,2025-01-04
SCH001963,AL0013,RT00529,CN3377,22:30:00,03:00:00,"Tue,Thu,Sat",AM0012,2023-11-11,2026-03-26
SCH001964,AL0016,RT00507,GL4154,03:30:00,10:41:00,"Tue,Thu,Sat",AM0001,2023-11-23,2025-10-19
SCH001965,AL0019,RT00025,GL1559,07:45:00,18:06:00,Weekends,AM0004,2024-10-23,2026-02-18
SCH001966,AL0011,RT00844,CN7441,18:00:00,00:46:00,Weekends,AM0023,2024-12-28,2026-05-29
SCH001967,AL0005,RT00884,HZ2874,00:00:00,04:52:00,Mon-Sat,AM0016,2024-02-17,2025-12-23
SCH001968,AL0003,RT00475,GL3086,05:00:00,18:54:00,Mon-Fri,AM0020,2023-10-22,2024-11-15
SCH001969,AL0004,RT00784,NR3606,12:15:00,17:44:00,Daily,AM0015,2024-02-03,2025-03-09
SCH001970,AL0001,RT00363,NR4377,08:30:00,02:10:00,"Mon,Wed,Fri",AM0012,2023-06-04,2025-05-29
SCH001971,AL0012,RT00102,SK5803,04:00:00,19:31:00,Daily,AM0001,2023-03-02,2025-05-04
SCH001972,AL0005,RT00752,GL6859,21:15:00,13:24:00,"Tue,Thu,Sat",AM0014,2023-07-25,2025-08-25
SCH001973,AL0005,RT00459,NR6788,10:30:00,16:17:00,Mon-Sat,AM0020,2023-01-22,2024-04-22
SCH001974,AL0015,RT00847,HZ4294,09:30:00,11:49:00,"Tue,Thu,Sat",AM0006,2023-01-31,2025-05-06
SCH001975,AL0007,RT00192,GL4870,15:30:00,00:21:00,Mon-Fri,AM0013,2023-07-30,2024-11-26
SCH001976,AL0017,RT00432,GL1489,16:30:00,04:19:00,Mon-Sat,AM0011,2025-03-06,2027-06-17
SCH001977,AL0003,RT00601,HZ5262,11:45:00,17:43:00,Daily,AM0022,2023-06-13,2024-11-17
SCH001978,AL0007,RT00124,GL8781,21:45:00,12:01:00,Daily,AM0005,2024-09-07,2026-05-30
SCH001979,AL0002,RT00897,CN4657,07:45:00,00:46:00,Mon-Fri,AM0003,2023-05-10,2025-10-03
SCH001980,AL0011,RT00548,GL9385,20:15:00,07:33:00,"Mon,Wed,Fri",AM0006,2024-02-14,2025-09-18
SCH001981,AL0003,RT00155,SK1642,20:15:00,13:02:00,"Tue,Thu,Sat",AM0004,2024-06-19,2026-06-11
SCH001982,AL0005,RT00667,XA7394,00:15:00,01:24:00,Mon-Fri,AM0022,2024-05-10,2026-03-19
SCH001983,AL0015,RT00791,XA7108,18:15:00,11:17:00,Mon-Sat,AM0007,2024-12-07,2026-01-16
SCH001984,AL0018,RT00337,HZ6846,03:30:00,06:45:00,"Tue,Thu,Sat",AM0010,2023-08-13,2025-10-10
SCH001985,AL0011,RT00549,SK6661,11:30:00,16:32:00,Mon-Fri,AM0007,2024-10-17,2026-04-26
SCH001986,AL0020,RT00674,CN320,22:00:00,00:03:00,Daily,AM0021,2023-12-23,2025-09-02
SCH001987,AL0016,RT00131,SK7446,04:45:00,19:55:00,"Tue,Thu,Sat",AM0017,2024-01-29,2025-07-09
SCH001988,AL0016,RT00478,GL5046,13:00:00,16:12:00,Mon-Fri,AM0012,2023-10-10,2026-03-25
SCH001989,AL0020,RT00504,NR5288,18:15:00,11:34:00,Mon-Fri,AM0020,2025-05-30,2027-03-20
SCH001990,AL0002,RT00272,HZ603,11:15:00,01:28:00,"Tue,Thu,Sat",AM0002,2024-12-29,2026-12-05
SCH001991,AL0005,RT00270,SK1964,01:15:00,18:57:00,Mon-Fri,AM0017,2024-02-13,2025-11-18
SCH001992,AL0009,RT00567,CN9118,01:00:00,12:34:00,Weekends,AM0010,2024-10-18,2026-03-31
SCH001993,AL0013,RT00677,CN3223,12:30:00,18:04:00,Mon-Sat,AM0010,2025-03-19,2027-01-26
SCH001994,AL0020,RT00351,XA3999,00:00:00,10:51:00,"Tue,Thu,Sat",AM0004,2023-09-08,2025-11-05
SCH001995,AL0002,RT00132,SK1972,00:30:00,04:13:00,"Mon,Wed,Fri",AM0003,2023-10-15,2024-12-03
SCH001996,AL0005,RT00709,XA6358,22:30:00,15:04:00,Mon-Sat,AM0018,2024-11-04,2026-01-23
SCH001997,AL0006,RT00157,NR7432,12:45:00,14:34:00,"Tue,Thu,Sat",AM0022,2023-09-08,2024-12-04
SCH001998,AL0014,RT00003,XA9219,11:45:00,03:29:00,Weekends,AM0023,2023-03-24,2025-08-05
SCH001999,AL0020,RT00291,GL5663,02:45:00,13:30:00,"Mon,Wed,Fri",AM0007,2024-06-09,2026-04-13
SCH002000,AL0019,RT00737,HZ2828,18:00:00,08:47:00,"Mon,Wed,Fri",AM0020,2023-06-28,2024-12-26
SCH002001,AL0015,RT00682,GL802,12:45:00,22:38:00,Weekends,AM0003,2024-06-02,2025-09-16
SCH002002,AL0016,RT00276,CN2734,05:30:00,16:00:00,Mon-Sat,AM0020,2023-04-04,2025-04-04
SCH002003,AL0009,RT00468,SK6221,18:00:00,23:38:00,"Mon,Wed,Fri",AM0015,2024-02-27,2025-12-03
SCH002004,AL0013,RT00864,XA9742,05:45:00,12:40:00,"Tue,Thu,Sat",AM0022,2023-07-30,2025-06-28
SCH002005,AL0004,RT00647,SK883,12:45:00,17:50:00,Weekends,AM0002,2024-04-11,2026-04-28
SCH002006,AL0011,RT00684,CN3944,13:15:00,23:39:00,Mon-Fri,AM0020,2023-07-19,2024-09-07
SCH002007,AL0006,RT00079,GL6704,06:45:00,16:58:00,Daily,AM0012,2023-08-10,2025-08-07
SCH002008,AL0019,RT00217,GL5787,21:30:00,04:31:00,"Tue,Thu,Sat",AM0015,2025-03-06,2027-03-27
SCH002009,AL0008,RT00094,NR6551,16:15:00,03:37:00,"Mon,Wed,Fri",AM0014,2025-05-17,2026-10-12
SCH002010,AL0008,RT00881,XA4685,06:00:00,08:49:00,"Mon,Wed,Fri",AM0018,2023-10-17,2025-03-31
SCH002011,AL0009,RT00309,NR2743,03:30:00,12:56:00,Daily,AM0015,2024-07-24,2026-06-05
SCH002012,AL0019,RT00450,HZ4878,07:45:00,13:48:00,"Tue,Thu,Sat",AM0011,2023-11-10,2025-05-31
SCH002013,AL0019,RT00497,SK3876,11:00:00,14:32:00,Mon-Fri,AM0011,2023-05-31,2025-10-09
SCH002014,AL0009,RT00471,GL7121,13:00:00,06:45:00,"Mon,Wed,Fri",AM0002,2023-03-30,2024-05-19
SCH002015,AL0020,RT00047,SK1798,09:00:00,10:56:00,Weekends,AM0019,2025-02-25,2026-05-26
SCH002016,AL0016,RT00819,XA5011,00:15:00,14:16:00,Mon-Fri,AM0018,2023-02-28,2025-05-06
SCH002017,AL0017,RT00343,HZ9593,16:15:00,23:38:00,Daily,AM0015,2024-03-10,2026-03-09
SCH002018,AL0019,RT00827,GL5364,09:45:00,02:33:00,"Tue,Thu,Sat",AM0019,2023-07-13,2025-10-15
SCH002019,AL0007,RT00689,GL2448,08:45:00,01:05:00,Daily,AM0007,2024-11-02,2025-11-14
SCH002020,AL0012,RT00628,CN9363,13:30:00,01:28:00,Daily,AM0006,2023-04-29,2024-07-08
SCH002021,AL0006,RT00633,GL2516,20:00:00,03:57:00,Mon-Fri,AM0024,2024-05-24,2026-08-14
SCH002022,AL0007,RT00881,XA7535,00:00:00,02:49:00,Mon-Sat,AM0024,2023-11-01,2026-01-08
SCH002023,AL0010,RT00274,HZ1184,23:00:00,08:01:00,"Tue,Thu,Sat",AM0022,2024-04-04,2026-06-19
SCH002024,AL0002,RT00296,CN8534,15:45:00,01:43:00,"Tue,Thu,Sat",AM0002,2023-06-14,2025-10-06
SCH002025,AL0005,RT00604,SK1887,13:00:00,05:30:00,Mon-Fri,AM0014,2023-04-14,2024-08-14
SCH002026,AL0017,RT00210,CN4001,01:45:00,12:58:00,Mon-Sat,AM0019,2023-06-07,2024-07-28
SCH002027,AL0004,RT00724,CN9658,17:30:00,20:36:00,Daily,AM0001,2024-05-24,2025-10-29
SCH002028,AL0013,RT00027,HZ5835,17:15:00,08:17:00,Daily,AM0025,2024-07-25,2027-01-09
SCH002029,AL0016,RT00808,XA2713,13:45:00,05:48:00,Weekends,AM0020,2025-03-09,2026-12-10
SCH002030,AL0006,RT00312,SK106,19:00:00,19:41:00,Weekends,AM0008,2025-04-11,2026-04-13
SCH002031,AL0010,RT00005,CN167,20:15:00,09:11:00,Mon-Fri,AM0013,2024-10-26,2026-11-27
SCH002032,AL0018,RT00543,GL2818,20:15:00,22:46:00,Mon-Fri,AM0023,2023-01-12,2025-04-06
SCH002033,AL0017,RT00248,NR5315,07:00:00,20:14:00,Mon-Fri,AM0022,2024-09-13,2025-11-17
SCH002034,AL0019,RT00275,HZ4899,16:45:00,06:01:00,Weekends,AM0021,2024-09-15,2026-07-10
SCH002035,AL0013,RT00434,XA9225,01:30:00,07:01:00,"Mon,Wed,Fri",AM0025,2024-09-15,2026-10-18
SCH002036,AL0018,RT00522,SK7663,13:00:00,20:44:00,Weekends,AM0019,2024-08-05,2026-12-30
SCH002037,AL0008,RT00123,NR9253,03:00:00,06:50:00,Mon-Fri,AM0024,2024-08-30,2026-07-20
SCH002038,AL0013,RT00044,GL5166,07:15:00,08:46:00,"Mon,Wed,Fri",AM0024,2024-05-31,2025-11-27
SCH002039,AL0014,RT00416,CN4521,16:45:00,22:03:00,"Mon,Wed,Fri",AM0001,2024-07-01,2026-10-30
SCH002040,AL0020,RT00319,NR5703,10:00:00,00:07:00,Weekends,AM0017,2024-09-03,2026-03-15
SCH002041,AL0008,RT00524,XA3783,20:30:00,02:47:00,Daily,AM0009,2023-02-08,2025-01-11
SCH002042,AL0018,RT00674,HZ2186,02:00:00,04:03:00,Mon-Sat,AM0013,2024-03-25,2026-06-17
SCH002043,AL0011,RT00554,CN8382,23:15:00,12:46:00,"Mon,Wed,Fri",AM0005,2023-04-23,2025-01-30
SCH002044,AL0003,RT00094,SK6836,16:30:00,03:52:00,Mon-Fri,AM0017,2025-03-29,2027-04-13
SCH002045,AL0014,RT00897,NR3323,10:00:00,03:01:00,"Tue,Thu,Sat",AM0021,2025-05-23,2027-08-16
SCH002046,AL0020,RT00644,HZ4517,00:15:00,07:00:00,Weekends,AM0011,2023-05-20,2025-04-05
SCH002047,AL0010,RT00045,SK2331,01:15:00,17:39:00,Daily,AM0018,2025-02-26,2026-10-08
SCH002048,AL0011,RT00687,SK5671,09:00:00,02:03:00,"Tue,Thu,Sat",AM0009,2024-02-23,2026-02-01
SCH002049,AL0019,RT00793,SK3647,13:00:00,04:19:00,Daily,AM0019,2024-08-16,2026-03-18
SCH002050,AL0019,RT00512,NR8767,12:00:00,05:04:00,Mon-Fri,AM0003,2024-07-30,2026-07-30
SCH002051,AL0009,RT00750,NR5330,07:30:00,22:34:00,"Mon,Wed,Fri",AM0023,2023-04-14,2024-05-26
SCH002052,AL0016,RT00798,NR4175,15:00:00,05:19:00,"Tue,Thu,Sat",AM0010,2025-03-13,2026-04-07
SCH002053,AL0013,RT00868,SK7520,14:30:00,15:59:00,Mon-Sat,AM0013,2024-07-19,2026-03-30
SCH002054,AL0013,RT00860,XA9059,08:00:00,01:40:00,"Tue,Thu,Sat",AM0021,2024-03-06,2025-05-08
SCH002055,AL0015,RT00175,CN8191,07:00:00,23:07:00,Mon-Fri,AM0001,2024-06-26,2026-07-21
SCH002056,AL0007,RT00032,XA4999,10:00:00,15:57:00,"Tue,Thu,Sat",AM0024,2025-05-12,2026-08-16
SCH002057,AL0007,RT00587,CN3628,17:15:00,09:58:00,"Tue,Thu,Sat",AM0016,2024-07-25,2026-04-18
SCH002058,AL0001,RT00612,GL6654,14:30:00,23:09:00,"Tue,Thu,Sat",AM0025,2024-08-02,2025-11-04
SCH002059,AL0018,RT00512,HZ8186,03:15:00,20:19:00,"Tue,Thu,Sat",AM0014,2025-02-13,2027-06-21
SCH002060,AL0006,RT00214,SK9787,22:00:00,00:03:00,"Tue,Thu,Sat",AM0006,2024-09-09,2026-12-03
SCH002061,AL0014,RT00854,CN4626,04:00:00,21:27:00,"Mon,Wed,Fri",AM0015,2023-05-07,2024-05-06
SCH002062,AL0014,RT00368,XA6714,16:15:00,08:14:00,Mon-Sat,AM0015,2024-12-23,2026-07-22
SCH002063,AL0015,RT00668,HZ3001,00:15:00,16:28:00,"Mon,Wed,Fri",AM0024,2025-03-05,2027-07-22
SCH002064,AL0018,RT00561,HZ965,06:30:00,09:33:00,Daily,AM0015,2024-10-10,2026-06-28
SCH002065,AL0018,RT00807,HZ2605,13:15:00,22:09:00,Mon-Fri,AM0011,2023-05-15,2025-08-08
SCH002066,AL0001,RT00642,CN243,20:30:00,22:09:00,Weekends,AM0005,2024-04-06,2025-05-23
SCH002067,AL0017,RT00572,HZ5142,13:15:00,14:06:00,Weekends,AM0009,2023-02-17,2024-10-03
SCH002068,AL0005,RT00757,HZ3793,01:30:00,02:39:00,"Tue,Thu,Sat",AM0015,2024-11-13,2027-02-21
SCH002069,AL0013,RT00049,XA6814,22:00:00,04:58:00,"Tue,Thu,Sat",AM0010,2025-04-25,2026-08-07
SCH002070,AL0014,RT00635,XA6190,06:45:00,09:36:00,Daily,AM0010,2023-02-01,2024-02-06
SCH002071,AL0002,RT00528,XA1761,08:45:00,20:54:00,Weekends,AM0001,2023-04-07,2025-05-03
SCH002072,AL0006,RT00700,GL6770,02:15:00,09:44:00,"Mon,Wed,Fri",AM0024,2025-04-03,2026-05-17
SCH002073,AL0019,RT00202,XA1955,16:00:00,08:04:00,Mon-Sat,AM0021,2024-12-07,2026-05-16
SCH002074,AL0003,RT00540,HZ158,10:00:00,21:35:00,"Mon,Wed,Fri",AM0007,2024-12-27,2027-03-06
SCH002075,AL0005,RT00256,SK9703,05:45:00,08:44:00,Mon-Fri,AM0004,2023-07-04,2025-10-23
SCH002076,AL0002,RT00106,GL367,15:00:00,06:17:00,Mon-Fri,AM0021,2024-07-17,2025-09-24
SCH002077,AL0004,RT00518,HZ3482,04:00:00,16:35:00,Mon-Fri,AM0021,2025-01-01,2026-09-23
SCH002078,AL0013,RT00020,NR6410,12:00:00,02:59:00,Weekends,AM0023,2023-03-02,2025-04-29
SCH002079,AL0017,RT00084,CN3766,15:15:00,08:40:00,Daily,AM0014,2023-09-08,2025-04-04
SCH002080,AL0012,RT00477,GL3873,19:45:00,10:29:00,"Tue,Thu,Sat",AM0019,2023-09-18,2025-03-23
SCH002081,AL0006,RT00809,SK7254,16:00:00,07:06:00,Daily,AM0019,2024-04-23,2026-02-07
SCH002082,AL0018,RT00644,NR6060,13:30:00,20:15:00,Daily,AM0006,2023-08-12,2025-09-30
SCH002083,AL0008,RT00014,NR5231,00:30:00,06:57:00,Daily,AM0014,2023-10-29,2024-11-18
SCH002084,AL0007,RT00098,HZ8873,05:45:00,08:53:00,Daily,AM0007,2023-08-15,2024-09-09
SCH002085,AL0011,RT00388,HZ1170,13:30:00,02:02:00,"Mon,Wed,Fri",AM0019,2023-02-26,2024-04-23
SCH002086,AL0003,RT00387,XA4750,12:45:00,02:29:00,"Tue,Thu,Sat",AM0025,2024-08-16,2026-02-14
SCH002087,AL0008,RT00036,NR2466,12:30:00,21:32:00,Mon-Sat,AM0002,2024-07-17,2025-12-12
SCH002088,AL0016,RT00231,XA464,17:45:00,22:51:00,"Tue,Thu,Sat",AM0002,2025-02-12,2026-10-27
SCH002089,AL0013,RT00115,GL9791,21:15:00,11:40:00,"Tue,Thu,Sat",AM0007,2024-05-23,2025-10-30
SCH002090,AL0020,RT00511,CN7366,12:15:00,01:12:00,"Mon,Wed,Fri",AM0003,2024-08-24,2026-07-24
SCH002091,AL0016,RT00593,XA2240,03:30:00,15:42:00,Mon-Fri,AM0001,2023-11-14,2025-05-04
SCH002092,AL0008,RT00352,NR4083,10:45:00,18:48:00,Weekends,AM0025,2023-12-10,2026-03-01
SCH002093,AL0016,RT00515,XA2337,06:00:00,14:57:00,Mon-Sat,AM0015,2023-12-31,2025-06-13
SCH002094,AL0018,RT00182,NR6879,12:15:00,17:21:00,Daily,AM0020,2025-05-05,2026-09-12
SCH002095,AL0013,RT00767,NR3569,14:45:00,04:27:00,"Tue,Thu,Sat",AM0015,2024-02-22,2026-05-27
SCH002096,AL0016,RT00004,HZ9205,13:00:00,20:46:00,"Tue,Thu,Sat",AM0019,2025-01-31,2027-01-18
SCH002097,AL0011,RT00454,CN2154,13:15:00,02:22:00,Daily,AM0018,2023-10-11,2024-11-04
SCH002098,AL0019,RT00290,HZ3562,07:30:00,13:37:00,Mon-Fri,AM0005,2024-08-28,2025-11-17
SCH002099,AL0005,RT00406,CN9324,04:00:00,05:51:00,Mon-Fri,AM0004,2023-08-31,2024-09-25
SCH002100,AL0009,RT00465,SK8857,20:45:00,06:30:00,Mon-Sat,AM0013,2023-12-17,2026-02-14
SCH002101,AL0006,RT00582,XA3002,09:15:00,03:05:00,Weekends,AM0010,2025-01-28,2026-12-29
SCH002102,AL0003,RT00837,CN4881,04:45:00,12:08:00,"Tue,Thu,Sat",AM0022,2024-08-26,2027-01-07
SCH002103,AL0013,RT00506,SK8847,23:15:00,12:15:00,"Mon,Wed,Fri",AM0008,2024-03-05,2025-08-27
SCH002104,AL0003,RT00205,GL6738,00:15:00,12:19:00,Daily,AM0009,2023-12-27,2025-01-20
SCH002105,AL0005,RT00472,NR6408,08:45:00,20:39:00,"Tue,Thu,Sat",AM0014,2024-12-07,2026-08-09
SCH002106,AL0016,RT00462,GL6638,17:45:00,19:19:00,"Mon,Wed,Fri",AM0005,2023-05-18,2024-06-28
SCH002107,AL0005,RT00779,NR9216,09:30:00,11:34:00,Mon-Sat,AM0022,2025-01-19,2026-04-06
SCH002108,AL0018,RT00510,SK5219,20:15:00,12:19:00,Mon-Sat,AM0001,2024-06-30,2026-08-25
SCH002109,AL0001,RT00782,SK1899,08:45:00,11:48:00,"Mon,Wed,Fri",AM0022,2023-10-18,2025-05-07
SCH002110,AL0010,RT00585,HZ4779,15:30:00,17:53:00,Mon-Sat,AM0016,2024-09-08,2026-12-22
SCH002111,AL0002,RT00515,NR7315,10:45:00,19:42:00,Daily,AM0023,2025-05-25,2027-02-23
SCH002112,AL0002,RT00296,XA4971,11:15:00,21:13:00,"Mon,Wed,Fri",AM0008,2023-11-05,2025-10-16
SCH002113,AL0016,RT00231,SK3200,11:00:00,16:06:00,"Mon,Wed,Fri",AM0023,2023-12-14,2026-03-04
SCH002114,AL0002,RT00090,SK6695,23:00:00,05:05:00,Mon-Fri,AM0022,2025-03-31,2026-12-02
SCH002115,AL0018,RT00494,XA4556,18:30:00,10:18:00,"Mon,Wed,Fri",AM0012,2023-11-01,2025-04-20
SCH002116,AL0012,RT00830,SK9630,08:15:00,12:45:00,"Tue,Thu,Sat",AM0008,2025-01-24,2027-03-11
SCH002117,AL0010,RT00012,NR3585,09:45:00,16:54:00,Weekends,AM0005,2025-03-05,2027-05-23
SCH002118,AL0019,RT00858,SK7202,09:45:00,21:14:00,"Mon,Wed,Fri",AM0004,2024-05-29,2025-11-05
SCH002119,AL0008,RT00774,GL5594,17:00:00,20:47:00,"Tue,Thu,Sat",AM0015,2023-03-14,2025-05-27
SCH002120,AL0008,RT00395,XA867,14:45:00,00:42:00,"Mon,Wed,Fri",AM0025,2023-02-23,2025-08-06
SCH002121,AL0009,RT00283,GL4750,12:30:00,23:43:00,Weekends,AM0015,2023-09-06,2024-12-17
SCH002122,AL0014,RT00523,NR388,10:15:00,12:26:00,Mon-Fri,AM0025,2023-01-16,2025-04-13
SCH002123,AL0017,RT00770,SK7918,09:00:00,13:29:00,"Mon,Wed,Fri",AM0019,2024-11-04,2025-12-20
SCH002124,AL0011,RT00027,HZ7371,13:00:00,04:02:00,Mon-Sat,AM0018,2024-07-19,2026-11-05
SCH002125,AL0006,RT00405,XA600,19:15:00,00:47:00,Weekends,AM0019,2024-02-06,2026-05-27
SCH002126,AL0018,RT00043,HZ5046,23:00:00,10:52:00,"Mon,Wed,Fri",AM0024,2024-12-19,2027-03-21
SCH002127,AL0012,RT00580,CN9618,01:00:00,15:51:00,Mon-Sat,AM0022,2023-04-28,2024-10-30
SCH002128,AL0017,RT00070,SK2917,05:45:00,09:20:00,Mon-Fri,AM0005,2024-03-17,2026-07-29
SCH002129,AL0009,RT00285,NR9051,16:15:00,01:03:00,"Tue,Thu,Sat",AM0015,2023-10-26,2025-08-17
SCH002130,AL0004,RT00665,CN1595,03:30:00,20:21:00,Mon-Fri,AM0012,2023-01-21,2024-02-24
SCH002131,AL0019,RT00677,XA165,14:15:00,19:49:00,Mon-Fri,AM0022,2024-02-27,2026-05-26
SCH002132,AL0014,RT00205,CN5351,10:30:00,22:34:00,Mon-Fri,AM0006,2023-05-08,2025-09-05
SCH002133,AL0007,RT00462,CN2468,04:15:00,05:49:00,Daily,AM0021,2023-02-10,2024-07-21
SCH002134,AL0017,RT00167,NR8803,12:00:00,19:01:00,Weekends,AM0012,2023-07-06,2024-11-15
SCH002135,AL0001,RT00533,SK6771,12:30:00,16:29:00,Weekends,AM0024,2023-06-21,2025-04-20
SCH002136,AL0019,RT00008,GL6899,17:00:00,20:47:00,Mon-Fri,AM0020,2024-07-08,2026-01-16
SCH002137,AL0012,RT00733,XA6764,19:30:00,10:24:00,"Tue,Thu,Sat",AM0009,2024-12-01,2026-11-07
SCH002138,AL0012,RT00021,NR6821,22:45:00,04:55:00,"Mon,Wed,Fri",AM0022,2024-03-05,2025-09-19
SCH002139,AL0001,RT00548,HZ7495,10:30:00,21:48:00,Mon-Fri,AM0005,2024-07-20,2025-11-13
SCH002140,AL0004,RT00365,HZ6731,16:30:00,18:54:00,Mon-Fri,AM0001,2023-04-01,2024-08-02
SCH002141,AL0015,RT00202,CN8358,18:45:00,10:49:00,"Tue,Thu,Sat",AM0013,2024-11-25,2026-11-11
SCH002142,AL0012,RT00488,NR5624,23:00:00,11:47:00,Mon-Fri,AM0010,2024-03-18,2025-11-07
SCH002143,AL0003,RT00128,GL3571,15:45:00,08:56:00,Weekends,AM0004,2024-01-14,2025-01-21
SCH002144,AL0014,RT00522,GL4721,05:00:00,12:44:00,Daily,AM0025,2025-02-06,2026-11-03
SCH002145,AL0015,RT00581,XA4457,08:00:00,18:48:00,"Tue,Thu,Sat",AM0001,2023-10-05,2025-11-29
SCH002146,AL0006,RT00413,HZ3391,05:00:00,15:42:00,Weekends,AM0015,2024-01-23,2025-04-11
SCH002147,AL0014,RT00326,NR4212,04:30:00,09:30:00,"Tue,Thu,Sat",AM0007,2025-03-28,2026-08-05
SCH002148,AL0020,RT00414,SK3910,07:00:00,23:51:00,Weekends,AM0008,2023-05-13,2024-11-20
SCH002149,AL0010,RT00861,HZ1200,11:15:00,21:33:00,"Tue,Thu,Sat",AM0006,2024-04-05,2026-08-14
SCH002150,AL0005,RT00678,NR8321,18:00:00,01:43:00,Weekends,AM0010,2024-05-25,2025-11-27
SCH002151,AL0020,RT00006,SK7588,06:00:00,15:18:00,Mon-Sat,AM0017,2024-09-10,2026-12-02
SCH002152,AL0019,RT00261,GL3441,04:30:00,18:03:00,"Tue,Thu,Sat",AM0009,2025-03-31,2027-03-26
SCH002153,AL0010,RT00023,SK9455,03:00:00,11:51:00,Weekends,AM0019,2023-10-31,2026-04-13
SCH002154,AL0009,RT00214,SK9497,04:15:00,06:18:00,Weekends,AM0012,2023-04-13,2025-02-16
SCH002155,AL0017,RT00701,GL8580,10:00:00,20:00:00,"Mon,Wed,Fri",AM0020,2023-12-19,2025-06-05
SCH002156,AL0001,RT00769,SK390,09:15:00,12:45:00,"Tue,Thu,Sat",AM0012,2023-05-19,2025-06-05
SCH002157,AL0007,RT00412,GL3774,09:45:00,11:10:00,"Tue,Thu,Sat",AM0010,2024-10-04,2025-11-21
SCH002158,AL0011,RT00621,GL4627,07:30:00,15:50:00,Daily,AM0013,2024-05-15,2026-07-08
SCH002159,AL0014,RT00334,SK7214,10:00:00,18:08:00,Mon-Fri,AM0018,2024-10-30,2026-03-04
SCH002160,AL0013,RT00430,GL6384,15:15:00,17:09:00,Weekends,AM0012,2023-10-28,2025-10-18
SCH002161,AL0008,RT00747,NR6815,01:30:00,17:15:00,"Mon,Wed,Fri",AM0023,2025-04-22,2027-02-26
SCH002162,AL0018,RT00248,SK7694,21:15:00,10:29:00,Daily,AM0013,2025-03-01,2026-07-08
SCH002163,AL0013,RT00287,SK9488,07:15:00,17:48:00,Mon-Fri,AM0008,2025-03-19,2026-12-01
SCH002164,AL0011,RT00123,NR5559,03:45:00,07:35:00,Weekends,AM0001,2024-09-21,2026-06-16
SCH002165,AL0019,RT00197,SK9049,04:45:00,16:19:00,Weekends,AM0010,2023-06-15,2025-07-29
SCH002166,AL0002,RT00034,GL8165,13:00:00,01:11:00,"Mon,Wed,Fri",AM0002,2023-05-10,2025-01-13
SCH002167,AL0015,RT00735,XA3445,12:30:00,22:12:00,Daily,AM0001,2025-04-25,2026-05-26
SCH002168,AL0019,RT00768,SK8154,02:45:00,18:54:00,"Tue,Thu,Sat",AM0010,2025-02-07,2026-03-18
SCH002169,AL0014,RT00380,CN1261,11:45:00,13:29:00,Mon-Fri,AM0008,2025-02-16,2027-02-06
SCH002170,AL0012,RT00535,GL1671,05:15:00,06:33:00,"Mon,Wed,Fri",AM0023,2024-07-21,2026-11-11
SCH002171,AL0008,RT00224,CN9923,21:30:00,14:24:00,Mon-Sat,AM0019,2025-01-26,2026-09-15
SCH002172,AL0006,RT00042,CN4343,07:00:00,09:12:00,Weekends,AM0020,2024-03-11,2025-04-28
SCH002173,AL0011,RT00465,XA4659,23:15:00,09:00:00,Mon-Fri,AM0014,2023-05-24,2024-08-22
SCH002174,AL0018,RT00143,HZ9514,13:00:00,01:56:00,Mon-Fri,AM0003,2023-08-15,2026-01-18
SCH002175,AL0010,RT00764,HZ3681,23:30:00,06:50:00,"Mon,Wed,Fri",AM0022,2025-01-21,2027-02-01
SCH002176,AL0003,RT00252,XA2445,13:30:00,14:46:00,Mon-Sat,AM0013,2024-07-27,2025-08-12
SCH002177,AL0010,RT00664,SK870,03:15:00,12:33:00,"Mon,Wed,Fri",AM0011,2025-05-30,2026-10-15
SCH002178,AL0002,RT00237,NR5273,15:15:00,17:44:00,Mon-Fri,AM0016,2025-03-04,2027-03-29
SCH002179,AL0019,RT00114,NR2076,11:00:00,12:18:00,Mon-Sat,AM0005,2024-11-01,2026-10-04
SCH002180,AL0011,RT00494,NR741,19:45:00,11:33:00,Daily,AM0013,2023-02-03,2024-07-05
SCH002181,AL0005,RT00165,NR8148,09:45:00,02:07:00,Weekends,AM0016,2023-06-13,2025-06-19
SCH002182,AL0013,RT00360,SK3352,04:00:00,13:05:00,Daily,AM0018,2023-11-28,2026-03-26
SCH002183,AL0011,RT00264,CN5835,02:15:00,05:53:00,Daily,AM0013,2023-02-01,2025-05-27
SCH002184,AL0011,RT00794,GL1135,17:30:00,19:43:00,Mon-Sat,AM0025,2025-04-06,2027-06-20
SCH002185,AL0012,RT00453,CN5104,05:15:00,18:29:00,Daily,AM0025,2023-07-21,2025-01-25
SCH002186,AL0019,RT00648,GL6354,16:00:00,22:25:00,Mon-Sat,AM0003,2023-12-05,2024-12-17
SCH002187,AL0018,RT00530,GL4553,03:00:00,07:21:00,"Mon,Wed,Fri",AM0003,2024-08-18,2026-03-15
SCH002188,AL0006,RT00820,GL3440,01:00:00,18:30:00,Mon-Fri,AM0013,2023-02-01,2024-02-12
SCH002189,AL0005,RT00396,SK3178,17:45:00,20:47:00,Mon-Sat,AM0021,2024-07-15,2026-05-16
SCH002190,AL0020,RT00777,CN1182,08:30:00,01:44:00,Daily,AM0013,2023-03-31,2025-02-15
SCH002191,AL0013,RT00809,SK1245,13:15:00,04:21:00,"Tue,Thu,Sat",AM0006,2025-03-07,2026-09-05
SCH002192,AL0001,RT00830,CN5006,00:00:00,04:30:00,"Tue,Thu,Sat",AM0015,2024-09-01,2025-11-20
SCH002193,AL0011,RT00627,XA1474,04:45:00,10:15:00,Weekends,AM0024,2023-10-24,2025-07-30
SCH002194,AL0003,RT00883,GL2311,02:15:00,10:53:00,Mon-Fri,AM0005,2024-09-10,2025-09-17
SCH002195,AL0001,RT00671,HZ1731,06:15:00,22:27:00,Daily,AM0012,2023-10-05,2025-02-28
SCH002196,AL0004,RT00281,CN8043,06:30:00,00:06:00,Daily,AM0016,2023-04-12,2025-09-10
SCH002197,AL0006,RT00142,XA4551,08:00:00,15:22:00,Daily,AM0010,2023-01-09,2025-05-12
SCH002198,AL0002,RT00189,CN5570,05:30:00,23:01:00,Weekends,AM0002,2023-07-13,2025-06-15
SCH002199,AL0017,RT00517,HZ5870,10:15:00,21:59:00,"Mon,Wed,Fri",AM0017,2024-09-16,2026-04-04
SCH002200,AL0009,RT00149,CN4023,21:30:00,12:12:00,Weekends,AM0019,2024-05-12,2025-05-17
SCH002201,AL0012,RT00214,GL3054,02:30:00,04:33:00,"Tue,Thu,Sat",AM0017,2023-08-30,2025-08-11
SCH002202,AL0018,RT00566,NR3885,21:00:00,06:57:00,Weekends,AM0017,2024-08-29,2026-05-18
SCH002203,AL0017,RT00300,XA5394,09:30:00,15:34:00,"Tue,Thu,Sat",AM0017,2023-12-09,2025-12-24
SCH002204,AL0017,RT00613,SK3649,13:00:00,05:24:00,"Mon,Wed,Fri",AM0009,2023-05-19,2024-08-10
SCH002205,AL0004,RT00898,SK1452,16:30:00,21:51:00,Mon-Sat,AM0001,2024-08-22,2026-11-09
SCH002206,AL0015,RT00080,SK9144,17:15:00,19:17:00,"Tue,Thu,Sat",AM0025,2024-02-07,2026-04-12
SCH002207,AL0020,RT00578,SK7350,22:30:00,06:38:00,Daily,AM0006,2024-08-09,2026-03-26
SCH002208,AL0001,RT00739,CN756,23:00:00,05:42:00,"Mon,Wed,Fri",AM0021,2024-05-11,2025-05-26
SCH002209,AL0018,RT00127,HZ9065,02:15:00,14:29:00,"Mon,Wed,Fri",AM0014,2023-03-31,2024-12-04
SCH002210,AL0018,RT00705,SK1787,09:15:00,13:11:00,Daily,AM0014,2023-02-13,2024-08-29
SCH002211,AL0017,RT00457,HZ1067,12:15:00,03:05:00,Daily,AM0001,2023-03-30,2025-05-10
SCH002212,AL0008,RT00566,HZ1814,12:15:00,22:12:00,Daily,AM0025,2023-07-17,2024-11-20
SCH002213,AL0004,RT00047,HZ9336,23:00:00,00:56:00,Mon-Fri,AM0014,2023-07-17,2024-07-25
SCH002214,AL0015,RT00393,SK2290,15:15:00,16:43:00,Mon-Sat,AM0021,2025-03-22,2027-08-28
SCH002215,AL0013,RT00331,XA7890,09:00:00,12:58:00,Mon-Fri,AM0020,2024-11-22,2026-03-31
SCH002216,AL0015,RT00139,CN6465,22:30:00,01:35:00,Mon-Fri,AM0004,2025-02-16,2026-03-29
SCH002217,AL0006,RT00687,GL5229,17:00:00,10:03:00,Weekends,AM0024,2024-02-23,2026-05-26
SCH002218,AL0004,RT00456,SK3719,19:00:00,07:32:00,Weekends,AM0015,2023-10-12,2025-10-31
SCH002219,AL0019,RT00791,GL1019,15:15:00,08:17:00,Mon-Sat,AM0005,2023-12-22,2025-05-13
SCH002220,AL0011,RT00144,CN7134,01:15:00,09:31:00,Daily,AM0015,2025-02-05,2026-10-18
SCH002221,AL0018,RT00658,CN4007,23:45:00,03:53:00,Mon-Sat,AM0016,2023-11-10,2025-11-12
SCH002222,AL0019,RT00545,HZ5395,17:15:00,19:04:00,Mon-Fri,AM0017,2024-07-12,2026-09-21
SCH002223,AL0010,RT00586,NR612,03:15:00,04:13:00,Mon-Fri,AM0009,2023-05-08,2024-11-22
SCH002224,AL0006,RT00279,HZ7781,06:00:00,09:12:00,Weekends,AM0024,2025-05-16,2026-09-07
SCH002225,AL0018,RT00622,NR6952,08:45:00,16:37:00,Mon-Sat,AM0006,2024-07-20,2025-07-27
SCH002226,AL0015,RT00223,GL5339,06:45:00,22:57:00,Mon-Fri,AM0013,2025-05-03,2027-08-03
SCH002227,AL0014,RT00687,GL5012,14:00:00,07:03:00,Weekends,AM0021,2023-09-18,2025-11-26
SCH002228,AL0020,RT00397,NR3436,13:15:00,01:40:00,"Mon,Wed,Fri",AM0002,2024-06-28,2026-11-18
SCH002229,AL0005,RT00432,NR3489,05:00:00,16:49:00,"Tue,Thu,Sat",AM0011,2023-08-30,2025-10-02
SCH002230,AL0008,RT00523,CN777,16:00:00,18:11:00,Weekends,AM0012,2024-02-18,2025-06-11
SCH002231,AL0001,RT00076,HZ6897,06:00:00,11:55:00,Daily,AM0020,2023-10-13,2025-02-17
SCH002232,AL0008,RT00331,SK545,03:45:00,07:43:00,"Tue,Thu,Sat",AM0020,2023-05-06,2024-09-11
SCH002233,AL0009,RT00183,HZ114,22:15:00,09:49:00,Mon-Sat,AM0020,2024-01-26,2025-09-27
SCH002234,AL0010,RT00868,CN406,07:15:00,08:44:00,"Mon,Wed,Fri",AM0009,2024-04-13,2026-09-10
SCH002235,AL0004,RT00380,NR2113,05:00:00,06:44:00,Mon-Sat,AM0013,2023-05-19,2025-05-22
SCH002236,AL0017,RT00006,CN5744,17:00:00,02:18:00,Mon-Fri,AM0001,2023-12-18,2025-08-06
SCH002237,AL0010,RT00024,CN6842,18:30:00,19:43:00,Mon-Sat,AM0021,2023-03-24,2025-04-21
SCH002238,AL0009,RT00822,GL4264,03:45:00,10:22:00,"Tue,Thu,Sat",AM0008,2024-07-24,2026-10-13
SCH002239,AL0018,RT00142,SK4145,01:30:00,08:52:00,Mon-Sat,AM0012,2023-10-04,2025-05-06
SCH002240,AL0010,RT00001,SK5809,20:30:00,06:14:00,Mon-Sat,AM0018,2023-03-21,2025-06-13
SCH002241,AL0018,RT00191,NR6007,12:15:00,23:25:00,Weekends,AM0020,2024-03-29,2025-04-07
SCH002242,AL0005,RT00196,XA8464,10:45:00,01:31:00,Daily,AM0003,2025-01-07,2026-06-22
SCH002243,AL0018,RT00072,NR8208,10:45:00,12:09:00,"Tue,Thu,Sat",AM0020,2025-05-25,2026-08-23
SCH002244,AL0020,RT00897,XA8252,14:45:00,07:46:00,"Tue,Thu,Sat",AM0010,2025-05-03,2026-08-06
SCH002245,AL0016,RT00054,CN8456,16:30:00,06:05:00,"Mon,Wed,Fri",AM0011,2023-06-03,2024-09-18
SCH002246,AL0018,RT00656,NR8809,01:30:00,08:12:00,"Mon,Wed,Fri",AM0004,2023-07-04,2025-01-15
SCH002247,AL0015,RT00754,XA5597,06:00:00,09:34:00,Daily,AM0018,2025-02-27,2027-03-21
SCH002248,AL0013,RT00581,NR5991,22:00:00,08:48:00,"Tue,Thu,Sat",AM0012,2024-07-12,2026-05-24
SCH002249,AL0016,RT00120,NR7298,04:00:00,21:51:00,Weekends,AM0003,2024-04-24,2025-12-15
SCH002250,AL0020,RT00654,XA2069,21:15:00,06:00:00,Daily,AM0004,2024-12-09,2026-08-31
SCH002251,AL0013,RT00297,GL3668,09:30:00,19:11:00,Mon-Sat,AM0019,2023-02-27,2024-06-04
SCH002252,AL0014,RT00368,CN9134,04:00:00,19:59:00,Daily,AM0003,2024-05-04,2026-06-02
SCH002253,AL0002,RT00227,XA5274,14:45:00,04:41:00,Mon-Fri,AM0014,2024-05-20,2026-06-27
SCH002254,AL0020,RT00706,SK612,15:30:00,18:58:00,Mon-Fri,AM0018,2025-04-05,2027-01-23
SCH002255,AL0016,RT00522,CN4114,08:30:00,16:14:00,"Tue,Thu,Sat",AM0023,2024-02-17,2026-04-27
SCH002256,AL0004,RT00140,CN1691,19:45:00,01:23:00,Daily,AM0004,2024-03-27,2026-05-31
SCH002257,AL0006,RT00367,NR3626,01:30:00,13:59:00,Weekends,AM0008,2024-12-08,2027-02-11
SCH002258,AL0005,RT00715,GL5494,02:00:00,13:50:00,Weekends,AM0004,2023-08-27,2024-10-20
SCH002259,AL0007,RT00844,GL5100,14:45:00,21:31:00,Weekends,AM0022,2023-03-03,2024-04-17
SCH002260,AL0018,RT00846,SK4955,13:45:00,04:35:00,Mon-Sat,AM0015,2024-02-21,2025-10-12
SCH002261,AL0010,RT00122,GL281,16:00:00,08:54:00,Mon-Fri,AM0025,2024-06-23,2025-07-23
SCH002262,AL0009,RT00772,NR4506,20:30:00,11:17:00,Weekends,AM0002,2024-03-06,2025-03-14
SCH002263,AL0016,RT00510,SK386,22:15:00,14:19:00,Weekends,AM0018,2024-09-15,2025-11-23
SCH002264,AL0008,RT00666,SK4107,12:00:00,03:07:00,Weekends,AM0001,2023-08-13,2024-10-15
SCH002265,AL0018,RT00348,HZ6504,12:15:00,03:41:00,Mon-Sat,AM0003,2023-01-13,2024-07-05
SCH002266,AL0016,RT00587,CN1346,22:45:00,15:28:00,Mon-Fri,AM0011,2024-11-25,2026-05-21
SCH002267,AL0006,RT00233,SK9175,23:15:00,03:30:00,Daily,AM0010,2025-01-21,2027-04-04
SCH002268,AL0013,RT00469,XA6341,01:30:00,13:16:00,Weekends,AM0010,2024-06-29,2026-10-24
SCH002269,AL0010,RT00204,GL2254,12:45:00,06:08:00,Daily,AM0002,2023-10-05,2025-01-03
SCH002270,AL0007,RT00356,HZ4001,22:15:00,00:43:00,"Tue,Thu,Sat",AM0014,2023-11-24,2025-06-14
SCH002271,AL0019,RT00368,GL1059,01:45:00,17:44:00,Mon-Sat,AM0009,2024-02-28,2025-11-25
SCH002272,AL0008,RT00780,HZ318,23:15:00,01:57:00,"Tue,Thu,Sat",AM0025,2024-01-08,2025-06-02
SCH002273,AL0003,RT00566,SK9166,17:45:00,03:42:00,"Tue,Thu,Sat",AM0020,2023-07-17,2025-01-09
SCH002274,AL0009,RT00583,GL6783,03:00:00,06:30:00,Weekends,AM0011,2023-11-25,2025-11-17
SCH002275,AL0011,RT00256,SK7817,15:45:00,18:44:00,"Tue,Thu,Sat",AM0020,2023-09-21,2025-05-05
SCH002276,AL0003,RT00392,HZ6258,10:00:00,11:57:00,Weekends,AM0015,2024-01-31,2026-02-10
SCH002277,AL0015,RT00426,SK9076,08:45:00,02:08:00,Mon-Sat,AM0013,2023-11-28,2025-01-06
SCH002278,AL0005,RT00707,XA8968,14:30:00,17:20:00,Mon-Fri,AM0023,2024-04-11,2025-12-24
SCH002279,AL0002,RT00167,XA675,17:30:00,00:31:00,Daily,AM0015,2024-12-13,2026-05-28
SCH002280,AL0011,RT00049,XA1975,21:45:00,04:43:00,Mon-Sat,AM0013,2023-10-20,2025-03-22
SCH002281,AL0004,RT00455,NR4017,10:30:00,23:45:00,Weekends,AM0015,2023-02-21,2024-10-28
SCH002282,AL0016,RT00732,XA3476,03:30:00,12:41:00,Mon-Fri,AM0020,2024-12-23,2026-06-02
SCH002283,AL0002,RT00661,HZ5302,20:45:00,23:36:00,"Tue,Thu,Sat",AM0019,2023-06-14,2025-07-23
SCH002284,AL0009,RT00730,NR2738,08:45:00,19:52:00,Weekends,AM0014,2025-03-30,2026-07-07
SCH002285,AL0002,RT00355,GL7994,18:00:00,05:14:00,"Tue,Thu,Sat",AM0005,2024-04-11,2026-08-01
SCH002286,AL0008,RT00206,NR174,19:45:00,23:28:00,Weekends,AM0016,2024-04-06,2025-10-16
SCH002287,AL0019,RT00594,GL7935,01:30:00,14:14:00,"Tue,Thu,Sat",AM0011,2023-12-27,2025-10-03
SCH002288,AL0014,RT00034,XA3993,09:00:00,21:11:00,Daily,AM0024,2024-09-20,2025-12-19
SCH002289,AL0011,RT00806,GL150,02:45:00,07:46:00,"Tue,Thu,Sat",AM0023,2024-07-30,2026-12-03
SCH002290,AL0004,RT00643,NR8485,14:45:00,15:46:00,Mon-Fri,AM0001,2025-04-01,2027-03-10
SCH002291,AL0007,RT00454,GL4522,19:45:00,08:52:00,Weekends,AM0025,2023-01-15,2025-03-01
SCH002292,AL0008,RT00180,XA7274,13:45:00,17:41:00,Mon-Sat,AM0023,2023-06-19,2025-10-09
SCH002293,AL0012,RT00226,HZ8795,07:15:00,21:39:00,Weekends,AM0023,2023-09-03,2026-02-16
SCH002294,AL0005,RT00897,GL439,23:15:00,16:16:00,Daily,AM0013,2023-06-17,2024-10-30
SCH002295,AL0020,RT00014,SK2695,02:15:00,08:42:00,Weekends,AM0007,2025-04-17,2026-10-09
SCH002296,AL0014,RT00009,XA1276,03:15:00,16:41:00,Mon-Fri,AM0016,2023-03-06,2024-07-12
SCH002297,AL0007,RT00313,GL1070,08:00:00,17:07:00,Weekends,AM0023,2023-04-18,2025-01-10
SCH002298,AL0003,RT00207,XA9460,22:30:00,23:31:00,Mon-Fri,AM0012,2024-01-26,2026-05-20
SCH002299,AL0012,RT00610,GL8074,21:45:00,13:51:00,"Mon,Wed,Fri",AM0025,2023-08-22,2025-09-19
SCH002300,AL0009,RT00038,SK3710,13:45:00,15:31:00,Mon-Fri,AM0007,2023-10-20,2025-08-18
SCH002301,AL0014,RT00707,GL6903,22:30:00,01:20:00,Weekends,AM0022,2024-06-17,2026-02-25
SCH002302,AL0012,RT00705,CN9201,21:45:00,01:41:00,Mon-Sat,AM0002,2024-05-09,2026-06-03
SCH002303,AL0013,RT00207,NR2285,14:00:00,15:01:00,"Mon,Wed,Fri",AM0021,2025-02-02,2026-10-10
SCH002304,AL0017,RT00521,XA240,02:15:00,04:11:00,"Tue,Thu,Sat",AM0024,2024-02-03,2026-05-23
SCH002305,AL0011,RT00605,HZ8257,21:45:00,07:50:00,"Tue,Thu,Sat",AM0018,2025-04-07,2027-01-31
SCH002306,AL0015,RT00764,CN7253,15:45:00,23:05:00,Mon-Sat,AM0016,2023-06-17,2025-06-06
SCH002307,AL0008,RT00660,HZ1686,03:45:00,10:47:00,Mon-Sat,AM0011,2023-06-21,2025-06-18
SCH002308,AL0019,RT00867,HZ4947,20:15:00,09:52:00,Mon-Sat,AM0022,2023-12-12,2026-01-12
SCH002309,AL0009,RT00105,CN1688,09:00:00,20:57:00,Weekends,AM0004,2023-04-14,2024-12-24
SCH002310,AL0014,RT00550,NR6065,18:45:00,11:14:00,"Mon,Wed,Fri",AM0008,2023-01-26,2024-08-20
SCH002311,AL0020,RT00696,XA6510,06:15:00,12:00:00,"Tue,Thu,Sat",AM0004,2023-11-24,2025-07-02
SCH002312,AL0007,RT00209,XA2838,00:30:00,08:40:00,"Mon,Wed,Fri",AM0007,2024-04-19,2026-09-02
SCH002313,AL0003,RT00197,GL7829,10:00:00,21:34:00,Daily,AM0014,2023-09-03,2024-10-30
SCH002314,AL0005,RT00084,XA4788,10:45:00,04:10:00,"Mon,Wed,Fri",AM0009,2023-08-28,2025-09-07
SCH002315,AL0005,RT00888,SK7092,20:15:00,00:02:00,Mon-Fri,AM0011,2023-03-27,2025-08-21
SCH002316,AL0002,RT00780,NR6433,02:45:00,05:27:00,"Tue,Thu,Sat",AM0006,2023-04-10,2024-05-17
SCH002317,AL0011,RT00109,NR4562,21:30:00,14:27:00,Mon-Sat,AM0009,2025-02-18,2027-01-14
SCH002318,AL0006,RT00221,GL2997,03:15:00,12:51:00,"Tue,Thu,Sat",AM0013,2023-02-28,2025-01-11
SCH002319,AL0002,RT00413,HZ2122,22:15:00,08:57:00,"Mon,Wed,Fri",AM0006,2024-09-12,2026-03-09
SCH002320,AL0003,RT00805,HZ7484,16:45:00,23:19:00,"Mon,Wed,Fri",AM0024,2024-09-22,2025-11-11
SCH002321,AL0006,RT00744,HZ6454,08:30:00,09:35:00,"Mon,Wed,Fri",AM0023,2023-06-29,2025-06-25
SCH002322,AL0008,RT00791,CN2881,22:30:00,15:32:00,Weekends,AM0022,2023-08-07,2025-05-12
SCH002323,AL0020,RT00746,SK9673,08:30:00,22:03:00,Mon-Fri,AM0001,2023-11-21,2025-12-27
SCH002324,AL0015,RT00566,XA8121,15:00:00,00:57:00,"Tue,Thu,Sat",AM0013,2024-08-04,2025-09-20
SCH002325,AL0015,RT00262,NR1355,00:00:00,16:50:00,Weekends,AM0020,2023-02-02,2025-06-16
SCH002326,AL0014,RT00544,HZ1709,02:00:00,04:04:00,Daily,AM0009,2024-12-21,2026-11-21
SCH002327,AL0017,RT00445,XA5485,08:15:00,15:39:00,"Tue,Thu,Sat",AM0006,2023-10-29,2025-06-21
SCH002328,AL0007,RT00856,XA1113,05:30:00,22:32:00,"Mon,Wed,Fri",AM0016,2024-03-17,2025-11-16
SCH002329,AL0002,RT00404,GL9645,05:15:00,19:50:00,"Mon,Wed,Fri",AM0001,2025-03-14,2027-08-05
SCH002330,AL0011,RT00681,XA6415,09:00:00,00:31:00,"Mon,Wed,Fri",AM0016,2023-04-28,2025-02-16
SCH002331,AL0001,RT00157,GL755,14:15:00,16:04:00,Daily,AM0012,2025-04-16,2027-02-20
SCH002332,AL0005,RT00615,XA4490,03:00:00,14:33:00,"Mon,Wed,Fri",AM0018,2024-06-26,2026-06-08
SCH002333,AL0016,RT00409,NR2297,18:15:00,10:23:00,"Mon,Wed,Fri",AM0018,2024-01-12,2025-06-27
SCH002334,AL0011,RT00393,CN4954,20:30:00,21:58:00,"Mon,Wed,Fri",AM0014,2023-03-05,2024-07-15
SCH002335,AL0014,RT00680,NR2545,20:15:00,06:46:00,Daily,AM0015,2023-03-01,2025-04-05
SCH002336,AL0011,RT00436,NR8333,04:00:00,06:46:00,"Tue,Thu,Sat",AM0001,2024-12-22,2026-06-10
SCH002337,AL0011,RT00054,GL7238,21:00:00,10:35:00,"Mon,Wed,Fri",AM0025,2023-12-21,2025-01-07
SCH002338,AL0007,RT00351,SK9074,03:15:00,14:06:00,"Tue,Thu,Sat",AM0002,2024-11-03,2026-07-18
SCH002339,AL0005,RT00867,SK2059,02:00:00,15:37:00,"Mon,Wed,Fri",AM0025,2025-01-05,2026-01-10
SCH002340,AL0006,RT00852,GL3914,17:45:00,22:10:00,Mon-Fri,AM0025,2023-12-22,2025-10-19
SCH002341,AL0016,RT00553,CN8073,18:00:00,10:14:00,"Tue,Thu,Sat",AM0018,2023-10-07,2025-09-15
SCH002342,AL0020,RT00575,GL3800,03:00:00,10:14:00,Weekends,AM0019,2023-08-26,2026-01-01
SCH002343,AL0002,RT00237,NR3852,09:30:00,11:59:00,Weekends,AM0001,2024-07-16,2026-06-05
SCH002344,AL0011,RT00703,HZ9860,09:30:00,12:39:00,Daily,AM0024,2024-09-18,2026-03-25
SCH002345,AL0010,RT00540,CN7730,17:30:00,05:05:00,Daily,AM0014,2023-11-05,2025-10-13
SCH002346,AL0012,RT00034,NR8621,12:00:00,00:11:00,Daily,AM0009,2024-05-15,2026-03-27
SCH002347,AL0005,RT00855,CN4128,14:30:00,21:38:00,Weekends,AM0017,2024-04-21,2026-05-22
SCH002348,AL0001,RT00768,SK5900,01:45:00,17:54:00,Mon-Fri,AM0014,2023-05-09,2025-09-13
SCH002349,AL0005,RT00074,GL4560,23:30:00,16:44:00,Mon-Fri,AM0010,2024-04-09,2025-05-30
SCH002350,AL0004,RT00376,SK4557,13:15:00,19:40:00,"Tue,Thu,Sat",AM0009,2024-11-01,2026-11-20
SCH002351,AL0002,RT00669,GL1364,16:15:00,17:53:00,"Tue,Thu,Sat",AM0003,2025-04-29,2027-07-03
SCH002352,AL0008,RT00664,GL8436,11:45:00,21:03:00,"Tue,Thu,Sat",AM0023,2023-10-22,2025-04-14
SCH002353,AL0014,RT00151,SK3965,05:00:00,17:08:00,"Tue,Thu,Sat",AM0017,2023-07-30,2025-03-01
SCH002354,AL0020,RT00037,XA5859,16:30:00,19:05:00,Mon-Fri,AM0008,2025-02-28,2026-10-07
SCH002355,AL0014,RT00887,CN8584,06:15:00,19:05:00,"Mon,Wed,Fri",AM0019,2025-03-22,2026-10-07
SCH002356,AL0004,RT00805,HZ7756,05:45:00,12:19:00,Mon-Sat,AM0018,2025-01-02,2027-04-17
SCH002357,AL0008,RT00665,SK2062,13:00:00,05:51:00,Mon-Fri,AM0004,2023-10-24,2025-04-15
SCH002358,AL0007,RT00594,CN6222,08:30:00,21:14:00,Weekends,AM0005,2023-09-01,2025-04-22
SCH002359,AL0005,RT00618,XA5007,21:15:00,05:19:00,"Mon,Wed,Fri",AM0006,2024-07-05,2026-05-13
SCH002360,AL0020,RT00412,XA2675,15:15:00,16:40:00,"Tue,Thu,Sat",AM0003,2023-08-14,2024-12-25
SCH002361,AL0014,RT00616,CN504,08:15:00,09:37:00,Daily,AM0021,2024-11-10,2026-11-18
SCH002362,AL0010,RT00274,SK6334,00:00:00,09:01:00,Weekends,AM0004,2023-12-18,2025-09-22
SCH002363,AL0009,RT00076,HZ7819,08:45:00,14:40:00,Mon-Fri,AM0021,2023-10-16,2025-01-14
SCH002364,AL0007,RT00280,SK9422,02:30:00,07:26:00,"Tue,Thu,Sat",AM0014,2024-12-11,2026-03-20
SCH002365,AL0009,RT00265,CN3613,05:30:00,08:59:00,Mon-Fri,AM0003,2023-11-10,2024-11-23
SCH002366,AL0013,RT00274,HZ4051,06:30:00,15:31:00,Weekends,AM0022,2023-04-26,2025-03-02
SCH002367,AL0019,RT00424,NR1713,15:30:00,06:37:00,Weekends,AM0005,2024-12-02,2027-02-03
SCH002368,AL0010,RT00118,SK9846,02:30:00,06:30:00,Daily,AM0025,2023-10-07,2026-03-20
SCH002369,AL0004,RT00367,SK8510,03:15:00,15:44:00,"Tue,Thu,Sat",AM0001,2024-08-01,2026-07-20
SCH002370,AL0020,RT00418,CN9579,00:00:00,12:07:00,Mon-Fri,AM0016,2024-08-04,2027-01-04
SCH002371,AL0007,RT00170,CN5003,22:00:00,01:59:00,Weekends,AM0008,2023-03-15,2025-08-24
SCH002372,AL0002,RT00409,CN2176,23:30:00,15:38:00,"Tue,Thu,Sat",AM0014,2023-01-30,2024-12-23
SCH002373,AL0011,RT00607,HZ5773,07:00:00,23:39:00,"Tue,Thu,Sat",AM0021,2024-12-25,2026-07-13
SCH002374,AL0016,RT00371,GL3783,10:15:00,12:47:00,Mon-Sat,AM0020,2023-02-19,2025-06-07
SCH002375,AL0006,RT00003,NR3543,07:30:00,23:14:00,Daily,AM0008,2023-10-21,2025-09-23
SCH002376,AL0006,RT00633,SK915,12:30:00,20:27:00,"Mon,Wed,Fri",AM0002,2024-11-03,2027-01-13
SCH002377,AL0006,RT00521,HZ824,13:00:00,14:56:00,Mon-Fri,AM0008,2023-06-06,2024-10-04
SCH002378,AL0017,RT00378,HZ3849,06:30:00,16:13:00,"Tue,Thu,Sat",AM0021,2024-04-06,2026-08-27
SCH002379,AL0020,RT00021,XA9268,15:45:00,21:55:00,Weekends,AM0013,2023-04-13,2024-11-27
SCH002380,AL0017,RT00081,NR7257,00:15:00,10:12:00,Daily,AM0019,2024-05-07,2026-08-17
SCH002381,AL0005,RT00072,GL7628,15:00:00,16:24:00,Mon-Sat,AM0013,2024-09-22,2026-04-10
SCH002382,AL0017,RT00767,XA2419,18:30:00,08:12:00,"Tue,Thu,Sat",AM0014,2023-08-08,2025-12-01
SCH002383,AL0007,RT00278,GL7371,01:30:00,11:57:00,Mon-Fri,AM0002,2023-09-06,2025-08-31
SCH002384,AL0018,RT00383,GL4122,17:15:00,18:18:00,Mon-Sat,AM0001,2024-04-14,2025-08-14
SCH002385,AL0020,RT00627,NR687,17:30:00,23:00:00,Weekends,AM0018,2024-11-29,2026-02-16
SCH002386,AL0015,RT00590,GL4008,23:45:00,05:01:00,Weekends,AM0006,2024-04-26,2025-07-19
SCH002387,AL0020,RT00058,CN1399,19:30:00,01:30:00,Mon-Fri,AM0010,2024-09-11,2026-03-30
SCH002388,AL0003,RT00837,HZ8550,00:45:00,08:08:00,Weekends,AM0010,2024-01-01,2025-01-23
SCH002389,AL0014,RT00239,HZ8418,01:00:00,03:57:00,Mon-Sat,AM0016,2023-04-24,2025-02-10
SCH002390,AL0002,RT00691,GL2945,03:15:00,05:53:00,Daily,AM0024,2025-05-01,2027-04-18
SCH002391,AL0014,RT00749,XA6157,13:30:00,21:35:00,"Mon,Wed,Fri",AM0019,2024-12-04,2027-01-06
SCH002392,AL0007,RT00485,HZ3700,17:15:00,05:55:00,Mon-Fri,AM0016,2023-02-13,2025-06-26
SCH002393,AL0020,RT00146,HZ1626,15:45:00,17:00:00,Daily,AM0021,2023-09-01,2025-11-02
SCH002394,AL0010,RT00491,SK6528,07:30:00,09:35:00,Daily,AM0013,2024-01-02,2026-06-16
SCH002395,AL0016,RT00221,CN7624,04:15:00,13:51:00,Mon-Fri,AM0004,2023-03-14,2025-01-29
SCH002396,AL0007,RT00765,CN7768,01:45:00,15:58:00,"Tue,Thu,Sat",AM0013,2025-01-27,2027-04-28
SCH002397,AL0002,RT00680,SK1577,08:45:00,19:16:00,"Tue,Thu,Sat",AM0025,2023-06-02,2025-07-20
SCH002398,AL0015,RT00742,GL5174,07:00:00,09:44:00,"Tue,Thu,Sat",AM0020,2023-07-02,2025-09-18
SCH002399,AL0005,RT00746,GL336,07:30:00,21:03:00,Daily,AM0009,2023-10-07,2025-05-13
SCH002400,AL0015,RT00161,CN992,02:15:00,07:36:00,Daily,AM0009,2025-04-05,2027-01-07
SCH002401,AL0010,RT00028,NR902,06:45:00,14:38:00,Mon-Sat,AM0023,2023-07-19,2025-11-18
SCH002402,AL0020,RT00564,HZ666,20:15:00,22:31:00,Mon-Sat,AM0003,2024-01-11,2025-09-08
SCH002403,AL0008,RT00553,GL3403,05:15:00,21:29:00,"Tue,Thu,Sat",AM0024,2024-08-25,2026-07-15
SCH002404,AL0009,RT00780,XA3640,21:45:00,00:27:00,Mon-Sat,AM0017,2023-05-19,2025-04-25
SCH002405,AL0015,RT00575,XA7008,02:45:00,09:59:00,"Tue,Thu,Sat",AM0021,2023-03-20,2024-06-25
SCH002406,AL0016,RT00723,HZ3365,15:00:00,03:59:00,"Mon,Wed,Fri",AM0009,2023-03-24,2024-04-04
SCH002407,AL0003,RT00314,CN1489,02:30:00,15:26:00,Weekends,AM0017,2023-06-12,2025-06-17
SCH002408,AL0015,RT00113,CN9473,09:45:00,15:43:00,Mon-Sat,AM0009,2023-10-16,2025-12-13
SCH002409,AL0010,RT00035,GL8766,22:00:00,15:22:00,"Tue,Thu,Sat",AM0001,2025-04-10,2027-02-15
SCH002410,AL0020,RT00393,NR1329,18:30:00,19:58:00,Mon-Sat,AM0012,2025-03-23,2027-03-09
SCH002411,AL0013,RT00002,XA3691,12:45:00,02:39:00,Mon-Fri,AM0025,2024-05-17,2025-06-21
SCH002412,AL0016,RT00467,HZ1763,15:45:00,04:59:00,Mon-Fri,AM0007,2025-04-09,2026-07-08
SCH002413,AL0007,RT00361,XA9594,15:00:00,18:05:00,"Mon,Wed,Fri",AM0005,2023-01-26,2025-02-23
SCH002414,AL0006,RT00233,SK3623,19:45:00,00:00:00,Mon-Sat,AM0024,2024-05-12,2026-04-17
SCH002415,AL0016,RT00533,NR1071,14:15:00,18:14:00,"Mon,Wed,Fri",AM0023,2024-01-28,2025-05-12
SCH002416,AL0001,RT00612,SK7295,12:15:00,20:54:00,Weekends,AM0022,2023-04-15,2025-02-28
SCH002417,AL0012,RT00036,XA7145,01:15:00,10:17:00,Daily,AM0025,2024-05-03,2025-05-21
SCH002418,AL0020,RT00429,GL2486,23:30:00,01:06:00,Daily,AM0025,2024-02-08,2026-04-04
SCH002419,AL0020,RT00846,GL3282,13:00:00,03:50:00,Mon-Fri,AM0023,2024-11-05,2025-11-19
SCH002420,AL0015,RT00268,HZ4208,06:30:00,08:00:00,Mon-Fri,AM0025,2024-01-04,2026-03-27
SCH002421,AL0010,RT00703,NR2749,03:00:00,06:09:00,"Tue,Thu,Sat",AM0019,2024-01-14,2025-05-12
SCH002422,AL0017,RT00304,HZ2959,14:45:00,15:23:00,"Tue,Thu,Sat",AM0008,2023-07-24,2024-12-05
SCH002423,AL0001,RT00245,GL8034,18:15:00,04:49:00,Weekends,AM0012,2024-02-22,2026-07-01
SCH002424,AL0016,RT00772,HZ7542,19:30:00,10:17:00,Mon-Sat,AM0010,2023-03-09,2025-05-17
SCH002425,AL0004,RT00321,NR6956,21:00:00,07:55:00,Weekends,AM0013,2024-05-15,2025-11-11
SCH002426,AL0015,RT00780,CN6898,21:00:00,23:42:00,Weekends,AM0018,2023-12-03,2025-03-09
SCH002427,AL0007,RT00590,GL5266,14:00:00,19:16:00,"Mon,Wed,Fri",AM0007,2023-08-30,2024-10-26
SCH002428,AL0016,RT00732,SK3573,22:45:00,07:56:00,"Mon,Wed,Fri",AM0001,2023-11-25,2025-06-22
SCH002429,AL0013,RT00734,XA7232,01:00:00,14:01:00,Mon-Fri,AM0016,2025-02-26,2027-01-02
SCH002430,AL0019,RT00823,XA1251,09:00:00,02:48:00,Mon-Fri,AM0025,2024-09-13,2026-06-03
SCH002431,AL0016,RT00500,SK1496,11:30:00,20:14:00,"Tue,Thu,Sat",AM0022,2025-01-22,2027-05-16
SCH002432,AL0019,RT00858,NR1349,16:45:00,04:14:00,Mon-Sat,AM0001,2023-12-15,2026-02-17
SCH002433,AL0004,RT00054,CN7353,07:00:00,20:35:00,Weekends,AM0015,2023-12-14,2025-05-01
SCH002434,AL0008,RT00443,GL5955,06:15:00,09:19:00,Daily,AM0014,2023-01-12,2025-05-08
SCH002435,AL0009,RT00357,CN4556,21:30:00,04:13:00,Mon-Sat,AM0011,2024-08-25,2026-04-29
SCH002436,AL0001,RT00088,NR4814,15:15:00,00:08:00,"Mon,Wed,Fri",AM0017,2023-01-18,2024-01-27
SCH002437,AL0001,RT00786,NR8292,15:00:00,04:42:00,Weekends,AM0011,2025-05-08,2027-08-06
SCH002438,AL0001,RT00721,SK1304,04:45:00,16:57:00,"Mon,Wed,Fri",AM0023,2024-08-30,2026-09-28
SCH002439,AL0016,RT00674,CN3893,12:15:00,14:18:00,"Tue,Thu,Sat",AM0023,2024-02-16,2025-08-24
SCH002440,AL0009,RT00571,XA7624,10:30:00,13:04:00,Daily,AM0017,2024-08-06,2026-11-18
SCH002441,AL0016,RT00542,GL6611,14:15:00,17:25:00,Weekends,AM0012,2025-05-27,2027-09-23
SCH002442,AL0017,RT00343,NR4407,22:30:00,05:53:00,Mon-Sat,AM0015,2023-05-22,2025-10-13
SCH002443,AL0001,RT00616,GL2320,06:45:00,08:07:00,Mon-Fri,AM0023,2024-10-20,2027-02-20
SCH002444,AL0017,RT00878,NR9468,19:15:00,08:33:00,Mon-Sat,AM0008,2025-02-03,2026-06-26
SCH002445,AL0005,RT00227,HZ4137,15:45:00,05:41:00,Mon-Fri,AM0022,2024-06-01,2026-03-26
SCH002446,AL0009,RT00305,XA8789,11:15:00,23:52:00,Weekends,AM0015,2024-08-08,2025-11-08
SCH002447,AL0020,RT00099,GL7799,22:15:00,00:53:00,Daily,AM0002,2024-03-22,2026-03-21
SCH002448,AL0007,RT00817,SK8628,03:00:00,06:50:00,"Tue,Thu,Sat",AM0019,2023-05-17,2025-02-06
SCH002449,AL0019,RT00478,HZ267,16:15:00,19:27:00,Mon-Fri,AM0006,2025-05-16,2027-08-29
SCH002450,AL0011,RT00534,GL4825,09:30:00,12:35:00,Mon-Sat,AM0013,2023-09-11,2026-01-05
SCH002451,AL0001,RT00240,GL2668,16:30:00,04:57:00,Daily,AM0024,2023-12-07,2025-05-25
SCH002452,AL0017,RT00033,XA2812,03:15:00,06:15:00,Daily,AM0020,2025-05-09,2026-10-24
SCH002453,AL0001,RT00725,GL2771,17:15:00,01:10:00,Weekends,AM0018,2023-02-20,2024-03-08
SCH002454,AL0013,RT00775,CN3953,01:00:00,07:49:00,Daily,AM0002,2023-12-27,2025-09-22
SCH002455,AL0010,RT00307,NR4165,08:45:00,01:34:00,Mon-Fri,AM0022,2024-05-05,2025-11-26
SCH002456,AL0003,RT00686,XA6376,21:15:00,13:30:00,"Tue,Thu,Sat",AM0009,2023-07-29,2026-01-11
SCH002457,AL0011,RT00515,SK3073,15:15:00,00:12:00,"Mon,Wed,Fri",AM0002,2024-08-14,2026-10-25
SCH002458,AL0008,RT00579,NR2800,11:45:00,18:25:00,"Mon,Wed,Fri",AM0024,2024-04-07,2025-12-06
SCH002459,AL0002,RT00156,XA3669,07:30:00,20:10:00,Daily,AM0005,2023-08-20,2025-06-18
SCH002460,AL0012,RT00554,CN6895,02:45:00,16:16:00,"Tue,Thu,Sat",AM0009,2023-07-01,2025-06-01
SCH002461,AL0001,RT00146,NR101,02:15:00,03:30:00,Daily,AM0004,2023-09-11,2026-01-06
SCH002462,AL0011,RT00197,NR7493,17:15:00,04:49:00,"Mon,Wed,Fri",AM0016,2024-11-30,2027-05-16
SCH002463,AL0005,RT00322,SK3455,06:30:00,18:10:00,"Tue,Thu,Sat",AM0022,2024-04-04,2025-11-13
SCH002464,AL0017,RT00194,NR5804,01:45:00,10:19:00,"Tue,Thu,Sat",AM0013,2024-12-02,2026-06-16
SCH002465,AL0020,RT00819,CN7638,10:45:00,00:46:00,Weekends,AM0022,2024-09-26,2026-10-12
SCH002466,AL0019,RT00027,GL5156,09:15:00,00:17:00,Daily,AM0024,2024-12-08,2026-05-03
SCH002467,AL0019,RT00814,XA6506,22:30:00,04:42:00,"Tue,Thu,Sat",AM0022,2025-01-25,2026-04-10
SCH002468,AL0003,RT00139,SK9206,05:15:00,08:20:00,Mon-Fri,AM0005,2024-06-29,2025-11-27
SCH002469,AL0011,RT00784,SK395,06:15:00,11:44:00,Weekends,AM0006,2023-11-15,2025-05-02
SCH002470,AL0005,RT00303,CN3559,03:15:00,11:09:00,Mon-Fri,AM0008,2024-09-04,2026-07-31
SCH002471,AL0002,RT00830,CN9274,04:00:00,08:30:00,Daily,AM0016,2025-04-13,2027-05-11
SCH002472,AL0008,RT00487,SK8389,12:45:00,20:48:00,Weekends,AM0022,2023-10-11,2025-01-05
SCH002473,AL0009,RT00441,XA6205,05:00:00,16:29:00,"Mon,Wed,Fri",AM0008,2024-03-06,2025-03-30
SCH002474,AL0006,RT00118,XA2369,17:15:00,21:15:00,"Tue,Thu,Sat",AM0017,2025-02-15,2026-05-14
SCH002475,AL0003,RT00391,XA3371,19:15:00,01:38:00,"Tue,Thu,Sat",AM0005,2024-06-11,2026-10-11
SCH002476,AL0009,RT00502,CN8592,11:00:00,04:11:00,"Tue,Thu,Sat",AM0014,2023-05-08,2024-09-23
SCH002477,AL0004,RT00886,NR7012,05:15:00,20:36:00,"Tue,Thu,Sat",AM0020,2023-11-06,2025-08-14
SCH002478,AL0001,RT00237,CN2927,19:45:00,22:14:00,Weekends,AM0010,2023-08-13,2025-05-28
SCH002479,AL0010,RT00075,SK1409,23:15:00,09:53:00,Weekends,AM0005,2024-02-26,2025-07-23
SCH002480,AL0002,RT00229,GL7828,22:30:00,08:49:00,"Mon,Wed,Fri",AM0011,2025-05-26,2027-08-20
SCH002481,AL0020,RT00219,GL5804,22:30:00,12:01:00,Weekends,AM0020,2025-01-11,2026-02-14
SCH002482,AL0017,RT00854,CN9637,19:45:00,13:12:00,Mon-Fri,AM0024,2025-04-28,2027-02-05
SCH002483,AL0019,RT00136,HZ4123,17:30:00,07:44:00,Daily,AM0016,2024-10-16,2026-05-25
SCH002484,AL0003,RT00894,NR3555,22:30:00,06:54:00,Weekends,AM0017,2024-03-24,2026-05-16
SCH002485,AL0010,RT00102,XA2978,08:45:00,00:16:00,Weekends,AM0011,2024-08-05,2025-11-18
SCH002486,AL0017,RT00731,HZ4870,22:30:00,10:33:00,Mon-Sat,AM0024,2024-03-16,2026-08-10
SCH002487,AL0012,RT00374,HZ3294,00:30:00,05:55:00,"Tue,Thu,Sat",AM0022,2023-02-06,2025-04-04
SCH002488,AL0007,RT00049,CN824,19:00:00,01:58:00,Mon-Fri,AM0025,2023-04-14,2025-05-13
SCH002489,AL0017,RT00553,NR3189,08:30:00,00:44:00,Daily,AM0022,2024-05-04,2026-01-23
SCH002490,AL0007,RT00656,XA2266,07:45:00,14:27:00,"Tue,Thu,Sat",AM0014,2024-08-05,2026-07-14
SCH002491,AL0020,RT00755,GL8171,16:15:00,19:34:00,Weekends,AM0025,2023-08-12,2024-11-30
SCH002492,AL0003,RT00161,HZ2432,04:00:00,09:21:00,Daily,AM0016,2023-01-28,2024-02-01
SCH002493,AL0015,RT00556,GL4642,23:30:00,05:52:00,"Tue,Thu,Sat",AM0016,2023-03-03,2025-04-04
SCH002494,AL0001,RT00513,NR6759,17:00:00,01:00:00,Weekends,AM0017,2023-10-05,2025-05-31
SCH002495,AL0019,RT00399,XA1577,00:30:00,07:19:00,Mon-Fri,AM0005,2025-01-30,2026-08-06
SCH002496,AL0008,RT00805,GL5359,20:45:00,03:19:00,"Mon,Wed,Fri",AM0021,2024-01-05,2025-05-27
SCH002497,AL0001,RT00381,HZ8486,02:15:00,12:34:00,"Tue,Thu,Sat",AM0010,2025-05-09,2027-04-05
SCH002498,AL0017,RT00343,XA5881,19:00:00,02:23:00,"Tue,Thu,Sat",AM0017,2025-02-28,2026-11-29
SCH002499,AL0020,RT00473,CN4875,19:15:00,05:38:00,Mon-Fri,AM0022,2025-01-27,2027-01-23
SCH002500,AL0019,RT00836,XA8404,15:00:00,05:24:00,"Mon,Wed,Fri",AM0003,2025-05-05,2027-09-25
